solid ASCII
  facet normal 9.997167e-01 0.000000e+00 -2.380278e-02
    outer loop
      vertex   -2.050000e+02 1.533842e-01 2.800000e+02
      vertex   -2.050000e+02 2.500000e+00 2.800000e+02
      vertex   -2.047532e+02 3.884282e+01 2.903639e+02
    endloop
  endfacet
  facet normal 9.997167e-01 2.817354e-16 -2.380278e-02
    outer loop
      vertex   -2.047532e+02 3.884282e+01 2.903639e+02
      vertex   -2.050000e+02 2.500000e+00 2.800000e+02
      vertex   -2.054416e+02 4.146783e+01 2.614543e+02
    endloop
  endfacet
  facet normal 9.997167e-01 2.489762e-13 -2.380278e-02
    outer loop
      vertex   -2.047532e+02 3.884282e+01 2.903639e+02
      vertex   -2.054416e+02 4.146783e+01 2.614543e+02
      vertex   -2.054323e+02 4.151894e+01 2.618425e+02
    endloop
  endfacet
  facet normal 9.997167e-01 3.049830e-16 -2.380278e-02
    outer loop
      vertex   -2.099836e+02 2.500000e+00 7.068810e+01
      vertex   -2.054594e+02 4.166880e+01 2.607046e+02
      vertex   -2.050000e+02 2.500000e+00 2.800000e+02
    endloop
  endfacet
  facet normal 9.997167e-01 -3.669932e-14 -2.380278e-02
    outer loop
      vertex   -2.050000e+02 2.500000e+00 2.800000e+02
      vertex   -2.054594e+02 4.166880e+01 2.607046e+02
      vertex   -2.054508e+02 4.151894e+01 2.610662e+02
    endloop
  endfacet
  facet normal 9.997167e-01 1.428074e-14 -2.380278e-02
    outer loop
      vertex   -2.050000e+02 2.500000e+00 2.800000e+02
      vertex   -2.054508e+02 4.151894e+01 2.610662e+02
      vertex   -2.054416e+02 4.146783e+01 2.614543e+02
    endloop
  endfacet
  facet normal 9.997167e-01 -6.679846e-16 -2.380278e-02
    outer loop
      vertex   -2.094786e+02 8.168356e+01 9.189926e+01
      vertex   -2.091025e+02 7.453229e+01 1.076940e+02
      vertex   -2.099836e+02 2.500000e+00 7.068810e+01
    endloop
  endfacet
  facet normal 9.997167e-01 5.777655e-14 -2.380278e-02
    outer loop
      vertex   -2.099836e+02 2.500000e+00 7.068810e+01
      vertex   -2.091025e+02 7.453229e+01 1.076940e+02
      vertex   -2.090939e+02 7.438244e+01 1.080557e+02
    endloop
  endfacet
  facet normal 9.997167e-01 -1.429795e-14 -2.380278e-02
    outer loop
      vertex   -2.099836e+02 2.500000e+00 7.068810e+01
      vertex   -2.090939e+02 7.438244e+01 1.080557e+02
      vertex   -2.090847e+02 7.433133e+01 1.084438e+02
    endloop
  endfacet
  facet normal 9.997167e-01 -2.648469e-13 -2.380278e-02
    outer loop
      vertex   -2.091025e+02 7.453229e+01 1.076940e+02
      vertex   -2.094786e+02 8.168356e+01 9.189926e+01
      vertex   -2.091099e+02 7.477067e+01 1.073834e+02
    endloop
  endfacet
  facet normal 9.997167e-01 3.182641e-15 -2.380278e-02
    outer loop
      vertex   -2.091099e+02 7.477067e+01 1.073834e+02
      vertex   -2.094786e+02 8.168356e+01 9.189926e+01
      vertex   -2.092947e+02 7.961301e+01 9.962447e+01
    endloop
  endfacet
  facet normal 9.997167e-01 2.705929e-13 -2.380278e-02
    outer loop
      vertex   -2.091099e+02 7.477067e+01 1.073834e+02
      vertex   -2.092947e+02 7.961301e+01 9.962447e+01
      vertex   -2.091156e+02 7.508133e+01 1.071451e+02
    endloop
  endfacet
  facet normal 9.997167e-01 -2.961555e-13 -2.380278e-02
    outer loop
      vertex   -2.091156e+02 7.508133e+01 1.071451e+02
      vertex   -2.092947e+02 7.961301e+01 9.962447e+01
      vertex   -2.091192e+02 7.544310e+01 1.069953e+02
    endloop
  endfacet
  facet normal 9.997167e-01 8.390825e-14 -2.380278e-02
    outer loop
      vertex   -2.091192e+02 7.544310e+01 1.069953e+02
      vertex   -2.092947e+02 7.961301e+01 9.962447e+01
      vertex   -2.091204e+02 7.583133e+01 1.069442e+02
    endloop
  endfacet
  facet normal 9.997167e-01 3.609526e-14 -2.380278e-02
    outer loop
      vertex   -2.091204e+02 7.583133e+01 1.069442e+02
      vertex   -2.092947e+02 7.961301e+01 9.962447e+01
      vertex   -2.091192e+02 7.621956e+01 1.069953e+02
    endloop
  endfacet
  facet normal 9.997167e-01 -2.081668e-17 -2.380278e-02
    outer loop
      vertex   -2.091192e+02 7.621956e+01 1.069953e+02
      vertex   -2.092947e+02 7.961301e+01 9.962447e+01
      vertex   -2.090945e+02 8.008326e+01 1.080303e+02
    endloop
  endfacet
  facet normal 9.997167e-01 -3.337034e-13 -2.380278e-02
    outer loop
      vertex   -2.090945e+02 8.008326e+01 1.080303e+02
      vertex   -2.092947e+02 7.961301e+01 9.962447e+01
      vertex   -2.090912e+02 8.042989e+01 1.081715e+02
    endloop
  endfacet
  facet normal 9.997167e-01 -4.181192e-14 -2.380278e-02
    outer loop
      vertex   -2.090912e+02 8.042989e+01 1.081715e+02
      vertex   -2.092947e+02 7.961301e+01 9.962447e+01
      vertex   -2.090859e+02 8.073076e+01 1.083941e+02
    endloop
  endfacet
  facet normal 9.997167e-01 6.380604e-13 -2.380278e-02
    outer loop
      vertex   -2.090859e+02 8.073076e+01 1.083941e+02
      vertex   -2.092947e+02 7.961301e+01 9.962447e+01
      vertex   -2.090789e+02 8.096715e+01 1.086842e+02
    endloop
  endfacet
  facet normal 9.997167e-01 -3.405518e-14 -2.380278e-02
    outer loop
      vertex   -2.090847e+02 7.433133e+01 1.084438e+02
      vertex   -2.090754e+02 7.438244e+01 1.088319e+02
      vertex   -2.099836e+02 2.500000e+00 7.068810e+01
    endloop
  endfacet
  facet normal 9.997167e-01 -2.840332e-16 -2.380278e-02
    outer loop
      vertex   -2.099836e+02 2.500000e+00 7.068810e+01
      vertex   -2.090754e+02 7.438244e+01 1.088319e+02
      vertex   -2.054725e+02 4.221783e+01 2.601557e+02
    endloop
  endfacet
  facet normal 9.997167e-01 4.491278e-14 -2.380278e-02
    outer loop
      vertex   -2.099836e+02 2.500000e+00 7.068810e+01
      vertex   -2.054725e+02 4.221783e+01 2.601557e+02
      vertex   -2.054668e+02 4.190717e+01 2.603940e+02
    endloop
  endfacet
  facet normal 9.997167e-01 -1.740633e-14 -2.380278e-02
    outer loop
      vertex   -2.090668e+02 7.453229e+01 1.091936e+02
      vertex   -2.054545e+02 4.673680e+01 2.609115e+02
      vertex   -2.090754e+02 7.438244e+01 1.088319e+02
    endloop
  endfacet
  facet normal 9.997167e-01 6.745361e-15 -2.380278e-02
    outer loop
      vertex   -2.090754e+02 7.438244e+01 1.088319e+02
      vertex   -2.054545e+02 4.673680e+01 2.609115e+02
      vertex   -2.054761e+02 4.335606e+01 2.600059e+02
    endloop
  endfacet
  facet normal 9.997167e-01 -3.205501e-14 -2.380278e-02
    outer loop
      vertex   -2.090754e+02 7.438244e+01 1.088319e+02
      vertex   -2.054761e+02 4.335606e+01 2.600059e+02
      vertex   -2.054773e+02 4.296783e+01 2.599548e+02
    endloop
  endfacet
  facet normal 9.997167e-01 -1.043047e-14 -2.380278e-02
    outer loop
      vertex   -2.090668e+02 7.453229e+01 1.091936e+02
      vertex   -2.090594e+02 7.477067e+01 1.095042e+02
      vertex   -2.054545e+02 4.673680e+01 2.609115e+02
    endloop
  endfacet
  facet normal 9.997167e-01 -1.360499e-15 -2.380278e-02
    outer loop
      vertex   -2.054545e+02 4.673680e+01 2.609115e+02
      vertex   -2.090594e+02 7.477067e+01 1.095042e+02
      vertex   -2.087042e+02 8.331943e+01 1.244219e+02
    endloop
  endfacet
  facet normal 9.997167e-01 -4.342026e-14 -2.380278e-02
    outer loop
      vertex   -2.087042e+02 8.331943e+01 1.244219e+02
      vertex   -2.090594e+02 7.477067e+01 1.095042e+02
      vertex   -2.090538e+02 7.508133e+01 1.097425e+02
    endloop
  endfacet
  facet normal 9.997167e-01 -4.225656e-14 -2.380278e-02
    outer loop
      vertex   -2.087042e+02 8.331943e+01 1.244219e+02
      vertex   -2.090538e+02 7.508133e+01 1.097425e+02
      vertex   -2.090502e+02 7.544310e+01 1.098923e+02
    endloop
  endfacet
  facet normal 9.997167e-01 7.762309e-15 -2.380278e-02
    outer loop
      vertex   -2.090502e+02 7.544310e+01 1.098923e+02
      vertex   -2.090255e+02 7.930681e+01 1.109273e+02
      vertex   -2.087042e+02 8.331943e+01 1.244219e+02
    endloop
  endfacet
  facet normal 9.997167e-01 -3.344288e-13 -2.380278e-02
    outer loop
      vertex   -2.087042e+02 8.331943e+01 1.244219e+02
      vertex   -2.090255e+02 7.930681e+01 1.109273e+02
      vertex   -2.090243e+02 7.969503e+01 1.109784e+02
    endloop
  endfacet
  facet normal 9.997167e-01 -3.023080e-14 -2.380278e-02
    outer loop
      vertex   -2.087042e+02 8.331943e+01 1.244219e+02
      vertex   -2.090243e+02 7.969503e+01 1.109784e+02
      vertex   -2.090255e+02 8.008326e+01 1.109273e+02
    endloop
  endfacet
  facet normal 9.997167e-01 4.239098e-14 -2.380278e-02
    outer loop
      vertex   -2.090255e+02 8.008326e+01 1.109273e+02
      vertex   -2.090291e+02 8.044503e+01 1.107775e+02
      vertex   -2.087042e+02 8.331943e+01 1.244219e+02
    endloop
  endfacet
  facet normal 9.997167e-01 -8.295357e-15 -2.380278e-02
    outer loop
      vertex   -2.087042e+02 8.331943e+01 1.244219e+02
      vertex   -2.090291e+02 8.044503e+01 1.107775e+02
      vertex   -2.090348e+02 8.075570e+01 1.105391e+02
    endloop
  endfacet
  facet normal 9.997167e-01 6.855867e-14 -2.380278e-02
    outer loop
      vertex   -2.087042e+02 8.331943e+01 1.244219e+02
      vertex   -2.090348e+02 8.075570e+01 1.105391e+02
      vertex   -2.090422e+02 8.099407e+01 1.102286e+02
    endloop
  endfacet
  facet normal 9.997167e-01 5.154640e-13 -2.380278e-02
    outer loop
      vertex   -2.090422e+02 8.099407e+01 1.102286e+02
      vertex   -2.090508e+02 8.114392e+01 1.098669e+02
      vertex   -2.087042e+02 8.331943e+01 1.244219e+02
    endloop
  endfacet
  facet normal 9.997167e-01 1.458742e-18 -2.380278e-02
    outer loop
      vertex   -2.054773e+02 4.296783e+01 2.599548e+02
      vertex   -2.054761e+02 4.257961e+01 2.600059e+02
      vertex   -2.090754e+02 7.438244e+01 1.088319e+02
    endloop
  endfacet
  facet normal 9.997167e-01 -7.284664e-14 -2.380278e-02
    outer loop
      vertex   -2.090754e+02 7.438244e+01 1.088319e+02
      vertex   -2.054761e+02 4.257961e+01 2.600059e+02
      vertex   -2.054725e+02 4.221783e+01 2.601557e+02
    endloop
  endfacet
  facet normal 9.997167e-01 4.431099e-15 -2.380278e-02
    outer loop
      vertex   -2.054668e+02 4.190717e+01 2.603940e+02
      vertex   -2.054594e+02 4.166880e+01 2.607046e+02
      vertex   -2.099836e+02 2.500000e+00 7.068810e+01
    endloop
  endfacet
  facet normal 9.997167e-01 -1.407019e-14 -2.380278e-02
    outer loop
      vertex   -2.054323e+02 4.151894e+01 2.618425e+02
      vertex   -2.054237e+02 4.166880e+01 2.622041e+02
      vertex   -2.047532e+02 3.884282e+01 2.903639e+02
    endloop
  endfacet
  facet normal 9.997167e-01 -9.826433e-15 -2.380278e-02
    outer loop
      vertex   -2.047532e+02 3.884282e+01 2.903639e+02
      vertex   -2.054237e+02 4.166880e+01 2.622041e+02
      vertex   -2.054163e+02 4.190717e+01 2.625147e+02
    endloop
  endfacet
  facet normal 9.997167e-01 -2.801421e-14 -2.380278e-02
    outer loop
      vertex   -2.047532e+02 3.884282e+01 2.903639e+02
      vertex   -2.054163e+02 4.190717e+01 2.625147e+02
      vertex   -2.054106e+02 4.221783e+01 2.627530e+02
    endloop
  endfacet
  facet normal 9.997167e-01 -3.211588e-14 -2.380278e-02
    outer loop
      vertex   -2.054106e+02 4.221783e+01 2.627530e+02
      vertex   -2.054071e+02 4.257961e+01 2.629028e+02
      vertex   -2.047532e+02 3.884282e+01 2.903639e+02
    endloop
  endfacet
  facet normal 9.997167e-01 -9.227828e-16 -2.380278e-02
    outer loop
      vertex   -2.047532e+02 3.884282e+01 2.903639e+02
      vertex   -2.054071e+02 4.257961e+01 2.629028e+02
      vertex   -2.053855e+02 4.596035e+01 2.638084e+02
    endloop
  endfacet
  facet normal 9.997167e-01 3.974506e-14 -2.380278e-02
    outer loop
      vertex   -2.116012e+02 7.893136e+01 1.077812e+02
      vertex   -2.115938e+02 8.008326e+01 1.080898e+02
      vertex   -2.115242e+02 7.941415e+01 1.110113e+02
    endloop
  endfacet
  facet normal 9.997167e-01 8.456403e-14 -2.380278e-02
    outer loop
      vertex   -2.115242e+02 7.941415e+01 1.110113e+02
      vertex   -2.115938e+02 8.008326e+01 1.080898e+02
      vertex   -2.115237e+02 7.978677e+01 1.110351e+02
    endloop
  endfacet
  facet normal 9.997167e-01 -1.515399e-13 -2.380278e-02
    outer loop
      vertex   -2.115237e+02 7.978677e+01 1.110351e+02
      vertex   -2.115938e+02 8.008326e+01 1.080898e+02
      vertex   -2.115253e+02 8.015370e+01 1.109660e+02
    endloop
  endfacet
  facet normal 9.997167e-01 -7.449722e-14 -2.380278e-02
    outer loop
      vertex   -2.115253e+02 8.015370e+01 1.109660e+02
      vertex   -2.115938e+02 8.008326e+01 1.080898e+02
      vertex   -2.115904e+02 8.042989e+01 1.082310e+02
    endloop
  endfacet
  facet normal 9.997167e-01 -5.055152e-15 -2.380278e-02
    outer loop
      vertex   -2.115253e+02 8.015370e+01 1.109660e+02
      vertex   -2.115904e+02 8.042989e+01 1.082310e+02
      vertex   -2.115291e+02 8.049222e+01 1.108086e+02
    endloop
  endfacet
  facet normal 9.997167e-01 5.198739e-14 -2.380278e-02
    outer loop
      vertex   -2.115291e+02 8.049222e+01 1.108086e+02
      vertex   -2.115904e+02 8.042989e+01 1.082310e+02
      vertex   -2.115851e+02 8.073076e+01 1.084536e+02
    endloop
  endfacet
  facet normal 9.997167e-01 4.052780e-14 -2.380278e-02
    outer loop
      vertex   -2.115291e+02 8.049222e+01 1.108086e+02
      vertex   -2.115851e+02 8.073076e+01 1.084536e+02
      vertex   -2.115347e+02 8.078134e+01 1.105724e+02
    endloop
  endfacet
  facet normal 9.997167e-01 -7.225486e-14 -2.380278e-02
    outer loop
      vertex   -2.115347e+02 8.078134e+01 1.105724e+02
      vertex   -2.115851e+02 8.073076e+01 1.084536e+02
      vertex   -2.115782e+02 8.096715e+01 1.087437e+02
    endloop
  endfacet
  facet normal 9.997167e-01 8.808894e-14 -2.380278e-02
    outer loop
      vertex   -2.115347e+02 8.078134e+01 1.105724e+02
      vertex   -2.115782e+02 8.096715e+01 1.087437e+02
      vertex   -2.115418e+02 8.100315e+01 1.102721e+02
    endloop
  endfacet
  facet normal 9.997167e-01 1.186055e-13 -2.380278e-02
    outer loop
      vertex   -2.115418e+02 8.100315e+01 1.102721e+02
      vertex   -2.115782e+02 8.096715e+01 1.087437e+02
      vertex   -2.115501e+02 8.114392e+01 1.099264e+02
    endloop
  endfacet
  facet normal 2.204345e-02 -3.773098e-01 9.258247e-01
    outer loop
      vertex   -2.115938e+02 8.008326e+01 1.080898e+02
      vertex   -2.090945e+02 8.008326e+01 1.080303e+02
      vertex   -2.115904e+02 8.042989e+01 1.082310e+02
    endloop
  endfacet
  facet normal 2.204345e-02 -3.773098e-01 9.258247e-01
    outer loop
      vertex   -2.115904e+02 8.042989e+01 1.082310e+02
      vertex   -2.090945e+02 8.008326e+01 1.080303e+02
      vertex   -2.090912e+02 8.042989e+01 1.081715e+02
    endloop
  endfacet
  facet normal 1.913367e-02 -5.948429e-01 8.036142e-01
    outer loop
      vertex   -2.115904e+02 8.042989e+01 1.082310e+02
      vertex   -2.090912e+02 8.042989e+01 1.081715e+02
      vertex   -2.115851e+02 8.073076e+01 1.084536e+02
    endloop
  endfacet
  facet normal 1.913367e-02 -5.948429e-01 8.036142e-01
    outer loop
      vertex   -2.115851e+02 8.073076e+01 1.084536e+02
      vertex   -2.090912e+02 8.042989e+01 1.081715e+02
      vertex   -2.090859e+02 8.073076e+01 1.083941e+02
    endloop
  endfacet
  facet normal 1.503255e-02 -7.753384e-01 6.313671e-01
    outer loop
      vertex   -2.115851e+02 8.073076e+01 1.084536e+02
      vertex   -2.090859e+02 8.073076e+01 1.083941e+02
      vertex   -2.115782e+02 8.096715e+01 1.087437e+02
    endloop
  endfacet
  facet normal 1.503255e-02 -7.753384e-01 6.313671e-01
    outer loop
      vertex   -2.115782e+02 8.096715e+01 1.087437e+02
      vertex   -2.090859e+02 8.073076e+01 1.083941e+02
      vertex   -2.090789e+02 8.096715e+01 1.086842e+02
    endloop
  endfacet
  facet normal -2.320237e-02 2.231870e-01 -9.744995e-01
    outer loop
      vertex   -2.111156e+02 7.930681e+01 1.109770e+02
      vertex   -2.115242e+02 7.941415e+01 1.110113e+02
      vertex   -2.090255e+02 7.930681e+01 1.109273e+02
    endloop
  endfacet
  facet normal -2.774037e-02 1.305251e-01 -9.910569e-01
    outer loop
      vertex   -2.090255e+02 7.930681e+01 1.109273e+02
      vertex   -2.115242e+02 7.941415e+01 1.110113e+02
      vertex   -2.090243e+02 7.969503e+01 1.109784e+02
    endloop
  endfacet
  facet normal -2.030309e-02 6.354251e-02 -9.977726e-01
    outer loop
      vertex   -2.090243e+02 7.969503e+01 1.109784e+02
      vertex   -2.115242e+02 7.941415e+01 1.110113e+02
      vertex   -2.115237e+02 7.978677e+01 1.110351e+02
    endloop
  endfacet
  facet normal -2.727395e-02 -1.305253e-01 -9.910698e-01
    outer loop
      vertex   -2.090243e+02 7.969503e+01 1.109784e+02
      vertex   -2.115237e+02 7.978677e+01 1.110351e+02
      vertex   -2.090255e+02 8.008326e+01 1.109273e+02
    endloop
  endfacet
  facet normal -2.045209e-02 -1.849038e-01 -9.825438e-01
    outer loop
      vertex   -2.090255e+02 8.008326e+01 1.109273e+02
      vertex   -2.115237e+02 7.978677e+01 1.110351e+02
      vertex   -2.115253e+02 8.015370e+01 1.109660e+02
    endloop
  endfacet
  facet normal -2.510965e-02 -3.826816e-01 -9.235390e-01
    outer loop
      vertex   -2.090255e+02 8.008326e+01 1.109273e+02
      vertex   -2.115253e+02 8.015370e+01 1.109660e+02
      vertex   -2.090291e+02 8.044503e+01 1.107775e+02
    endloop
  endfacet
  facet normal -1.924134e-02 -4.218946e-01 -9.064407e-01
    outer loop
      vertex   -2.090291e+02 8.044503e+01 1.107775e+02
      vertex   -2.115253e+02 8.015370e+01 1.109660e+02
      vertex   -2.115291e+02 8.049222e+01 1.108086e+02
    endloop
  endfacet
  facet normal -2.135717e-02 -6.087596e-01 -7.930672e-01
    outer loop
      vertex   -2.090291e+02 8.044503e+01 1.107775e+02
      vertex   -2.115291e+02 8.049222e+01 1.108086e+02
      vertex   -2.090348e+02 8.075570e+01 1.105391e+02
    endloop
  endfacet
  facet normal -1.678300e-02 -6.327463e-01 -7.741773e-01
    outer loop
      vertex   -2.090348e+02 8.075570e+01 1.105391e+02
      vertex   -2.115291e+02 8.049222e+01 1.108086e+02
      vertex   -2.115347e+02 8.078134e+01 1.105724e+02
    endloop
  endfacet
  facet normal -1.622830e-02 -7.933521e-01 -6.085466e-01
    outer loop
      vertex   -2.090348e+02 8.075570e+01 1.105391e+02
      vertex   -2.115347e+02 8.078134e+01 1.105724e+02
      vertex   -2.090422e+02 8.099407e+01 1.102286e+02
    endloop
  endfacet
  facet normal -1.327204e-02 -8.043946e-01 -5.939471e-01
    outer loop
      vertex   -2.090422e+02 8.099407e+01 1.102286e+02
      vertex   -2.115347e+02 8.078134e+01 1.105724e+02
      vertex   -2.115418e+02 8.100315e+01 1.102721e+02
    endloop
  endfacet
  facet normal -1.002259e-02 -9.238791e-01 -3.825531e-01
    outer loop
      vertex   -2.090422e+02 8.099407e+01 1.102286e+02
      vertex   -2.115418e+02 8.100315e+01 1.102721e+02
      vertex   -2.090508e+02 8.114392e+01 1.098669e+02
    endloop
  endfacet
  facet normal -8.974187e-03 -9.262040e-01 -3.769158e-01
    outer loop
      vertex   -2.090508e+02 8.114392e+01 1.098669e+02
      vertex   -2.115418e+02 8.100315e+01 1.102721e+02
      vertex   -2.115501e+02 8.114392e+01 1.099264e+02
    endloop
  endfacet
  facet normal -2.299172e-02 2.588190e-01 -9.656522e-01
    outer loop
      vertex   -2.090255e+02 7.930681e+01 1.109273e+02
      vertex   -2.090502e+02 7.544310e+01 1.098923e+02
      vertex   -2.111156e+02 7.930681e+01 1.109770e+02
    endloop
  endfacet
  facet normal -2.299172e-02 2.588190e-01 -9.656522e-01
    outer loop
      vertex   -2.111156e+02 7.930681e+01 1.109770e+02
      vertex   -2.090502e+02 7.544310e+01 1.098923e+02
      vertex   -2.115495e+02 7.544310e+01 1.099518e+02
    endloop
  endfacet
  facet normal -2.299172e-02 2.588190e-01 -9.656522e-01
    outer loop
      vertex   -2.111156e+02 7.930681e+01 1.109770e+02
      vertex   -2.115495e+02 7.544310e+01 1.099518e+02
      vertex   -2.112539e+02 7.933386e+01 1.109876e+02
    endloop
  endfacet
  facet normal -2.299172e-02 2.588190e-01 -9.656522e-01
    outer loop
      vertex   -2.112539e+02 7.933386e+01 1.109876e+02
      vertex   -2.115495e+02 7.544310e+01 1.099518e+02
      vertex   -2.113902e+02 7.936991e+01 1.110005e+02
    endloop
  endfacet
  facet normal -2.299172e-02 2.588190e-01 -9.656522e-01
    outer loop
      vertex   -2.113902e+02 7.936991e+01 1.110005e+02
      vertex   -2.115495e+02 7.544310e+01 1.099518e+02
      vertex   -2.115241e+02 7.941481e+01 1.110157e+02
    endloop
  endfacet
  facet normal -4.315315e-01 -8.906282e-01 1.433948e-01
    outer loop
      vertex   -2.116461e+02 7.864911e+01 1.058929e+02
      vertex   -2.116012e+02 7.893136e+01 1.077812e+02
      vertex   -2.121009e+02 7.886597e+01 1.058713e+02
    endloop
  endfacet
  facet normal -4.315315e-01 -8.906282e-01 1.433948e-01
    outer loop
      vertex   -2.121009e+02 7.886597e+01 1.058713e+02
      vertex   -2.116012e+02 7.893136e+01 1.077812e+02
      vertex   -2.115242e+02 7.941415e+01 1.110113e+02
    endloop
  endfacet
  facet normal -4.060393e-01 -9.027823e-01 1.418312e-01
    outer loop
      vertex   -2.121009e+02 7.886597e+01 1.058713e+02
      vertex   -2.115242e+02 7.941415e+01 1.110113e+02
      vertex   -2.116135e+02 7.989202e+01 1.137974e+02
    endloop
  endfacet
  facet normal -3.632502e-01 -9.201522e-01 1.461819e-01
    outer loop
      vertex   -2.116135e+02 7.989202e+01 1.137974e+02
      vertex   -2.115242e+02 7.941415e+01 1.110113e+02
      vertex   -2.115241e+02 7.941481e+01 1.110157e+02
    endloop
  endfacet
  facet normal -3.632502e-01 -9.201522e-01 1.461819e-01
    outer loop
      vertex   -2.116135e+02 7.989202e+01 1.137974e+02
      vertex   -2.115241e+02 7.941481e+01 1.110157e+02
      vertex   -2.112695e+02 8.101366e+01 1.217127e+02
    endloop
  endfacet
  facet normal -5.328553e-02 1.142797e-01 -9.920186e-01
    outer loop
      vertex   -2.111156e+02 7.930681e+01 1.109770e+02
      vertex   -2.112539e+02 7.933386e+01 1.109876e+02
      vertex   -2.115242e+02 7.941415e+01 1.110113e+02
    endloop
  endfacet
  facet normal -1.446732e-01 -2.002321e-01 -9.690081e-01
    outer loop
      vertex   -2.115242e+02 7.941415e+01 1.110113e+02
      vertex   -2.112539e+02 7.933386e+01 1.109876e+02
      vertex   -2.113902e+02 7.936991e+01 1.110005e+02
    endloop
  endfacet
  facet normal -2.992504e-01 -9.426241e-01 1.480169e-01
    outer loop
      vertex   -2.115242e+02 7.941415e+01 1.110113e+02
      vertex   -2.113902e+02 7.936991e+01 1.110005e+02
      vertex   -2.115241e+02 7.941481e+01 1.110157e+02
    endloop
  endfacet
  facet normal -4.314944e-01 -8.903973e-01 1.449321e-01
    outer loop
      vertex   -2.112695e+02 8.101366e+01 1.217127e+02
      vertex   -2.117242e+02 8.123052e+01 1.216911e+02
      vertex   -2.116135e+02 7.989202e+01 1.137974e+02
    endloop
  endfacet
  facet normal -5.128665e-01 -8.475429e-01 1.365247e-01
    outer loop
      vertex   -2.116135e+02 7.989202e+01 1.137974e+02
      vertex   -2.117242e+02 8.123052e+01 1.216911e+02
      vertex   -2.121183e+02 8.019217e+01 1.137646e+02
    endloop
  endfacet
  facet normal -5.127563e-01 -8.468512e-01 1.411522e-01
    outer loop
      vertex   -2.116135e+02 7.989202e+01 1.137974e+02
      vertex   -2.121183e+02 8.019217e+01 1.137646e+02
      vertex   -2.121009e+02 7.886597e+01 1.058713e+02
    endloop
  endfacet
  facet normal -6.200148e-01 -7.739676e-01 1.286697e-01
    outer loop
      vertex   -2.121009e+02 7.886597e+01 1.058713e+02
      vertex   -2.121183e+02 8.019217e+01 1.137646e+02
      vertex   -2.124964e+02 7.917663e+01 1.058343e+02
    endloop
  endfacet
  facet normal -7.160270e-01 -6.873027e-01 1.221487e-01
    outer loop
      vertex   -2.124964e+02 7.917663e+01 1.058343e+02
      vertex   -2.121183e+02 8.019217e+01 1.137646e+02
      vertex   -2.125286e+02 8.061027e+01 1.137119e+02
    endloop
  endfacet
  facet normal -7.778577e-01 -6.188385e-01 1.094358e-01
    outer loop
      vertex   -2.124964e+02 7.917663e+01 1.058343e+02
      vertex   -2.125286e+02 8.061027e+01 1.137119e+02
      vertex   -2.128131e+02 7.956577e+01 1.057836e+02
    endloop
  endfacet
  facet normal -8.712326e-01 -4.816466e-01 9.471160e-02
    outer loop
      vertex   -2.128131e+02 7.956577e+01 1.057836e+02
      vertex   -2.125286e+02 8.061027e+01 1.137119e+02
      vertex   -2.128170e+02 8.111824e+01 1.136428e+02
    endloop
  endfacet
  facet normal -8.973069e-01 -4.331236e-01 8.511362e-02
    outer loop
      vertex   -2.128131e+02 7.956577e+01 1.057836e+02
      vertex   -2.128170e+02 8.111824e+01 1.136428e+02
      vertex   -2.130354e+02 8.001418e+01 1.057219e+02
    endloop
  endfacet
  facet normal -9.724331e-01 -2.257805e-01 5.828419e-02
    outer loop
      vertex   -2.130354e+02 8.001418e+01 1.057219e+02
      vertex   -2.128170e+02 8.111824e+01 1.136428e+02
      vertex   -2.131523e+02 8.049972e+01 1.056521e+02
    endloop
  endfacet
  facet normal -9.644217e-01 -2.573780e-01 6.039383e-02
    outer loop
      vertex   -2.131523e+02 8.049972e+01 1.056521e+02
      vertex   -2.128170e+02 8.111824e+01 1.136428e+02
      vertex   -2.126587e+02 8.237873e+01 1.215417e+02
    endloop
  endfacet
  facet normal -9.724662e-01 -2.259830e-01 5.693113e-02
    outer loop
      vertex   -2.131523e+02 8.049972e+01 1.056521e+02
      vertex   -2.126587e+02 8.237873e+01 1.215417e+02
      vertex   -2.127756e+02 8.286427e+01 1.214719e+02
    endloop
  endfacet
  facet normal -6.199321e-01 -7.734486e-01 1.321417e-01
    outer loop
      vertex   -2.117242e+02 8.123052e+01 1.216911e+02
      vertex   -2.121197e+02 8.154119e+01 1.216541e+02
      vertex   -2.121183e+02 8.019217e+01 1.137646e+02
    endloop
  endfacet
  facet normal -7.161374e-01 -6.879956e-01 1.175132e-01
    outer loop
      vertex   -2.121183e+02 8.019217e+01 1.137646e+02
      vertex   -2.121197e+02 8.154119e+01 1.216541e+02
      vertex   -2.125286e+02 8.061027e+01 1.137119e+02
    endloop
  endfacet
  facet normal -7.777841e-01 -6.183765e-01 1.125271e-01
    outer loop
      vertex   -2.121197e+02 8.154119e+01 1.216541e+02
      vertex   -2.124364e+02 8.193033e+01 1.216035e+02
      vertex   -2.125286e+02 8.061027e+01 1.137119e+02
    endloop
  endfacet
  facet normal -8.713247e-01 -4.822244e-01 9.084549e-02
    outer loop
      vertex   -2.125286e+02 8.061027e+01 1.137119e+02
      vertex   -2.124364e+02 8.193033e+01 1.216035e+02
      vertex   -2.128170e+02 8.111824e+01 1.136428e+02
    endloop
  endfacet
  facet normal -8.972609e-01 -4.328346e-01 8.704701e-02
    outer loop
      vertex   -2.124364e+02 8.193033e+01 1.216035e+02
      vertex   -2.126587e+02 8.237873e+01 1.215417e+02
      vertex   -2.128170e+02 8.111824e+01 1.136428e+02
    endloop
  endfacet
  facet normal -2.354141e-02 -1.477847e-01 -9.887393e-01
    outer loop
      vertex   -2.116461e+02 7.864911e+01 1.058929e+02
      vertex   -2.121009e+02 7.886597e+01 1.058713e+02
      vertex   -2.116527e+02 8.049972e+01 1.056164e+02
    endloop
  endfacet
  facet normal -2.354141e-02 -1.477847e-01 -9.887393e-01
    outer loop
      vertex   -2.116527e+02 8.049972e+01 1.056164e+02
      vertex   -2.121009e+02 7.886597e+01 1.058713e+02
      vertex   -2.124964e+02 7.917663e+01 1.058343e+02
    endloop
  endfacet
  facet normal -2.354141e-02 -1.477847e-01 -9.887393e-01
    outer loop
      vertex   -2.116527e+02 8.049972e+01 1.056164e+02
      vertex   -2.124964e+02 7.917663e+01 1.058343e+02
      vertex   -2.128131e+02 7.956577e+01 1.057836e+02
    endloop
  endfacet
  facet normal -2.354141e-02 -1.477847e-01 -9.887393e-01
    outer loop
      vertex   -2.128131e+02 7.956577e+01 1.057836e+02
      vertex   -2.130354e+02 8.001418e+01 1.057219e+02
      vertex   -2.116527e+02 8.049972e+01 1.056164e+02
    endloop
  endfacet
  facet normal -2.354141e-02 -1.477847e-01 -9.887393e-01
    outer loop
      vertex   -2.116527e+02 8.049972e+01 1.056164e+02
      vertex   -2.130354e+02 8.001418e+01 1.057219e+02
      vertex   -2.131523e+02 8.049972e+01 1.056521e+02
    endloop
  endfacet
  facet normal 2.354141e-02 1.477847e-01 9.887393e-01
    outer loop
      vertex   -2.127756e+02 8.286427e+01 1.214719e+02
      vertex   -2.126587e+02 8.237873e+01 1.215417e+02
      vertex   -2.112760e+02 8.286427e+01 1.214362e+02
    endloop
  endfacet
  facet normal 2.354141e-02 1.477847e-01 9.887393e-01
    outer loop
      vertex   -2.112760e+02 8.286427e+01 1.214362e+02
      vertex   -2.126587e+02 8.237873e+01 1.215417e+02
      vertex   -2.124364e+02 8.193033e+01 1.216035e+02
    endloop
  endfacet
  facet normal 2.354141e-02 1.477847e-01 9.887393e-01
    outer loop
      vertex   -2.112760e+02 8.286427e+01 1.214362e+02
      vertex   -2.124364e+02 8.193033e+01 1.216035e+02
      vertex   -2.121197e+02 8.154119e+01 1.216541e+02
    endloop
  endfacet
  facet normal 2.354141e-02 1.477847e-01 9.887393e-01
    outer loop
      vertex   -2.121197e+02 8.154119e+01 1.216541e+02
      vertex   -2.117242e+02 8.123052e+01 1.216911e+02
      vertex   -2.112760e+02 8.286427e+01 1.214362e+02
    endloop
  endfacet
  facet normal 2.354141e-02 1.477847e-01 9.887393e-01
    outer loop
      vertex   -2.112760e+02 8.286427e+01 1.214362e+02
      vertex   -2.117242e+02 8.123052e+01 1.216911e+02
      vertex   -2.112695e+02 8.101366e+01 1.217127e+02
    endloop
  endfacet
  facet normal -2.299172e-02 2.588190e-01 -9.656522e-01
    outer loop
      vertex   -2.099996e+02 0.000000e+00 7.001841e+01
      vertex   -2.124989e+02 0.000000e+00 7.007792e+01
      vertex   -2.099836e+02 2.500000e+00 7.068810e+01
    endloop
  endfacet
  facet normal -2.299172e-02 2.588190e-01 -9.656522e-01
    outer loop
      vertex   -2.099836e+02 2.500000e+00 7.068810e+01
      vertex   -2.124989e+02 0.000000e+00 7.007792e+01
      vertex   -2.119779e+02 8.168356e+01 9.195876e+01
    endloop
  endfacet
  facet normal -2.299172e-02 2.588190e-01 -9.656522e-01
    outer loop
      vertex   -2.099836e+02 2.500000e+00 7.068810e+01
      vertex   -2.119779e+02 8.168356e+01 9.195876e+01
      vertex   -2.094786e+02 8.168356e+01 9.189926e+01
    endloop
  endfacet
  facet normal 6.160612e-03 9.659258e-01 2.587457e-01
    outer loop
      vertex   -2.092947e+02 7.961301e+01 9.962447e+01
      vertex   -2.094786e+02 8.168356e+01 9.189926e+01
      vertex   -2.117939e+02 7.961301e+01 9.968398e+01
    endloop
  endfacet
  facet normal 6.160612e-03 9.659258e-01 2.587457e-01
    outer loop
      vertex   -2.117939e+02 7.961301e+01 9.968398e+01
      vertex   -2.094786e+02 8.168356e+01 9.189926e+01
      vertex   -2.119779e+02 8.168356e+01 9.195876e+01
    endloop
  endfacet
  facet normal 2.299172e-02 -2.588190e-01 9.656522e-01
    outer loop
      vertex   -2.116185e+02 7.621956e+01 1.070548e+02
      vertex   -2.091192e+02 7.621956e+01 1.069953e+02
      vertex   -2.116012e+02 7.893136e+01 1.077812e+02
    endloop
  endfacet
  facet normal 2.299172e-02 -2.588190e-01 9.656522e-01
    outer loop
      vertex   -2.116012e+02 7.893136e+01 1.077812e+02
      vertex   -2.091192e+02 7.621956e+01 1.069953e+02
      vertex   -2.090945e+02 8.008326e+01 1.080303e+02
    endloop
  endfacet
  facet normal 2.299172e-02 -2.588190e-01 9.656522e-01
    outer loop
      vertex   -2.116012e+02 7.893136e+01 1.077812e+02
      vertex   -2.090945e+02 8.008326e+01 1.080303e+02
      vertex   -2.115938e+02 8.008326e+01 1.080898e+02
    endloop
  endfacet
  facet normal -2.199090e-02 3.826834e-01 -9.236178e-01
    outer loop
      vertex   -2.115495e+02 7.544310e+01 1.099518e+02
      vertex   -2.090502e+02 7.544310e+01 1.098923e+02
      vertex   -2.115530e+02 7.508133e+01 1.098020e+02
    endloop
  endfacet
  facet normal -2.199090e-02 3.826834e-01 -9.236178e-01
    outer loop
      vertex   -2.115530e+02 7.508133e+01 1.098020e+02
      vertex   -2.090502e+02 7.544310e+01 1.098923e+02
      vertex   -2.090538e+02 7.508133e+01 1.097425e+02
    endloop
  endfacet
  facet normal -1.888401e-02 6.087614e-01 -7.931286e-01
    outer loop
      vertex   -2.115530e+02 7.508133e+01 1.098020e+02
      vertex   -2.090538e+02 7.508133e+01 1.097425e+02
      vertex   -2.115587e+02 7.477067e+01 1.095637e+02
    endloop
  endfacet
  facet normal -1.888401e-02 6.087614e-01 -7.931286e-01
    outer loop
      vertex   -2.115587e+02 7.477067e+01 1.095637e+02
      vertex   -2.090538e+02 7.508133e+01 1.097425e+02
      vertex   -2.090594e+02 7.477067e+01 1.095042e+02
    endloop
  endfacet
  facet normal -1.449021e-02 7.933533e-01 -6.085890e-01
    outer loop
      vertex   -2.115587e+02 7.477067e+01 1.095637e+02
      vertex   -2.090594e+02 7.477067e+01 1.095042e+02
      vertex   -2.115661e+02 7.453229e+01 1.092531e+02
    endloop
  endfacet
  facet normal -1.449021e-02 7.933533e-01 -6.085890e-01
    outer loop
      vertex   -2.115661e+02 7.453229e+01 1.092531e+02
      vertex   -2.090594e+02 7.477067e+01 1.095042e+02
      vertex   -2.090668e+02 7.453229e+01 1.091936e+02
    endloop
  endfacet
  facet normal -9.108929e-03 9.238795e-01 -3.825750e-01
    outer loop
      vertex   -2.115661e+02 7.453229e+01 1.092531e+02
      vertex   -2.090668e+02 7.453229e+01 1.091936e+02
      vertex   -2.115747e+02 7.438244e+01 1.088914e+02
    endloop
  endfacet
  facet normal -9.108929e-03 9.238795e-01 -3.825750e-01
    outer loop
      vertex   -2.115747e+02 7.438244e+01 1.088914e+02
      vertex   -2.090668e+02 7.453229e+01 1.091936e+02
      vertex   -2.090754e+02 7.438244e+01 1.088319e+02
    endloop
  endfacet
  facet normal -3.106886e-03 9.914449e-01 -1.304892e-01
    outer loop
      vertex   -2.115747e+02 7.438244e+01 1.088914e+02
      vertex   -2.090754e+02 7.438244e+01 1.088319e+02
      vertex   -2.115840e+02 7.433133e+01 1.085033e+02
    endloop
  endfacet
  facet normal -3.106886e-03 9.914449e-01 -1.304892e-01
    outer loop
      vertex   -2.115840e+02 7.433133e+01 1.085033e+02
      vertex   -2.090754e+02 7.438244e+01 1.088319e+02
      vertex   -2.090847e+02 7.433133e+01 1.084438e+02
    endloop
  endfacet
  facet normal 3.106886e-03 9.914449e-01 1.304892e-01
    outer loop
      vertex   -2.115840e+02 7.433133e+01 1.085033e+02
      vertex   -2.090847e+02 7.433133e+01 1.084438e+02
      vertex   -2.115932e+02 7.438244e+01 1.081152e+02
    endloop
  endfacet
  facet normal 3.106886e-03 9.914449e-01 1.304892e-01
    outer loop
      vertex   -2.115932e+02 7.438244e+01 1.081152e+02
      vertex   -2.090847e+02 7.433133e+01 1.084438e+02
      vertex   -2.090939e+02 7.438244e+01 1.080557e+02
    endloop
  endfacet
  facet normal 9.108929e-03 9.238795e-01 3.825750e-01
    outer loop
      vertex   -2.115932e+02 7.438244e+01 1.081152e+02
      vertex   -2.090939e+02 7.438244e+01 1.080557e+02
      vertex   -2.116018e+02 7.453229e+01 1.077535e+02
    endloop
  endfacet
  facet normal 9.108929e-03 9.238795e-01 3.825750e-01
    outer loop
      vertex   -2.116018e+02 7.453229e+01 1.077535e+02
      vertex   -2.090939e+02 7.438244e+01 1.080557e+02
      vertex   -2.091025e+02 7.453229e+01 1.076940e+02
    endloop
  endfacet
  facet normal 1.449021e-02 7.933533e-01 6.085889e-01
    outer loop
      vertex   -2.116018e+02 7.453229e+01 1.077535e+02
      vertex   -2.091025e+02 7.453229e+01 1.076940e+02
      vertex   -2.116092e+02 7.477067e+01 1.074429e+02
    endloop
  endfacet
  facet normal 1.449021e-02 7.933533e-01 6.085889e-01
    outer loop
      vertex   -2.116092e+02 7.477067e+01 1.074429e+02
      vertex   -2.091025e+02 7.453229e+01 1.076940e+02
      vertex   -2.091099e+02 7.477067e+01 1.073834e+02
    endloop
  endfacet
  facet normal 1.888401e-02 6.087614e-01 7.931286e-01
    outer loop
      vertex   -2.116092e+02 7.477067e+01 1.074429e+02
      vertex   -2.091099e+02 7.477067e+01 1.073834e+02
      vertex   -2.116149e+02 7.508133e+01 1.072046e+02
    endloop
  endfacet
  facet normal 1.888401e-02 6.087614e-01 7.931286e-01
    outer loop
      vertex   -2.116149e+02 7.508133e+01 1.072046e+02
      vertex   -2.091099e+02 7.477067e+01 1.073834e+02
      vertex   -2.091156e+02 7.508133e+01 1.071451e+02
    endloop
  endfacet
  facet normal 2.199090e-02 3.826834e-01 9.236178e-01
    outer loop
      vertex   -2.116149e+02 7.508133e+01 1.072046e+02
      vertex   -2.091156e+02 7.508133e+01 1.071451e+02
      vertex   -2.116185e+02 7.544310e+01 1.070548e+02
    endloop
  endfacet
  facet normal 2.199090e-02 3.826834e-01 9.236178e-01
    outer loop
      vertex   -2.116185e+02 7.544310e+01 1.070548e+02
      vertex   -2.091156e+02 7.508133e+01 1.071451e+02
      vertex   -2.091192e+02 7.544310e+01 1.069953e+02
    endloop
  endfacet
  facet normal 2.359914e-02 1.305262e-01 9.911640e-01
    outer loop
      vertex   -2.116185e+02 7.544310e+01 1.070548e+02
      vertex   -2.091192e+02 7.544310e+01 1.069953e+02
      vertex   -2.116197e+02 7.583133e+01 1.070037e+02
    endloop
  endfacet
  facet normal 2.359914e-02 1.305262e-01 9.911640e-01
    outer loop
      vertex   -2.116197e+02 7.583133e+01 1.070037e+02
      vertex   -2.091192e+02 7.544310e+01 1.069953e+02
      vertex   -2.091204e+02 7.583133e+01 1.069442e+02
    endloop
  endfacet
  facet normal 2.359914e-02 -1.305262e-01 9.911640e-01
    outer loop
      vertex   -2.116197e+02 7.583133e+01 1.070037e+02
      vertex   -2.091204e+02 7.583133e+01 1.069442e+02
      vertex   -2.116185e+02 7.621956e+01 1.070548e+02
    endloop
  endfacet
  facet normal 2.359914e-02 -1.305262e-01 9.911640e-01
    outer loop
      vertex   -2.116185e+02 7.621956e+01 1.070548e+02
      vertex   -2.091204e+02 7.583133e+01 1.069442e+02
      vertex   -2.091192e+02 7.621956e+01 1.069953e+02
    endloop
  endfacet
  facet normal -3.517685e-03 9.890196e-01 -1.477428e-01
    outer loop
      vertex   -2.090789e+02 8.096715e+01 1.086842e+02
      vertex   -2.116527e+02 8.049972e+01 1.056164e+02
      vertex   -2.115782e+02 8.096715e+01 1.087437e+02
    endloop
  endfacet
  facet normal -3.517685e-03 9.890196e-01 -1.477428e-01
    outer loop
      vertex   -2.115782e+02 8.096715e+01 1.087437e+02
      vertex   -2.116527e+02 8.049972e+01 1.056164e+02
      vertex   -2.131523e+02 8.049972e+01 1.056521e+02
    endloop
  endfacet
  facet normal -3.517685e-03 9.890196e-01 -1.477428e-01
    outer loop
      vertex   -2.115782e+02 8.096715e+01 1.087437e+02
      vertex   -2.131523e+02 8.049972e+01 1.056521e+02
      vertex   -2.115501e+02 8.114392e+01 1.099264e+02
    endloop
  endfacet
  facet normal -3.517685e-03 9.890196e-01 -1.477428e-01
    outer loop
      vertex   -2.115501e+02 8.114392e+01 1.099264e+02
      vertex   -2.131523e+02 8.049972e+01 1.056521e+02
      vertex   -2.127756e+02 8.286427e+01 1.214719e+02
    endloop
  endfacet
  facet normal -3.517685e-03 9.890196e-01 -1.477428e-01
    outer loop
      vertex   -2.115501e+02 8.114392e+01 1.099264e+02
      vertex   -2.127756e+02 8.286427e+01 1.214719e+02
      vertex   -2.112760e+02 8.286427e+01 1.214362e+02
    endloop
  endfacet
  facet normal -3.517685e-03 9.890196e-01 -1.477428e-01
    outer loop
      vertex   -2.090789e+02 8.096715e+01 1.086842e+02
      vertex   -2.092947e+02 7.961301e+01 9.962447e+01
      vertex   -2.116527e+02 8.049972e+01 1.056164e+02
    endloop
  endfacet
  facet normal -3.517685e-03 9.890196e-01 -1.477428e-01
    outer loop
      vertex   -2.116527e+02 8.049972e+01 1.056164e+02
      vertex   -2.092947e+02 7.961301e+01 9.962447e+01
      vertex   -2.117939e+02 7.961301e+01 9.968398e+01
    endloop
  endfacet
  facet normal -3.517685e-03 9.890196e-01 -1.477428e-01
    outer loop
      vertex   -2.112035e+02 8.331943e+01 1.244814e+02
      vertex   -2.087042e+02 8.331943e+01 1.244219e+02
      vertex   -2.112760e+02 8.286427e+01 1.214362e+02
    endloop
  endfacet
  facet normal -3.517685e-03 9.890196e-01 -1.477428e-01
    outer loop
      vertex   -2.112760e+02 8.286427e+01 1.214362e+02
      vertex   -2.087042e+02 8.331943e+01 1.244219e+02
      vertex   -2.090508e+02 8.114392e+01 1.098669e+02
    endloop
  endfacet
  facet normal -3.517685e-03 9.890196e-01 -1.477428e-01
    outer loop
      vertex   -2.112760e+02 8.286427e+01 1.214362e+02
      vertex   -2.090508e+02 8.114392e+01 1.098669e+02
      vertex   -2.115501e+02 8.114392e+01 1.099264e+02
    endloop
  endfacet
  facet normal 6.160612e-03 9.659258e-01 2.587457e-01
    outer loop
      vertex   -2.054545e+02 4.673680e+01 2.609115e+02
      vertex   -2.087042e+02 8.331943e+01 1.244219e+02
      vertex   -2.079538e+02 4.673680e+01 2.609710e+02
    endloop
  endfacet
  facet normal 6.160612e-03 9.659258e-01 2.587457e-01
    outer loop
      vertex   -2.079538e+02 4.673680e+01 2.609710e+02
      vertex   -2.087042e+02 8.331943e+01 1.244219e+02
      vertex   -2.112035e+02 8.331943e+01 1.244814e+02
    endloop
  endfacet
  facet normal 2.299172e-02 -2.588190e-01 9.656522e-01
    outer loop
      vertex   -2.054761e+02 4.335606e+01 2.600059e+02
      vertex   -2.054545e+02 4.673680e+01 2.609115e+02
      vertex   -2.079753e+02 4.335606e+01 2.600654e+02
    endloop
  endfacet
  facet normal 2.299172e-02 -2.588190e-01 9.656522e-01
    outer loop
      vertex   -2.079753e+02 4.335606e+01 2.600654e+02
      vertex   -2.054545e+02 4.673680e+01 2.609115e+02
      vertex   -2.079538e+02 4.673680e+01 2.609710e+02
    endloop
  endfacet
  facet normal -2.199090e-02 3.826834e-01 -9.236178e-01
    outer loop
      vertex   -2.079064e+02 4.257961e+01 2.629623e+02
      vertex   -2.054071e+02 4.257961e+01 2.629028e+02
      vertex   -2.079099e+02 4.221783e+01 2.628125e+02
    endloop
  endfacet
  facet normal -2.199090e-02 3.826834e-01 -9.236178e-01
    outer loop
      vertex   -2.079099e+02 4.221783e+01 2.628125e+02
      vertex   -2.054071e+02 4.257961e+01 2.629028e+02
      vertex   -2.054106e+02 4.221783e+01 2.627530e+02
    endloop
  endfacet
  facet normal -1.888401e-02 6.087614e-01 -7.931286e-01
    outer loop
      vertex   -2.079099e+02 4.221783e+01 2.628125e+02
      vertex   -2.054106e+02 4.221783e+01 2.627530e+02
      vertex   -2.079156e+02 4.190717e+01 2.625742e+02
    endloop
  endfacet
  facet normal -1.888401e-02 6.087614e-01 -7.931286e-01
    outer loop
      vertex   -2.079156e+02 4.190717e+01 2.625742e+02
      vertex   -2.054106e+02 4.221783e+01 2.627530e+02
      vertex   -2.054163e+02 4.190717e+01 2.625147e+02
    endloop
  endfacet
  facet normal -1.449021e-02 7.933533e-01 -6.085890e-01
    outer loop
      vertex   -2.079156e+02 4.190717e+01 2.625742e+02
      vertex   -2.054163e+02 4.190717e+01 2.625147e+02
      vertex   -2.079230e+02 4.166880e+01 2.622636e+02
    endloop
  endfacet
  facet normal -1.449021e-02 7.933533e-01 -6.085890e-01
    outer loop
      vertex   -2.079230e+02 4.166880e+01 2.622636e+02
      vertex   -2.054163e+02 4.190717e+01 2.625147e+02
      vertex   -2.054237e+02 4.166880e+01 2.622041e+02
    endloop
  endfacet
  facet normal -9.108929e-03 9.238795e-01 -3.825750e-01
    outer loop
      vertex   -2.079230e+02 4.166880e+01 2.622636e+02
      vertex   -2.054237e+02 4.166880e+01 2.622041e+02
      vertex   -2.079316e+02 4.151894e+01 2.619020e+02
    endloop
  endfacet
  facet normal -9.108929e-03 9.238795e-01 -3.825750e-01
    outer loop
      vertex   -2.079316e+02 4.151894e+01 2.619020e+02
      vertex   -2.054237e+02 4.166880e+01 2.622041e+02
      vertex   -2.054323e+02 4.151894e+01 2.618425e+02
    endloop
  endfacet
  facet normal -3.106886e-03 9.914449e-01 -1.304892e-01
    outer loop
      vertex   -2.079316e+02 4.151894e+01 2.619020e+02
      vertex   -2.054323e+02 4.151894e+01 2.618425e+02
      vertex   -2.079409e+02 4.146783e+01 2.615139e+02
    endloop
  endfacet
  facet normal -3.106886e-03 9.914449e-01 -1.304892e-01
    outer loop
      vertex   -2.079409e+02 4.146783e+01 2.615139e+02
      vertex   -2.054323e+02 4.151894e+01 2.618425e+02
      vertex   -2.054416e+02 4.146783e+01 2.614543e+02
    endloop
  endfacet
  facet normal 3.106886e-03 9.914449e-01 1.304892e-01
    outer loop
      vertex   -2.079409e+02 4.146783e+01 2.615139e+02
      vertex   -2.054416e+02 4.146783e+01 2.614543e+02
      vertex   -2.079501e+02 4.151894e+01 2.611257e+02
    endloop
  endfacet
  facet normal 3.106886e-03 9.914449e-01 1.304892e-01
    outer loop
      vertex   -2.079501e+02 4.151894e+01 2.611257e+02
      vertex   -2.054416e+02 4.146783e+01 2.614543e+02
      vertex   -2.054508e+02 4.151894e+01 2.610662e+02
    endloop
  endfacet
  facet normal 9.108929e-03 9.238795e-01 3.825750e-01
    outer loop
      vertex   -2.079501e+02 4.151894e+01 2.611257e+02
      vertex   -2.054508e+02 4.151894e+01 2.610662e+02
      vertex   -2.079587e+02 4.166880e+01 2.607641e+02
    endloop
  endfacet
  facet normal 9.108929e-03 9.238795e-01 3.825750e-01
    outer loop
      vertex   -2.079587e+02 4.166880e+01 2.607641e+02
      vertex   -2.054508e+02 4.151894e+01 2.610662e+02
      vertex   -2.054594e+02 4.166880e+01 2.607046e+02
    endloop
  endfacet
  facet normal 1.449021e-02 7.933533e-01 6.085889e-01
    outer loop
      vertex   -2.079587e+02 4.166880e+01 2.607641e+02
      vertex   -2.054594e+02 4.166880e+01 2.607046e+02
      vertex   -2.079661e+02 4.190717e+01 2.604535e+02
    endloop
  endfacet
  facet normal 1.449021e-02 7.933533e-01 6.085889e-01
    outer loop
      vertex   -2.079661e+02 4.190717e+01 2.604535e+02
      vertex   -2.054594e+02 4.166880e+01 2.607046e+02
      vertex   -2.054668e+02 4.190717e+01 2.603940e+02
    endloop
  endfacet
  facet normal 1.888401e-02 6.087614e-01 7.931286e-01
    outer loop
      vertex   -2.079661e+02 4.190717e+01 2.604535e+02
      vertex   -2.054668e+02 4.190717e+01 2.603940e+02
      vertex   -2.079718e+02 4.221783e+01 2.602152e+02
    endloop
  endfacet
  facet normal 1.888401e-02 6.087614e-01 7.931286e-01
    outer loop
      vertex   -2.079718e+02 4.221783e+01 2.602152e+02
      vertex   -2.054668e+02 4.190717e+01 2.603940e+02
      vertex   -2.054725e+02 4.221783e+01 2.601557e+02
    endloop
  endfacet
  facet normal 2.199090e-02 3.826834e-01 9.236178e-01
    outer loop
      vertex   -2.079718e+02 4.221783e+01 2.602152e+02
      vertex   -2.054725e+02 4.221783e+01 2.601557e+02
      vertex   -2.079753e+02 4.257961e+01 2.600654e+02
    endloop
  endfacet
  facet normal 2.199090e-02 3.826834e-01 9.236178e-01
    outer loop
      vertex   -2.079753e+02 4.257961e+01 2.600654e+02
      vertex   -2.054725e+02 4.221783e+01 2.601557e+02
      vertex   -2.054761e+02 4.257961e+01 2.600059e+02
    endloop
  endfacet
  facet normal 2.359914e-02 1.305262e-01 9.911640e-01
    outer loop
      vertex   -2.079753e+02 4.257961e+01 2.600654e+02
      vertex   -2.054761e+02 4.257961e+01 2.600059e+02
      vertex   -2.079766e+02 4.296783e+01 2.600143e+02
    endloop
  endfacet
  facet normal 2.359914e-02 1.305262e-01 9.911640e-01
    outer loop
      vertex   -2.079766e+02 4.296783e+01 2.600143e+02
      vertex   -2.054761e+02 4.257961e+01 2.600059e+02
      vertex   -2.054773e+02 4.296783e+01 2.599548e+02
    endloop
  endfacet
  facet normal 2.359914e-02 -1.305262e-01 9.911640e-01
    outer loop
      vertex   -2.079766e+02 4.296783e+01 2.600143e+02
      vertex   -2.054773e+02 4.296783e+01 2.599548e+02
      vertex   -2.079753e+02 4.335606e+01 2.600654e+02
    endloop
  endfacet
  facet normal 2.359914e-02 -1.305262e-01 9.911640e-01
    outer loop
      vertex   -2.079753e+02 4.335606e+01 2.600654e+02
      vertex   -2.054773e+02 4.296783e+01 2.599548e+02
      vertex   -2.054761e+02 4.335606e+01 2.600059e+02
    endloop
  endfacet
  facet normal -2.299172e-02 2.588190e-01 -9.656522e-01
    outer loop
      vertex   -2.053855e+02 4.596035e+01 2.638084e+02
      vertex   -2.054071e+02 4.257961e+01 2.629028e+02
      vertex   -2.078848e+02 4.596035e+01 2.638679e+02
    endloop
  endfacet
  facet normal -2.299172e-02 2.588190e-01 -9.656522e-01
    outer loop
      vertex   -2.078848e+02 4.596035e+01 2.638679e+02
      vertex   -2.054071e+02 4.257961e+01 2.629028e+02
      vertex   -2.079064e+02 4.257961e+01 2.629623e+02
    endloop
  endfacet
  facet normal 6.160612e-03 9.659258e-01 2.587457e-01
    outer loop
      vertex   -2.047532e+02 3.884282e+01 2.903639e+02
      vertex   -2.053855e+02 4.596035e+01 2.638084e+02
      vertex   -2.072525e+02 3.884282e+01 2.904234e+02
    endloop
  endfacet
  facet normal 6.160612e-03 9.659258e-01 2.587457e-01
    outer loop
      vertex   -2.072525e+02 3.884282e+01 2.904234e+02
      vertex   -2.053855e+02 4.596035e+01 2.638084e+02
      vertex   -2.078848e+02 4.596035e+01 2.638679e+02
    endloop
  endfacet
  facet normal 2.299172e-02 -2.588190e-01 9.656522e-01
    outer loop
      vertex   -2.050010e+02 0.000000e+00 2.799589e+02
      vertex   -2.050000e+02 1.533842e-01 2.800000e+02
      vertex   -2.075003e+02 0.000000e+00 2.800184e+02
    endloop
  endfacet
  facet normal 2.299172e-02 -2.588190e-01 9.656522e-01
    outer loop
      vertex   -2.075003e+02 0.000000e+00 2.800184e+02
      vertex   -2.050000e+02 1.533842e-01 2.800000e+02
      vertex   -2.072525e+02 3.884282e+01 2.904234e+02
    endloop
  endfacet
  facet normal 2.299172e-02 -2.588190e-01 9.656522e-01
    outer loop
      vertex   -2.072525e+02 3.884282e+01 2.904234e+02
      vertex   -2.050000e+02 1.533842e-01 2.800000e+02
      vertex   -2.047532e+02 3.884282e+01 2.903639e+02
    endloop
  endfacet
  facet normal -9.997167e-01 -4.336119e-16 2.380278e-02
    outer loop
      vertex   -2.075003e+02 0.000000e+00 2.800184e+02
      vertex   -2.079587e+02 4.166880e+01 2.607641e+02
      vertex   -2.124989e+02 0.000000e+00 7.007792e+01
    endloop
  endfacet
  facet normal -9.997167e-01 8.952779e-14 2.380278e-02
    outer loop
      vertex   -2.124989e+02 0.000000e+00 7.007792e+01
      vertex   -2.079587e+02 4.166880e+01 2.607641e+02
      vertex   -2.079661e+02 4.190717e+01 2.604535e+02
    endloop
  endfacet
  facet normal -9.997167e-01 -1.233071e-13 2.380278e-02
    outer loop
      vertex   -2.124989e+02 0.000000e+00 7.007792e+01
      vertex   -2.079661e+02 4.190717e+01 2.604535e+02
      vertex   -2.079718e+02 4.221783e+01 2.602152e+02
    endloop
  endfacet
  facet normal -9.997167e-01 -9.247946e-16 2.380278e-02
    outer loop
      vertex   -2.072525e+02 3.884282e+01 2.904234e+02
      vertex   -2.079409e+02 4.146783e+01 2.615139e+02
      vertex   -2.075003e+02 0.000000e+00 2.800184e+02
    endloop
  endfacet
  facet normal -9.997167e-01 -4.818093e-14 2.380278e-02
    outer loop
      vertex   -2.075003e+02 0.000000e+00 2.800184e+02
      vertex   -2.079409e+02 4.146783e+01 2.615139e+02
      vertex   -2.079501e+02 4.151894e+01 2.611257e+02
    endloop
  endfacet
  facet normal -9.997167e-01 7.855417e-14 2.380278e-02
    outer loop
      vertex   -2.075003e+02 0.000000e+00 2.800184e+02
      vertex   -2.079501e+02 4.151894e+01 2.611257e+02
      vertex   -2.079587e+02 4.166880e+01 2.607641e+02
    endloop
  endfacet
  facet normal -9.997167e-01 9.377780e-16 2.380278e-02
    outer loop
      vertex   -2.078848e+02 4.596035e+01 2.638679e+02
      vertex   -2.079064e+02 4.257961e+01 2.629623e+02
      vertex   -2.072525e+02 3.884282e+01 2.904234e+02
    endloop
  endfacet
  facet normal -9.997167e-01 -3.858189e-14 2.380278e-02
    outer loop
      vertex   -2.072525e+02 3.884282e+01 2.904234e+02
      vertex   -2.079064e+02 4.257961e+01 2.629623e+02
      vertex   -2.079099e+02 4.221783e+01 2.628125e+02
    endloop
  endfacet
  facet normal -9.997167e-01 -5.905699e-14 2.380278e-02
    outer loop
      vertex   -2.072525e+02 3.884282e+01 2.904234e+02
      vertex   -2.079099e+02 4.221783e+01 2.628125e+02
      vertex   -2.079156e+02 4.190717e+01 2.625742e+02
    endloop
  endfacet
  facet normal -9.997167e-01 1.163379e-13 2.380278e-02
    outer loop
      vertex   -2.079156e+02 4.190717e+01 2.625742e+02
      vertex   -2.079230e+02 4.166880e+01 2.622636e+02
      vertex   -2.072525e+02 3.884282e+01 2.904234e+02
    endloop
  endfacet
  facet normal -9.997167e-01 -1.368694e-13 2.380278e-02
    outer loop
      vertex   -2.072525e+02 3.884282e+01 2.904234e+02
      vertex   -2.079230e+02 4.166880e+01 2.622636e+02
      vertex   -2.079316e+02 4.151894e+01 2.619020e+02
    endloop
  endfacet
  facet normal -9.997167e-01 8.394056e-14 2.380278e-02
    outer loop
      vertex   -2.072525e+02 3.884282e+01 2.904234e+02
      vertex   -2.079316e+02 4.151894e+01 2.619020e+02
      vertex   -2.079409e+02 4.146783e+01 2.615139e+02
    endloop
  endfacet
  facet normal -9.997167e-01 1.597722e-13 2.380278e-02
    outer loop
      vertex   -2.079753e+02 4.257961e+01 2.600654e+02
      vertex   -2.115747e+02 7.438244e+01 1.088914e+02
      vertex   -2.079718e+02 4.221783e+01 2.602152e+02
    endloop
  endfacet
  facet normal -9.997167e-01 -1.742649e-13 2.380278e-02
    outer loop
      vertex   -2.079718e+02 4.221783e+01 2.602152e+02
      vertex   -2.115747e+02 7.438244e+01 1.088914e+02
      vertex   -2.115840e+02 7.433133e+01 1.085033e+02
    endloop
  endfacet
  facet normal -9.997167e-01 1.199145e-15 2.380278e-02
    outer loop
      vertex   -2.079718e+02 4.221783e+01 2.602152e+02
      vertex   -2.115840e+02 7.433133e+01 1.085033e+02
      vertex   -2.124989e+02 0.000000e+00 7.007792e+01
    endloop
  endfacet
  facet normal -9.997167e-01 1.406236e-14 2.380278e-02
    outer loop
      vertex   -2.124989e+02 0.000000e+00 7.007792e+01
      vertex   -2.115840e+02 7.433133e+01 1.085033e+02
      vertex   -2.115932e+02 7.438244e+01 1.081152e+02
    endloop
  endfacet
  facet normal -9.997167e-01 -5.643211e-14 2.380278e-02
    outer loop
      vertex   -2.124989e+02 0.000000e+00 7.007792e+01
      vertex   -2.115932e+02 7.438244e+01 1.081152e+02
      vertex   -2.116018e+02 7.453229e+01 1.077535e+02
    endloop
  endfacet
  facet normal -9.997167e-01 -2.431236e-18 2.380278e-02
    outer loop
      vertex   -2.079753e+02 4.257961e+01 2.600654e+02
      vertex   -2.079766e+02 4.296783e+01 2.600143e+02
      vertex   -2.115747e+02 7.438244e+01 1.088914e+02
    endloop
  endfacet
  facet normal -9.997167e-01 -3.582619e-14 2.380278e-02
    outer loop
      vertex   -2.115747e+02 7.438244e+01 1.088914e+02
      vertex   -2.079766e+02 4.296783e+01 2.600143e+02
      vertex   -2.079753e+02 4.335606e+01 2.600654e+02
    endloop
  endfacet
  facet normal -9.997167e-01 -1.475548e-14 2.380278e-02
    outer loop
      vertex   -2.115747e+02 7.438244e+01 1.088914e+02
      vertex   -2.079753e+02 4.335606e+01 2.600654e+02
      vertex   -2.079538e+02 4.673680e+01 2.609710e+02
    endloop
  endfacet
  facet normal -9.997167e-01 -2.929723e-14 2.380278e-02
    outer loop
      vertex   -2.112035e+02 8.331943e+01 1.244814e+02
      vertex   -2.112695e+02 8.101366e+01 1.217127e+02
      vertex   -2.079538e+02 4.673680e+01 2.609710e+02
    endloop
  endfacet
  facet normal -9.997167e-01 6.496210e-15 2.380278e-02
    outer loop
      vertex   -2.079538e+02 4.673680e+01 2.609710e+02
      vertex   -2.112695e+02 8.101366e+01 1.217127e+02
      vertex   -2.115661e+02 7.453229e+01 1.092531e+02
    endloop
  endfacet
  facet normal -9.997167e-01 1.386548e-14 2.380278e-02
    outer loop
      vertex   -2.079538e+02 4.673680e+01 2.609710e+02
      vertex   -2.115661e+02 7.453229e+01 1.092531e+02
      vertex   -2.115747e+02 7.438244e+01 1.088914e+02
    endloop
  endfacet
  facet normal -9.997167e-01 -4.577344e-14 2.380278e-02
    outer loop
      vertex   -2.112035e+02 8.331943e+01 1.244814e+02
      vertex   -2.112760e+02 8.286427e+01 1.214362e+02
      vertex   -2.112695e+02 8.101366e+01 1.217127e+02
    endloop
  endfacet
  facet normal -9.997167e-01 -4.325688e-15 2.380278e-02
    outer loop
      vertex   -2.115241e+02 7.941481e+01 1.110157e+02
      vertex   -2.115495e+02 7.544310e+01 1.099518e+02
      vertex   -2.112695e+02 8.101366e+01 1.217127e+02
    endloop
  endfacet
  facet normal -9.997167e-01 -1.548568e-13 2.380278e-02
    outer loop
      vertex   -2.112695e+02 8.101366e+01 1.217127e+02
      vertex   -2.115495e+02 7.544310e+01 1.099518e+02
      vertex   -2.115530e+02 7.508133e+01 1.098020e+02
    endloop
  endfacet
  facet normal -9.997167e-01 1.844629e-13 2.380278e-02
    outer loop
      vertex   -2.112695e+02 8.101366e+01 1.217127e+02
      vertex   -2.115530e+02 7.508133e+01 1.098020e+02
      vertex   -2.115587e+02 7.477067e+01 1.095637e+02
    endloop
  endfacet
  facet normal -9.997167e-01 -3.465994e-13 2.380278e-02
    outer loop
      vertex   -2.115587e+02 7.477067e+01 1.095637e+02
      vertex   -2.115661e+02 7.453229e+01 1.092531e+02
      vertex   -2.112695e+02 8.101366e+01 1.217127e+02
    endloop
  endfacet
  facet normal -9.997167e-01 -3.584489e-16 2.380278e-02
    outer loop
      vertex   -2.124989e+02 0.000000e+00 7.007792e+01
      vertex   -2.116018e+02 7.453229e+01 1.077535e+02
      vertex   -2.119779e+02 8.168356e+01 9.195876e+01
    endloop
  endfacet
  facet normal -9.997167e-01 -1.437579e-14 2.380278e-02
    outer loop
      vertex   -2.119779e+02 8.168356e+01 9.195876e+01
      vertex   -2.116018e+02 7.453229e+01 1.077535e+02
      vertex   -2.116092e+02 7.477067e+01 1.074429e+02
    endloop
  endfacet
  facet normal -9.997167e-01 -1.422828e-14 2.380278e-02
    outer loop
      vertex   -2.119779e+02 8.168356e+01 9.195876e+01
      vertex   -2.116092e+02 7.477067e+01 1.074429e+02
      vertex   -2.117939e+02 7.961301e+01 9.968398e+01
    endloop
  endfacet
  facet normal -9.997167e-01 -8.957557e-14 2.380278e-02
    outer loop
      vertex   -2.117939e+02 7.961301e+01 9.968398e+01
      vertex   -2.116092e+02 7.477067e+01 1.074429e+02
      vertex   -2.116149e+02 7.508133e+01 1.072046e+02
    endloop
  endfacet
  facet normal -9.997167e-01 1.956863e-13 2.380278e-02
    outer loop
      vertex   -2.117939e+02 7.961301e+01 9.968398e+01
      vertex   -2.116149e+02 7.508133e+01 1.072046e+02
      vertex   -2.116185e+02 7.544310e+01 1.070548e+02
    endloop
  endfacet
  facet normal -9.997167e-01 -8.335430e-14 2.380278e-02
    outer loop
      vertex   -2.116185e+02 7.544310e+01 1.070548e+02
      vertex   -2.116197e+02 7.583133e+01 1.070037e+02
      vertex   -2.117939e+02 7.961301e+01 9.968398e+01
    endloop
  endfacet
  facet normal -9.997167e-01 -1.026905e-13 2.380278e-02
    outer loop
      vertex   -2.117939e+02 7.961301e+01 9.968398e+01
      vertex   -2.116197e+02 7.583133e+01 1.070037e+02
      vertex   -2.116185e+02 7.621956e+01 1.070548e+02
    endloop
  endfacet
  facet normal -9.997167e-01 5.271062e-14 2.380278e-02
    outer loop
      vertex   -2.117939e+02 7.961301e+01 9.968398e+01
      vertex   -2.116185e+02 7.621956e+01 1.070548e+02
      vertex   -2.116461e+02 7.864911e+01 1.058929e+02
    endloop
  endfacet
  facet normal -9.997167e-01 2.534950e-14 2.380278e-02
    outer loop
      vertex   -2.116461e+02 7.864911e+01 1.058929e+02
      vertex   -2.116185e+02 7.621956e+01 1.070548e+02
      vertex   -2.116012e+02 7.893136e+01 1.077812e+02
    endloop
  endfacet
  facet normal -9.997167e-01 -4.585242e-14 2.380278e-02
    outer loop
      vertex   -2.116461e+02 7.864911e+01 1.058929e+02
      vertex   -2.116527e+02 8.049972e+01 1.056164e+02
      vertex   -2.117939e+02 7.961301e+01 9.968398e+01
    endloop
  endfacet
  facet normal -9.997167e-01 1.797505e-15 2.380278e-02
    outer loop
      vertex   -2.099836e+02 2.500000e+00 7.068810e+01
      vertex   -2.100000e+02 2.500000e+00 7.000000e+01
      vertex   -2.099996e+02 0.000000e+00 7.001841e+01
    endloop
  endfacet
  facet normal -9.997167e-01 0.000000e+00 2.380278e-02
    outer loop
      vertex   -2.099996e+02 0.000000e+00 7.001841e+01
      vertex   -2.100000e+02 2.500000e+00 7.000000e+01
      vertex   -2.100000e+02 0.000000e+00 7.000000e+01
    endloop
  endfacet
  facet normal -9.997167e-01 0.000000e+00 2.380278e-02
    outer loop
      vertex   -2.050000e+02 1.533842e-01 2.800000e+02
      vertex   -2.050010e+02 0.000000e+00 2.799589e+02
      vertex   -2.050000e+02 0.000000e+00 2.800000e+02
    endloop
  endfacet
  facet normal -9.997167e-01 -3.048366e-14 -2.380278e-02
    outer loop
      vertex   -7.000000e+01 0.000000e+00 7.000000e+01
      vertex   -7.000000e+01 4.660473e-01 7.000000e+01
      vertex   -6.999703e+01 0.000000e+00 6.987516e+01
    endloop
  endfacet
  facet normal -1.798704e-02 -6.549527e-01 7.554558e-01
    outer loop
      vertex   -6.841294e+01 8.093316e+01 1.083731e+02
      vertex   -7.091223e+01 8.093316e+01 1.083136e+02
      vertex   -6.840834e+01 8.071035e+01 1.081800e+02
    endloop
  endfacet
  facet normal -1.798704e-02 -6.549527e-01 7.554558e-01
    outer loop
      vertex   -6.840834e+01 8.071035e+01 1.081800e+02
      vertex   -7.091223e+01 8.093316e+01 1.083136e+02
      vertex   -7.090763e+01 8.071035e+01 1.081205e+02
    endloop
  endfacet
  facet normal -2.048783e-02 -5.090574e-01 8.604887e-01
    outer loop
      vertex   -6.840834e+01 8.071035e+01 1.081800e+02
      vertex   -7.090763e+01 8.071035e+01 1.081205e+02
      vertex   -7.090406e+01 8.045656e+01 1.079705e+02
    endloop
  endfacet
  facet normal -2.232637e-02 -3.467076e-01 9.377075e-01
    outer loop
      vertex   -7.090163e+01 8.018000e+01 1.078683e+02
      vertex   -6.840233e+01 8.018000e+01 1.079278e+02
      vertex   -7.090406e+01 8.045656e+01 1.079705e+02
    endloop
  endfacet
  facet normal -2.232637e-02 -3.467076e-01 9.377075e-01
    outer loop
      vertex   -7.090406e+01 8.045656e+01 1.079705e+02
      vertex   -6.840233e+01 8.018000e+01 1.079278e+02
      vertex   -6.840477e+01 8.045656e+01 1.080300e+02
    endloop
  endfacet
  facet normal -2.048783e-02 -5.090574e-01 8.604887e-01
    outer loop
      vertex   -7.090406e+01 8.045656e+01 1.079705e+02
      vertex   -6.840477e+01 8.045656e+01 1.080300e+02
      vertex   -6.840834e+01 8.071035e+01 1.081800e+02
    endloop
  endfacet
  facet normal 1.024909e-02 -9.025506e-01 -4.304619e-01
    outer loop
      vertex   -7.095065e+01 8.117434e+01 1.099272e+02
      vertex   -6.845136e+01 8.117434e+01 1.099867e+02
      vertex   -7.095849e+01 8.101715e+01 1.102566e+02
    endloop
  endfacet
  facet normal 1.024909e-02 -9.025506e-01 -4.304619e-01
    outer loop
      vertex   -7.095849e+01 8.101715e+01 1.102566e+02
      vertex   -6.845136e+01 8.117434e+01 1.099867e+02
      vertex   -6.845920e+01 8.101715e+01 1.103161e+02
    endloop
  endfacet
  facet normal 1.513519e-02 -7.718060e-01 -6.356779e-01
    outer loop
      vertex   -7.095849e+01 8.101715e+01 1.102566e+02
      vertex   -6.845920e+01 8.101715e+01 1.103161e+02
      vertex   -7.096520e+01 8.078503e+01 1.105382e+02
    endloop
  endfacet
  facet normal 1.513519e-02 -7.718060e-01 -6.356779e-01
    outer loop
      vertex   -7.096520e+01 8.078503e+01 1.105382e+02
      vertex   -6.845920e+01 8.101715e+01 1.103161e+02
      vertex   -6.846590e+01 8.078503e+01 1.105978e+02
    endloop
  endfacet
  facet normal 1.912480e-02 -5.953461e-01 -8.032417e-01
    outer loop
      vertex   -7.096520e+01 8.078503e+01 1.105382e+02
      vertex   -6.846590e+01 8.078503e+01 1.105978e+02
      vertex   -7.097037e+01 8.049171e+01 1.107555e+02
    endloop
  endfacet
  facet normal 1.912480e-02 -5.953461e-01 -8.032417e-01
    outer loop
      vertex   -7.097037e+01 8.049171e+01 1.107555e+02
      vertex   -6.846590e+01 8.078503e+01 1.105978e+02
      vertex   -6.847108e+01 8.049171e+01 1.108150e+02
    endloop
  endfacet
  facet normal 2.198162e-02 -3.836229e-01 -9.232282e-01
    outer loop
      vertex   -7.097037e+01 8.049171e+01 1.107555e+02
      vertex   -6.847108e+01 8.049171e+01 1.108150e+02
      vertex   -7.097370e+01 8.015458e+01 1.108955e+02
    endloop
  endfacet
  facet normal 2.198162e-02 -3.836229e-01 -9.232282e-01
    outer loop
      vertex   -7.097370e+01 8.015458e+01 1.108955e+02
      vertex   -6.847108e+01 8.049171e+01 1.108150e+02
      vertex   -6.847441e+01 8.015458e+01 1.109550e+02
    endloop
  endfacet
  facet normal 2.353644e-02 -1.491771e-01 -9.885303e-01
    outer loop
      vertex   -7.097370e+01 8.015458e+01 1.108955e+02
      vertex   -6.847441e+01 8.015458e+01 1.109550e+02
      vertex   -7.097500e+01 7.979360e+01 1.109500e+02
    endloop
  endfacet
  facet normal 2.353644e-02 -1.491771e-01 -9.885303e-01
    outer loop
      vertex   -7.097500e+01 7.979360e+01 1.109500e+02
      vertex   -6.847441e+01 8.015458e+01 1.109550e+02
      vertex   -6.847571e+01 7.979360e+01 1.110095e+02
    endloop
  endfacet
  facet normal 2.369715e-02 9.410472e-02 -9.952802e-01
    outer loop
      vertex   -7.097500e+01 7.979360e+01 1.109500e+02
      vertex   -6.847571e+01 7.979360e+01 1.110095e+02
      vertex   -7.097418e+01 7.943015e+01 1.109156e+02
    endloop
  endfacet
  facet normal 2.369715e-02 9.410472e-02 -9.952802e-01
    outer loop
      vertex   -7.097418e+01 7.943015e+01 1.109156e+02
      vertex   -6.847571e+01 7.979360e+01 1.110095e+02
      vertex   -6.847489e+01 7.943015e+01 1.109751e+02
    endloop
  endfacet
  facet normal 3.517685e-03 9.890196e-01 -1.477428e-01
    outer loop
      vertex   -7.097379e+01 7.942770e+01 1.108992e+02
      vertex   -7.097418e+01 7.943015e+01 1.109156e+02
      vertex   -6.847450e+01 7.942770e+01 1.109587e+02
    endloop
  endfacet
  facet normal 3.517685e-03 9.890196e-01 -1.477428e-01
    outer loop
      vertex   -6.847450e+01 7.942770e+01 1.109587e+02
      vertex   -7.097418e+01 7.943015e+01 1.109156e+02
      vertex   -6.847489e+01 7.943015e+01 1.109751e+02
    endloop
  endfacet
  facet normal -2.297784e-02 -2.609859e-01 9.650691e-01
    outer loop
      vertex   -7.089267e+01 7.878817e+01 1.074921e+02
      vertex   -6.914705e+01 7.878817e+01 1.075336e+02
      vertex   -7.090163e+01 8.018000e+01 1.078683e+02
    endloop
  endfacet
  facet normal -2.297784e-02 -2.609859e-01 9.650691e-01
    outer loop
      vertex   -7.090163e+01 8.018000e+01 1.078683e+02
      vertex   -6.914705e+01 7.878817e+01 1.075336e+02
      vertex   -6.840233e+01 8.018000e+01 1.079278e+02
    endloop
  endfacet
  facet normal -2.297784e-02 -2.609859e-01 9.650691e-01
    outer loop
      vertex   -6.840233e+01 8.018000e+01 1.079278e+02
      vertex   -6.914705e+01 7.878817e+01 1.075336e+02
      vertex   -6.889160e+01 7.880338e+01 1.075438e+02
    endloop
  endfacet
  facet normal -2.297784e-02 -2.609859e-01 9.650691e-01
    outer loop
      vertex   -6.840233e+01 8.018000e+01 1.079278e+02
      vertex   -6.889160e+01 7.880338e+01 1.075438e+02
      vertex   -6.863960e+01 7.884883e+01 1.075621e+02
    endloop
  endfacet
  facet normal -2.297784e-02 -2.609859e-01 9.650691e-01
    outer loop
      vertex   -6.863960e+01 7.884883e+01 1.075621e+02
      vertex   -6.839425e+01 7.892393e+01 1.075883e+02
      vertex   -6.840233e+01 8.018000e+01 1.079278e+02
    endloop
  endfacet
  facet normal -9.997167e-01 1.641629e-14 -2.380278e-02
    outer loop
      vertex   -6.845136e+01 8.117434e+01 1.099867e+02
      vertex   -6.841294e+01 8.093316e+01 1.083731e+02
      vertex   -6.845920e+01 8.101715e+01 1.103161e+02
    endloop
  endfacet
  facet normal -9.997167e-01 1.234551e-13 -2.380278e-02
    outer loop
      vertex   -6.845920e+01 8.101715e+01 1.103161e+02
      vertex   -6.841294e+01 8.093316e+01 1.083731e+02
      vertex   -6.840834e+01 8.071035e+01 1.081800e+02
    endloop
  endfacet
  facet normal -9.997167e-01 2.629088e-14 -2.380278e-02
    outer loop
      vertex   -6.845920e+01 8.101715e+01 1.103161e+02
      vertex   -6.840834e+01 8.071035e+01 1.081800e+02
      vertex   -6.846590e+01 8.078503e+01 1.105978e+02
    endloop
  endfacet
  facet normal -9.997167e-01 -4.846568e-14 -2.380278e-02
    outer loop
      vertex   -6.846590e+01 8.078503e+01 1.105978e+02
      vertex   -6.840834e+01 8.071035e+01 1.081800e+02
      vertex   -6.847108e+01 8.049171e+01 1.108150e+02
    endloop
  endfacet
  facet normal -9.997167e-01 -3.401505e-14 -2.380278e-02
    outer loop
      vertex   -6.847108e+01 8.049171e+01 1.108150e+02
      vertex   -6.840834e+01 8.071035e+01 1.081800e+02
      vertex   -6.840477e+01 8.045656e+01 1.080300e+02
    endloop
  endfacet
  facet normal -9.997167e-01 2.186074e-14 -2.380278e-02
    outer loop
      vertex   -6.847108e+01 8.049171e+01 1.108150e+02
      vertex   -6.840477e+01 8.045656e+01 1.080300e+02
      vertex   -6.840233e+01 8.018000e+01 1.079278e+02
    endloop
  endfacet
  facet normal -9.997167e-01 -1.624324e-14 -2.380278e-02
    outer loop
      vertex   -6.839425e+01 7.892393e+01 1.075883e+02
      vertex   -6.847450e+01 7.942770e+01 1.109587e+02
      vertex   -6.840233e+01 8.018000e+01 1.079278e+02
    endloop
  endfacet
  facet normal -9.997167e-01 -4.334281e-14 -2.380278e-02
    outer loop
      vertex   -6.840233e+01 8.018000e+01 1.079278e+02
      vertex   -6.847450e+01 7.942770e+01 1.109587e+02
      vertex   -6.847571e+01 7.979360e+01 1.110095e+02
    endloop
  endfacet
  facet normal -9.997167e-01 1.403411e-14 -2.380278e-02
    outer loop
      vertex   -6.840233e+01 8.018000e+01 1.079278e+02
      vertex   -6.847571e+01 7.979360e+01 1.110095e+02
      vertex   -6.847441e+01 8.015458e+01 1.109550e+02
    endloop
  endfacet
  facet normal -9.997167e-01 -7.155842e-14 -2.380278e-02
    outer loop
      vertex   -6.847450e+01 7.942770e+01 1.109587e+02
      vertex   -6.847489e+01 7.943015e+01 1.109751e+02
      vertex   -6.847571e+01 7.979360e+01 1.110095e+02
    endloop
  endfacet
  facet normal -9.997167e-01 2.704607e-14 -2.380278e-02
    outer loop
      vertex   -6.847441e+01 8.015458e+01 1.109550e+02
      vertex   -6.847108e+01 8.049171e+01 1.108150e+02
      vertex   -6.840233e+01 8.018000e+01 1.079278e+02
    endloop
  endfacet
  facet normal -9.997167e-01 -1.568226e-14 -2.380278e-02
    outer loop
      vertex   -7.500000e+01 6.881653e-01 2.800000e+02
      vertex   -7.524335e+01 3.884282e+01 2.902206e+02
      vertex   -7.500000e+01 2.500000e+00 2.800000e+02
    endloop
  endfacet
  facet normal -9.997167e-01 -7.490843e-16 -2.380278e-02
    outer loop
      vertex   -7.500000e+01 2.500000e+00 2.800000e+02
      vertex   -7.524335e+01 3.884282e+01 2.902206e+02
      vertex   -7.455503e+01 4.146783e+01 2.613111e+02
    endloop
  endfacet
  facet normal -9.997167e-01 -4.762706e-15 -2.380278e-02
    outer loop
      vertex   -7.500000e+01 2.500000e+00 2.800000e+02
      vertex   -7.455503e+01 4.146783e+01 2.613111e+02
      vertex   -7.454579e+01 4.151894e+01 2.609230e+02
    endloop
  endfacet
  facet normal -9.997167e-01 3.383152e-15 -2.380278e-02
    outer loop
      vertex   -7.461108e+01 4.596035e+01 2.636652e+02
      vertex   -7.458951e+01 4.257961e+01 2.627596e+02
      vertex   -7.524335e+01 3.884282e+01 2.902206e+02
    endloop
  endfacet
  facet normal -9.997167e-01 -3.892033e-14 -2.380278e-02
    outer loop
      vertex   -7.524335e+01 3.884282e+01 2.902206e+02
      vertex   -7.458951e+01 4.257961e+01 2.627596e+02
      vertex   -7.458595e+01 4.221783e+01 2.626098e+02
    endloop
  endfacet
  facet normal -9.997167e-01 -1.514282e-14 -2.380278e-02
    outer loop
      vertex   -7.524335e+01 3.884282e+01 2.902206e+02
      vertex   -7.458595e+01 4.221783e+01 2.626098e+02
      vertex   -7.458027e+01 4.190717e+01 2.623714e+02
    endloop
  endfacet
  facet normal -9.997167e-01 2.361195e-14 -2.380278e-02
    outer loop
      vertex   -7.458027e+01 4.190717e+01 2.623714e+02
      vertex   -7.457288e+01 4.166880e+01 2.620609e+02
      vertex   -7.524335e+01 3.884282e+01 2.902206e+02
    endloop
  endfacet
  facet normal -9.997167e-01 -5.962627e-14 -2.380278e-02
    outer loop
      vertex   -7.524335e+01 3.884282e+01 2.902206e+02
      vertex   -7.457288e+01 4.166880e+01 2.620609e+02
      vertex   -7.456427e+01 4.151894e+01 2.616992e+02
    endloop
  endfacet
  facet normal -9.997167e-01 1.451176e-13 -2.380278e-02
    outer loop
      vertex   -7.524335e+01 3.884282e+01 2.902206e+02
      vertex   -7.456427e+01 4.151894e+01 2.616992e+02
      vertex   -7.455503e+01 4.146783e+01 2.613111e+02
    endloop
  endfacet
  facet normal -9.997167e-01 6.598358e-15 -2.380278e-02
    outer loop
      vertex   -7.454579e+01 4.151894e+01 2.609230e+02
      vertex   -7.453717e+01 4.166880e+01 2.605613e+02
      vertex   -7.500000e+01 2.500000e+00 2.800000e+02
    endloop
  endfacet
  facet normal -9.997167e-01 -3.203595e-16 -2.380278e-02
    outer loop
      vertex   -7.500000e+01 2.500000e+00 2.800000e+02
      vertex   -7.453717e+01 4.166880e+01 2.605613e+02
      vertex   -7.001297e+01 2.500000e+00 7.054484e+01
    endloop
  endfacet
  facet normal -9.997167e-01 -1.582370e-14 -2.380278e-02
    outer loop
      vertex   -7.001297e+01 2.500000e+00 7.054484e+01
      vertex   -7.453717e+01 4.166880e+01 2.605613e+02
      vertex   -7.452978e+01 4.190717e+01 2.602507e+02
    endloop
  endfacet
  facet normal -9.997167e-01 1.497093e-14 -2.380278e-02
    outer loop
      vertex   -7.001297e+01 2.500000e+00 7.054484e+01
      vertex   -7.452978e+01 4.190717e+01 2.602507e+02
      vertex   -7.452411e+01 4.221783e+01 2.600124e+02
    endloop
  endfacet
  facet normal -9.997167e-01 2.315129e-15 -2.380278e-02
    outer loop
      vertex   -7.001297e+01 2.500000e+00 7.054484e+01
      vertex   -7.452411e+01 4.221783e+01 2.600124e+02
      vertex   -7.092165e+01 7.430517e+01 1.087094e+02
    endloop
  endfacet
  facet normal -9.997167e-01 3.869661e-14 -2.380278e-02
    outer loop
      vertex   -7.092165e+01 7.430517e+01 1.087094e+02
      vertex   -7.452411e+01 4.221783e+01 2.600124e+02
      vertex   -7.452054e+01 4.257961e+01 2.598626e+02
    endloop
  endfacet
  facet normal -9.997167e-01 -3.983623e-14 -2.380278e-02
    outer loop
      vertex   -7.092165e+01 7.430517e+01 1.087094e+02
      vertex   -7.452054e+01 4.257961e+01 2.598626e+02
      vertex   -7.451932e+01 4.296783e+01 2.598115e+02
    endloop
  endfacet
  facet normal -9.997167e-01 -4.955721e-15 -2.380278e-02
    outer loop
      vertex   -7.451932e+01 4.296783e+01 2.598115e+02
      vertex   -7.452054e+01 4.335606e+01 2.598626e+02
      vertex   -7.092165e+01 7.430517e+01 1.087094e+02
    endloop
  endfacet
  facet normal -9.997167e-01 -8.433891e-15 -2.380278e-02
    outer loop
      vertex   -7.092165e+01 7.430517e+01 1.087094e+02
      vertex   -7.452054e+01 4.335606e+01 2.598626e+02
      vertex   -7.454210e+01 4.673680e+01 2.607682e+02
    endloop
  endfacet
  facet normal -9.997167e-01 -2.622315e-14 -2.380278e-02
    outer loop
      vertex   -7.092165e+01 7.430517e+01 1.087094e+02
      vertex   -7.454210e+01 4.673680e+01 2.607682e+02
      vertex   -7.093072e+01 7.446301e+01 1.090903e+02
    endloop
  endfacet
  facet normal -9.997167e-01 2.303362e-14 -2.380278e-02
    outer loop
      vertex   -7.093072e+01 7.446301e+01 1.090903e+02
      vertex   -7.454210e+01 4.673680e+01 2.607682e+02
      vertex   -7.093851e+01 7.471410e+01 1.094175e+02
    endloop
  endfacet
  facet normal -9.997167e-01 -1.200164e-14 -2.380278e-02
    outer loop
      vertex   -7.093851e+01 7.471410e+01 1.094175e+02
      vertex   -7.454210e+01 4.673680e+01 2.607682e+02
      vertex   -7.129235e+01 8.331943e+01 1.242787e+02
    endloop
  endfacet
  facet normal -9.997167e-01 3.112616e-14 -2.380278e-02
    outer loop
      vertex   -7.093851e+01 7.471410e+01 1.094175e+02
      vertex   -7.129235e+01 8.331943e+01 1.242787e+02
      vertex   -7.094449e+01 7.504133e+01 1.096685e+02
    endloop
  endfacet
  facet normal -9.997167e-01 -5.230084e-13 -2.380278e-02
    outer loop
      vertex   -7.094449e+01 7.504133e+01 1.096685e+02
      vertex   -7.129235e+01 8.331943e+01 1.242787e+02
      vertex   -7.094824e+01 7.542240e+01 1.098263e+02
    endloop
  endfacet
  facet normal -9.997167e-01 1.271513e-15 -2.380278e-02
    outer loop
      vertex   -7.094824e+01 7.542240e+01 1.098263e+02
      vertex   -7.129235e+01 8.331943e+01 1.242787e+02
      vertex   -7.097418e+01 7.943015e+01 1.109156e+02
    endloop
  endfacet
  facet normal -9.997167e-01 1.817773e-13 -2.380278e-02
    outer loop
      vertex   -7.094824e+01 7.542240e+01 1.098263e+02
      vertex   -7.097418e+01 7.943015e+01 1.109156e+02
      vertex   -7.097379e+01 7.942770e+01 1.108992e+02
    endloop
  endfacet
  facet normal -9.997167e-01 9.498856e-14 -2.380278e-02
    outer loop
      vertex   -7.095065e+01 8.117434e+01 1.099272e+02
      vertex   -7.095849e+01 8.101715e+01 1.102566e+02
      vertex   -7.129235e+01 8.331943e+01 1.242787e+02
    endloop
  endfacet
  facet normal -9.997167e-01 2.843418e-14 -2.380278e-02
    outer loop
      vertex   -7.129235e+01 8.331943e+01 1.242787e+02
      vertex   -7.095849e+01 8.101715e+01 1.102566e+02
      vertex   -7.096520e+01 8.078503e+01 1.105382e+02
    endloop
  endfacet
  facet normal -9.997167e-01 -4.399926e-14 -2.380278e-02
    outer loop
      vertex   -7.129235e+01 8.331943e+01 1.242787e+02
      vertex   -7.096520e+01 8.078503e+01 1.105382e+02
      vertex   -7.097037e+01 8.049171e+01 1.107555e+02
    endloop
  endfacet
  facet normal -9.997167e-01 2.393560e-14 -2.380278e-02
    outer loop
      vertex   -7.097037e+01 8.049171e+01 1.107555e+02
      vertex   -7.097370e+01 8.015458e+01 1.108955e+02
      vertex   -7.129235e+01 8.331943e+01 1.242787e+02
    endloop
  endfacet
  facet normal -9.997167e-01 1.366497e-14 -2.380278e-02
    outer loop
      vertex   -7.129235e+01 8.331943e+01 1.242787e+02
      vertex   -7.097370e+01 8.015458e+01 1.108955e+02
      vertex   -7.097500e+01 7.979360e+01 1.109500e+02
    endloop
  endfacet
  facet normal -9.997167e-01 -5.451863e-14 -2.380278e-02
    outer loop
      vertex   -7.129235e+01 8.331943e+01 1.242787e+02
      vertex   -7.097500e+01 7.979360e+01 1.109500e+02
      vertex   -7.097418e+01 7.943015e+01 1.109156e+02
    endloop
  endfacet
  facet normal -9.997167e-01 -5.382736e-15 -2.380278e-02
    outer loop
      vertex   -7.092165e+01 7.430517e+01 1.087094e+02
      vertex   -7.091192e+01 7.425133e+01 1.083005e+02
      vertex   -7.001297e+01 2.500000e+00 7.054484e+01
    endloop
  endfacet
  facet normal -9.997167e-01 1.200287e-14 -2.380278e-02
    outer loop
      vertex   -7.001297e+01 2.500000e+00 7.054484e+01
      vertex   -7.091192e+01 7.425133e+01 1.083005e+02
      vertex   -7.090218e+01 7.430517e+01 1.078917e+02
    endloop
  endfacet
  facet normal -9.997167e-01 -6.622795e-15 -2.380278e-02
    outer loop
      vertex   -7.001297e+01 2.500000e+00 7.054484e+01
      vertex   -7.090218e+01 7.430517e+01 1.078917e+02
      vertex   -7.089311e+01 7.446301e+01 1.075108e+02
    endloop
  endfacet
  facet normal -9.997167e-01 -2.855211e-15 -2.380278e-02
    outer loop
      vertex   -7.001297e+01 2.500000e+00 7.054484e+01
      vertex   -7.089311e+01 7.446301e+01 1.075108e+02
      vertex   -7.051800e+01 8.168356e+01 9.175600e+01
    endloop
  endfacet
  facet normal -9.997167e-01 1.080810e-13 -2.380278e-02
    outer loop
      vertex   -7.051800e+01 8.168356e+01 9.175600e+01
      vertex   -7.089311e+01 7.446301e+01 1.075108e+02
      vertex   -7.088532e+01 7.471410e+01 1.071836e+02
    endloop
  endfacet
  facet normal -9.997167e-01 -5.823035e-14 -2.380278e-02
    outer loop
      vertex   -7.051800e+01 8.168356e+01 9.175600e+01
      vertex   -7.088532e+01 7.471410e+01 1.071836e+02
      vertex   -7.070193e+01 7.961301e+01 9.948122e+01
    endloop
  endfacet
  facet normal -9.997167e-01 1.496244e-14 -2.380278e-02
    outer loop
      vertex   -7.070193e+01 7.961301e+01 9.948122e+01
      vertex   -7.088532e+01 7.471410e+01 1.071836e+02
      vertex   -7.087935e+01 7.504133e+01 1.069326e+02
    endloop
  endfacet
  facet normal -9.997167e-01 4.192149e-15 -2.380278e-02
    outer loop
      vertex   -7.070193e+01 7.961301e+01 9.948122e+01
      vertex   -7.087935e+01 7.504133e+01 1.069326e+02
      vertex   -7.087559e+01 7.542240e+01 1.067748e+02
    endloop
  endfacet
  facet normal -9.997167e-01 2.327361e-15 -2.380278e-02
    outer loop
      vertex   -7.087559e+01 7.542240e+01 1.067748e+02
      vertex   -7.087431e+01 7.583133e+01 1.067210e+02
      vertex   -7.070193e+01 7.961301e+01 9.948122e+01
    endloop
  endfacet
  facet normal -9.997167e-01 -3.279079e-13 -2.380278e-02
    outer loop
      vertex   -7.070193e+01 7.961301e+01 9.948122e+01
      vertex   -7.087431e+01 7.583133e+01 1.067210e+02
      vertex   -7.087559e+01 7.624027e+01 1.067748e+02
    endloop
  endfacet
  facet normal -9.997167e-01 7.306725e-15 -2.380278e-02
    outer loop
      vertex   -7.070193e+01 7.961301e+01 9.948122e+01
      vertex   -7.087559e+01 7.624027e+01 1.067748e+02
      vertex   -7.089181e+01 7.878276e+01 1.074559e+02
    endloop
  endfacet
  facet normal -9.997167e-01 -2.663702e-14 -2.380278e-02
    outer loop
      vertex   -7.089267e+01 7.878817e+01 1.074921e+02
      vertex   -7.090163e+01 8.018000e+01 1.078683e+02
      vertex   -7.089181e+01 7.878276e+01 1.074559e+02
    endloop
  endfacet
  facet normal -9.997167e-01 -1.831583e-14 -2.380278e-02
    outer loop
      vertex   -7.089181e+01 7.878276e+01 1.074559e+02
      vertex   -7.090163e+01 8.018000e+01 1.078683e+02
      vertex   -7.070193e+01 7.961301e+01 9.948122e+01
    endloop
  endfacet
  facet normal -9.997167e-01 -2.857617e-14 -2.380278e-02
    outer loop
      vertex   -7.090163e+01 8.018000e+01 1.078683e+02
      vertex   -7.090406e+01 8.045656e+01 1.079705e+02
      vertex   -7.070193e+01 7.961301e+01 9.948122e+01
    endloop
  endfacet
  facet normal -9.997167e-01 -3.776514e-14 -2.380278e-02
    outer loop
      vertex   -7.070193e+01 7.961301e+01 9.948122e+01
      vertex   -7.090406e+01 8.045656e+01 1.079705e+02
      vertex   -7.090763e+01 8.071035e+01 1.081205e+02
    endloop
  endfacet
  facet normal -9.997167e-01 1.221948e-13 -2.380278e-02
    outer loop
      vertex   -7.070193e+01 7.961301e+01 9.948122e+01
      vertex   -7.090763e+01 8.071035e+01 1.081205e+02
      vertex   -7.091223e+01 8.093316e+01 1.083136e+02
    endloop
  endfacet
  facet normal 2.199090e-02 3.826834e-01 -9.236178e-01
    outer loop
      vertex   -6.844895e+01 7.542240e+01 1.098858e+02
      vertex   -6.844520e+01 7.504133e+01 1.097280e+02
      vertex   -7.094824e+01 7.542240e+01 1.098263e+02
    endloop
  endfacet
  facet normal 2.199090e-02 3.826834e-01 -9.236178e-01
    outer loop
      vertex   -7.094824e+01 7.542240e+01 1.098263e+02
      vertex   -6.844520e+01 7.504133e+01 1.097280e+02
      vertex   -7.094449e+01 7.504133e+01 1.096685e+02
    endloop
  endfacet
  facet normal 1.888401e-02 6.087614e-01 -7.931286e-01
    outer loop
      vertex   -7.094449e+01 7.504133e+01 1.096685e+02
      vertex   -6.844520e+01 7.504133e+01 1.097280e+02
      vertex   -6.843922e+01 7.471410e+01 1.094770e+02
    endloop
  endfacet
  facet normal 1.888401e-02 6.087614e-01 -7.931286e-01
    outer loop
      vertex   -7.094449e+01 7.504133e+01 1.096685e+02
      vertex   -6.843922e+01 7.471410e+01 1.094770e+02
      vertex   -7.093851e+01 7.471410e+01 1.094175e+02
    endloop
  endfacet
  facet normal 1.449021e-02 7.933533e-01 -6.085890e-01
    outer loop
      vertex   -7.093851e+01 7.471410e+01 1.094175e+02
      vertex   -6.843922e+01 7.471410e+01 1.094770e+02
      vertex   -6.843143e+01 7.446301e+01 1.091498e+02
    endloop
  endfacet
  facet normal 1.449021e-02 7.933533e-01 -6.085890e-01
    outer loop
      vertex   -7.093851e+01 7.471410e+01 1.094175e+02
      vertex   -6.843143e+01 7.446301e+01 1.091498e+02
      vertex   -7.093072e+01 7.446301e+01 1.090903e+02
    endloop
  endfacet
  facet normal 9.108929e-03 9.238795e-01 -3.825750e-01
    outer loop
      vertex   -7.093072e+01 7.446301e+01 1.090903e+02
      vertex   -6.843143e+01 7.446301e+01 1.091498e+02
      vertex   -6.842236e+01 7.430517e+01 1.087689e+02
    endloop
  endfacet
  facet normal 9.108929e-03 9.238795e-01 -3.825750e-01
    outer loop
      vertex   -7.093072e+01 7.446301e+01 1.090903e+02
      vertex   -6.842236e+01 7.430517e+01 1.087689e+02
      vertex   -7.092165e+01 7.430517e+01 1.087094e+02
    endloop
  endfacet
  facet normal 3.106886e-03 9.914449e-01 -1.304892e-01
    outer loop
      vertex   -7.092165e+01 7.430517e+01 1.087094e+02
      vertex   -6.842236e+01 7.430517e+01 1.087689e+02
      vertex   -6.841263e+01 7.425133e+01 1.083601e+02
    endloop
  endfacet
  facet normal 3.106886e-03 9.914449e-01 -1.304892e-01
    outer loop
      vertex   -7.092165e+01 7.430517e+01 1.087094e+02
      vertex   -6.841263e+01 7.425133e+01 1.083601e+02
      vertex   -7.091192e+01 7.425133e+01 1.083005e+02
    endloop
  endfacet
  facet normal -3.106886e-03 9.914449e-01 1.304892e-01
    outer loop
      vertex   -7.091192e+01 7.425133e+01 1.083005e+02
      vertex   -6.841263e+01 7.425133e+01 1.083601e+02
      vertex   -6.840289e+01 7.430517e+01 1.079512e+02
    endloop
  endfacet
  facet normal -3.106885e-03 9.914449e-01 1.304892e-01
    outer loop
      vertex   -7.091192e+01 7.425133e+01 1.083005e+02
      vertex   -6.840289e+01 7.430517e+01 1.079512e+02
      vertex   -7.090218e+01 7.430517e+01 1.078917e+02
    endloop
  endfacet
  facet normal -9.108929e-03 9.238795e-01 3.825750e-01
    outer loop
      vertex   -7.090218e+01 7.430517e+01 1.078917e+02
      vertex   -6.840289e+01 7.430517e+01 1.079512e+02
      vertex   -6.839382e+01 7.446301e+01 1.075703e+02
    endloop
  endfacet
  facet normal -9.108928e-03 9.238795e-01 3.825750e-01
    outer loop
      vertex   -7.090218e+01 7.430517e+01 1.078917e+02
      vertex   -6.839382e+01 7.446301e+01 1.075703e+02
      vertex   -7.089311e+01 7.446301e+01 1.075108e+02
    endloop
  endfacet
  facet normal -1.449021e-02 7.933533e-01 6.085889e-01
    outer loop
      vertex   -7.089311e+01 7.446301e+01 1.075108e+02
      vertex   -6.839382e+01 7.446301e+01 1.075703e+02
      vertex   -6.838603e+01 7.471410e+01 1.072431e+02
    endloop
  endfacet
  facet normal -1.449021e-02 7.933533e-01 6.085890e-01
    outer loop
      vertex   -7.089311e+01 7.446301e+01 1.075108e+02
      vertex   -6.838603e+01 7.471410e+01 1.072431e+02
      vertex   -7.088532e+01 7.471410e+01 1.071836e+02
    endloop
  endfacet
  facet normal -1.888401e-02 6.087614e-01 7.931286e-01
    outer loop
      vertex   -7.088532e+01 7.471410e+01 1.071836e+02
      vertex   -6.838603e+01 7.471410e+01 1.072431e+02
      vertex   -6.838006e+01 7.504133e+01 1.069921e+02
    endloop
  endfacet
  facet normal -1.888401e-02 6.087614e-01 7.931286e-01
    outer loop
      vertex   -7.088532e+01 7.471410e+01 1.071836e+02
      vertex   -6.838006e+01 7.504133e+01 1.069921e+02
      vertex   -7.087935e+01 7.504133e+01 1.069326e+02
    endloop
  endfacet
  facet normal -2.199090e-02 3.826834e-01 9.236178e-01
    outer loop
      vertex   -7.087935e+01 7.504133e+01 1.069326e+02
      vertex   -6.838006e+01 7.504133e+01 1.069921e+02
      vertex   -6.837630e+01 7.542240e+01 1.068343e+02
    endloop
  endfacet
  facet normal -2.199090e-02 3.826834e-01 9.236178e-01
    outer loop
      vertex   -7.087935e+01 7.504133e+01 1.069326e+02
      vertex   -6.837630e+01 7.542240e+01 1.068343e+02
      vertex   -7.087559e+01 7.542240e+01 1.067748e+02
    endloop
  endfacet
  facet normal -2.359914e-02 1.305262e-01 9.911640e-01
    outer loop
      vertex   -7.087559e+01 7.542240e+01 1.067748e+02
      vertex   -6.837630e+01 7.542240e+01 1.068343e+02
      vertex   -6.837502e+01 7.583133e+01 1.067805e+02
    endloop
  endfacet
  facet normal -2.359914e-02 1.305262e-01 9.911640e-01
    outer loop
      vertex   -7.087559e+01 7.542240e+01 1.067748e+02
      vertex   -6.837502e+01 7.583133e+01 1.067805e+02
      vertex   -7.087431e+01 7.583133e+01 1.067210e+02
    endloop
  endfacet
  facet normal -2.359914e-02 -1.305262e-01 9.911640e-01
    outer loop
      vertex   -7.087431e+01 7.583133e+01 1.067210e+02
      vertex   -6.837502e+01 7.583133e+01 1.067805e+02
      vertex   -6.837630e+01 7.624027e+01 1.068343e+02
    endloop
  endfacet
  facet normal -2.359914e-02 -1.305262e-01 9.911640e-01
    outer loop
      vertex   -7.087431e+01 7.583133e+01 1.067210e+02
      vertex   -6.837630e+01 7.624027e+01 1.068343e+02
      vertex   -7.087559e+01 7.624027e+01 1.067748e+02
    endloop
  endfacet
  facet normal 2.749299e-01 -9.499225e-01 1.485287e-01
    outer loop
      vertex   -6.863960e+01 7.884883e+01 1.075621e+02
      vertex   -6.839338e+01 7.891847e+01 1.075517e+02
      vertex   -6.839425e+01 7.892393e+01 1.075883e+02
    endloop
  endfacet
  facet normal 3.963695e-01 -9.065777e-01 1.449415e-01
    outer loop
      vertex   -6.839425e+01 7.892393e+01 1.075883e+02
      vertex   -6.839338e+01 7.891847e+01 1.075517e+02
      vertex   -6.823631e+01 7.996168e+01 1.136473e+02
    endloop
  endfacet
  facet normal 3.963695e-01 -9.065777e-01 1.449415e-01
    outer loop
      vertex   -6.839425e+01 7.892393e+01 1.075883e+02
      vertex   -6.823631e+01 7.996168e+01 1.136473e+02
      vertex   -6.847450e+01 7.942770e+01 1.109587e+02
    endloop
  endfacet
  facet normal 3.963695e-01 -9.065777e-01 1.449415e-01
    outer loop
      vertex   -6.847450e+01 7.942770e+01 1.109587e+02
      vertex   -6.823631e+01 7.996168e+01 1.136473e+02
      vertex   -6.847489e+01 7.943015e+01 1.109751e+02
    endloop
  endfacet
  facet normal 3.963695e-01 -9.065777e-01 1.449415e-01
    outer loop
      vertex   -6.847489e+01 7.943015e+01 1.109751e+02
      vertex   -6.823631e+01 7.996168e+01 1.136473e+02
      vertex   -6.872714e+01 8.101366e+01 1.215694e+02
    endloop
  endfacet
  facet normal 4.314935e-01 -8.903918e-01 1.449683e-01
    outer loop
      vertex   -6.872714e+01 8.101366e+01 1.215694e+02
      vertex   -6.823631e+01 7.996168e+01 1.136473e+02
      vertex   -6.827239e+01 8.123052e+01 1.215479e+02
    endloop
  endfacet
  facet normal 5.656019e-01 -8.138362e-01 1.332856e-01
    outer loop
      vertex   -6.827239e+01 8.123052e+01 1.215479e+02
      vertex   -6.823631e+01 7.996168e+01 1.136473e+02
      vertex   -6.778469e+01 8.026976e+01 1.136120e+02
    endloop
  endfacet
  facet normal 6.199420e-01 -7.735087e-01 1.317428e-01
    outer loop
      vertex   -6.827239e+01 8.123052e+01 1.215479e+02
      vertex   -6.778469e+01 8.026976e+01 1.136120e+02
      vertex   -6.787690e+01 8.154119e+01 1.215108e+02
    endloop
  endfacet
  facet normal 7.466237e-01 -6.553702e-01 1.142057e-01
    outer loop
      vertex   -6.787690e+01 8.154119e+01 1.215108e+02
      vertex   -6.778469e+01 8.026976e+01 1.136120e+02
      vertex   -6.742045e+01 8.067566e+01 1.135600e+02
    endloop
  endfacet
  facet normal 7.777978e-01 -6.184591e-01 1.119773e-01
    outer loop
      vertex   -6.787690e+01 8.154119e+01 1.215108e+02
      vertex   -6.742045e+01 8.067566e+01 1.135600e+02
      vertex   -6.756019e+01 8.193033e+01 1.214602e+02
    endloop
  endfacet
  facet normal 8.841586e-01 -4.587296e-01 8.849148e-02
    outer loop
      vertex   -6.756019e+01 8.193033e+01 1.214602e+02
      vertex   -6.742045e+01 8.067566e+01 1.135600e+02
      vertex   -6.716481e+01 8.115573e+01 1.134943e+02
    endloop
  endfacet
  facet normal 8.972711e-01 -4.328970e-01 8.663037e-02
    outer loop
      vertex   -6.756019e+01 8.193033e+01 1.214602e+02
      vertex   -6.716481e+01 8.115573e+01 1.134943e+02
      vertex   -6.733790e+01 8.237873e+01 1.213985e+02
    endloop
  endfacet
  facet normal 9.724816e-01 -2.260807e-01 5.627700e-02
    outer loop
      vertex   -6.733790e+01 8.237873e+01 1.213985e+02
      vertex   -6.716481e+01 8.115573e+01 1.134943e+02
      vertex   -6.722098e+01 8.286427e+01 1.213287e+02
    endloop
  endfacet
  facet normal 9.681476e-01 -2.430955e-01 5.995656e-02
    outer loop
      vertex   -6.722098e+01 8.286427e+01 1.213287e+02
      vertex   -6.716481e+01 8.115573e+01 1.134943e+02
      vertex   -6.696123e+01 8.001418e+01 1.055787e+02
    endloop
  endfacet
  facet normal 9.724662e-01 -2.259830e-01 5.693113e-02
    outer loop
      vertex   -6.722098e+01 8.286427e+01 1.213287e+02
      vertex   -6.696123e+01 8.001418e+01 1.055787e+02
      vertex   -6.684432e+01 8.049972e+01 1.055089e+02
    endloop
  endfacet
  facet normal 2.749299e-01 -9.499225e-01 1.485287e-01
    outer loop
      vertex   -6.839338e+01 7.891847e+01 1.075517e+02
      vertex   -6.863960e+01 7.884883e+01 1.075621e+02
      vertex   -6.863874e+01 7.884340e+01 1.075258e+02
    endloop
  endfacet
  facet normal 1.649466e-01 -9.748847e-01 1.496411e-01
    outer loop
      vertex   -6.863874e+01 7.884340e+01 1.075258e+02
      vertex   -6.863960e+01 7.884883e+01 1.075621e+02
      vertex   -6.889160e+01 7.880338e+01 1.075438e+02
    endloop
  endfacet
  facet normal 1.649466e-01 -9.748847e-01 1.496411e-01
    outer loop
      vertex   -6.863874e+01 7.884340e+01 1.075258e+02
      vertex   -6.889160e+01 7.880338e+01 1.075438e+02
      vertex   -6.889074e+01 7.879797e+01 1.075076e+02
    endloop
  endfacet
  facet normal 5.286496e-02 -9.874457e-01 1.488500e-01
    outer loop
      vertex   -6.889074e+01 7.879797e+01 1.075076e+02
      vertex   -6.889160e+01 7.880338e+01 1.075438e+02
      vertex   -6.914705e+01 7.878817e+01 1.075336e+02
    endloop
  endfacet
  facet normal 5.286496e-02 -9.874457e-01 1.488500e-01
    outer loop
      vertex   -6.889074e+01 7.879797e+01 1.075076e+02
      vertex   -6.914705e+01 7.878817e+01 1.075336e+02
      vertex   -6.914619e+01 7.878276e+01 1.074974e+02
    endloop
  endfacet
  facet normal 3.963695e-01 -9.065777e-01 1.449415e-01
    outer loop
      vertex   -6.839338e+01 7.891847e+01 1.075517e+02
      vertex   -6.835047e+01 7.864911e+01 1.057496e+02
      vertex   -6.823631e+01 7.996168e+01 1.136473e+02
    endloop
  endfacet
  facet normal 4.315684e-01 -8.908622e-01 1.418208e-01
    outer loop
      vertex   -6.823631e+01 7.996168e+01 1.136473e+02
      vertex   -6.835047e+01 7.864911e+01 1.057496e+02
      vertex   -6.789572e+01 7.886597e+01 1.057280e+02
    endloop
  endfacet
  facet normal 5.655170e-01 -8.133034e-01 1.368507e-01
    outer loop
      vertex   -6.823631e+01 7.996168e+01 1.136473e+02
      vertex   -6.789572e+01 7.886597e+01 1.057280e+02
      vertex   -6.778469e+01 8.026976e+01 1.136120e+02
    endloop
  endfacet
  facet normal 6.200057e-01 -7.739084e-01 1.290687e-01
    outer loop
      vertex   -6.778469e+01 8.026976e+01 1.136120e+02
      vertex   -6.789572e+01 7.886597e+01 1.057280e+02
      vertex   -6.750024e+01 7.917663e+01 1.056910e+02
    endloop
  endfacet
  facet normal 7.465526e-01 -6.549237e-01 1.171928e-01
    outer loop
      vertex   -6.778469e+01 8.026976e+01 1.136120e+02
      vertex   -6.750024e+01 7.917663e+01 1.056910e+02
      vertex   -6.742045e+01 8.067566e+01 1.135600e+02
    endloop
  endfacet
  facet normal 7.778452e-01 -6.187568e-01 1.099857e-01
    outer loop
      vertex   -6.742045e+01 8.067566e+01 1.135600e+02
      vertex   -6.750024e+01 7.917663e+01 1.056910e+02
      vertex   -6.718353e+01 7.956577e+01 1.056404e+02
    endloop
  endfacet
  facet normal 8.841062e-01 -4.584008e-01 9.069149e-02
    outer loop
      vertex   -6.742045e+01 8.067566e+01 1.135600e+02
      vertex   -6.718353e+01 7.956577e+01 1.056404e+02
      vertex   -6.716481e+01 8.115573e+01 1.134943e+02
    endloop
  endfacet
  facet normal 8.972973e-01 -4.330614e-01 8.553031e-02
    outer loop
      vertex   -6.716481e+01 8.115573e+01 1.134943e+02
      vertex   -6.718353e+01 7.956577e+01 1.056404e+02
      vertex   -6.696123e+01 8.001418e+01 1.055787e+02
    endloop
  endfacet
  facet normal -2.354141e-02 1.477847e-01 9.887393e-01
    outer loop
      vertex   -6.872714e+01 8.101366e+01 1.215694e+02
      vertex   -6.827239e+01 8.123052e+01 1.215479e+02
      vertex   -6.872055e+01 8.286427e+01 1.212930e+02
    endloop
  endfacet
  facet normal -2.354141e-02 1.477847e-01 9.887393e-01
    outer loop
      vertex   -6.872055e+01 8.286427e+01 1.212930e+02
      vertex   -6.827239e+01 8.123052e+01 1.215479e+02
      vertex   -6.787690e+01 8.154119e+01 1.215108e+02
    endloop
  endfacet
  facet normal -2.354141e-02 1.477847e-01 9.887393e-01
    outer loop
      vertex   -6.872055e+01 8.286427e+01 1.212930e+02
      vertex   -6.787690e+01 8.154119e+01 1.215108e+02
      vertex   -6.756019e+01 8.193033e+01 1.214602e+02
    endloop
  endfacet
  facet normal -2.354141e-02 1.477847e-01 9.887393e-01
    outer loop
      vertex   -6.756019e+01 8.193033e+01 1.214602e+02
      vertex   -6.733790e+01 8.237873e+01 1.213985e+02
      vertex   -6.872055e+01 8.286427e+01 1.212930e+02
    endloop
  endfacet
  facet normal -2.354141e-02 1.477847e-01 9.887393e-01
    outer loop
      vertex   -6.872055e+01 8.286427e+01 1.212930e+02
      vertex   -6.733790e+01 8.237873e+01 1.213985e+02
      vertex   -6.722098e+01 8.286427e+01 1.213287e+02
    endloop
  endfacet
  facet normal 2.354141e-02 -1.477847e-01 -9.887393e-01
    outer loop
      vertex   -6.684432e+01 8.049972e+01 1.055089e+02
      vertex   -6.696123e+01 8.001418e+01 1.055787e+02
      vertex   -6.834389e+01 8.049972e+01 1.054732e+02
    endloop
  endfacet
  facet normal 2.354141e-02 -1.477847e-01 -9.887393e-01
    outer loop
      vertex   -6.834389e+01 8.049972e+01 1.054732e+02
      vertex   -6.696123e+01 8.001418e+01 1.055787e+02
      vertex   -6.718353e+01 7.956577e+01 1.056404e+02
    endloop
  endfacet
  facet normal 2.354141e-02 -1.477847e-01 -9.887393e-01
    outer loop
      vertex   -6.834389e+01 8.049972e+01 1.054732e+02
      vertex   -6.718353e+01 7.956577e+01 1.056404e+02
      vertex   -6.750024e+01 7.917663e+01 1.056910e+02
    endloop
  endfacet
  facet normal 2.354141e-02 -1.477847e-01 -9.887393e-01
    outer loop
      vertex   -6.750024e+01 7.917663e+01 1.056910e+02
      vertex   -6.789572e+01 7.886597e+01 1.057280e+02
      vertex   -6.834389e+01 8.049972e+01 1.054732e+02
    endloop
  endfacet
  facet normal 2.354141e-02 -1.477847e-01 -9.887393e-01
    outer loop
      vertex   -6.834389e+01 8.049972e+01 1.054732e+02
      vertex   -6.789572e+01 7.886597e+01 1.057280e+02
      vertex   -6.835047e+01 7.864911e+01 1.057496e+02
    endloop
  endfacet
  facet normal 9.997167e-01 5.149350e-14 2.380278e-02
    outer loop
      vertex   -6.847450e+01 7.942770e+01 1.109587e+02
      vertex   -6.847489e+01 7.943015e+01 1.109751e+02
      vertex   -6.844895e+01 7.542240e+01 1.098858e+02
    endloop
  endfacet
  facet normal 9.997167e-01 -1.311965e-15 2.380278e-02
    outer loop
      vertex   -6.844895e+01 7.542240e+01 1.098858e+02
      vertex   -6.847489e+01 7.943015e+01 1.109751e+02
      vertex   -6.872714e+01 8.101366e+01 1.215694e+02
    endloop
  endfacet
  facet normal 9.997167e-01 4.158441e-13 2.380278e-02
    outer loop
      vertex   -6.844895e+01 7.542240e+01 1.098858e+02
      vertex   -6.872714e+01 8.101366e+01 1.215694e+02
      vertex   -6.844520e+01 7.504133e+01 1.097280e+02
    endloop
  endfacet
  facet normal 9.997167e-01 -4.286509e-15 2.380278e-02
    outer loop
      vertex   -6.844520e+01 7.504133e+01 1.097280e+02
      vertex   -6.872714e+01 8.101366e+01 1.215694e+02
      vertex   -6.843922e+01 7.471410e+01 1.094770e+02
    endloop
  endfacet
  facet normal 9.997167e-01 -4.219736e-14 2.380278e-02
    outer loop
      vertex   -6.843922e+01 7.471410e+01 1.094770e+02
      vertex   -6.872714e+01 8.101366e+01 1.215694e+02
      vertex   -6.843143e+01 7.446301e+01 1.091498e+02
    endloop
  endfacet
  facet normal 9.997167e-01 1.427120e-14 2.380278e-02
    outer loop
      vertex   -6.843143e+01 7.446301e+01 1.091498e+02
      vertex   -6.872714e+01 8.101366e+01 1.215694e+02
      vertex   -7.204281e+01 4.673680e+01 2.608277e+02
    endloop
  endfacet
  facet normal 9.997167e-01 3.842116e-14 2.380278e-02
    outer loop
      vertex   -6.843143e+01 7.446301e+01 1.091498e+02
      vertex   -7.204281e+01 4.673680e+01 2.608277e+02
      vertex   -6.842236e+01 7.430517e+01 1.087689e+02
    endloop
  endfacet
  facet normal 9.997167e-01 8.855585e-15 2.380278e-02
    outer loop
      vertex   -6.842236e+01 7.430517e+01 1.087689e+02
      vertex   -7.204281e+01 4.673680e+01 2.608277e+02
      vertex   -7.202125e+01 4.335606e+01 2.599221e+02
    endloop
  endfacet
  facet normal 9.997167e-01 -3.583332e-14 2.380278e-02
    outer loop
      vertex   -6.842236e+01 7.430517e+01 1.087689e+02
      vertex   -7.202125e+01 4.335606e+01 2.599221e+02
      vertex   -7.202003e+01 4.296783e+01 2.598710e+02
    endloop
  endfacet
  facet normal 9.997167e-01 -8.955175e-15 2.380278e-02
    outer loop
      vertex   -6.872055e+01 8.286427e+01 1.212930e+02
      vertex   -6.879306e+01 8.331943e+01 1.243382e+02
      vertex   -6.872714e+01 8.101366e+01 1.215694e+02
    endloop
  endfacet
  facet normal 9.997167e-01 -7.022284e-15 2.380278e-02
    outer loop
      vertex   -6.872714e+01 8.101366e+01 1.215694e+02
      vertex   -6.879306e+01 8.331943e+01 1.243382e+02
      vertex   -7.204281e+01 4.673680e+01 2.608277e+02
    endloop
  endfacet
  facet normal 9.997167e-01 -3.748797e-14 2.380278e-02
    outer loop
      vertex   -7.202003e+01 4.296783e+01 2.598710e+02
      vertex   -7.202125e+01 4.257961e+01 2.599221e+02
      vertex   -6.842236e+01 7.430517e+01 1.087689e+02
    endloop
  endfacet
  facet normal 9.997167e-01 2.731525e-14 2.380278e-02
    outer loop
      vertex   -6.842236e+01 7.430517e+01 1.087689e+02
      vertex   -7.202125e+01 4.257961e+01 2.599221e+02
      vertex   -7.202481e+01 4.221783e+01 2.600719e+02
    endloop
  endfacet
  facet normal 9.997167e-01 -2.463990e-15 2.380278e-02
    outer loop
      vertex   -6.842236e+01 7.430517e+01 1.087689e+02
      vertex   -7.202481e+01 4.221783e+01 2.600719e+02
      vertex   -6.749774e+01 0.000000e+00 6.993467e+01
    endloop
  endfacet
  facet normal 9.997167e-01 -1.644094e-15 2.380278e-02
    outer loop
      vertex   -6.749774e+01 0.000000e+00 6.993467e+01
      vertex   -7.202481e+01 4.221783e+01 2.600719e+02
      vertex   -7.203049e+01 4.190717e+01 2.603102e+02
    endloop
  endfacet
  facet normal 9.997167e-01 -7.785025e-15 2.380278e-02
    outer loop
      vertex   -6.749774e+01 0.000000e+00 6.993467e+01
      vertex   -7.203049e+01 4.190717e+01 2.603102e+02
      vertex   -7.203788e+01 4.166880e+01 2.606208e+02
    endloop
  endfacet
  facet normal 9.997167e-01 4.677162e-16 2.380278e-02
    outer loop
      vertex   -6.749774e+01 0.000000e+00 6.993467e+01
      vertex   -7.203788e+01 4.166880e+01 2.606208e+02
      vertex   -7.249632e+01 0.000000e+00 2.798752e+02
    endloop
  endfacet
  facet normal 9.997167e-01 1.020184e-14 2.380278e-02
    outer loop
      vertex   -7.249632e+01 0.000000e+00 2.798752e+02
      vertex   -7.203788e+01 4.166880e+01 2.606208e+02
      vertex   -7.204649e+01 4.151894e+01 2.609825e+02
    endloop
  endfacet
  facet normal 9.997167e-01 -1.113671e-14 2.380278e-02
    outer loop
      vertex   -7.249632e+01 0.000000e+00 2.798752e+02
      vertex   -7.204649e+01 4.151894e+01 2.609825e+02
      vertex   -7.205573e+01 4.146783e+01 2.613706e+02
    endloop
  endfacet
  facet normal 9.997167e-01 4.654851e-16 2.380278e-02
    outer loop
      vertex   -7.249632e+01 0.000000e+00 2.798752e+02
      vertex   -7.205573e+01 4.146783e+01 2.613706e+02
      vertex   -7.274406e+01 3.884282e+01 2.902801e+02
    endloop
  endfacet
  facet normal 9.997167e-01 6.259974e-14 2.380278e-02
    outer loop
      vertex   -7.274406e+01 3.884282e+01 2.902801e+02
      vertex   -7.205573e+01 4.146783e+01 2.613706e+02
      vertex   -7.206498e+01 4.151894e+01 2.617587e+02
    endloop
  endfacet
  facet normal 9.997167e-01 1.490657e-14 2.380278e-02
    outer loop
      vertex   -7.274406e+01 3.884282e+01 2.902801e+02
      vertex   -7.206498e+01 4.151894e+01 2.617587e+02
      vertex   -7.207359e+01 4.166880e+01 2.621204e+02
    endloop
  endfacet
  facet normal 9.997167e-01 1.541960e-14 2.380278e-02
    outer loop
      vertex   -7.207359e+01 4.166880e+01 2.621204e+02
      vertex   -7.208098e+01 4.190717e+01 2.624310e+02
      vertex   -7.274406e+01 3.884282e+01 2.902801e+02
    endloop
  endfacet
  facet normal 9.997167e-01 -2.195708e-14 2.380278e-02
    outer loop
      vertex   -7.274406e+01 3.884282e+01 2.902801e+02
      vertex   -7.208098e+01 4.190717e+01 2.624310e+02
      vertex   -7.208665e+01 4.221783e+01 2.626693e+02
    endloop
  endfacet
  facet normal 9.997167e-01 -3.892033e-14 2.380278e-02
    outer loop
      vertex   -7.274406e+01 3.884282e+01 2.902801e+02
      vertex   -7.208665e+01 4.221783e+01 2.626693e+02
      vertex   -7.209022e+01 4.257961e+01 2.628191e+02
    endloop
  endfacet
  facet normal 9.997167e-01 -3.758033e-15 2.380278e-02
    outer loop
      vertex   -7.209022e+01 4.257961e+01 2.628191e+02
      vertex   -7.211178e+01 4.596035e+01 2.637247e+02
      vertex   -7.274406e+01 3.884282e+01 2.902801e+02
    endloop
  endfacet
  facet normal 9.997167e-01 1.874304e-15 2.380278e-02
    outer loop
      vertex   -6.801871e+01 8.168356e+01 9.181551e+01
      vertex   -6.839382e+01 7.446301e+01 1.075703e+02
      vertex   -6.749774e+01 0.000000e+00 6.993467e+01
    endloop
  endfacet
  facet normal 9.997167e-01 3.105745e-15 2.380278e-02
    outer loop
      vertex   -6.749774e+01 0.000000e+00 6.993467e+01
      vertex   -6.839382e+01 7.446301e+01 1.075703e+02
      vertex   -6.840289e+01 7.430517e+01 1.079512e+02
    endloop
  endfacet
  facet normal 9.997167e-01 -1.971709e-15 2.380278e-02
    outer loop
      vertex   -6.749774e+01 0.000000e+00 6.993467e+01
      vertex   -6.840289e+01 7.430517e+01 1.079512e+02
      vertex   -6.841263e+01 7.425133e+01 1.083601e+02
    endloop
  endfacet
  facet normal 9.997167e-01 -9.847940e-14 2.380278e-02
    outer loop
      vertex   -6.839382e+01 7.446301e+01 1.075703e+02
      vertex   -6.801871e+01 8.168356e+01 9.181551e+01
      vertex   -6.838603e+01 7.471410e+01 1.072431e+02
    endloop
  endfacet
  facet normal 9.997167e-01 4.870101e-14 2.380278e-02
    outer loop
      vertex   -6.838603e+01 7.471410e+01 1.072431e+02
      vertex   -6.801871e+01 8.168356e+01 9.181551e+01
      vertex   -6.820264e+01 7.961301e+01 9.954073e+01
    endloop
  endfacet
  facet normal 9.997167e-01 -3.556804e-14 2.380278e-02
    outer loop
      vertex   -6.838603e+01 7.471410e+01 1.072431e+02
      vertex   -6.820264e+01 7.961301e+01 9.954073e+01
      vertex   -6.838006e+01 7.504133e+01 1.069921e+02
    endloop
  endfacet
  facet normal 9.997167e-01 -1.420418e-14 2.380278e-02
    outer loop
      vertex   -6.838006e+01 7.504133e+01 1.069921e+02
      vertex   -6.820264e+01 7.961301e+01 9.954073e+01
      vertex   -6.837630e+01 7.542240e+01 1.068343e+02
    endloop
  endfacet
  facet normal 9.997167e-01 1.777475e-14 2.380278e-02
    outer loop
      vertex   -6.837630e+01 7.542240e+01 1.068343e+02
      vertex   -6.820264e+01 7.961301e+01 9.954073e+01
      vertex   -6.837502e+01 7.583133e+01 1.067805e+02
    endloop
  endfacet
  facet normal 9.997167e-01 3.258284e-13 2.380278e-02
    outer loop
      vertex   -6.837502e+01 7.583133e+01 1.067805e+02
      vertex   -6.820264e+01 7.961301e+01 9.954073e+01
      vertex   -6.837630e+01 7.624027e+01 1.068343e+02
    endloop
  endfacet
  facet normal 9.997167e-01 3.969468e-15 2.380278e-02
    outer loop
      vertex   -6.837630e+01 7.624027e+01 1.068343e+02
      vertex   -6.820264e+01 7.961301e+01 9.954073e+01
      vertex   -6.835047e+01 7.864911e+01 1.057496e+02
    endloop
  endfacet
  facet normal 9.997167e-01 -2.595423e-15 2.380278e-02
    outer loop
      vertex   -6.837630e+01 7.624027e+01 1.068343e+02
      vertex   -6.835047e+01 7.864911e+01 1.057496e+02
      vertex   -6.839338e+01 7.891847e+01 1.075517e+02
    endloop
  endfacet
  facet normal 9.997167e-01 -3.263341e-14 2.380278e-02
    outer loop
      vertex   -6.820264e+01 7.961301e+01 9.954073e+01
      vertex   -6.834389e+01 8.049972e+01 1.054732e+02
      vertex   -6.835047e+01 7.864911e+01 1.057496e+02
    endloop
  endfacet
  facet normal 9.997167e-01 1.343901e-15 2.380278e-02
    outer loop
      vertex   -6.841263e+01 7.425133e+01 1.083601e+02
      vertex   -6.842236e+01 7.430517e+01 1.087689e+02
      vertex   -6.749774e+01 0.000000e+00 6.993467e+01
    endloop
  endfacet
  facet normal -3.517685e-03 -9.890196e-01 1.477428e-01
    outer loop
      vertex   -6.914705e+01 7.878817e+01 1.075336e+02
      vertex   -7.089267e+01 7.878817e+01 1.074921e+02
      vertex   -6.914619e+01 7.878276e+01 1.074974e+02
    endloop
  endfacet
  facet normal -3.517685e-03 -9.890196e-01 1.477428e-01
    outer loop
      vertex   -6.914619e+01 7.878276e+01 1.074974e+02
      vertex   -7.089267e+01 7.878817e+01 1.074921e+02
      vertex   -7.089181e+01 7.878276e+01 1.074559e+02
    endloop
  endfacet
  facet normal 2.299172e-02 2.588190e-01 -9.656522e-01
    outer loop
      vertex   -7.051800e+01 8.168356e+01 9.175600e+01
      vertex   -6.801871e+01 8.168356e+01 9.181551e+01
      vertex   -7.001297e+01 2.500000e+00 7.054484e+01
    endloop
  endfacet
  facet normal 2.299172e-02 2.588190e-01 -9.656522e-01
    outer loop
      vertex   -7.001297e+01 2.500000e+00 7.054484e+01
      vertex   -6.801871e+01 8.168356e+01 9.181551e+01
      vertex   -6.749774e+01 0.000000e+00 6.993467e+01
    endloop
  endfacet
  facet normal 2.299172e-02 2.588190e-01 -9.656522e-01
    outer loop
      vertex   -7.001297e+01 2.500000e+00 7.054484e+01
      vertex   -6.749774e+01 0.000000e+00 6.993467e+01
      vertex   -7.000000e+01 4.660473e-01 7.000000e+01
    endloop
  endfacet
  facet normal 2.299172e-02 2.588190e-01 -9.656522e-01
    outer loop
      vertex   -7.000000e+01 4.660473e-01 7.000000e+01
      vertex   -6.749774e+01 0.000000e+00 6.993467e+01
      vertex   -6.999703e+01 0.000000e+00 6.987516e+01
    endloop
  endfacet
  facet normal -6.160612e-03 9.659258e-01 2.587457e-01
    outer loop
      vertex   -6.820264e+01 7.961301e+01 9.954073e+01
      vertex   -6.801871e+01 8.168356e+01 9.181551e+01
      vertex   -7.070193e+01 7.961301e+01 9.948122e+01
    endloop
  endfacet
  facet normal -6.160612e-03 9.659258e-01 2.587457e-01
    outer loop
      vertex   -7.070193e+01 7.961301e+01 9.948122e+01
      vertex   -6.801871e+01 8.168356e+01 9.181551e+01
      vertex   -7.051800e+01 8.168356e+01 9.175600e+01
    endloop
  endfacet
  facet normal 3.517685e-03 9.890196e-01 -1.477428e-01
    outer loop
      vertex   -7.095065e+01 8.117434e+01 1.099272e+02
      vertex   -6.872055e+01 8.286427e+01 1.212930e+02
      vertex   -6.845136e+01 8.117434e+01 1.099867e+02
    endloop
  endfacet
  facet normal 3.517685e-03 9.890196e-01 -1.477428e-01
    outer loop
      vertex   -6.845136e+01 8.117434e+01 1.099867e+02
      vertex   -6.872055e+01 8.286427e+01 1.212930e+02
      vertex   -6.722098e+01 8.286427e+01 1.213287e+02
    endloop
  endfacet
  facet normal 3.517685e-03 9.890196e-01 -1.477428e-01
    outer loop
      vertex   -6.845136e+01 8.117434e+01 1.099867e+02
      vertex   -6.722098e+01 8.286427e+01 1.213287e+02
      vertex   -6.684432e+01 8.049972e+01 1.055089e+02
    endloop
  endfacet
  facet normal 3.517685e-03 9.890196e-01 -1.477428e-01
    outer loop
      vertex   -7.095065e+01 8.117434e+01 1.099272e+02
      vertex   -7.129235e+01 8.331943e+01 1.242787e+02
      vertex   -6.872055e+01 8.286427e+01 1.212930e+02
    endloop
  endfacet
  facet normal 3.517685e-03 9.890196e-01 -1.477428e-01
    outer loop
      vertex   -6.872055e+01 8.286427e+01 1.212930e+02
      vertex   -7.129235e+01 8.331943e+01 1.242787e+02
      vertex   -6.879306e+01 8.331943e+01 1.243382e+02
    endloop
  endfacet
  facet normal 3.517685e-03 9.890196e-01 -1.477428e-01
    outer loop
      vertex   -6.845136e+01 8.117434e+01 1.099867e+02
      vertex   -6.684432e+01 8.049972e+01 1.055089e+02
      vertex   -6.841294e+01 8.093316e+01 1.083731e+02
    endloop
  endfacet
  facet normal 3.517685e-03 9.890196e-01 -1.477428e-01
    outer loop
      vertex   -6.841294e+01 8.093316e+01 1.083731e+02
      vertex   -6.684432e+01 8.049972e+01 1.055089e+02
      vertex   -6.834389e+01 8.049972e+01 1.054732e+02
    endloop
  endfacet
  facet normal 3.517685e-03 9.890196e-01 -1.477428e-01
    outer loop
      vertex   -6.841294e+01 8.093316e+01 1.083731e+02
      vertex   -6.834389e+01 8.049972e+01 1.054732e+02
      vertex   -7.091223e+01 8.093316e+01 1.083136e+02
    endloop
  endfacet
  facet normal 3.517685e-03 9.890196e-01 -1.477428e-01
    outer loop
      vertex   -7.091223e+01 8.093316e+01 1.083136e+02
      vertex   -6.834389e+01 8.049972e+01 1.054732e+02
      vertex   -7.070193e+01 7.961301e+01 9.948122e+01
    endloop
  endfacet
  facet normal 3.517685e-03 9.890196e-01 -1.477428e-01
    outer loop
      vertex   -7.070193e+01 7.961301e+01 9.948122e+01
      vertex   -6.834389e+01 8.049972e+01 1.054732e+02
      vertex   -6.820264e+01 7.961301e+01 9.954073e+01
    endloop
  endfacet
  facet normal -2.299172e-02 -2.588190e-01 9.656522e-01
    outer loop
      vertex   -6.839338e+01 7.891847e+01 1.075517e+02
      vertex   -6.863874e+01 7.884340e+01 1.075258e+02
      vertex   -6.837630e+01 7.624027e+01 1.068343e+02
    endloop
  endfacet
  facet normal -2.299172e-02 -2.588190e-01 9.656522e-01
    outer loop
      vertex   -6.837630e+01 7.624027e+01 1.068343e+02
      vertex   -6.863874e+01 7.884340e+01 1.075258e+02
      vertex   -6.889074e+01 7.879797e+01 1.075076e+02
    endloop
  endfacet
  facet normal -2.299172e-02 -2.588190e-01 9.656522e-01
    outer loop
      vertex   -6.837630e+01 7.624027e+01 1.068343e+02
      vertex   -6.889074e+01 7.879797e+01 1.075076e+02
      vertex   -6.914619e+01 7.878276e+01 1.074974e+02
    endloop
  endfacet
  facet normal -2.299172e-02 -2.588190e-01 9.656522e-01
    outer loop
      vertex   -7.089181e+01 7.878276e+01 1.074559e+02
      vertex   -7.087559e+01 7.624027e+01 1.067748e+02
      vertex   -6.914619e+01 7.878276e+01 1.074974e+02
    endloop
  endfacet
  facet normal -2.299172e-02 -2.588190e-01 9.656522e-01
    outer loop
      vertex   -6.914619e+01 7.878276e+01 1.074974e+02
      vertex   -7.087559e+01 7.624027e+01 1.067748e+02
      vertex   -6.837630e+01 7.624027e+01 1.068343e+02
    endloop
  endfacet
  facet normal 2.299172e-02 2.588190e-01 -9.656522e-01
    outer loop
      vertex   -6.847450e+01 7.942770e+01 1.109587e+02
      vertex   -6.844895e+01 7.542240e+01 1.098858e+02
      vertex   -7.097379e+01 7.942770e+01 1.108992e+02
    endloop
  endfacet
  facet normal 2.299172e-02 2.588190e-01 -9.656522e-01
    outer loop
      vertex   -7.097379e+01 7.942770e+01 1.108992e+02
      vertex   -6.844895e+01 7.542240e+01 1.098858e+02
      vertex   -7.094824e+01 7.542240e+01 1.098263e+02
    endloop
  endfacet
  facet normal -6.160612e-03 9.659258e-01 2.587457e-01
    outer loop
      vertex   -7.204281e+01 4.673680e+01 2.608277e+02
      vertex   -6.879306e+01 8.331943e+01 1.243382e+02
      vertex   -7.454210e+01 4.673680e+01 2.607682e+02
    endloop
  endfacet
  facet normal -6.160612e-03 9.659258e-01 2.587457e-01
    outer loop
      vertex   -7.454210e+01 4.673680e+01 2.607682e+02
      vertex   -6.879306e+01 8.331943e+01 1.243382e+02
      vertex   -7.129235e+01 8.331943e+01 1.242787e+02
    endloop
  endfacet
  facet normal -2.299172e-02 -2.588190e-01 9.656522e-01
    outer loop
      vertex   -7.202125e+01 4.335606e+01 2.599221e+02
      vertex   -7.204281e+01 4.673680e+01 2.608277e+02
      vertex   -7.452054e+01 4.335606e+01 2.598626e+02
    endloop
  endfacet
  facet normal -2.299172e-02 -2.588190e-01 9.656522e-01
    outer loop
      vertex   -7.452054e+01 4.335606e+01 2.598626e+02
      vertex   -7.204281e+01 4.673680e+01 2.608277e+02
      vertex   -7.454210e+01 4.673680e+01 2.607682e+02
    endloop
  endfacet
  facet normal 2.199090e-02 3.826834e-01 -9.236178e-01
    outer loop
      vertex   -7.209022e+01 4.257961e+01 2.628191e+02
      vertex   -7.208665e+01 4.221783e+01 2.626693e+02
      vertex   -7.458951e+01 4.257961e+01 2.627596e+02
    endloop
  endfacet
  facet normal 2.199090e-02 3.826834e-01 -9.236178e-01
    outer loop
      vertex   -7.458951e+01 4.257961e+01 2.627596e+02
      vertex   -7.208665e+01 4.221783e+01 2.626693e+02
      vertex   -7.458595e+01 4.221783e+01 2.626098e+02
    endloop
  endfacet
  facet normal 1.888401e-02 6.087614e-01 -7.931286e-01
    outer loop
      vertex   -7.458595e+01 4.221783e+01 2.626098e+02
      vertex   -7.208665e+01 4.221783e+01 2.626693e+02
      vertex   -7.208098e+01 4.190717e+01 2.624310e+02
    endloop
  endfacet
  facet normal 1.888401e-02 6.087614e-01 -7.931286e-01
    outer loop
      vertex   -7.458595e+01 4.221783e+01 2.626098e+02
      vertex   -7.208098e+01 4.190717e+01 2.624310e+02
      vertex   -7.458027e+01 4.190717e+01 2.623714e+02
    endloop
  endfacet
  facet normal 1.449021e-02 7.933533e-01 -6.085890e-01
    outer loop
      vertex   -7.458027e+01 4.190717e+01 2.623714e+02
      vertex   -7.208098e+01 4.190717e+01 2.624310e+02
      vertex   -7.207359e+01 4.166880e+01 2.621204e+02
    endloop
  endfacet
  facet normal 1.449021e-02 7.933533e-01 -6.085890e-01
    outer loop
      vertex   -7.458027e+01 4.190717e+01 2.623714e+02
      vertex   -7.207359e+01 4.166880e+01 2.621204e+02
      vertex   -7.457288e+01 4.166880e+01 2.620609e+02
    endloop
  endfacet
  facet normal 9.108929e-03 9.238795e-01 -3.825750e-01
    outer loop
      vertex   -7.457288e+01 4.166880e+01 2.620609e+02
      vertex   -7.207359e+01 4.166880e+01 2.621204e+02
      vertex   -7.206498e+01 4.151894e+01 2.617587e+02
    endloop
  endfacet
  facet normal 9.108929e-03 9.238795e-01 -3.825750e-01
    outer loop
      vertex   -7.457288e+01 4.166880e+01 2.620609e+02
      vertex   -7.206498e+01 4.151894e+01 2.617587e+02
      vertex   -7.456427e+01 4.151894e+01 2.616992e+02
    endloop
  endfacet
  facet normal 3.106886e-03 9.914449e-01 -1.304892e-01
    outer loop
      vertex   -7.456427e+01 4.151894e+01 2.616992e+02
      vertex   -7.206498e+01 4.151894e+01 2.617587e+02
      vertex   -7.205573e+01 4.146783e+01 2.613706e+02
    endloop
  endfacet
  facet normal 3.106886e-03 9.914449e-01 -1.304892e-01
    outer loop
      vertex   -7.456427e+01 4.151894e+01 2.616992e+02
      vertex   -7.205573e+01 4.146783e+01 2.613706e+02
      vertex   -7.455503e+01 4.146783e+01 2.613111e+02
    endloop
  endfacet
  facet normal -3.106886e-03 9.914449e-01 1.304892e-01
    outer loop
      vertex   -7.455503e+01 4.146783e+01 2.613111e+02
      vertex   -7.205573e+01 4.146783e+01 2.613706e+02
      vertex   -7.204649e+01 4.151894e+01 2.609825e+02
    endloop
  endfacet
  facet normal -3.106885e-03 9.914449e-01 1.304892e-01
    outer loop
      vertex   -7.455503e+01 4.146783e+01 2.613111e+02
      vertex   -7.204649e+01 4.151894e+01 2.609825e+02
      vertex   -7.454579e+01 4.151894e+01 2.609230e+02
    endloop
  endfacet
  facet normal -9.108929e-03 9.238795e-01 3.825750e-01
    outer loop
      vertex   -7.454579e+01 4.151894e+01 2.609230e+02
      vertex   -7.204649e+01 4.151894e+01 2.609825e+02
      vertex   -7.203788e+01 4.166880e+01 2.606208e+02
    endloop
  endfacet
  facet normal -9.108928e-03 9.238795e-01 3.825750e-01
    outer loop
      vertex   -7.454579e+01 4.151894e+01 2.609230e+02
      vertex   -7.203788e+01 4.166880e+01 2.606208e+02
      vertex   -7.453717e+01 4.166880e+01 2.605613e+02
    endloop
  endfacet
  facet normal -1.449021e-02 7.933533e-01 6.085889e-01
    outer loop
      vertex   -7.453717e+01 4.166880e+01 2.605613e+02
      vertex   -7.203788e+01 4.166880e+01 2.606208e+02
      vertex   -7.203049e+01 4.190717e+01 2.603102e+02
    endloop
  endfacet
  facet normal -1.449021e-02 7.933533e-01 6.085890e-01
    outer loop
      vertex   -7.453717e+01 4.166880e+01 2.605613e+02
      vertex   -7.203049e+01 4.190717e+01 2.603102e+02
      vertex   -7.452978e+01 4.190717e+01 2.602507e+02
    endloop
  endfacet
  facet normal -1.888401e-02 6.087614e-01 7.931286e-01
    outer loop
      vertex   -7.452978e+01 4.190717e+01 2.602507e+02
      vertex   -7.203049e+01 4.190717e+01 2.603102e+02
      vertex   -7.202481e+01 4.221783e+01 2.600719e+02
    endloop
  endfacet
  facet normal -1.888401e-02 6.087614e-01 7.931286e-01
    outer loop
      vertex   -7.452978e+01 4.190717e+01 2.602507e+02
      vertex   -7.202481e+01 4.221783e+01 2.600719e+02
      vertex   -7.452411e+01 4.221783e+01 2.600124e+02
    endloop
  endfacet
  facet normal -2.199090e-02 3.826834e-01 9.236178e-01
    outer loop
      vertex   -7.452411e+01 4.221783e+01 2.600124e+02
      vertex   -7.202481e+01 4.221783e+01 2.600719e+02
      vertex   -7.202125e+01 4.257961e+01 2.599221e+02
    endloop
  endfacet
  facet normal -2.199090e-02 3.826834e-01 9.236178e-01
    outer loop
      vertex   -7.452411e+01 4.221783e+01 2.600124e+02
      vertex   -7.202125e+01 4.257961e+01 2.599221e+02
      vertex   -7.452054e+01 4.257961e+01 2.598626e+02
    endloop
  endfacet
  facet normal -2.359914e-02 1.305262e-01 9.911640e-01
    outer loop
      vertex   -7.452054e+01 4.257961e+01 2.598626e+02
      vertex   -7.202125e+01 4.257961e+01 2.599221e+02
      vertex   -7.202003e+01 4.296783e+01 2.598710e+02
    endloop
  endfacet
  facet normal -2.359914e-02 1.305262e-01 9.911640e-01
    outer loop
      vertex   -7.452054e+01 4.257961e+01 2.598626e+02
      vertex   -7.202003e+01 4.296783e+01 2.598710e+02
      vertex   -7.451932e+01 4.296783e+01 2.598115e+02
    endloop
  endfacet
  facet normal -2.359914e-02 -1.305262e-01 9.911640e-01
    outer loop
      vertex   -7.451932e+01 4.296783e+01 2.598115e+02
      vertex   -7.202003e+01 4.296783e+01 2.598710e+02
      vertex   -7.202125e+01 4.335606e+01 2.599221e+02
    endloop
  endfacet
  facet normal -2.359914e-02 -1.305262e-01 9.911640e-01
    outer loop
      vertex   -7.451932e+01 4.296783e+01 2.598115e+02
      vertex   -7.202125e+01 4.335606e+01 2.599221e+02
      vertex   -7.452054e+01 4.335606e+01 2.598626e+02
    endloop
  endfacet
  facet normal 2.299172e-02 2.588190e-01 -9.656522e-01
    outer loop
      vertex   -7.211178e+01 4.596035e+01 2.637247e+02
      vertex   -7.209022e+01 4.257961e+01 2.628191e+02
      vertex   -7.461108e+01 4.596035e+01 2.636652e+02
    endloop
  endfacet
  facet normal 2.299172e-02 2.588190e-01 -9.656522e-01
    outer loop
      vertex   -7.461108e+01 4.596035e+01 2.636652e+02
      vertex   -7.209022e+01 4.257961e+01 2.628191e+02
      vertex   -7.458951e+01 4.257961e+01 2.627596e+02
    endloop
  endfacet
  facet normal -6.160612e-03 9.659258e-01 2.587457e-01
    outer loop
      vertex   -7.274406e+01 3.884282e+01 2.902801e+02
      vertex   -7.211178e+01 4.596035e+01 2.637247e+02
      vertex   -7.524335e+01 3.884282e+01 2.902206e+02
    endloop
  endfacet
  facet normal -6.160612e-03 9.659258e-01 2.587457e-01
    outer loop
      vertex   -7.524335e+01 3.884282e+01 2.902206e+02
      vertex   -7.211178e+01 4.596035e+01 2.637247e+02
      vertex   -7.461108e+01 4.596035e+01 2.636652e+02
    endloop
  endfacet
  facet normal -2.299172e-02 -2.588190e-01 9.656522e-01
    outer loop
      vertex   -7.499561e+01 0.000000e+00 2.798157e+02
      vertex   -7.249632e+01 0.000000e+00 2.798752e+02
      vertex   -7.500000e+01 6.881653e-01 2.800000e+02
    endloop
  endfacet
  facet normal -2.299172e-02 -2.588190e-01 9.656522e-01
    outer loop
      vertex   -7.500000e+01 6.881653e-01 2.800000e+02
      vertex   -7.249632e+01 0.000000e+00 2.798752e+02
      vertex   -7.274406e+01 3.884282e+01 2.902801e+02
    endloop
  endfacet
  facet normal -2.299172e-02 -2.588190e-01 9.656522e-01
    outer loop
      vertex   -7.500000e+01 6.881653e-01 2.800000e+02
      vertex   -7.274406e+01 3.884282e+01 2.902801e+02
      vertex   -7.524335e+01 3.884282e+01 2.902206e+02
    endloop
  endfacet
  facet normal 9.997167e-01 -6.985084e-15 2.380278e-02
    outer loop
      vertex   -7.001297e+01 2.500000e+00 7.054484e+01
      vertex   -7.000000e+01 4.660473e-01 7.000000e+01
      vertex   -7.000000e+01 2.500000e+00 7.000000e+01
    endloop
  endfacet
  facet normal 0.000000e+00 0.000000e+00 1.000000e+00
    outer loop
      vertex   -2.050000e+02 0.000000e+00 2.800000e+02
      vertex   -7.500000e+01 0.000000e+00 2.800000e+02
      vertex   -2.050000e+02 1.533842e-01 2.800000e+02
    endloop
  endfacet
  facet normal -0.000000e+00 0.000000e+00 1.000000e+00
    outer loop
      vertex   -2.050000e+02 1.533842e-01 2.800000e+02
      vertex   -7.500000e+01 0.000000e+00 2.800000e+02
      vertex   -7.500000e+01 6.881653e-01 2.800000e+02
    endloop
  endfacet
  facet normal 0.000000e+00 0.000000e+00 1.000000e+00
    outer loop
      vertex   -2.050000e+02 1.533842e-01 2.800000e+02
      vertex   -7.500000e+01 6.881653e-01 2.800000e+02
      vertex   -2.050000e+02 2.500000e+00 2.800000e+02
    endloop
  endfacet
  facet normal -0.000000e+00 0.000000e+00 1.000000e+00
    outer loop
      vertex   -2.050000e+02 2.500000e+00 2.800000e+02
      vertex   -7.500000e+01 6.881653e-01 2.800000e+02
      vertex   -7.500000e+01 2.500000e+00 2.800000e+02
    endloop
  endfacet
  facet normal 0.000000e+00 0.000000e+00 -1.000000e+00
    outer loop
      vertex   -7.000000e+01 0.000000e+00 7.000000e+01
      vertex   -2.100000e+02 0.000000e+00 7.000000e+01
      vertex   -7.000000e+01 4.660473e-01 7.000000e+01
    endloop
  endfacet
  facet normal -0.000000e+00 0.000000e+00 -1.000000e+00
    outer loop
      vertex   -7.000000e+01 4.660473e-01 7.000000e+01
      vertex   -2.100000e+02 0.000000e+00 7.000000e+01
      vertex   -2.100000e+02 2.500000e+00 7.000000e+01
    endloop
  endfacet
  facet normal 0.000000e+00 0.000000e+00 -1.000000e+00
    outer loop
      vertex   -7.000000e+01 4.660473e-01 7.000000e+01
      vertex   -2.100000e+02 2.500000e+00 7.000000e+01
      vertex   -7.000000e+01 2.500000e+00 7.000000e+01
    endloop
  endfacet
  facet normal 9.997167e-01 -4.128907e-14 2.380278e-02
    outer loop
      vertex   -7.499561e+01 0.000000e+00 2.798157e+02
      vertex   -7.500000e+01 6.881653e-01 2.800000e+02
      vertex   -7.500000e+01 0.000000e+00 2.800000e+02
    endloop
  endfacet
  facet normal 0.000000e+00 1.000000e+00 -2.121662e-18
    outer loop
      vertex   -2.050000e+02 2.500000e+00 2.800000e+02
      vertex   -7.500000e+01 2.500000e+00 2.800000e+02
      vertex   -2.099836e+02 2.500000e+00 7.068810e+01
    endloop
  endfacet
  facet normal -2.169993e-21 1.000000e+00 -2.120263e-18
    outer loop
      vertex   -2.099836e+02 2.500000e+00 7.068810e+01
      vertex   -7.500000e+01 2.500000e+00 2.800000e+02
      vertex   -7.001297e+01 2.500000e+00 7.054484e+01
    endloop
  endfacet
  facet normal 6.605104e-19 1.000000e+00 6.453735e-16
    outer loop
      vertex   -2.099836e+02 2.500000e+00 7.068810e+01
      vertex   -7.001297e+01 2.500000e+00 7.054484e+01
      vertex   -2.100000e+02 2.500000e+00 7.000000e+01
    endloop
  endfacet
  facet normal -0.000000e+00 1.000000e+00 8.150795e-16
    outer loop
      vertex   -2.100000e+02 2.500000e+00 7.000000e+01
      vertex   -7.001297e+01 2.500000e+00 7.054484e+01
      vertex   -7.000000e+01 2.500000e+00 7.000000e+01
    endloop
  endfacet
  facet normal 0.000000e+00 -1.000000e+00 -0.000000e+00
    outer loop
      vertex   -7.500000e+01 0.000000e+00 2.800000e+02
      vertex   -2.050010e+02 0.000000e+00 2.799589e+02
      vertex   -7.499561e+01 0.000000e+00 2.798157e+02
    endloop
  endfacet
  facet normal -0.000000e+00 -1.000000e+00 0.000000e+00
    outer loop
      vertex   -7.499561e+01 0.000000e+00 2.798157e+02
      vertex   -2.050010e+02 0.000000e+00 2.799589e+02
      vertex   -2.099996e+02 0.000000e+00 7.001841e+01
    endloop
  endfacet
  facet normal 0.000000e+00 -1.000000e+00 -0.000000e+00
    outer loop
      vertex   -7.499561e+01 0.000000e+00 2.798157e+02
      vertex   -2.099996e+02 0.000000e+00 7.001841e+01
      vertex   -7.000000e+01 0.000000e+00 7.000000e+01
    endloop
  endfacet
  facet normal 0.000000e+00 -1.000000e+00 0.000000e+00
    outer loop
      vertex   -7.000000e+01 0.000000e+00 7.000000e+01
      vertex   -2.099996e+02 0.000000e+00 7.001841e+01
      vertex   -2.100000e+02 0.000000e+00 7.000000e+01
    endloop
  endfacet
  facet normal -0.000000e+00 -1.000000e+00 0.000000e+00
    outer loop
      vertex   -7.500000e+01 0.000000e+00 2.800000e+02
      vertex   -2.050000e+02 0.000000e+00 2.800000e+02
      vertex   -2.050010e+02 0.000000e+00 2.799589e+02
    endloop
  endfacet
  facet normal -0.000000e+00 -1.000000e+00 0.000000e+00
    outer loop
      vertex   -2.050010e+02 0.000000e+00 2.799589e+02
      vertex   -2.075003e+02 0.000000e+00 2.800184e+02
      vertex   -2.099996e+02 0.000000e+00 7.001841e+01
    endloop
  endfacet
  facet normal 0.000000e+00 -1.000000e+00 0.000000e+00
    outer loop
      vertex   -2.099996e+02 0.000000e+00 7.001841e+01
      vertex   -2.075003e+02 0.000000e+00 2.800184e+02
      vertex   -2.124989e+02 0.000000e+00 7.007792e+01
    endloop
  endfacet
  facet normal 0.000000e+00 -1.000000e+00 0.000000e+00
    outer loop
      vertex   -6.999703e+01 0.000000e+00 6.987516e+01
      vertex   -6.749774e+01 0.000000e+00 6.993467e+01
      vertex   -7.000000e+01 0.000000e+00 7.000000e+01
    endloop
  endfacet
  facet normal 0.000000e+00 -1.000000e+00 0.000000e+00
    outer loop
      vertex   -7.000000e+01 0.000000e+00 7.000000e+01
      vertex   -6.749774e+01 0.000000e+00 6.993467e+01
      vertex   -7.249632e+01 0.000000e+00 2.798752e+02
    endloop
  endfacet
  facet normal 0.000000e+00 -1.000000e+00 0.000000e+00
    outer loop
      vertex   -7.000000e+01 0.000000e+00 7.000000e+01
      vertex   -7.249632e+01 0.000000e+00 2.798752e+02
      vertex   -7.499561e+01 0.000000e+00 2.798157e+02
    endloop
  endfacet
endsolid
