solid ASCII
  facet normal 0.000000e+00 -0.000000e+00 -1.000000e+00
    outer loop
      vertex   3.657395e+01 3.641113e+01 -1.000000e+01
      vertex   6.342605e+01 3.641113e+01 -1.000000e+01
      vertex   3.650000e+01 3.500000e+01 -1.000000e+01
    endloop
  endfacet
  facet normal 0.000000e+00 0.000000e+00 -1.000000e+00
    outer loop
      vertex   3.650000e+01 3.500000e+01 -1.000000e+01
      vertex   6.342605e+01 3.641113e+01 -1.000000e+01
      vertex   6.350000e+01 3.500000e+01 -1.000000e+01
    endloop
  endfacet
  facet normal 0.000000e+00 0.000000e+00 -1.000000e+00
    outer loop
      vertex   3.650000e+01 3.500000e+01 -1.000000e+01
      vertex   6.350000e+01 3.500000e+01 -1.000000e+01
      vertex   3.657395e+01 3.358887e+01 -1.000000e+01
    endloop
  endfacet
  facet normal 0.000000e+00 0.000000e+00 -1.000000e+00
    outer loop
      vertex   3.657395e+01 3.358887e+01 -1.000000e+01
      vertex   6.350000e+01 3.500000e+01 -1.000000e+01
      vertex   6.342605e+01 3.358887e+01 -1.000000e+01
    endloop
  endfacet
  facet normal 0.000000e+00 0.000000e+00 -1.000000e+00
    outer loop
      vertex   3.657395e+01 3.358887e+01 -1.000000e+01
      vertex   6.342605e+01 3.358887e+01 -1.000000e+01
      vertex   3.679501e+01 3.219319e+01 -1.000000e+01
    endloop
  endfacet
  facet normal 0.000000e+00 0.000000e+00 -1.000000e+00
    outer loop
      vertex   3.679501e+01 3.219319e+01 -1.000000e+01
      vertex   6.342605e+01 3.358887e+01 -1.000000e+01
      vertex   6.320499e+01 3.219319e+01 -1.000000e+01
    endloop
  endfacet
  facet normal 0.000000e+00 0.000000e+00 -1.000000e+00
    outer loop
      vertex   3.679501e+01 3.219319e+01 -1.000000e+01
      vertex   6.320499e+01 3.219319e+01 -1.000000e+01
      vertex   3.716074e+01 3.082827e+01 -1.000000e+01
    endloop
  endfacet
  facet normal 0.000000e+00 0.000000e+00 -1.000000e+00
    outer loop
      vertex   3.716074e+01 3.082827e+01 -1.000000e+01
      vertex   6.320499e+01 3.219319e+01 -1.000000e+01
      vertex   6.283926e+01 3.082827e+01 -1.000000e+01
    endloop
  endfacet
  facet normal 0.000000e+00 0.000000e+00 -1.000000e+00
    outer loop
      vertex   3.716074e+01 3.082827e+01 -1.000000e+01
      vertex   6.283926e+01 3.082827e+01 -1.000000e+01
      vertex   3.766714e+01 2.950906e+01 -1.000000e+01
    endloop
  endfacet
  facet normal 0.000000e+00 0.000000e+00 -1.000000e+00
    outer loop
      vertex   3.766714e+01 2.950906e+01 -1.000000e+01
      vertex   6.283926e+01 3.082827e+01 -1.000000e+01
      vertex   6.233286e+01 2.950906e+01 -1.000000e+01
    endloop
  endfacet
  facet normal 0.000000e+00 0.000000e+00 -1.000000e+00
    outer loop
      vertex   3.766714e+01 2.950906e+01 -1.000000e+01
      vertex   6.233286e+01 2.950906e+01 -1.000000e+01
      vertex   3.830866e+01 2.825000e+01 -1.000000e+01
    endloop
  endfacet
  facet normal 0.000000e+00 0.000000e+00 -1.000000e+00
    outer loop
      vertex   3.830866e+01 2.825000e+01 -1.000000e+01
      vertex   6.233286e+01 2.950906e+01 -1.000000e+01
      vertex   6.169134e+01 2.825000e+01 -1.000000e+01
    endloop
  endfacet
  facet normal 0.000000e+00 0.000000e+00 -1.000000e+00
    outer loop
      vertex   3.830866e+01 2.825000e+01 -1.000000e+01
      vertex   6.169134e+01 2.825000e+01 -1.000000e+01
      vertex   3.907827e+01 2.706490e+01 -1.000000e+01
    endloop
  endfacet
  facet normal 0.000000e+00 0.000000e+00 -1.000000e+00
    outer loop
      vertex   3.907827e+01 2.706490e+01 -1.000000e+01
      vertex   6.169134e+01 2.825000e+01 -1.000000e+01
      vertex   6.092173e+01 2.706490e+01 -1.000000e+01
    endloop
  endfacet
  facet normal 0.000000e+00 0.000000e+00 -1.000000e+00
    outer loop
      vertex   3.907827e+01 2.706490e+01 -1.000000e+01
      vertex   6.092173e+01 2.706490e+01 -1.000000e+01
      vertex   3.996754e+01 2.596674e+01 -1.000000e+01
    endloop
  endfacet
  facet normal 0.000000e+00 0.000000e+00 -1.000000e+00
    outer loop
      vertex   3.996754e+01 2.596674e+01 -1.000000e+01
      vertex   6.092173e+01 2.706490e+01 -1.000000e+01
      vertex   6.003246e+01 2.596674e+01 -1.000000e+01
    endloop
  endfacet
  facet normal 0.000000e+00 0.000000e+00 -1.000000e+00
    outer loop
      vertex   3.996754e+01 2.596674e+01 -1.000000e+01
      vertex   6.003246e+01 2.596674e+01 -1.000000e+01
      vertex   4.096674e+01 2.496754e+01 -1.000000e+01
    endloop
  endfacet
  facet normal 0.000000e+00 0.000000e+00 -1.000000e+00
    outer loop
      vertex   4.096674e+01 2.496754e+01 -1.000000e+01
      vertex   6.003246e+01 2.596674e+01 -1.000000e+01
      vertex   5.903326e+01 2.496754e+01 -1.000000e+01
    endloop
  endfacet
  facet normal 0.000000e+00 0.000000e+00 -1.000000e+00
    outer loop
      vertex   4.096674e+01 2.496754e+01 -1.000000e+01
      vertex   5.903326e+01 2.496754e+01 -1.000000e+01
      vertex   4.206490e+01 2.407827e+01 -1.000000e+01
    endloop
  endfacet
  facet normal 0.000000e+00 0.000000e+00 -1.000000e+00
    outer loop
      vertex   4.206490e+01 2.407827e+01 -1.000000e+01
      vertex   5.903326e+01 2.496754e+01 -1.000000e+01
      vertex   5.793510e+01 2.407827e+01 -1.000000e+01
    endloop
  endfacet
  facet normal 0.000000e+00 0.000000e+00 -1.000000e+00
    outer loop
      vertex   4.206490e+01 2.407827e+01 -1.000000e+01
      vertex   5.793510e+01 2.407827e+01 -1.000000e+01
      vertex   4.325000e+01 2.330866e+01 -1.000000e+01
    endloop
  endfacet
  facet normal 0.000000e+00 0.000000e+00 -1.000000e+00
    outer loop
      vertex   4.325000e+01 2.330866e+01 -1.000000e+01
      vertex   5.793510e+01 2.407827e+01 -1.000000e+01
      vertex   5.675000e+01 2.330866e+01 -1.000000e+01
    endloop
  endfacet
  facet normal 0.000000e+00 0.000000e+00 -1.000000e+00
    outer loop
      vertex   4.325000e+01 2.330866e+01 -1.000000e+01
      vertex   5.675000e+01 2.330866e+01 -1.000000e+01
      vertex   4.450906e+01 2.266714e+01 -1.000000e+01
    endloop
  endfacet
  facet normal 0.000000e+00 0.000000e+00 -1.000000e+00
    outer loop
      vertex   4.450906e+01 2.266714e+01 -1.000000e+01
      vertex   5.675000e+01 2.330866e+01 -1.000000e+01
      vertex   5.549094e+01 2.266714e+01 -1.000000e+01
    endloop
  endfacet
  facet normal 0.000000e+00 0.000000e+00 -1.000000e+00
    outer loop
      vertex   4.450906e+01 2.266714e+01 -1.000000e+01
      vertex   5.549094e+01 2.266714e+01 -1.000000e+01
      vertex   4.582827e+01 2.216074e+01 -1.000000e+01
    endloop
  endfacet
  facet normal 0.000000e+00 0.000000e+00 -1.000000e+00
    outer loop
      vertex   4.582827e+01 2.216074e+01 -1.000000e+01
      vertex   5.549094e+01 2.266714e+01 -1.000000e+01
      vertex   5.417173e+01 2.216074e+01 -1.000000e+01
    endloop
  endfacet
  facet normal 0.000000e+00 0.000000e+00 -1.000000e+00
    outer loop
      vertex   4.582827e+01 2.216074e+01 -1.000000e+01
      vertex   5.417173e+01 2.216074e+01 -1.000000e+01
      vertex   4.719319e+01 2.179501e+01 -1.000000e+01
    endloop
  endfacet
  facet normal 0.000000e+00 0.000000e+00 -1.000000e+00
    outer loop
      vertex   4.719319e+01 2.179501e+01 -1.000000e+01
      vertex   5.417173e+01 2.216074e+01 -1.000000e+01
      vertex   5.280681e+01 2.179501e+01 -1.000000e+01
    endloop
  endfacet
  facet normal 0.000000e+00 0.000000e+00 -1.000000e+00
    outer loop
      vertex   4.719319e+01 2.179501e+01 -1.000000e+01
      vertex   5.280681e+01 2.179501e+01 -1.000000e+01
      vertex   4.858887e+01 2.157395e+01 -1.000000e+01
    endloop
  endfacet
  facet normal 0.000000e+00 0.000000e+00 -1.000000e+00
    outer loop
      vertex   4.858887e+01 2.157395e+01 -1.000000e+01
      vertex   5.280681e+01 2.179501e+01 -1.000000e+01
      vertex   5.141113e+01 2.157395e+01 -1.000000e+01
    endloop
  endfacet
  facet normal 0.000000e+00 0.000000e+00 -1.000000e+00
    outer loop
      vertex   4.858887e+01 2.157395e+01 -1.000000e+01
      vertex   5.141113e+01 2.157395e+01 -1.000000e+01
      vertex   5.000000e+01 2.150000e+01 -1.000000e+01
    endloop
  endfacet
  facet normal 0.000000e+00 0.000000e+00 -1.000000e+00
    outer loop
      vertex   6.342605e+01 3.641113e+01 -1.000000e+01
      vertex   3.657395e+01 3.641113e+01 -1.000000e+01
      vertex   6.320499e+01 3.780681e+01 -1.000000e+01
    endloop
  endfacet
  facet normal 0.000000e+00 0.000000e+00 -1.000000e+00
    outer loop
      vertex   6.320499e+01 3.780681e+01 -1.000000e+01
      vertex   3.657395e+01 3.641113e+01 -1.000000e+01
      vertex   3.679501e+01 3.780681e+01 -1.000000e+01
    endloop
  endfacet
  facet normal -0.000000e+00 0.000000e+00 -1.000000e+00
    outer loop
      vertex   6.320499e+01 3.780681e+01 -1.000000e+01
      vertex   3.679501e+01 3.780681e+01 -1.000000e+01
      vertex   6.283926e+01 3.917173e+01 -1.000000e+01
    endloop
  endfacet
  facet normal -0.000000e+00 0.000000e+00 -1.000000e+00
    outer loop
      vertex   6.283926e+01 3.917173e+01 -1.000000e+01
      vertex   3.679501e+01 3.780681e+01 -1.000000e+01
      vertex   3.716074e+01 3.917173e+01 -1.000000e+01
    endloop
  endfacet
  facet normal 0.000000e+00 0.000000e+00 -1.000000e+00
    outer loop
      vertex   6.283926e+01 3.917173e+01 -1.000000e+01
      vertex   3.716074e+01 3.917173e+01 -1.000000e+01
      vertex   6.233286e+01 4.049094e+01 -1.000000e+01
    endloop
  endfacet
  facet normal -0.000000e+00 0.000000e+00 -1.000000e+00
    outer loop
      vertex   6.233286e+01 4.049094e+01 -1.000000e+01
      vertex   3.716074e+01 3.917173e+01 -1.000000e+01
      vertex   3.766714e+01 4.049094e+01 -1.000000e+01
    endloop
  endfacet
  facet normal 0.000000e+00 0.000000e+00 -1.000000e+00
    outer loop
      vertex   6.233286e+01 4.049094e+01 -1.000000e+01
      vertex   3.766714e+01 4.049094e+01 -1.000000e+01
      vertex   6.169134e+01 4.175000e+01 -1.000000e+01
    endloop
  endfacet
  facet normal -0.000000e+00 0.000000e+00 -1.000000e+00
    outer loop
      vertex   6.169134e+01 4.175000e+01 -1.000000e+01
      vertex   3.766714e+01 4.049094e+01 -1.000000e+01
      vertex   3.830866e+01 4.175000e+01 -1.000000e+01
    endloop
  endfacet
  facet normal 0.000000e+00 0.000000e+00 -1.000000e+00
    outer loop
      vertex   6.169134e+01 4.175000e+01 -1.000000e+01
      vertex   3.830866e+01 4.175000e+01 -1.000000e+01
      vertex   6.092173e+01 4.293510e+01 -1.000000e+01
    endloop
  endfacet
  facet normal -0.000000e+00 0.000000e+00 -1.000000e+00
    outer loop
      vertex   6.092173e+01 4.293510e+01 -1.000000e+01
      vertex   3.830866e+01 4.175000e+01 -1.000000e+01
      vertex   3.907827e+01 4.293510e+01 -1.000000e+01
    endloop
  endfacet
  facet normal 0.000000e+00 0.000000e+00 -1.000000e+00
    outer loop
      vertex   6.092173e+01 4.293510e+01 -1.000000e+01
      vertex   3.907827e+01 4.293510e+01 -1.000000e+01
      vertex   6.003246e+01 4.403326e+01 -1.000000e+01
    endloop
  endfacet
  facet normal -0.000000e+00 0.000000e+00 -1.000000e+00
    outer loop
      vertex   6.003246e+01 4.403326e+01 -1.000000e+01
      vertex   3.907827e+01 4.293510e+01 -1.000000e+01
      vertex   3.996754e+01 4.403326e+01 -1.000000e+01
    endloop
  endfacet
  facet normal 0.000000e+00 0.000000e+00 -1.000000e+00
    outer loop
      vertex   6.003246e+01 4.403326e+01 -1.000000e+01
      vertex   3.996754e+01 4.403326e+01 -1.000000e+01
      vertex   5.903326e+01 4.503246e+01 -1.000000e+01
    endloop
  endfacet
  facet normal -0.000000e+00 0.000000e+00 -1.000000e+00
    outer loop
      vertex   5.903326e+01 4.503246e+01 -1.000000e+01
      vertex   3.996754e+01 4.403326e+01 -1.000000e+01
      vertex   4.096674e+01 4.503246e+01 -1.000000e+01
    endloop
  endfacet
  facet normal 0.000000e+00 0.000000e+00 -1.000000e+00
    outer loop
      vertex   5.903326e+01 4.503246e+01 -1.000000e+01
      vertex   4.096674e+01 4.503246e+01 -1.000000e+01
      vertex   5.793510e+01 4.592173e+01 -1.000000e+01
    endloop
  endfacet
  facet normal -0.000000e+00 0.000000e+00 -1.000000e+00
    outer loop
      vertex   5.793510e+01 4.592173e+01 -1.000000e+01
      vertex   4.096674e+01 4.503246e+01 -1.000000e+01
      vertex   4.206490e+01 4.592173e+01 -1.000000e+01
    endloop
  endfacet
  facet normal 0.000000e+00 0.000000e+00 -1.000000e+00
    outer loop
      vertex   5.793510e+01 4.592173e+01 -1.000000e+01
      vertex   4.206490e+01 4.592173e+01 -1.000000e+01
      vertex   5.675000e+01 4.669134e+01 -1.000000e+01
    endloop
  endfacet
  facet normal -0.000000e+00 0.000000e+00 -1.000000e+00
    outer loop
      vertex   5.675000e+01 4.669134e+01 -1.000000e+01
      vertex   4.206490e+01 4.592173e+01 -1.000000e+01
      vertex   4.325000e+01 4.669134e+01 -1.000000e+01
    endloop
  endfacet
  facet normal 0.000000e+00 0.000000e+00 -1.000000e+00
    outer loop
      vertex   5.675000e+01 4.669134e+01 -1.000000e+01
      vertex   4.325000e+01 4.669134e+01 -1.000000e+01
      vertex   5.549094e+01 4.733286e+01 -1.000000e+01
    endloop
  endfacet
  facet normal -0.000000e+00 0.000000e+00 -1.000000e+00
    outer loop
      vertex   5.549094e+01 4.733286e+01 -1.000000e+01
      vertex   4.325000e+01 4.669134e+01 -1.000000e+01
      vertex   4.450906e+01 4.733286e+01 -1.000000e+01
    endloop
  endfacet
  facet normal 0.000000e+00 0.000000e+00 -1.000000e+00
    outer loop
      vertex   5.549094e+01 4.733286e+01 -1.000000e+01
      vertex   4.450906e+01 4.733286e+01 -1.000000e+01
      vertex   5.417173e+01 4.783926e+01 -1.000000e+01
    endloop
  endfacet
  facet normal -0.000000e+00 0.000000e+00 -1.000000e+00
    outer loop
      vertex   5.417173e+01 4.783926e+01 -1.000000e+01
      vertex   4.450906e+01 4.733286e+01 -1.000000e+01
      vertex   4.582827e+01 4.783926e+01 -1.000000e+01
    endloop
  endfacet
  facet normal 0.000000e+00 0.000000e+00 -1.000000e+00
    outer loop
      vertex   5.417173e+01 4.783926e+01 -1.000000e+01
      vertex   4.582827e+01 4.783926e+01 -1.000000e+01
      vertex   5.280681e+01 4.820499e+01 -1.000000e+01
    endloop
  endfacet
  facet normal -0.000000e+00 0.000000e+00 -1.000000e+00
    outer loop
      vertex   5.280681e+01 4.820499e+01 -1.000000e+01
      vertex   4.582827e+01 4.783926e+01 -1.000000e+01
      vertex   4.719319e+01 4.820499e+01 -1.000000e+01
    endloop
  endfacet
  facet normal 0.000000e+00 0.000000e+00 -1.000000e+00
    outer loop
      vertex   5.280681e+01 4.820499e+01 -1.000000e+01
      vertex   4.719319e+01 4.820499e+01 -1.000000e+01
      vertex   5.141113e+01 4.842605e+01 -1.000000e+01
    endloop
  endfacet
  facet normal -0.000000e+00 0.000000e+00 -1.000000e+00
    outer loop
      vertex   5.141113e+01 4.842605e+01 -1.000000e+01
      vertex   4.719319e+01 4.820499e+01 -1.000000e+01
      vertex   4.858887e+01 4.842605e+01 -1.000000e+01
    endloop
  endfacet
  facet normal 0.000000e+00 0.000000e+00 -1.000000e+00
    outer loop
      vertex   5.141113e+01 4.842605e+01 -1.000000e+01
      vertex   4.858887e+01 4.842605e+01 -1.000000e+01
      vertex   5.000000e+01 4.850000e+01 -1.000000e+01
    endloop
  endfacet
  facet normal 0.000000e+00 0.000000e+00 -1.000000e+00
    outer loop
      vertex   4.757265e+01 1.054799e+01 4.870000e+01
      vertex   4.750000e+01 1.114628e+01 4.870000e+01
      vertex   4.860000e+01 1.114628e+01 4.870000e+01
    endloop
  endfacet
  facet normal 0.000000e+00 0.000000e+00 -1.000000e+00
    outer loop
      vertex   4.860000e+01 1.114628e+01 4.870000e+01
      vertex   4.750000e+01 1.114628e+01 4.870000e+01
      vertex   4.757265e+01 1.174457e+01 4.870000e+01
    endloop
  endfacet
  facet normal 0.000000e+00 0.000000e+00 -1.000000e+00
    outer loop
      vertex   4.860000e+01 1.114628e+01 4.870000e+01
      vertex   4.757265e+01 1.174457e+01 4.870000e+01
      vertex   4.864770e+01 1.150863e+01 4.870000e+01
    endloop
  endfacet
  facet normal 0.000000e+00 0.000000e+00 -1.000000e+00
    outer loop
      vertex   4.864770e+01 1.150863e+01 4.870000e+01
      vertex   4.757265e+01 1.174457e+01 4.870000e+01
      vertex   4.778636e+01 1.230809e+01 4.870000e+01
    endloop
  endfacet
  facet normal 0.000000e+00 0.000000e+00 -1.000000e+00
    outer loop
      vertex   4.864770e+01 1.150863e+01 4.870000e+01
      vertex   4.778636e+01 1.230809e+01 4.870000e+01
      vertex   4.878756e+01 1.184628e+01 4.870000e+01
    endloop
  endfacet
  facet normal 0.000000e+00 0.000000e+00 -1.000000e+00
    outer loop
      vertex   4.878756e+01 1.184628e+01 4.870000e+01
      vertex   4.778636e+01 1.230809e+01 4.870000e+01
      vertex   4.812872e+01 1.280409e+01 4.870000e+01
    endloop
  endfacet
  facet normal 0.000000e+00 0.000000e+00 -1.000000e+00
    outer loop
      vertex   4.878756e+01 1.184628e+01 4.870000e+01
      vertex   4.812872e+01 1.280409e+01 4.870000e+01
      vertex   4.901005e+01 1.213623e+01 4.870000e+01
    endloop
  endfacet
  facet normal 0.000000e+00 0.000000e+00 -1.000000e+00
    outer loop
      vertex   4.901005e+01 1.213623e+01 4.870000e+01
      vertex   4.812872e+01 1.280409e+01 4.870000e+01
      vertex   4.857984e+01 1.320374e+01 4.870000e+01
    endloop
  endfacet
  facet normal 0.000000e+00 0.000000e+00 -1.000000e+00
    outer loop
      vertex   4.901005e+01 1.213623e+01 4.870000e+01
      vertex   4.857984e+01 1.320374e+01 4.870000e+01
      vertex   4.930000e+01 1.235872e+01 4.870000e+01
    endloop
  endfacet
  facet normal 0.000000e+00 0.000000e+00 -1.000000e+00
    outer loop
      vertex   4.930000e+01 1.235872e+01 4.870000e+01
      vertex   4.857984e+01 1.320374e+01 4.870000e+01
      vertex   4.911349e+01 1.348382e+01 4.870000e+01
    endloop
  endfacet
  facet normal 0.000000e+00 0.000000e+00 -1.000000e+00
    outer loop
      vertex   4.930000e+01 1.235872e+01 4.870000e+01
      vertex   4.911349e+01 1.348382e+01 4.870000e+01
      vertex   4.963765e+01 1.249858e+01 4.870000e+01
    endloop
  endfacet
  facet normal 0.000000e+00 0.000000e+00 -1.000000e+00
    outer loop
      vertex   4.963765e+01 1.249858e+01 4.870000e+01
      vertex   4.911349e+01 1.348382e+01 4.870000e+01
      vertex   4.969866e+01 1.362805e+01 4.870000e+01
    endloop
  endfacet
  facet normal 0.000000e+00 0.000000e+00 -1.000000e+00
    outer loop
      vertex   4.963765e+01 1.249858e+01 4.870000e+01
      vertex   4.969866e+01 1.362805e+01 4.870000e+01
      vertex   5.000000e+01 1.254628e+01 4.870000e+01
    endloop
  endfacet
  facet normal 0.000000e+00 0.000000e+00 -1.000000e+00
    outer loop
      vertex   5.000000e+01 1.254628e+01 4.870000e+01
      vertex   4.969866e+01 1.362805e+01 4.870000e+01
      vertex   5.030134e+01 1.362805e+01 4.870000e+01
    endloop
  endfacet
  facet normal 0.000000e+00 0.000000e+00 -1.000000e+00
    outer loop
      vertex   5.000000e+01 1.254628e+01 4.870000e+01
      vertex   5.030134e+01 1.362805e+01 4.870000e+01
      vertex   5.036235e+01 1.249858e+01 4.870000e+01
    endloop
  endfacet
  facet normal 0.000000e+00 0.000000e+00 -1.000000e+00
    outer loop
      vertex   5.036235e+01 1.249858e+01 4.870000e+01
      vertex   5.030134e+01 1.362805e+01 4.870000e+01
      vertex   5.088651e+01 1.348382e+01 4.870000e+01
    endloop
  endfacet
  facet normal 0.000000e+00 0.000000e+00 -1.000000e+00
    outer loop
      vertex   5.036235e+01 1.249858e+01 4.870000e+01
      vertex   5.088651e+01 1.348382e+01 4.870000e+01
      vertex   5.070000e+01 1.235872e+01 4.870000e+01
    endloop
  endfacet
  facet normal 0.000000e+00 0.000000e+00 -1.000000e+00
    outer loop
      vertex   5.070000e+01 1.235872e+01 4.870000e+01
      vertex   5.088651e+01 1.348382e+01 4.870000e+01
      vertex   5.142016e+01 1.320374e+01 4.870000e+01
    endloop
  endfacet
  facet normal 0.000000e+00 0.000000e+00 -1.000000e+00
    outer loop
      vertex   5.070000e+01 1.235872e+01 4.870000e+01
      vertex   5.142016e+01 1.320374e+01 4.870000e+01
      vertex   5.098995e+01 1.213623e+01 4.870000e+01
    endloop
  endfacet
  facet normal 0.000000e+00 0.000000e+00 -1.000000e+00
    outer loop
      vertex   5.098995e+01 1.213623e+01 4.870000e+01
      vertex   5.142016e+01 1.320374e+01 4.870000e+01
      vertex   5.187128e+01 1.280409e+01 4.870000e+01
    endloop
  endfacet
  facet normal 0.000000e+00 0.000000e+00 -1.000000e+00
    outer loop
      vertex   5.098995e+01 1.213623e+01 4.870000e+01
      vertex   5.187128e+01 1.280409e+01 4.870000e+01
      vertex   5.121244e+01 1.184628e+01 4.870000e+01
    endloop
  endfacet
  facet normal 0.000000e+00 0.000000e+00 -1.000000e+00
    outer loop
      vertex   5.121244e+01 1.184628e+01 4.870000e+01
      vertex   5.187128e+01 1.280409e+01 4.870000e+01
      vertex   5.221364e+01 1.230809e+01 4.870000e+01
    endloop
  endfacet
  facet normal 0.000000e+00 0.000000e+00 -1.000000e+00
    outer loop
      vertex   5.121244e+01 1.184628e+01 4.870000e+01
      vertex   5.221364e+01 1.230809e+01 4.870000e+01
      vertex   5.135230e+01 1.150863e+01 4.870000e+01
    endloop
  endfacet
  facet normal 0.000000e+00 0.000000e+00 -1.000000e+00
    outer loop
      vertex   5.135230e+01 1.150863e+01 4.870000e+01
      vertex   5.221364e+01 1.230809e+01 4.870000e+01
      vertex   5.242735e+01 1.174457e+01 4.870000e+01
    endloop
  endfacet
  facet normal 0.000000e+00 0.000000e+00 -1.000000e+00
    outer loop
      vertex   5.135230e+01 1.150863e+01 4.870000e+01
      vertex   5.242735e+01 1.174457e+01 4.870000e+01
      vertex   5.140000e+01 1.114628e+01 4.870000e+01
    endloop
  endfacet
  facet normal 0.000000e+00 0.000000e+00 -1.000000e+00
    outer loop
      vertex   5.140000e+01 1.114628e+01 4.870000e+01
      vertex   5.242735e+01 1.174457e+01 4.870000e+01
      vertex   5.250000e+01 1.114628e+01 4.870000e+01
    endloop
  endfacet
  facet normal 0.000000e+00 0.000000e+00 -1.000000e+00
    outer loop
      vertex   5.140000e+01 1.114628e+01 4.870000e+01
      vertex   5.250000e+01 1.114628e+01 4.870000e+01
      vertex   5.242735e+01 1.054799e+01 4.870000e+01
    endloop
  endfacet
  facet normal 0.000000e+00 -0.000000e+00 -1.000000e+00
    outer loop
      vertex   5.140000e+01 1.114628e+01 4.870000e+01
      vertex   5.242735e+01 1.054799e+01 4.870000e+01
      vertex   5.135230e+01 1.078393e+01 4.870000e+01
    endloop
  endfacet
  facet normal 0.000000e+00 0.000000e+00 -1.000000e+00
    outer loop
      vertex   5.135230e+01 1.078393e+01 4.870000e+01
      vertex   5.242735e+01 1.054799e+01 4.870000e+01
      vertex   5.221364e+01 9.984472e+00 4.870000e+01
    endloop
  endfacet
  facet normal 0.000000e+00 -0.000000e+00 -1.000000e+00
    outer loop
      vertex   5.135230e+01 1.078393e+01 4.870000e+01
      vertex   5.221364e+01 9.984472e+00 4.870000e+01
      vertex   5.121244e+01 1.044628e+01 4.870000e+01
    endloop
  endfacet
  facet normal 0.000000e+00 0.000000e+00 -1.000000e+00
    outer loop
      vertex   5.121244e+01 1.044628e+01 4.870000e+01
      vertex   5.221364e+01 9.984472e+00 4.870000e+01
      vertex   5.187128e+01 9.488473e+00 4.870000e+01
    endloop
  endfacet
  facet normal 0.000000e+00 -0.000000e+00 -1.000000e+00
    outer loop
      vertex   5.121244e+01 1.044628e+01 4.870000e+01
      vertex   5.187128e+01 9.488473e+00 4.870000e+01
      vertex   5.098995e+01 1.015633e+01 4.870000e+01
    endloop
  endfacet
  facet normal 0.000000e+00 0.000000e+00 -1.000000e+00
    outer loop
      vertex   5.098995e+01 1.015633e+01 4.870000e+01
      vertex   5.187128e+01 9.488473e+00 4.870000e+01
      vertex   5.142016e+01 9.088820e+00 4.870000e+01
    endloop
  endfacet
  facet normal 0.000000e+00 -0.000000e+00 -1.000000e+00
    outer loop
      vertex   5.098995e+01 1.015633e+01 4.870000e+01
      vertex   5.142016e+01 9.088820e+00 4.870000e+01
      vertex   5.070000e+01 9.933844e+00 4.870000e+01
    endloop
  endfacet
  facet normal 0.000000e+00 0.000000e+00 -1.000000e+00
    outer loop
      vertex   5.070000e+01 9.933844e+00 4.870000e+01
      vertex   5.142016e+01 9.088820e+00 4.870000e+01
      vertex   5.088651e+01 8.808739e+00 4.870000e+01
    endloop
  endfacet
  facet normal 0.000000e+00 -0.000000e+00 -1.000000e+00
    outer loop
      vertex   5.070000e+01 9.933844e+00 4.870000e+01
      vertex   5.088651e+01 8.808739e+00 4.870000e+01
      vertex   5.036235e+01 9.793984e+00 4.870000e+01
    endloop
  endfacet
  facet normal 0.000000e+00 -0.000000e+00 -1.000000e+00
    outer loop
      vertex   5.036235e+01 9.793984e+00 4.870000e+01
      vertex   5.088651e+01 8.808739e+00 4.870000e+01
      vertex   5.030134e+01 8.664507e+00 4.870000e+01
    endloop
  endfacet
  facet normal 0.000000e+00 0.000000e+00 -1.000000e+00
    outer loop
      vertex   5.036235e+01 9.793984e+00 4.870000e+01
      vertex   5.030134e+01 8.664507e+00 4.870000e+01
      vertex   5.000000e+01 9.746280e+00 4.870000e+01
    endloop
  endfacet
  facet normal 0.000000e+00 -0.000000e+00 -1.000000e+00
    outer loop
      vertex   5.000000e+01 9.746280e+00 4.870000e+01
      vertex   5.030134e+01 8.664507e+00 4.870000e+01
      vertex   4.969866e+01 8.664507e+00 4.870000e+01
    endloop
  endfacet
  facet normal -0.000000e+00 0.000000e+00 -1.000000e+00
    outer loop
      vertex   5.000000e+01 9.746280e+00 4.870000e+01
      vertex   4.969866e+01 8.664507e+00 4.870000e+01
      vertex   4.963765e+01 9.793984e+00 4.870000e+01
    endloop
  endfacet
  facet normal 0.000000e+00 -0.000000e+00 -1.000000e+00
    outer loop
      vertex   4.963765e+01 9.793984e+00 4.870000e+01
      vertex   4.969866e+01 8.664507e+00 4.870000e+01
      vertex   4.911349e+01 8.808739e+00 4.870000e+01
    endloop
  endfacet
  facet normal -0.000000e+00 0.000000e+00 -1.000000e+00
    outer loop
      vertex   4.963765e+01 9.793984e+00 4.870000e+01
      vertex   4.911349e+01 8.808739e+00 4.870000e+01
      vertex   4.930000e+01 9.933844e+00 4.870000e+01
    endloop
  endfacet
  facet normal 0.000000e+00 0.000000e+00 -1.000000e+00
    outer loop
      vertex   4.930000e+01 9.933844e+00 4.870000e+01
      vertex   4.911349e+01 8.808739e+00 4.870000e+01
      vertex   4.857984e+01 9.088820e+00 4.870000e+01
    endloop
  endfacet
  facet normal -0.000000e+00 0.000000e+00 -1.000000e+00
    outer loop
      vertex   4.930000e+01 9.933844e+00 4.870000e+01
      vertex   4.857984e+01 9.088820e+00 4.870000e+01
      vertex   4.901005e+01 1.015633e+01 4.870000e+01
    endloop
  endfacet
  facet normal 0.000000e+00 0.000000e+00 -1.000000e+00
    outer loop
      vertex   4.901005e+01 1.015633e+01 4.870000e+01
      vertex   4.857984e+01 9.088820e+00 4.870000e+01
      vertex   4.812872e+01 9.488473e+00 4.870000e+01
    endloop
  endfacet
  facet normal -0.000000e+00 0.000000e+00 -1.000000e+00
    outer loop
      vertex   4.901005e+01 1.015633e+01 4.870000e+01
      vertex   4.812872e+01 9.488473e+00 4.870000e+01
      vertex   4.878756e+01 1.044628e+01 4.870000e+01
    endloop
  endfacet
  facet normal 0.000000e+00 0.000000e+00 -1.000000e+00
    outer loop
      vertex   4.878756e+01 1.044628e+01 4.870000e+01
      vertex   4.812872e+01 9.488473e+00 4.870000e+01
      vertex   4.778636e+01 9.984472e+00 4.870000e+01
    endloop
  endfacet
  facet normal -0.000000e+00 0.000000e+00 -1.000000e+00
    outer loop
      vertex   4.878756e+01 1.044628e+01 4.870000e+01
      vertex   4.778636e+01 9.984472e+00 4.870000e+01
      vertex   4.864770e+01 1.078393e+01 4.870000e+01
    endloop
  endfacet
  facet normal 0.000000e+00 0.000000e+00 -1.000000e+00
    outer loop
      vertex   4.864770e+01 1.078393e+01 4.870000e+01
      vertex   4.778636e+01 9.984472e+00 4.870000e+01
      vertex   4.757265e+01 1.054799e+01 4.870000e+01
    endloop
  endfacet
  facet normal -0.000000e+00 0.000000e+00 -1.000000e+00
    outer loop
      vertex   4.864770e+01 1.078393e+01 4.870000e+01
      vertex   4.757265e+01 1.054799e+01 4.870000e+01
      vertex   4.860000e+01 1.114628e+01 4.870000e+01
    endloop
  endfacet
  facet normal 9.927089e-01 -1.205367e-01 0.000000e+00
    outer loop
      vertex   4.757265e+01 1.174457e+01 3.370000e+01
      vertex   4.757265e+01 1.174457e+01 4.120000e+01
      vertex   4.750000e+01 1.114628e+01 3.370000e+01
    endloop
  endfacet
  facet normal 9.927089e-01 -1.205367e-01 0.000000e+00
    outer loop
      vertex   4.750000e+01 1.114628e+01 3.370000e+01
      vertex   4.757265e+01 1.174457e+01 4.120000e+01
      vertex   4.750000e+01 1.114628e+01 4.120000e+01
    endloop
  endfacet
  facet normal 9.927089e-01 1.205367e-01 -0.000000e+00
    outer loop
      vertex   4.750000e+01 1.114628e+01 3.370000e+01
      vertex   4.750000e+01 1.114628e+01 4.120000e+01
      vertex   4.757265e+01 1.054799e+01 3.370000e+01
    endloop
  endfacet
  facet normal 9.927089e-01 1.205367e-01 -0.000000e+00
    outer loop
      vertex   4.757265e+01 1.054799e+01 3.370000e+01
      vertex   4.750000e+01 1.114628e+01 4.120000e+01
      vertex   4.757265e+01 1.054799e+01 4.120000e+01
    endloop
  endfacet
  facet normal 9.350162e-01 3.546049e-01 -0.000000e+00
    outer loop
      vertex   4.757265e+01 1.054799e+01 3.370000e+01
      vertex   4.757265e+01 1.054799e+01 4.120000e+01
      vertex   4.778636e+01 9.984472e+00 3.370000e+01
    endloop
  endfacet
  facet normal 9.350162e-01 3.546049e-01 8.398731e-17
    outer loop
      vertex   4.778636e+01 9.984472e+00 3.370000e+01
      vertex   4.757265e+01 1.054799e+01 4.120000e+01
      vertex   4.778636e+01 9.984472e+00 4.120000e+01
    endloop
  endfacet
  facet normal 8.229839e-01 5.680647e-01 1.345448e-16
    outer loop
      vertex   4.778636e+01 9.984472e+00 3.370000e+01
      vertex   4.778636e+01 9.984472e+00 4.120000e+01
      vertex   4.812872e+01 9.488473e+00 3.370000e+01
    endloop
  endfacet
  facet normal 8.229839e-01 5.680647e-01 -0.000000e+00
    outer loop
      vertex   4.812872e+01 9.488473e+00 3.370000e+01
      vertex   4.778636e+01 9.984472e+00 4.120000e+01
      vertex   4.812872e+01 9.488473e+00 4.120000e+01
    endloop
  endfacet
  facet normal 6.631227e-01 7.485107e-01 -0.000000e+00
    outer loop
      vertex   4.812872e+01 9.488473e+00 3.370000e+01
      vertex   4.812872e+01 9.488473e+00 4.120000e+01
      vertex   4.857984e+01 9.088820e+00 3.370000e+01
    endloop
  endfacet
  facet normal 6.631227e-01 7.485107e-01 -0.000000e+00
    outer loop
      vertex   4.857984e+01 9.088820e+00 3.370000e+01
      vertex   4.812872e+01 9.488473e+00 4.120000e+01
      vertex   4.857984e+01 9.088820e+00 4.120000e+01
    endloop
  endfacet
  facet normal 4.647232e-01 8.854560e-01 -0.000000e+00
    outer loop
      vertex   4.857984e+01 9.088820e+00 3.370000e+01
      vertex   4.857984e+01 9.088820e+00 4.120000e+01
      vertex   4.911349e+01 8.808739e+00 3.370000e+01
    endloop
  endfacet
  facet normal 4.647232e-01 8.854560e-01 -2.097181e-16
    outer loop
      vertex   4.911349e+01 8.808739e+00 3.370000e+01
      vertex   4.857984e+01 9.088820e+00 4.120000e+01
      vertex   4.911349e+01 8.808739e+00 4.120000e+01
    endloop
  endfacet
  facet normal 2.393157e-01 9.709418e-01 -2.299652e-16
    outer loop
      vertex   4.911349e+01 8.808739e+00 3.370000e+01
      vertex   4.911349e+01 8.808739e+00 4.120000e+01
      vertex   4.969866e+01 8.664507e+00 3.370000e+01
    endloop
  endfacet
  facet normal 2.393157e-01 9.709418e-01 -0.000000e+00
    outer loop
      vertex   4.969866e+01 8.664507e+00 3.370000e+01
      vertex   4.911349e+01 8.808739e+00 4.120000e+01
      vertex   4.969866e+01 8.664507e+00 4.120000e+01
    endloop
  endfacet
  facet normal 0.000000e+00 1.000000e+00 0.000000e+00
    outer loop
      vertex   4.969866e+01 8.664507e+00 3.370000e+01
      vertex   4.969866e+01 8.664507e+00 4.120000e+01
      vertex   5.030134e+01 8.664507e+00 3.370000e+01
    endloop
  endfacet
  facet normal 0.000000e+00 1.000000e+00 -0.000000e+00
    outer loop
      vertex   5.030134e+01 8.664507e+00 3.370000e+01
      vertex   4.969866e+01 8.664507e+00 4.120000e+01
      vertex   5.030134e+01 8.664507e+00 4.120000e+01
    endloop
  endfacet
  facet normal -2.393157e-01 9.709418e-01 0.000000e+00
    outer loop
      vertex   5.030134e+01 8.664507e+00 3.370000e+01
      vertex   5.030134e+01 8.664507e+00 4.120000e+01
      vertex   5.088651e+01 8.808739e+00 3.370000e+01
    endloop
  endfacet
  facet normal -2.393157e-01 9.709418e-01 2.299652e-16
    outer loop
      vertex   5.088651e+01 8.808739e+00 3.370000e+01
      vertex   5.030134e+01 8.664507e+00 4.120000e+01
      vertex   5.088651e+01 8.808739e+00 4.120000e+01
    endloop
  endfacet
  facet normal -4.647232e-01 8.854560e-01 2.097181e-16
    outer loop
      vertex   5.088651e+01 8.808739e+00 3.370000e+01
      vertex   5.088651e+01 8.808739e+00 4.120000e+01
      vertex   5.142016e+01 9.088820e+00 3.370000e+01
    endloop
  endfacet
  facet normal -4.647232e-01 8.854560e-01 0.000000e+00
    outer loop
      vertex   5.142016e+01 9.088820e+00 3.370000e+01
      vertex   5.088651e+01 8.808739e+00 4.120000e+01
      vertex   5.142016e+01 9.088820e+00 4.120000e+01
    endloop
  endfacet
  facet normal -6.631227e-01 7.485107e-01 0.000000e+00
    outer loop
      vertex   5.142016e+01 9.088820e+00 3.370000e+01
      vertex   5.142016e+01 9.088820e+00 4.120000e+01
      vertex   5.187128e+01 9.488473e+00 3.370000e+01
    endloop
  endfacet
  facet normal -6.631227e-01 7.485107e-01 1.772830e-16
    outer loop
      vertex   5.187128e+01 9.488473e+00 3.370000e+01
      vertex   5.142016e+01 9.088820e+00 4.120000e+01
      vertex   5.187128e+01 9.488473e+00 4.120000e+01
    endloop
  endfacet
  facet normal -8.229839e-01 5.680647e-01 1.345448e-16
    outer loop
      vertex   5.187128e+01 9.488473e+00 3.370000e+01
      vertex   5.187128e+01 9.488473e+00 4.120000e+01
      vertex   5.221364e+01 9.984472e+00 3.370000e+01
    endloop
  endfacet
  facet normal -8.229839e-01 5.680647e-01 1.345448e-16
    outer loop
      vertex   5.221364e+01 9.984472e+00 3.370000e+01
      vertex   5.187128e+01 9.488473e+00 4.120000e+01
      vertex   5.221364e+01 9.984472e+00 4.120000e+01
    endloop
  endfacet
  facet normal -9.350162e-01 3.546049e-01 8.398731e-17
    outer loop
      vertex   5.221364e+01 9.984472e+00 3.370000e+01
      vertex   5.221364e+01 9.984472e+00 4.120000e+01
      vertex   5.242735e+01 1.054799e+01 3.370000e+01
    endloop
  endfacet
  facet normal -9.350162e-01 3.546049e-01 0.000000e+00
    outer loop
      vertex   5.242735e+01 1.054799e+01 3.370000e+01
      vertex   5.221364e+01 9.984472e+00 4.120000e+01
      vertex   5.242735e+01 1.054799e+01 4.120000e+01
    endloop
  endfacet
  facet normal -9.927089e-01 1.205367e-01 0.000000e+00
    outer loop
      vertex   5.242735e+01 1.054799e+01 3.370000e+01
      vertex   5.242735e+01 1.054799e+01 4.120000e+01
      vertex   5.250000e+01 1.114628e+01 3.370000e+01
    endloop
  endfacet
  facet normal -9.927089e-01 1.205367e-01 0.000000e+00
    outer loop
      vertex   5.250000e+01 1.114628e+01 3.370000e+01
      vertex   5.242735e+01 1.054799e+01 4.120000e+01
      vertex   5.250000e+01 1.114628e+01 4.120000e+01
    endloop
  endfacet
  facet normal -9.927089e-01 -1.205367e-01 0.000000e+00
    outer loop
      vertex   5.250000e+01 1.114628e+01 3.370000e+01
      vertex   5.250000e+01 1.114628e+01 4.120000e+01
      vertex   5.242735e+01 1.174457e+01 3.370000e+01
    endloop
  endfacet
  facet normal -9.927089e-01 -1.205367e-01 0.000000e+00
    outer loop
      vertex   5.242735e+01 1.174457e+01 3.370000e+01
      vertex   5.250000e+01 1.114628e+01 4.120000e+01
      vertex   5.242735e+01 1.174457e+01 4.120000e+01
    endloop
  endfacet
  facet normal -9.350162e-01 -3.546049e-01 0.000000e+00
    outer loop
      vertex   5.242735e+01 1.174457e+01 3.370000e+01
      vertex   5.242735e+01 1.174457e+01 4.120000e+01
      vertex   5.221364e+01 1.230809e+01 3.370000e+01
    endloop
  endfacet
  facet normal -9.350162e-01 -3.546049e-01 0.000000e+00
    outer loop
      vertex   5.221364e+01 1.230809e+01 3.370000e+01
      vertex   5.242735e+01 1.174457e+01 4.120000e+01
      vertex   5.221364e+01 1.230809e+01 4.120000e+01
    endloop
  endfacet
  facet normal -8.229839e-01 -5.680647e-01 0.000000e+00
    outer loop
      vertex   5.221364e+01 1.230809e+01 3.370000e+01
      vertex   5.221364e+01 1.230809e+01 4.120000e+01
      vertex   5.187128e+01 1.280409e+01 3.370000e+01
    endloop
  endfacet
  facet normal -8.229839e-01 -5.680647e-01 1.345448e-16
    outer loop
      vertex   5.187128e+01 1.280409e+01 3.370000e+01
      vertex   5.221364e+01 1.230809e+01 4.120000e+01
      vertex   5.187128e+01 1.280409e+01 4.120000e+01
    endloop
  endfacet
  facet normal -6.631227e-01 -7.485107e-01 1.772830e-16
    outer loop
      vertex   5.187128e+01 1.280409e+01 3.370000e+01
      vertex   5.187128e+01 1.280409e+01 4.120000e+01
      vertex   5.142016e+01 1.320374e+01 3.370000e+01
    endloop
  endfacet
  facet normal -6.631227e-01 -7.485107e-01 0.000000e+00
    outer loop
      vertex   5.142016e+01 1.320374e+01 3.370000e+01
      vertex   5.187128e+01 1.280409e+01 4.120000e+01
      vertex   5.142016e+01 1.320374e+01 4.120000e+01
    endloop
  endfacet
  facet normal -4.647232e-01 -8.854560e-01 0.000000e+00
    outer loop
      vertex   5.142016e+01 1.320374e+01 3.370000e+01
      vertex   5.142016e+01 1.320374e+01 4.120000e+01
      vertex   5.088651e+01 1.348382e+01 3.370000e+01
    endloop
  endfacet
  facet normal -4.647232e-01 -8.854560e-01 -2.097181e-16
    outer loop
      vertex   5.088651e+01 1.348382e+01 3.370000e+01
      vertex   5.142016e+01 1.320374e+01 4.120000e+01
      vertex   5.088651e+01 1.348382e+01 4.120000e+01
    endloop
  endfacet
  facet normal -2.393157e-01 -9.709418e-01 -2.299652e-16
    outer loop
      vertex   5.088651e+01 1.348382e+01 3.370000e+01
      vertex   5.088651e+01 1.348382e+01 4.120000e+01
      vertex   5.030134e+01 1.362805e+01 3.370000e+01
    endloop
  endfacet
  facet normal -2.393157e-01 -9.709418e-01 0.000000e+00
    outer loop
      vertex   5.030134e+01 1.362805e+01 3.370000e+01
      vertex   5.088651e+01 1.348382e+01 4.120000e+01
      vertex   5.030134e+01 1.362805e+01 4.120000e+01
    endloop
  endfacet
  facet normal 0.000000e+00 -1.000000e+00 0.000000e+00
    outer loop
      vertex   5.030134e+01 1.362805e+01 3.370000e+01
      vertex   5.030134e+01 1.362805e+01 4.120000e+01
      vertex   4.969866e+01 1.362805e+01 3.370000e+01
    endloop
  endfacet
  facet normal 0.000000e+00 -1.000000e+00 0.000000e+00
    outer loop
      vertex   4.969866e+01 1.362805e+01 3.370000e+01
      vertex   5.030134e+01 1.362805e+01 4.120000e+01
      vertex   4.969866e+01 1.362805e+01 4.120000e+01
    endloop
  endfacet
  facet normal 2.393157e-01 -9.709418e-01 0.000000e+00
    outer loop
      vertex   4.969866e+01 1.362805e+01 3.370000e+01
      vertex   4.969866e+01 1.362805e+01 4.120000e+01
      vertex   4.911349e+01 1.348382e+01 3.370000e+01
    endloop
  endfacet
  facet normal 2.393157e-01 -9.709418e-01 4.599304e-16
    outer loop
      vertex   4.911349e+01 1.348382e+01 3.370000e+01
      vertex   4.969866e+01 1.362805e+01 4.120000e+01
      vertex   4.911349e+01 1.348382e+01 4.120000e+01
    endloop
  endfacet
  facet normal 4.647232e-01 -8.854560e-01 4.194362e-16
    outer loop
      vertex   4.911349e+01 1.348382e+01 3.370000e+01
      vertex   4.911349e+01 1.348382e+01 4.120000e+01
      vertex   4.857984e+01 1.320374e+01 3.370000e+01
    endloop
  endfacet
  facet normal 4.647232e-01 -8.854560e-01 0.000000e+00
    outer loop
      vertex   4.857984e+01 1.320374e+01 3.370000e+01
      vertex   4.911349e+01 1.348382e+01 4.120000e+01
      vertex   4.857984e+01 1.320374e+01 4.120000e+01
    endloop
  endfacet
  facet normal 6.631227e-01 -7.485107e-01 0.000000e+00
    outer loop
      vertex   4.857984e+01 1.320374e+01 3.370000e+01
      vertex   4.857984e+01 1.320374e+01 4.120000e+01
      vertex   4.812872e+01 1.280409e+01 3.370000e+01
    endloop
  endfacet
  facet normal 6.631227e-01 -7.485107e-01 3.545659e-16
    outer loop
      vertex   4.812872e+01 1.280409e+01 3.370000e+01
      vertex   4.857984e+01 1.320374e+01 4.120000e+01
      vertex   4.812872e+01 1.280409e+01 4.120000e+01
    endloop
  endfacet
  facet normal 8.229839e-01 -5.680647e-01 2.690895e-16
    outer loop
      vertex   4.812872e+01 1.280409e+01 3.370000e+01
      vertex   4.812872e+01 1.280409e+01 4.120000e+01
      vertex   4.778636e+01 1.230809e+01 3.370000e+01
    endloop
  endfacet
  facet normal 8.229839e-01 -5.680647e-01 0.000000e+00
    outer loop
      vertex   4.778636e+01 1.230809e+01 3.370000e+01
      vertex   4.812872e+01 1.280409e+01 4.120000e+01
      vertex   4.778636e+01 1.230809e+01 4.120000e+01
    endloop
  endfacet
  facet normal 9.350162e-01 -3.546049e-01 0.000000e+00
    outer loop
      vertex   4.778636e+01 1.230809e+01 3.370000e+01
      vertex   4.778636e+01 1.230809e+01 4.120000e+01
      vertex   4.757265e+01 1.174457e+01 3.370000e+01
    endloop
  endfacet
  facet normal 9.350162e-01 -3.546049e-01 0.000000e+00
    outer loop
      vertex   4.757265e+01 1.174457e+01 3.370000e+01
      vertex   4.778636e+01 1.230809e+01 4.120000e+01
      vertex   4.757265e+01 1.174457e+01 4.120000e+01
    endloop
  endfacet
  facet normal 9.927089e-01 1.205367e-01 0.000000e+00
    outer loop
      vertex   4.757265e+01 1.054799e+01 4.870000e+01
      vertex   4.757265e+01 1.054799e+01 4.120000e+01
      vertex   4.750000e+01 1.114628e+01 4.870000e+01
    endloop
  endfacet
  facet normal 9.927089e-01 1.205367e-01 0.000000e+00
    outer loop
      vertex   4.750000e+01 1.114628e+01 4.870000e+01
      vertex   4.757265e+01 1.054799e+01 4.120000e+01
      vertex   4.750000e+01 1.114628e+01 4.120000e+01
    endloop
  endfacet
  facet normal 9.927089e-01 -1.205367e-01 0.000000e+00
    outer loop
      vertex   4.750000e+01 1.114628e+01 4.870000e+01
      vertex   4.750000e+01 1.114628e+01 4.120000e+01
      vertex   4.757265e+01 1.174457e+01 4.870000e+01
    endloop
  endfacet
  facet normal 9.927089e-01 -1.205367e-01 0.000000e+00
    outer loop
      vertex   4.757265e+01 1.174457e+01 4.870000e+01
      vertex   4.750000e+01 1.114628e+01 4.120000e+01
      vertex   4.757265e+01 1.174457e+01 4.120000e+01
    endloop
  endfacet
  facet normal 9.350162e-01 -3.546049e-01 0.000000e+00
    outer loop
      vertex   4.757265e+01 1.174457e+01 4.870000e+01
      vertex   4.757265e+01 1.174457e+01 4.120000e+01
      vertex   4.778636e+01 1.230809e+01 4.870000e+01
    endloop
  endfacet
  facet normal 9.350162e-01 -3.546049e-01 0.000000e+00
    outer loop
      vertex   4.778636e+01 1.230809e+01 4.870000e+01
      vertex   4.757265e+01 1.174457e+01 4.120000e+01
      vertex   4.778636e+01 1.230809e+01 4.120000e+01
    endloop
  endfacet
  facet normal 8.229839e-01 -5.680647e-01 0.000000e+00
    outer loop
      vertex   4.778636e+01 1.230809e+01 4.870000e+01
      vertex   4.778636e+01 1.230809e+01 4.120000e+01
      vertex   4.812872e+01 1.280409e+01 4.870000e+01
    endloop
  endfacet
  facet normal 8.229839e-01 -5.680647e-01 -2.690895e-16
    outer loop
      vertex   4.812872e+01 1.280409e+01 4.870000e+01
      vertex   4.778636e+01 1.230809e+01 4.120000e+01
      vertex   4.812872e+01 1.280409e+01 4.120000e+01
    endloop
  endfacet
  facet normal 6.631227e-01 -7.485107e-01 -3.545659e-16
    outer loop
      vertex   4.812872e+01 1.280409e+01 4.870000e+01
      vertex   4.812872e+01 1.280409e+01 4.120000e+01
      vertex   4.857984e+01 1.320374e+01 4.870000e+01
    endloop
  endfacet
  facet normal 6.631227e-01 -7.485107e-01 0.000000e+00
    outer loop
      vertex   4.857984e+01 1.320374e+01 4.870000e+01
      vertex   4.812872e+01 1.280409e+01 4.120000e+01
      vertex   4.857984e+01 1.320374e+01 4.120000e+01
    endloop
  endfacet
  facet normal 4.647232e-01 -8.854560e-01 0.000000e+00
    outer loop
      vertex   4.857984e+01 1.320374e+01 4.870000e+01
      vertex   4.857984e+01 1.320374e+01 4.120000e+01
      vertex   4.911349e+01 1.348382e+01 4.870000e+01
    endloop
  endfacet
  facet normal 4.647232e-01 -8.854560e-01 -4.194362e-16
    outer loop
      vertex   4.911349e+01 1.348382e+01 4.870000e+01
      vertex   4.857984e+01 1.320374e+01 4.120000e+01
      vertex   4.911349e+01 1.348382e+01 4.120000e+01
    endloop
  endfacet
  facet normal 2.393157e-01 -9.709418e-01 -4.599304e-16
    outer loop
      vertex   4.911349e+01 1.348382e+01 4.870000e+01
      vertex   4.911349e+01 1.348382e+01 4.120000e+01
      vertex   4.969866e+01 1.362805e+01 4.870000e+01
    endloop
  endfacet
  facet normal 2.393157e-01 -9.709418e-01 0.000000e+00
    outer loop
      vertex   4.969866e+01 1.362805e+01 4.870000e+01
      vertex   4.911349e+01 1.348382e+01 4.120000e+01
      vertex   4.969866e+01 1.362805e+01 4.120000e+01
    endloop
  endfacet
  facet normal 0.000000e+00 -1.000000e+00 0.000000e+00
    outer loop
      vertex   4.969866e+01 1.362805e+01 4.870000e+01
      vertex   4.969866e+01 1.362805e+01 4.120000e+01
      vertex   5.030134e+01 1.362805e+01 4.870000e+01
    endloop
  endfacet
  facet normal 0.000000e+00 -1.000000e+00 -0.000000e+00
    outer loop
      vertex   5.030134e+01 1.362805e+01 4.870000e+01
      vertex   4.969866e+01 1.362805e+01 4.120000e+01
      vertex   5.030134e+01 1.362805e+01 4.120000e+01
    endloop
  endfacet
  facet normal -2.393157e-01 -9.709418e-01 -0.000000e+00
    outer loop
      vertex   5.030134e+01 1.362805e+01 4.870000e+01
      vertex   5.030134e+01 1.362805e+01 4.120000e+01
      vertex   5.088651e+01 1.348382e+01 4.870000e+01
    endloop
  endfacet
  facet normal -2.393157e-01 -9.709418e-01 2.299652e-16
    outer loop
      vertex   5.088651e+01 1.348382e+01 4.870000e+01
      vertex   5.030134e+01 1.362805e+01 4.120000e+01
      vertex   5.088651e+01 1.348382e+01 4.120000e+01
    endloop
  endfacet
  facet normal -4.647232e-01 -8.854560e-01 2.097181e-16
    outer loop
      vertex   5.088651e+01 1.348382e+01 4.870000e+01
      vertex   5.088651e+01 1.348382e+01 4.120000e+01
      vertex   5.142016e+01 1.320374e+01 4.870000e+01
    endloop
  endfacet
  facet normal -4.647232e-01 -8.854560e-01 -0.000000e+00
    outer loop
      vertex   5.142016e+01 1.320374e+01 4.870000e+01
      vertex   5.088651e+01 1.348382e+01 4.120000e+01
      vertex   5.142016e+01 1.320374e+01 4.120000e+01
    endloop
  endfacet
  facet normal -6.631227e-01 -7.485107e-01 -0.000000e+00
    outer loop
      vertex   5.142016e+01 1.320374e+01 4.870000e+01
      vertex   5.142016e+01 1.320374e+01 4.120000e+01
      vertex   5.187128e+01 1.280409e+01 4.870000e+01
    endloop
  endfacet
  facet normal -6.631227e-01 -7.485107e-01 -1.772830e-16
    outer loop
      vertex   5.187128e+01 1.280409e+01 4.870000e+01
      vertex   5.142016e+01 1.320374e+01 4.120000e+01
      vertex   5.187128e+01 1.280409e+01 4.120000e+01
    endloop
  endfacet
  facet normal -8.229839e-01 -5.680647e-01 -1.345448e-16
    outer loop
      vertex   5.187128e+01 1.280409e+01 4.870000e+01
      vertex   5.187128e+01 1.280409e+01 4.120000e+01
      vertex   5.221364e+01 1.230809e+01 4.870000e+01
    endloop
  endfacet
  facet normal -8.229839e-01 -5.680647e-01 -0.000000e+00
    outer loop
      vertex   5.221364e+01 1.230809e+01 4.870000e+01
      vertex   5.187128e+01 1.280409e+01 4.120000e+01
      vertex   5.221364e+01 1.230809e+01 4.120000e+01
    endloop
  endfacet
  facet normal -9.350162e-01 -3.546049e-01 -0.000000e+00
    outer loop
      vertex   5.221364e+01 1.230809e+01 4.870000e+01
      vertex   5.221364e+01 1.230809e+01 4.120000e+01
      vertex   5.242735e+01 1.174457e+01 4.870000e+01
    endloop
  endfacet
  facet normal -9.350162e-01 -3.546049e-01 -0.000000e+00
    outer loop
      vertex   5.242735e+01 1.174457e+01 4.870000e+01
      vertex   5.221364e+01 1.230809e+01 4.120000e+01
      vertex   5.242735e+01 1.174457e+01 4.120000e+01
    endloop
  endfacet
  facet normal -9.927089e-01 -1.205367e-01 -0.000000e+00
    outer loop
      vertex   5.242735e+01 1.174457e+01 4.870000e+01
      vertex   5.242735e+01 1.174457e+01 4.120000e+01
      vertex   5.250000e+01 1.114628e+01 4.870000e+01
    endloop
  endfacet
  facet normal -9.927089e-01 -1.205367e-01 -0.000000e+00
    outer loop
      vertex   5.250000e+01 1.114628e+01 4.870000e+01
      vertex   5.242735e+01 1.174457e+01 4.120000e+01
      vertex   5.250000e+01 1.114628e+01 4.120000e+01
    endloop
  endfacet
  facet normal -9.927089e-01 1.205367e-01 0.000000e+00
    outer loop
      vertex   5.250000e+01 1.114628e+01 4.870000e+01
      vertex   5.250000e+01 1.114628e+01 4.120000e+01
      vertex   5.242735e+01 1.054799e+01 4.870000e+01
    endloop
  endfacet
  facet normal -9.927089e-01 1.205367e-01 0.000000e+00
    outer loop
      vertex   5.242735e+01 1.054799e+01 4.870000e+01
      vertex   5.250000e+01 1.114628e+01 4.120000e+01
      vertex   5.242735e+01 1.054799e+01 4.120000e+01
    endloop
  endfacet
  facet normal -9.350162e-01 3.546049e-01 0.000000e+00
    outer loop
      vertex   5.242735e+01 1.054799e+01 4.870000e+01
      vertex   5.242735e+01 1.054799e+01 4.120000e+01
      vertex   5.221364e+01 9.984472e+00 4.870000e+01
    endloop
  endfacet
  facet normal -9.350162e-01 3.546049e-01 -8.398731e-17
    outer loop
      vertex   5.221364e+01 9.984472e+00 4.870000e+01
      vertex   5.242735e+01 1.054799e+01 4.120000e+01
      vertex   5.221364e+01 9.984472e+00 4.120000e+01
    endloop
  endfacet
  facet normal -8.229839e-01 5.680647e-01 -1.345448e-16
    outer loop
      vertex   5.221364e+01 9.984472e+00 4.870000e+01
      vertex   5.221364e+01 9.984472e+00 4.120000e+01
      vertex   5.187128e+01 9.488473e+00 4.870000e+01
    endloop
  endfacet
  facet normal -8.229839e-01 5.680647e-01 -1.345448e-16
    outer loop
      vertex   5.187128e+01 9.488473e+00 4.870000e+01
      vertex   5.221364e+01 9.984472e+00 4.120000e+01
      vertex   5.187128e+01 9.488473e+00 4.120000e+01
    endloop
  endfacet
  facet normal -6.631227e-01 7.485107e-01 -1.772830e-16
    outer loop
      vertex   5.187128e+01 9.488473e+00 4.870000e+01
      vertex   5.187128e+01 9.488473e+00 4.120000e+01
      vertex   5.142016e+01 9.088820e+00 4.870000e+01
    endloop
  endfacet
  facet normal -6.631227e-01 7.485107e-01 0.000000e+00
    outer loop
      vertex   5.142016e+01 9.088820e+00 4.870000e+01
      vertex   5.187128e+01 9.488473e+00 4.120000e+01
      vertex   5.142016e+01 9.088820e+00 4.120000e+01
    endloop
  endfacet
  facet normal -4.647232e-01 8.854560e-01 0.000000e+00
    outer loop
      vertex   5.142016e+01 9.088820e+00 4.870000e+01
      vertex   5.142016e+01 9.088820e+00 4.120000e+01
      vertex   5.088651e+01 8.808739e+00 4.870000e+01
    endloop
  endfacet
  facet normal -4.647232e-01 8.854560e-01 -2.097181e-16
    outer loop
      vertex   5.088651e+01 8.808739e+00 4.870000e+01
      vertex   5.142016e+01 9.088820e+00 4.120000e+01
      vertex   5.088651e+01 8.808739e+00 4.120000e+01
    endloop
  endfacet
  facet normal -2.393157e-01 9.709418e-01 -2.299652e-16
    outer loop
      vertex   5.088651e+01 8.808739e+00 4.870000e+01
      vertex   5.088651e+01 8.808739e+00 4.120000e+01
      vertex   5.030134e+01 8.664507e+00 4.870000e+01
    endloop
  endfacet
  facet normal -2.393157e-01 9.709418e-01 0.000000e+00
    outer loop
      vertex   5.030134e+01 8.664507e+00 4.870000e+01
      vertex   5.088651e+01 8.808739e+00 4.120000e+01
      vertex   5.030134e+01 8.664507e+00 4.120000e+01
    endloop
  endfacet
  facet normal 0.000000e+00 1.000000e+00 0.000000e+00
    outer loop
      vertex   5.030134e+01 8.664507e+00 4.870000e+01
      vertex   5.030134e+01 8.664507e+00 4.120000e+01
      vertex   4.969866e+01 8.664507e+00 4.870000e+01
    endloop
  endfacet
  facet normal 0.000000e+00 1.000000e+00 0.000000e+00
    outer loop
      vertex   4.969866e+01 8.664507e+00 4.870000e+01
      vertex   5.030134e+01 8.664507e+00 4.120000e+01
      vertex   4.969866e+01 8.664507e+00 4.120000e+01
    endloop
  endfacet
  facet normal 2.393157e-01 9.709418e-01 0.000000e+00
    outer loop
      vertex   4.969866e+01 8.664507e+00 4.870000e+01
      vertex   4.969866e+01 8.664507e+00 4.120000e+01
      vertex   4.911349e+01 8.808739e+00 4.870000e+01
    endloop
  endfacet
  facet normal 2.393157e-01 9.709418e-01 2.299652e-16
    outer loop
      vertex   4.911349e+01 8.808739e+00 4.870000e+01
      vertex   4.969866e+01 8.664507e+00 4.120000e+01
      vertex   4.911349e+01 8.808739e+00 4.120000e+01
    endloop
  endfacet
  facet normal 4.647232e-01 8.854560e-01 2.097181e-16
    outer loop
      vertex   4.911349e+01 8.808739e+00 4.870000e+01
      vertex   4.911349e+01 8.808739e+00 4.120000e+01
      vertex   4.857984e+01 9.088820e+00 4.870000e+01
    endloop
  endfacet
  facet normal 4.647232e-01 8.854560e-01 0.000000e+00
    outer loop
      vertex   4.857984e+01 9.088820e+00 4.870000e+01
      vertex   4.911349e+01 8.808739e+00 4.120000e+01
      vertex   4.857984e+01 9.088820e+00 4.120000e+01
    endloop
  endfacet
  facet normal 6.631227e-01 7.485107e-01 0.000000e+00
    outer loop
      vertex   4.857984e+01 9.088820e+00 4.870000e+01
      vertex   4.857984e+01 9.088820e+00 4.120000e+01
      vertex   4.812872e+01 9.488473e+00 4.870000e+01
    endloop
  endfacet
  facet normal 6.631227e-01 7.485107e-01 0.000000e+00
    outer loop
      vertex   4.812872e+01 9.488473e+00 4.870000e+01
      vertex   4.857984e+01 9.088820e+00 4.120000e+01
      vertex   4.812872e+01 9.488473e+00 4.120000e+01
    endloop
  endfacet
  facet normal 8.229839e-01 5.680647e-01 0.000000e+00
    outer loop
      vertex   4.812872e+01 9.488473e+00 4.870000e+01
      vertex   4.812872e+01 9.488473e+00 4.120000e+01
      vertex   4.778636e+01 9.984472e+00 4.870000e+01
    endloop
  endfacet
  facet normal 8.229839e-01 5.680647e-01 -1.345448e-16
    outer loop
      vertex   4.778636e+01 9.984472e+00 4.870000e+01
      vertex   4.812872e+01 9.488473e+00 4.120000e+01
      vertex   4.778636e+01 9.984472e+00 4.120000e+01
    endloop
  endfacet
  facet normal 9.350162e-01 3.546049e-01 -8.398731e-17
    outer loop
      vertex   4.778636e+01 9.984472e+00 4.870000e+01
      vertex   4.778636e+01 9.984472e+00 4.120000e+01
      vertex   4.757265e+01 1.054799e+01 4.870000e+01
    endloop
  endfacet
  facet normal 9.350162e-01 3.546049e-01 0.000000e+00
    outer loop
      vertex   4.757265e+01 1.054799e+01 4.870000e+01
      vertex   4.778636e+01 9.984472e+00 4.120000e+01
      vertex   4.757265e+01 1.054799e+01 4.120000e+01
    endloop
  endfacet
  facet normal -9.914449e-01 -1.305262e-01 -1.006377e-15
    outer loop
      vertex   5.135230e+01 1.150863e+01 5.570000e+01
      vertex   5.135230e+01 1.150863e+01 4.870000e+01
      vertex   5.140000e+01 1.114628e+01 5.570000e+01
    endloop
  endfacet
  facet normal -9.914449e-01 -1.305262e-01 -0.000000e+00
    outer loop
      vertex   5.140000e+01 1.114628e+01 5.570000e+01
      vertex   5.135230e+01 1.150863e+01 4.870000e+01
      vertex   5.140000e+01 1.114628e+01 4.870000e+01
    endloop
  endfacet
  facet normal -9.914449e-01 1.305262e-01 0.000000e+00
    outer loop
      vertex   5.140000e+01 1.114628e+01 5.570000e+01
      vertex   5.140000e+01 1.114628e+01 4.870000e+01
      vertex   5.135230e+01 1.078393e+01 5.570000e+01
    endloop
  endfacet
  facet normal -9.914449e-01 1.305262e-01 1.006377e-15
    outer loop
      vertex   5.135230e+01 1.078393e+01 5.570000e+01
      vertex   5.140000e+01 1.114628e+01 4.870000e+01
      vertex   5.135230e+01 1.078393e+01 4.870000e+01
    endloop
  endfacet
  facet normal -9.238795e-01 3.826834e-01 9.377941e-16
    outer loop
      vertex   5.135230e+01 1.078393e+01 5.570000e+01
      vertex   5.135230e+01 1.078393e+01 4.870000e+01
      vertex   5.121244e+01 1.044628e+01 5.570000e+01
    endloop
  endfacet
  facet normal -9.238795e-01 3.826834e-01 0.000000e+00
    outer loop
      vertex   5.121244e+01 1.044628e+01 5.570000e+01
      vertex   5.135230e+01 1.078393e+01 4.870000e+01
      vertex   5.121244e+01 1.044628e+01 4.870000e+01
    endloop
  endfacet
  facet normal -7.933533e-01 6.087614e-01 0.000000e+00
    outer loop
      vertex   5.121244e+01 1.044628e+01 5.570000e+01
      vertex   5.121244e+01 1.044628e+01 4.870000e+01
      vertex   5.098995e+01 1.015633e+01 5.570000e+01
    endloop
  endfacet
  facet normal -7.933533e-01 6.087614e-01 0.000000e+00
    outer loop
      vertex   5.098995e+01 1.015633e+01 5.570000e+01
      vertex   5.121244e+01 1.044628e+01 4.870000e+01
      vertex   5.098995e+01 1.015633e+01 4.870000e+01
    endloop
  endfacet
  facet normal -6.087614e-01 7.933533e-01 0.000000e+00
    outer loop
      vertex   5.098995e+01 1.015633e+01 5.570000e+01
      vertex   5.098995e+01 1.015633e+01 4.870000e+01
      vertex   5.070000e+01 9.933844e+00 5.570000e+01
    endloop
  endfacet
  facet normal -6.087614e-01 7.933533e-01 0.000000e+00
    outer loop
      vertex   5.070000e+01 9.933844e+00 5.570000e+01
      vertex   5.098995e+01 1.015633e+01 4.870000e+01
      vertex   5.070000e+01 9.933844e+00 4.870000e+01
    endloop
  endfacet
  facet normal -3.826834e-01 9.238795e-01 0.000000e+00
    outer loop
      vertex   5.070000e+01 9.933844e+00 5.570000e+01
      vertex   5.070000e+01 9.933844e+00 4.870000e+01
      vertex   5.036235e+01 9.793984e+00 5.570000e+01
    endloop
  endfacet
  facet normal -3.826834e-01 9.238795e-01 3.884470e-16
    outer loop
      vertex   5.036235e+01 9.793984e+00 5.570000e+01
      vertex   5.070000e+01 9.933844e+00 4.870000e+01
      vertex   5.036235e+01 9.793984e+00 4.870000e+01
    endloop
  endfacet
  facet normal -1.305262e-01 9.914449e-01 1.324921e-16
    outer loop
      vertex   5.036235e+01 9.793984e+00 5.570000e+01
      vertex   5.036235e+01 9.793984e+00 4.870000e+01
      vertex   5.000000e+01 9.746280e+00 5.570000e+01
    endloop
  endfacet
  facet normal -1.305262e-01 9.914449e-01 0.000000e+00
    outer loop
      vertex   5.000000e+01 9.746280e+00 5.570000e+01
      vertex   5.036235e+01 9.793984e+00 4.870000e+01
      vertex   5.000000e+01 9.746280e+00 4.870000e+01
    endloop
  endfacet
  facet normal 1.305262e-01 9.914449e-01 0.000000e+00
    outer loop
      vertex   5.000000e+01 9.746280e+00 5.570000e+01
      vertex   5.000000e+01 9.746280e+00 4.870000e+01
      vertex   4.963765e+01 9.793984e+00 5.570000e+01
    endloop
  endfacet
  facet normal 1.305262e-01 9.914449e-01 0.000000e+00
    outer loop
      vertex   4.963765e+01 9.793984e+00 5.570000e+01
      vertex   5.000000e+01 9.746280e+00 4.870000e+01
      vertex   4.963765e+01 9.793984e+00 4.870000e+01
    endloop
  endfacet
  facet normal 3.826834e-01 9.238795e-01 0.000000e+00
    outer loop
      vertex   4.963765e+01 9.793984e+00 5.570000e+01
      vertex   4.963765e+01 9.793984e+00 4.870000e+01
      vertex   4.930000e+01 9.933844e+00 5.570000e+01
    endloop
  endfacet
  facet normal 3.826834e-01 9.238795e-01 0.000000e+00
    outer loop
      vertex   4.930000e+01 9.933844e+00 5.570000e+01
      vertex   4.963765e+01 9.793984e+00 4.870000e+01
      vertex   4.930000e+01 9.933844e+00 4.870000e+01
    endloop
  endfacet
  facet normal 6.087614e-01 7.933533e-01 0.000000e+00
    outer loop
      vertex   4.930000e+01 9.933844e+00 5.570000e+01
      vertex   4.930000e+01 9.933844e+00 4.870000e+01
      vertex   4.901005e+01 1.015633e+01 5.570000e+01
    endloop
  endfacet
  facet normal 6.087614e-01 7.933533e-01 0.000000e+00
    outer loop
      vertex   4.901005e+01 1.015633e+01 5.570000e+01
      vertex   4.930000e+01 9.933844e+00 4.870000e+01
      vertex   4.901005e+01 1.015633e+01 4.870000e+01
    endloop
  endfacet
  facet normal 7.933533e-01 6.087614e-01 0.000000e+00
    outer loop
      vertex   4.901005e+01 1.015633e+01 5.570000e+01
      vertex   4.901005e+01 1.015633e+01 4.870000e+01
      vertex   4.878756e+01 1.044628e+01 5.570000e+01
    endloop
  endfacet
  facet normal 7.933533e-01 6.087614e-01 0.000000e+00
    outer loop
      vertex   4.878756e+01 1.044628e+01 5.570000e+01
      vertex   4.901005e+01 1.015633e+01 4.870000e+01
      vertex   4.878756e+01 1.044628e+01 4.870000e+01
    endloop
  endfacet
  facet normal 9.238795e-01 3.826834e-01 0.000000e+00
    outer loop
      vertex   4.878756e+01 1.044628e+01 5.570000e+01
      vertex   4.878756e+01 1.044628e+01 4.870000e+01
      vertex   4.864770e+01 1.078393e+01 5.570000e+01
    endloop
  endfacet
  facet normal 9.238795e-01 3.826834e-01 0.000000e+00
    outer loop
      vertex   4.864770e+01 1.078393e+01 5.570000e+01
      vertex   4.878756e+01 1.044628e+01 4.870000e+01
      vertex   4.864770e+01 1.078393e+01 4.870000e+01
    endloop
  endfacet
  facet normal 9.914449e-01 1.305262e-01 0.000000e+00
    outer loop
      vertex   4.864770e+01 1.078393e+01 5.570000e+01
      vertex   4.864770e+01 1.078393e+01 4.870000e+01
      vertex   4.860000e+01 1.114628e+01 5.570000e+01
    endloop
  endfacet
  facet normal 9.914449e-01 1.305262e-01 0.000000e+00
    outer loop
      vertex   4.860000e+01 1.114628e+01 5.570000e+01
      vertex   4.864770e+01 1.078393e+01 4.870000e+01
      vertex   4.860000e+01 1.114628e+01 4.870000e+01
    endloop
  endfacet
  facet normal 9.914449e-01 -1.305262e-01 0.000000e+00
    outer loop
      vertex   4.860000e+01 1.114628e+01 5.570000e+01
      vertex   4.860000e+01 1.114628e+01 4.870000e+01
      vertex   4.864770e+01 1.150863e+01 5.570000e+01
    endloop
  endfacet
  facet normal 9.914449e-01 -1.305262e-01 0.000000e+00
    outer loop
      vertex   4.864770e+01 1.150863e+01 5.570000e+01
      vertex   4.860000e+01 1.114628e+01 4.870000e+01
      vertex   4.864770e+01 1.150863e+01 4.870000e+01
    endloop
  endfacet
  facet normal 9.238795e-01 -3.826834e-01 0.000000e+00
    outer loop
      vertex   4.864770e+01 1.150863e+01 5.570000e+01
      vertex   4.864770e+01 1.150863e+01 4.870000e+01
      vertex   4.878756e+01 1.184628e+01 5.570000e+01
    endloop
  endfacet
  facet normal 9.238795e-01 -3.826834e-01 0.000000e+00
    outer loop
      vertex   4.878756e+01 1.184628e+01 5.570000e+01
      vertex   4.864770e+01 1.150863e+01 4.870000e+01
      vertex   4.878756e+01 1.184628e+01 4.870000e+01
    endloop
  endfacet
  facet normal 7.933533e-01 -6.087614e-01 0.000000e+00
    outer loop
      vertex   4.878756e+01 1.184628e+01 5.570000e+01
      vertex   4.878756e+01 1.184628e+01 4.870000e+01
      vertex   4.901005e+01 1.213623e+01 5.570000e+01
    endloop
  endfacet
  facet normal 7.933533e-01 -6.087614e-01 0.000000e+00
    outer loop
      vertex   4.901005e+01 1.213623e+01 5.570000e+01
      vertex   4.878756e+01 1.184628e+01 4.870000e+01
      vertex   4.901005e+01 1.213623e+01 4.870000e+01
    endloop
  endfacet
  facet normal 6.087614e-01 -7.933533e-01 0.000000e+00
    outer loop
      vertex   4.901005e+01 1.213623e+01 5.570000e+01
      vertex   4.901005e+01 1.213623e+01 4.870000e+01
      vertex   4.930000e+01 1.235872e+01 5.570000e+01
    endloop
  endfacet
  facet normal 6.087614e-01 -7.933533e-01 0.000000e+00
    outer loop
      vertex   4.930000e+01 1.235872e+01 5.570000e+01
      vertex   4.901005e+01 1.213623e+01 4.870000e+01
      vertex   4.930000e+01 1.235872e+01 4.870000e+01
    endloop
  endfacet
  facet normal 3.826834e-01 -9.238795e-01 0.000000e+00
    outer loop
      vertex   4.930000e+01 1.235872e+01 5.570000e+01
      vertex   4.930000e+01 1.235872e+01 4.870000e+01
      vertex   4.963765e+01 1.249858e+01 5.570000e+01
    endloop
  endfacet
  facet normal 3.826834e-01 -9.238795e-01 0.000000e+00
    outer loop
      vertex   4.963765e+01 1.249858e+01 5.570000e+01
      vertex   4.930000e+01 1.235872e+01 4.870000e+01
      vertex   4.963765e+01 1.249858e+01 4.870000e+01
    endloop
  endfacet
  facet normal 1.305262e-01 -9.914449e-01 0.000000e+00
    outer loop
      vertex   4.963765e+01 1.249858e+01 5.570000e+01
      vertex   4.963765e+01 1.249858e+01 4.870000e+01
      vertex   5.000000e+01 1.254628e+01 5.570000e+01
    endloop
  endfacet
  facet normal 1.305262e-01 -9.914449e-01 0.000000e+00
    outer loop
      vertex   5.000000e+01 1.254628e+01 5.570000e+01
      vertex   4.963765e+01 1.249858e+01 4.870000e+01
      vertex   5.000000e+01 1.254628e+01 4.870000e+01
    endloop
  endfacet
  facet normal -1.305262e-01 -9.914449e-01 -0.000000e+00
    outer loop
      vertex   5.000000e+01 1.254628e+01 5.570000e+01
      vertex   5.000000e+01 1.254628e+01 4.870000e+01
      vertex   5.036235e+01 1.249858e+01 5.570000e+01
    endloop
  endfacet
  facet normal -1.305262e-01 -9.914449e-01 -1.324921e-16
    outer loop
      vertex   5.036235e+01 1.249858e+01 5.570000e+01
      vertex   5.000000e+01 1.254628e+01 4.870000e+01
      vertex   5.036235e+01 1.249858e+01 4.870000e+01
    endloop
  endfacet
  facet normal -3.826834e-01 -9.238795e-01 -3.884470e-16
    outer loop
      vertex   5.036235e+01 1.249858e+01 5.570000e+01
      vertex   5.036235e+01 1.249858e+01 4.870000e+01
      vertex   5.070000e+01 1.235872e+01 5.570000e+01
    endloop
  endfacet
  facet normal -3.826834e-01 -9.238795e-01 4.688971e-16
    outer loop
      vertex   5.070000e+01 1.235872e+01 5.570000e+01
      vertex   5.036235e+01 1.249858e+01 4.870000e+01
      vertex   5.070000e+01 1.235872e+01 4.870000e+01
    endloop
  endfacet
  facet normal -6.087614e-01 -7.933533e-01 4.026510e-16
    outer loop
      vertex   5.070000e+01 1.235872e+01 5.570000e+01
      vertex   5.070000e+01 1.235872e+01 4.870000e+01
      vertex   5.098995e+01 1.213623e+01 5.570000e+01
    endloop
  endfacet
  facet normal -6.087614e-01 -7.933533e-01 -0.000000e+00
    outer loop
      vertex   5.098995e+01 1.213623e+01 5.570000e+01
      vertex   5.070000e+01 1.235872e+01 4.870000e+01
      vertex   5.098995e+01 1.213623e+01 4.870000e+01
    endloop
  endfacet
  facet normal -7.933533e-01 -6.087614e-01 -0.000000e+00
    outer loop
      vertex   5.098995e+01 1.213623e+01 5.570000e+01
      vertex   5.098995e+01 1.213623e+01 4.870000e+01
      vertex   5.121244e+01 1.184628e+01 5.570000e+01
    endloop
  endfacet
  facet normal -7.933533e-01 -6.087614e-01 -0.000000e+00
    outer loop
      vertex   5.121244e+01 1.184628e+01 5.570000e+01
      vertex   5.098995e+01 1.213623e+01 4.870000e+01
      vertex   5.121244e+01 1.184628e+01 4.870000e+01
    endloop
  endfacet
  facet normal -9.238795e-01 -3.826834e-01 -0.000000e+00
    outer loop
      vertex   5.121244e+01 1.184628e+01 5.570000e+01
      vertex   5.121244e+01 1.184628e+01 4.870000e+01
      vertex   5.135230e+01 1.150863e+01 5.570000e+01
    endloop
  endfacet
  facet normal -9.238795e-01 -3.826834e-01 -9.377941e-16
    outer loop
      vertex   5.135230e+01 1.150863e+01 5.570000e+01
      vertex   5.121244e+01 1.184628e+01 4.870000e+01
      vertex   5.135230e+01 1.150863e+01 4.870000e+01
    endloop
  endfacet
  facet normal 0.000000e+00 0.000000e+00 -1.000000e+00
    outer loop
      vertex   4.757265e+01 5.825543e+01 4.870000e+01
      vertex   4.750000e+01 5.885372e+01 4.870000e+01
      vertex   4.860000e+01 5.885372e+01 4.870000e+01
    endloop
  endfacet
  facet normal 0.000000e+00 0.000000e+00 -1.000000e+00
    outer loop
      vertex   4.860000e+01 5.885372e+01 4.870000e+01
      vertex   4.750000e+01 5.885372e+01 4.870000e+01
      vertex   4.757265e+01 5.945201e+01 4.870000e+01
    endloop
  endfacet
  facet normal 0.000000e+00 0.000000e+00 -1.000000e+00
    outer loop
      vertex   4.860000e+01 5.885372e+01 4.870000e+01
      vertex   4.757265e+01 5.945201e+01 4.870000e+01
      vertex   4.864770e+01 5.921607e+01 4.870000e+01
    endloop
  endfacet
  facet normal 0.000000e+00 0.000000e+00 -1.000000e+00
    outer loop
      vertex   4.864770e+01 5.921607e+01 4.870000e+01
      vertex   4.757265e+01 5.945201e+01 4.870000e+01
      vertex   4.778636e+01 6.001553e+01 4.870000e+01
    endloop
  endfacet
  facet normal 0.000000e+00 0.000000e+00 -1.000000e+00
    outer loop
      vertex   4.864770e+01 5.921607e+01 4.870000e+01
      vertex   4.778636e+01 6.001553e+01 4.870000e+01
      vertex   4.878756e+01 5.955372e+01 4.870000e+01
    endloop
  endfacet
  facet normal 0.000000e+00 0.000000e+00 -1.000000e+00
    outer loop
      vertex   4.878756e+01 5.955372e+01 4.870000e+01
      vertex   4.778636e+01 6.001553e+01 4.870000e+01
      vertex   4.812872e+01 6.051153e+01 4.870000e+01
    endloop
  endfacet
  facet normal 0.000000e+00 0.000000e+00 -1.000000e+00
    outer loop
      vertex   4.878756e+01 5.955372e+01 4.870000e+01
      vertex   4.812872e+01 6.051153e+01 4.870000e+01
      vertex   4.901005e+01 5.984367e+01 4.870000e+01
    endloop
  endfacet
  facet normal 0.000000e+00 0.000000e+00 -1.000000e+00
    outer loop
      vertex   4.901005e+01 5.984367e+01 4.870000e+01
      vertex   4.812872e+01 6.051153e+01 4.870000e+01
      vertex   4.857984e+01 6.091118e+01 4.870000e+01
    endloop
  endfacet
  facet normal 0.000000e+00 0.000000e+00 -1.000000e+00
    outer loop
      vertex   4.901005e+01 5.984367e+01 4.870000e+01
      vertex   4.857984e+01 6.091118e+01 4.870000e+01
      vertex   4.930000e+01 6.006616e+01 4.870000e+01
    endloop
  endfacet
  facet normal 0.000000e+00 0.000000e+00 -1.000000e+00
    outer loop
      vertex   4.930000e+01 6.006616e+01 4.870000e+01
      vertex   4.857984e+01 6.091118e+01 4.870000e+01
      vertex   4.911349e+01 6.119126e+01 4.870000e+01
    endloop
  endfacet
  facet normal 0.000000e+00 0.000000e+00 -1.000000e+00
    outer loop
      vertex   4.930000e+01 6.006616e+01 4.870000e+01
      vertex   4.911349e+01 6.119126e+01 4.870000e+01
      vertex   4.963765e+01 6.020602e+01 4.870000e+01
    endloop
  endfacet
  facet normal 0.000000e+00 0.000000e+00 -1.000000e+00
    outer loop
      vertex   4.963765e+01 6.020602e+01 4.870000e+01
      vertex   4.911349e+01 6.119126e+01 4.870000e+01
      vertex   4.969866e+01 6.133549e+01 4.870000e+01
    endloop
  endfacet
  facet normal 0.000000e+00 0.000000e+00 -1.000000e+00
    outer loop
      vertex   4.963765e+01 6.020602e+01 4.870000e+01
      vertex   4.969866e+01 6.133549e+01 4.870000e+01
      vertex   5.000000e+01 6.025372e+01 4.870000e+01
    endloop
  endfacet
  facet normal 0.000000e+00 0.000000e+00 -1.000000e+00
    outer loop
      vertex   5.000000e+01 6.025372e+01 4.870000e+01
      vertex   4.969866e+01 6.133549e+01 4.870000e+01
      vertex   5.030134e+01 6.133549e+01 4.870000e+01
    endloop
  endfacet
  facet normal 0.000000e+00 0.000000e+00 -1.000000e+00
    outer loop
      vertex   5.000000e+01 6.025372e+01 4.870000e+01
      vertex   5.030134e+01 6.133549e+01 4.870000e+01
      vertex   5.036235e+01 6.020602e+01 4.870000e+01
    endloop
  endfacet
  facet normal 0.000000e+00 0.000000e+00 -1.000000e+00
    outer loop
      vertex   5.036235e+01 6.020602e+01 4.870000e+01
      vertex   5.030134e+01 6.133549e+01 4.870000e+01
      vertex   5.088651e+01 6.119126e+01 4.870000e+01
    endloop
  endfacet
  facet normal 0.000000e+00 0.000000e+00 -1.000000e+00
    outer loop
      vertex   5.036235e+01 6.020602e+01 4.870000e+01
      vertex   5.088651e+01 6.119126e+01 4.870000e+01
      vertex   5.070000e+01 6.006616e+01 4.870000e+01
    endloop
  endfacet
  facet normal 0.000000e+00 0.000000e+00 -1.000000e+00
    outer loop
      vertex   5.070000e+01 6.006616e+01 4.870000e+01
      vertex   5.088651e+01 6.119126e+01 4.870000e+01
      vertex   5.142016e+01 6.091118e+01 4.870000e+01
    endloop
  endfacet
  facet normal 0.000000e+00 0.000000e+00 -1.000000e+00
    outer loop
      vertex   5.070000e+01 6.006616e+01 4.870000e+01
      vertex   5.142016e+01 6.091118e+01 4.870000e+01
      vertex   5.098995e+01 5.984367e+01 4.870000e+01
    endloop
  endfacet
  facet normal 0.000000e+00 0.000000e+00 -1.000000e+00
    outer loop
      vertex   5.098995e+01 5.984367e+01 4.870000e+01
      vertex   5.142016e+01 6.091118e+01 4.870000e+01
      vertex   5.187128e+01 6.051153e+01 4.870000e+01
    endloop
  endfacet
  facet normal 0.000000e+00 0.000000e+00 -1.000000e+00
    outer loop
      vertex   5.098995e+01 5.984367e+01 4.870000e+01
      vertex   5.187128e+01 6.051153e+01 4.870000e+01
      vertex   5.121244e+01 5.955372e+01 4.870000e+01
    endloop
  endfacet
  facet normal 0.000000e+00 0.000000e+00 -1.000000e+00
    outer loop
      vertex   5.121244e+01 5.955372e+01 4.870000e+01
      vertex   5.187128e+01 6.051153e+01 4.870000e+01
      vertex   5.221364e+01 6.001553e+01 4.870000e+01
    endloop
  endfacet
  facet normal 0.000000e+00 0.000000e+00 -1.000000e+00
    outer loop
      vertex   5.121244e+01 5.955372e+01 4.870000e+01
      vertex   5.221364e+01 6.001553e+01 4.870000e+01
      vertex   5.135230e+01 5.921607e+01 4.870000e+01
    endloop
  endfacet
  facet normal 0.000000e+00 0.000000e+00 -1.000000e+00
    outer loop
      vertex   5.135230e+01 5.921607e+01 4.870000e+01
      vertex   5.221364e+01 6.001553e+01 4.870000e+01
      vertex   5.242735e+01 5.945201e+01 4.870000e+01
    endloop
  endfacet
  facet normal 0.000000e+00 0.000000e+00 -1.000000e+00
    outer loop
      vertex   5.135230e+01 5.921607e+01 4.870000e+01
      vertex   5.242735e+01 5.945201e+01 4.870000e+01
      vertex   5.140000e+01 5.885372e+01 4.870000e+01
    endloop
  endfacet
  facet normal 0.000000e+00 0.000000e+00 -1.000000e+00
    outer loop
      vertex   5.140000e+01 5.885372e+01 4.870000e+01
      vertex   5.242735e+01 5.945201e+01 4.870000e+01
      vertex   5.250000e+01 5.885372e+01 4.870000e+01
    endloop
  endfacet
  facet normal 0.000000e+00 0.000000e+00 -1.000000e+00
    outer loop
      vertex   5.140000e+01 5.885372e+01 4.870000e+01
      vertex   5.250000e+01 5.885372e+01 4.870000e+01
      vertex   5.242735e+01 5.825543e+01 4.870000e+01
    endloop
  endfacet
  facet normal 0.000000e+00 -0.000000e+00 -1.000000e+00
    outer loop
      vertex   5.140000e+01 5.885372e+01 4.870000e+01
      vertex   5.242735e+01 5.825543e+01 4.870000e+01
      vertex   5.135230e+01 5.849137e+01 4.870000e+01
    endloop
  endfacet
  facet normal 0.000000e+00 0.000000e+00 -1.000000e+00
    outer loop
      vertex   5.135230e+01 5.849137e+01 4.870000e+01
      vertex   5.242735e+01 5.825543e+01 4.870000e+01
      vertex   5.221364e+01 5.769191e+01 4.870000e+01
    endloop
  endfacet
  facet normal 0.000000e+00 -0.000000e+00 -1.000000e+00
    outer loop
      vertex   5.135230e+01 5.849137e+01 4.870000e+01
      vertex   5.221364e+01 5.769191e+01 4.870000e+01
      vertex   5.121244e+01 5.815372e+01 4.870000e+01
    endloop
  endfacet
  facet normal 0.000000e+00 0.000000e+00 -1.000000e+00
    outer loop
      vertex   5.121244e+01 5.815372e+01 4.870000e+01
      vertex   5.221364e+01 5.769191e+01 4.870000e+01
      vertex   5.187128e+01 5.719591e+01 4.870000e+01
    endloop
  endfacet
  facet normal 0.000000e+00 -0.000000e+00 -1.000000e+00
    outer loop
      vertex   5.121244e+01 5.815372e+01 4.870000e+01
      vertex   5.187128e+01 5.719591e+01 4.870000e+01
      vertex   5.098995e+01 5.786377e+01 4.870000e+01
    endloop
  endfacet
  facet normal 0.000000e+00 0.000000e+00 -1.000000e+00
    outer loop
      vertex   5.098995e+01 5.786377e+01 4.870000e+01
      vertex   5.187128e+01 5.719591e+01 4.870000e+01
      vertex   5.142016e+01 5.679626e+01 4.870000e+01
    endloop
  endfacet
  facet normal 0.000000e+00 -0.000000e+00 -1.000000e+00
    outer loop
      vertex   5.098995e+01 5.786377e+01 4.870000e+01
      vertex   5.142016e+01 5.679626e+01 4.870000e+01
      vertex   5.070000e+01 5.764128e+01 4.870000e+01
    endloop
  endfacet
  facet normal 0.000000e+00 0.000000e+00 -1.000000e+00
    outer loop
      vertex   5.070000e+01 5.764128e+01 4.870000e+01
      vertex   5.142016e+01 5.679626e+01 4.870000e+01
      vertex   5.088651e+01 5.651618e+01 4.870000e+01
    endloop
  endfacet
  facet normal 0.000000e+00 -0.000000e+00 -1.000000e+00
    outer loop
      vertex   5.070000e+01 5.764128e+01 4.870000e+01
      vertex   5.088651e+01 5.651618e+01 4.870000e+01
      vertex   5.036235e+01 5.750142e+01 4.870000e+01
    endloop
  endfacet
  facet normal 0.000000e+00 -0.000000e+00 -1.000000e+00
    outer loop
      vertex   5.036235e+01 5.750142e+01 4.870000e+01
      vertex   5.088651e+01 5.651618e+01 4.870000e+01
      vertex   5.030134e+01 5.637195e+01 4.870000e+01
    endloop
  endfacet
  facet normal 0.000000e+00 0.000000e+00 -1.000000e+00
    outer loop
      vertex   5.036235e+01 5.750142e+01 4.870000e+01
      vertex   5.030134e+01 5.637195e+01 4.870000e+01
      vertex   5.000000e+01 5.745372e+01 4.870000e+01
    endloop
  endfacet
  facet normal 0.000000e+00 -0.000000e+00 -1.000000e+00
    outer loop
      vertex   5.000000e+01 5.745372e+01 4.870000e+01
      vertex   5.030134e+01 5.637195e+01 4.870000e+01
      vertex   4.969866e+01 5.637195e+01 4.870000e+01
    endloop
  endfacet
  facet normal -0.000000e+00 0.000000e+00 -1.000000e+00
    outer loop
      vertex   5.000000e+01 5.745372e+01 4.870000e+01
      vertex   4.969866e+01 5.637195e+01 4.870000e+01
      vertex   4.963765e+01 5.750142e+01 4.870000e+01
    endloop
  endfacet
  facet normal 0.000000e+00 -0.000000e+00 -1.000000e+00
    outer loop
      vertex   4.963765e+01 5.750142e+01 4.870000e+01
      vertex   4.969866e+01 5.637195e+01 4.870000e+01
      vertex   4.911349e+01 5.651618e+01 4.870000e+01
    endloop
  endfacet
  facet normal -0.000000e+00 0.000000e+00 -1.000000e+00
    outer loop
      vertex   4.963765e+01 5.750142e+01 4.870000e+01
      vertex   4.911349e+01 5.651618e+01 4.870000e+01
      vertex   4.930000e+01 5.764128e+01 4.870000e+01
    endloop
  endfacet
  facet normal 0.000000e+00 0.000000e+00 -1.000000e+00
    outer loop
      vertex   4.930000e+01 5.764128e+01 4.870000e+01
      vertex   4.911349e+01 5.651618e+01 4.870000e+01
      vertex   4.857984e+01 5.679626e+01 4.870000e+01
    endloop
  endfacet
  facet normal -0.000000e+00 0.000000e+00 -1.000000e+00
    outer loop
      vertex   4.930000e+01 5.764128e+01 4.870000e+01
      vertex   4.857984e+01 5.679626e+01 4.870000e+01
      vertex   4.901005e+01 5.786377e+01 4.870000e+01
    endloop
  endfacet
  facet normal 0.000000e+00 0.000000e+00 -1.000000e+00
    outer loop
      vertex   4.901005e+01 5.786377e+01 4.870000e+01
      vertex   4.857984e+01 5.679626e+01 4.870000e+01
      vertex   4.812872e+01 5.719591e+01 4.870000e+01
    endloop
  endfacet
  facet normal -0.000000e+00 0.000000e+00 -1.000000e+00
    outer loop
      vertex   4.901005e+01 5.786377e+01 4.870000e+01
      vertex   4.812872e+01 5.719591e+01 4.870000e+01
      vertex   4.878756e+01 5.815372e+01 4.870000e+01
    endloop
  endfacet
  facet normal 0.000000e+00 0.000000e+00 -1.000000e+00
    outer loop
      vertex   4.878756e+01 5.815372e+01 4.870000e+01
      vertex   4.812872e+01 5.719591e+01 4.870000e+01
      vertex   4.778636e+01 5.769191e+01 4.870000e+01
    endloop
  endfacet
  facet normal -0.000000e+00 0.000000e+00 -1.000000e+00
    outer loop
      vertex   4.878756e+01 5.815372e+01 4.870000e+01
      vertex   4.778636e+01 5.769191e+01 4.870000e+01
      vertex   4.864770e+01 5.849137e+01 4.870000e+01
    endloop
  endfacet
  facet normal 0.000000e+00 0.000000e+00 -1.000000e+00
    outer loop
      vertex   4.864770e+01 5.849137e+01 4.870000e+01
      vertex   4.778636e+01 5.769191e+01 4.870000e+01
      vertex   4.757265e+01 5.825543e+01 4.870000e+01
    endloop
  endfacet
  facet normal -0.000000e+00 0.000000e+00 -1.000000e+00
    outer loop
      vertex   4.864770e+01 5.849137e+01 4.870000e+01
      vertex   4.757265e+01 5.825543e+01 4.870000e+01
      vertex   4.860000e+01 5.885372e+01 4.870000e+01
    endloop
  endfacet
  facet normal 9.927089e-01 -1.205367e-01 0.000000e+00
    outer loop
      vertex   4.757265e+01 5.945201e+01 3.370000e+01
      vertex   4.757265e+01 5.945201e+01 4.120000e+01
      vertex   4.750000e+01 5.885372e+01 3.370000e+01
    endloop
  endfacet
  facet normal 9.927089e-01 -1.205367e-01 0.000000e+00
    outer loop
      vertex   4.750000e+01 5.885372e+01 3.370000e+01
      vertex   4.757265e+01 5.945201e+01 4.120000e+01
      vertex   4.750000e+01 5.885372e+01 4.120000e+01
    endloop
  endfacet
  facet normal 9.927089e-01 1.205367e-01 -0.000000e+00
    outer loop
      vertex   4.750000e+01 5.885372e+01 3.370000e+01
      vertex   4.750000e+01 5.885372e+01 4.120000e+01
      vertex   4.757265e+01 5.825543e+01 3.370000e+01
    endloop
  endfacet
  facet normal 9.927089e-01 1.205367e-01 -0.000000e+00
    outer loop
      vertex   4.757265e+01 5.825543e+01 3.370000e+01
      vertex   4.750000e+01 5.885372e+01 4.120000e+01
      vertex   4.757265e+01 5.825543e+01 4.120000e+01
    endloop
  endfacet
  facet normal 9.350162e-01 3.546049e-01 -0.000000e+00
    outer loop
      vertex   4.757265e+01 5.825543e+01 3.370000e+01
      vertex   4.757265e+01 5.825543e+01 4.120000e+01
      vertex   4.778636e+01 5.769191e+01 3.370000e+01
    endloop
  endfacet
  facet normal 9.350162e-01 3.546049e-01 -0.000000e+00
    outer loop
      vertex   4.778636e+01 5.769191e+01 3.370000e+01
      vertex   4.757265e+01 5.825543e+01 4.120000e+01
      vertex   4.778636e+01 5.769191e+01 4.120000e+01
    endloop
  endfacet
  facet normal 8.229839e-01 5.680647e-01 -0.000000e+00
    outer loop
      vertex   4.778636e+01 5.769191e+01 3.370000e+01
      vertex   4.778636e+01 5.769191e+01 4.120000e+01
      vertex   4.812872e+01 5.719591e+01 3.370000e+01
    endloop
  endfacet
  facet normal 8.229839e-01 5.680647e-01 -0.000000e+00
    outer loop
      vertex   4.812872e+01 5.719591e+01 3.370000e+01
      vertex   4.778636e+01 5.769191e+01 4.120000e+01
      vertex   4.812872e+01 5.719591e+01 4.120000e+01
    endloop
  endfacet
  facet normal 6.631227e-01 7.485107e-01 -0.000000e+00
    outer loop
      vertex   4.812872e+01 5.719591e+01 3.370000e+01
      vertex   4.812872e+01 5.719591e+01 4.120000e+01
      vertex   4.857984e+01 5.679626e+01 3.370000e+01
    endloop
  endfacet
  facet normal 6.631227e-01 7.485107e-01 -0.000000e+00
    outer loop
      vertex   4.857984e+01 5.679626e+01 3.370000e+01
      vertex   4.812872e+01 5.719591e+01 4.120000e+01
      vertex   4.857984e+01 5.679626e+01 4.120000e+01
    endloop
  endfacet
  facet normal 4.647232e-01 8.854560e-01 -0.000000e+00
    outer loop
      vertex   4.857984e+01 5.679626e+01 3.370000e+01
      vertex   4.857984e+01 5.679626e+01 4.120000e+01
      vertex   4.911349e+01 5.651618e+01 3.370000e+01
    endloop
  endfacet
  facet normal 4.647232e-01 8.854560e-01 -0.000000e+00
    outer loop
      vertex   4.911349e+01 5.651618e+01 3.370000e+01
      vertex   4.857984e+01 5.679626e+01 4.120000e+01
      vertex   4.911349e+01 5.651618e+01 4.120000e+01
    endloop
  endfacet
  facet normal 2.393157e-01 9.709418e-01 -0.000000e+00
    outer loop
      vertex   4.911349e+01 5.651618e+01 3.370000e+01
      vertex   4.911349e+01 5.651618e+01 4.120000e+01
      vertex   4.969866e+01 5.637195e+01 3.370000e+01
    endloop
  endfacet
  facet normal 2.393157e-01 9.709418e-01 -0.000000e+00
    outer loop
      vertex   4.969866e+01 5.637195e+01 3.370000e+01
      vertex   4.911349e+01 5.651618e+01 4.120000e+01
      vertex   4.969866e+01 5.637195e+01 4.120000e+01
    endloop
  endfacet
  facet normal 0.000000e+00 1.000000e+00 0.000000e+00
    outer loop
      vertex   4.969866e+01 5.637195e+01 3.370000e+01
      vertex   4.969866e+01 5.637195e+01 4.120000e+01
      vertex   5.030134e+01 5.637195e+01 3.370000e+01
    endloop
  endfacet
  facet normal 0.000000e+00 1.000000e+00 -0.000000e+00
    outer loop
      vertex   5.030134e+01 5.637195e+01 3.370000e+01
      vertex   4.969866e+01 5.637195e+01 4.120000e+01
      vertex   5.030134e+01 5.637195e+01 4.120000e+01
    endloop
  endfacet
  facet normal -2.393157e-01 9.709418e-01 0.000000e+00
    outer loop
      vertex   5.030134e+01 5.637195e+01 3.370000e+01
      vertex   5.030134e+01 5.637195e+01 4.120000e+01
      vertex   5.088651e+01 5.651618e+01 3.370000e+01
    endloop
  endfacet
  facet normal -2.393157e-01 9.709418e-01 0.000000e+00
    outer loop
      vertex   5.088651e+01 5.651618e+01 3.370000e+01
      vertex   5.030134e+01 5.637195e+01 4.120000e+01
      vertex   5.088651e+01 5.651618e+01 4.120000e+01
    endloop
  endfacet
  facet normal -4.647232e-01 8.854560e-01 0.000000e+00
    outer loop
      vertex   5.088651e+01 5.651618e+01 3.370000e+01
      vertex   5.088651e+01 5.651618e+01 4.120000e+01
      vertex   5.142016e+01 5.679626e+01 3.370000e+01
    endloop
  endfacet
  facet normal -4.647232e-01 8.854560e-01 0.000000e+00
    outer loop
      vertex   5.142016e+01 5.679626e+01 3.370000e+01
      vertex   5.088651e+01 5.651618e+01 4.120000e+01
      vertex   5.142016e+01 5.679626e+01 4.120000e+01
    endloop
  endfacet
  facet normal -6.631227e-01 7.485107e-01 0.000000e+00
    outer loop
      vertex   5.142016e+01 5.679626e+01 3.370000e+01
      vertex   5.142016e+01 5.679626e+01 4.120000e+01
      vertex   5.187128e+01 5.719591e+01 3.370000e+01
    endloop
  endfacet
  facet normal -6.631227e-01 7.485107e-01 0.000000e+00
    outer loop
      vertex   5.187128e+01 5.719591e+01 3.370000e+01
      vertex   5.142016e+01 5.679626e+01 4.120000e+01
      vertex   5.187128e+01 5.719591e+01 4.120000e+01
    endloop
  endfacet
  facet normal -8.229839e-01 5.680647e-01 0.000000e+00
    outer loop
      vertex   5.187128e+01 5.719591e+01 3.370000e+01
      vertex   5.187128e+01 5.719591e+01 4.120000e+01
      vertex   5.221364e+01 5.769191e+01 3.370000e+01
    endloop
  endfacet
  facet normal -8.229839e-01 5.680647e-01 0.000000e+00
    outer loop
      vertex   5.221364e+01 5.769191e+01 3.370000e+01
      vertex   5.187128e+01 5.719591e+01 4.120000e+01
      vertex   5.221364e+01 5.769191e+01 4.120000e+01
    endloop
  endfacet
  facet normal -9.350162e-01 3.546049e-01 0.000000e+00
    outer loop
      vertex   5.221364e+01 5.769191e+01 3.370000e+01
      vertex   5.221364e+01 5.769191e+01 4.120000e+01
      vertex   5.242735e+01 5.825543e+01 3.370000e+01
    endloop
  endfacet
  facet normal -9.350162e-01 3.546049e-01 0.000000e+00
    outer loop
      vertex   5.242735e+01 5.825543e+01 3.370000e+01
      vertex   5.221364e+01 5.769191e+01 4.120000e+01
      vertex   5.242735e+01 5.825543e+01 4.120000e+01
    endloop
  endfacet
  facet normal -9.927089e-01 1.205367e-01 0.000000e+00
    outer loop
      vertex   5.242735e+01 5.825543e+01 3.370000e+01
      vertex   5.242735e+01 5.825543e+01 4.120000e+01
      vertex   5.250000e+01 5.885372e+01 3.370000e+01
    endloop
  endfacet
  facet normal -9.927089e-01 1.205367e-01 0.000000e+00
    outer loop
      vertex   5.250000e+01 5.885372e+01 3.370000e+01
      vertex   5.242735e+01 5.825543e+01 4.120000e+01
      vertex   5.250000e+01 5.885372e+01 4.120000e+01
    endloop
  endfacet
  facet normal -9.927089e-01 -1.205367e-01 0.000000e+00
    outer loop
      vertex   5.250000e+01 5.885372e+01 3.370000e+01
      vertex   5.250000e+01 5.885372e+01 4.120000e+01
      vertex   5.242735e+01 5.945201e+01 3.370000e+01
    endloop
  endfacet
  facet normal -9.927089e-01 -1.205367e-01 0.000000e+00
    outer loop
      vertex   5.242735e+01 5.945201e+01 3.370000e+01
      vertex   5.250000e+01 5.885372e+01 4.120000e+01
      vertex   5.242735e+01 5.945201e+01 4.120000e+01
    endloop
  endfacet
  facet normal -9.350162e-01 -3.546049e-01 0.000000e+00
    outer loop
      vertex   5.242735e+01 5.945201e+01 3.370000e+01
      vertex   5.242735e+01 5.945201e+01 4.120000e+01
      vertex   5.221364e+01 6.001553e+01 3.370000e+01
    endloop
  endfacet
  facet normal -9.350162e-01 -3.546049e-01 0.000000e+00
    outer loop
      vertex   5.221364e+01 6.001553e+01 3.370000e+01
      vertex   5.242735e+01 5.945201e+01 4.120000e+01
      vertex   5.221364e+01 6.001553e+01 4.120000e+01
    endloop
  endfacet
  facet normal -8.229839e-01 -5.680647e-01 0.000000e+00
    outer loop
      vertex   5.221364e+01 6.001553e+01 3.370000e+01
      vertex   5.221364e+01 6.001553e+01 4.120000e+01
      vertex   5.187128e+01 6.051153e+01 3.370000e+01
    endloop
  endfacet
  facet normal -8.229839e-01 -5.680647e-01 0.000000e+00
    outer loop
      vertex   5.187128e+01 6.051153e+01 3.370000e+01
      vertex   5.221364e+01 6.001553e+01 4.120000e+01
      vertex   5.187128e+01 6.051153e+01 4.120000e+01
    endloop
  endfacet
  facet normal -6.631227e-01 -7.485107e-01 0.000000e+00
    outer loop
      vertex   5.187128e+01 6.051153e+01 3.370000e+01
      vertex   5.187128e+01 6.051153e+01 4.120000e+01
      vertex   5.142016e+01 6.091118e+01 3.370000e+01
    endloop
  endfacet
  facet normal -6.631227e-01 -7.485107e-01 0.000000e+00
    outer loop
      vertex   5.142016e+01 6.091118e+01 3.370000e+01
      vertex   5.187128e+01 6.051153e+01 4.120000e+01
      vertex   5.142016e+01 6.091118e+01 4.120000e+01
    endloop
  endfacet
  facet normal -4.647232e-01 -8.854560e-01 0.000000e+00
    outer loop
      vertex   5.142016e+01 6.091118e+01 3.370000e+01
      vertex   5.142016e+01 6.091118e+01 4.120000e+01
      vertex   5.088651e+01 6.119126e+01 3.370000e+01
    endloop
  endfacet
  facet normal -4.647232e-01 -8.854560e-01 0.000000e+00
    outer loop
      vertex   5.088651e+01 6.119126e+01 3.370000e+01
      vertex   5.142016e+01 6.091118e+01 4.120000e+01
      vertex   5.088651e+01 6.119126e+01 4.120000e+01
    endloop
  endfacet
  facet normal -2.393157e-01 -9.709418e-01 0.000000e+00
    outer loop
      vertex   5.088651e+01 6.119126e+01 3.370000e+01
      vertex   5.088651e+01 6.119126e+01 4.120000e+01
      vertex   5.030134e+01 6.133549e+01 3.370000e+01
    endloop
  endfacet
  facet normal -2.393157e-01 -9.709418e-01 0.000000e+00
    outer loop
      vertex   5.030134e+01 6.133549e+01 3.370000e+01
      vertex   5.088651e+01 6.119126e+01 4.120000e+01
      vertex   5.030134e+01 6.133549e+01 4.120000e+01
    endloop
  endfacet
  facet normal 0.000000e+00 -1.000000e+00 0.000000e+00
    outer loop
      vertex   5.030134e+01 6.133549e+01 3.370000e+01
      vertex   5.030134e+01 6.133549e+01 4.120000e+01
      vertex   4.969866e+01 6.133549e+01 3.370000e+01
    endloop
  endfacet
  facet normal 0.000000e+00 -1.000000e+00 0.000000e+00
    outer loop
      vertex   4.969866e+01 6.133549e+01 3.370000e+01
      vertex   5.030134e+01 6.133549e+01 4.120000e+01
      vertex   4.969866e+01 6.133549e+01 4.120000e+01
    endloop
  endfacet
  facet normal 2.393157e-01 -9.709418e-01 0.000000e+00
    outer loop
      vertex   4.969866e+01 6.133549e+01 3.370000e+01
      vertex   4.969866e+01 6.133549e+01 4.120000e+01
      vertex   4.911349e+01 6.119126e+01 3.370000e+01
    endloop
  endfacet
  facet normal 2.393157e-01 -9.709418e-01 0.000000e+00
    outer loop
      vertex   4.911349e+01 6.119126e+01 3.370000e+01
      vertex   4.969866e+01 6.133549e+01 4.120000e+01
      vertex   4.911349e+01 6.119126e+01 4.120000e+01
    endloop
  endfacet
  facet normal 4.647232e-01 -8.854560e-01 0.000000e+00
    outer loop
      vertex   4.911349e+01 6.119126e+01 3.370000e+01
      vertex   4.911349e+01 6.119126e+01 4.120000e+01
      vertex   4.857984e+01 6.091118e+01 3.370000e+01
    endloop
  endfacet
  facet normal 4.647232e-01 -8.854560e-01 0.000000e+00
    outer loop
      vertex   4.857984e+01 6.091118e+01 3.370000e+01
      vertex   4.911349e+01 6.119126e+01 4.120000e+01
      vertex   4.857984e+01 6.091118e+01 4.120000e+01
    endloop
  endfacet
  facet normal 6.631227e-01 -7.485107e-01 0.000000e+00
    outer loop
      vertex   4.857984e+01 6.091118e+01 3.370000e+01
      vertex   4.857984e+01 6.091118e+01 4.120000e+01
      vertex   4.812872e+01 6.051153e+01 3.370000e+01
    endloop
  endfacet
  facet normal 6.631227e-01 -7.485107e-01 0.000000e+00
    outer loop
      vertex   4.812872e+01 6.051153e+01 3.370000e+01
      vertex   4.857984e+01 6.091118e+01 4.120000e+01
      vertex   4.812872e+01 6.051153e+01 4.120000e+01
    endloop
  endfacet
  facet normal 8.229839e-01 -5.680647e-01 0.000000e+00
    outer loop
      vertex   4.812872e+01 6.051153e+01 3.370000e+01
      vertex   4.812872e+01 6.051153e+01 4.120000e+01
      vertex   4.778636e+01 6.001553e+01 3.370000e+01
    endloop
  endfacet
  facet normal 8.229839e-01 -5.680647e-01 0.000000e+00
    outer loop
      vertex   4.778636e+01 6.001553e+01 3.370000e+01
      vertex   4.812872e+01 6.051153e+01 4.120000e+01
      vertex   4.778636e+01 6.001553e+01 4.120000e+01
    endloop
  endfacet
  facet normal 9.350162e-01 -3.546049e-01 0.000000e+00
    outer loop
      vertex   4.778636e+01 6.001553e+01 3.370000e+01
      vertex   4.778636e+01 6.001553e+01 4.120000e+01
      vertex   4.757265e+01 5.945201e+01 3.370000e+01
    endloop
  endfacet
  facet normal 9.350162e-01 -3.546049e-01 0.000000e+00
    outer loop
      vertex   4.757265e+01 5.945201e+01 3.370000e+01
      vertex   4.778636e+01 6.001553e+01 4.120000e+01
      vertex   4.757265e+01 5.945201e+01 4.120000e+01
    endloop
  endfacet
  facet normal 9.927089e-01 1.205367e-01 0.000000e+00
    outer loop
      vertex   4.757265e+01 5.825543e+01 4.870000e+01
      vertex   4.757265e+01 5.825543e+01 4.120000e+01
      vertex   4.750000e+01 5.885372e+01 4.870000e+01
    endloop
  endfacet
  facet normal 9.927089e-01 1.205367e-01 0.000000e+00
    outer loop
      vertex   4.750000e+01 5.885372e+01 4.870000e+01
      vertex   4.757265e+01 5.825543e+01 4.120000e+01
      vertex   4.750000e+01 5.885372e+01 4.120000e+01
    endloop
  endfacet
  facet normal 9.927089e-01 -1.205367e-01 0.000000e+00
    outer loop
      vertex   4.750000e+01 5.885372e+01 4.870000e+01
      vertex   4.750000e+01 5.885372e+01 4.120000e+01
      vertex   4.757265e+01 5.945201e+01 4.870000e+01
    endloop
  endfacet
  facet normal 9.927089e-01 -1.205367e-01 0.000000e+00
    outer loop
      vertex   4.757265e+01 5.945201e+01 4.870000e+01
      vertex   4.750000e+01 5.885372e+01 4.120000e+01
      vertex   4.757265e+01 5.945201e+01 4.120000e+01
    endloop
  endfacet
  facet normal 9.350162e-01 -3.546049e-01 0.000000e+00
    outer loop
      vertex   4.757265e+01 5.945201e+01 4.870000e+01
      vertex   4.757265e+01 5.945201e+01 4.120000e+01
      vertex   4.778636e+01 6.001553e+01 4.870000e+01
    endloop
  endfacet
  facet normal 9.350162e-01 -3.546049e-01 0.000000e+00
    outer loop
      vertex   4.778636e+01 6.001553e+01 4.870000e+01
      vertex   4.757265e+01 5.945201e+01 4.120000e+01
      vertex   4.778636e+01 6.001553e+01 4.120000e+01
    endloop
  endfacet
  facet normal 8.229839e-01 -5.680647e-01 0.000000e+00
    outer loop
      vertex   4.778636e+01 6.001553e+01 4.870000e+01
      vertex   4.778636e+01 6.001553e+01 4.120000e+01
      vertex   4.812872e+01 6.051153e+01 4.870000e+01
    endloop
  endfacet
  facet normal 8.229839e-01 -5.680647e-01 0.000000e+00
    outer loop
      vertex   4.812872e+01 6.051153e+01 4.870000e+01
      vertex   4.778636e+01 6.001553e+01 4.120000e+01
      vertex   4.812872e+01 6.051153e+01 4.120000e+01
    endloop
  endfacet
  facet normal 6.631227e-01 -7.485107e-01 0.000000e+00
    outer loop
      vertex   4.812872e+01 6.051153e+01 4.870000e+01
      vertex   4.812872e+01 6.051153e+01 4.120000e+01
      vertex   4.857984e+01 6.091118e+01 4.870000e+01
    endloop
  endfacet
  facet normal 6.631227e-01 -7.485107e-01 0.000000e+00
    outer loop
      vertex   4.857984e+01 6.091118e+01 4.870000e+01
      vertex   4.812872e+01 6.051153e+01 4.120000e+01
      vertex   4.857984e+01 6.091118e+01 4.120000e+01
    endloop
  endfacet
  facet normal 4.647232e-01 -8.854560e-01 0.000000e+00
    outer loop
      vertex   4.857984e+01 6.091118e+01 4.870000e+01
      vertex   4.857984e+01 6.091118e+01 4.120000e+01
      vertex   4.911349e+01 6.119126e+01 4.870000e+01
    endloop
  endfacet
  facet normal 4.647232e-01 -8.854560e-01 0.000000e+00
    outer loop
      vertex   4.911349e+01 6.119126e+01 4.870000e+01
      vertex   4.857984e+01 6.091118e+01 4.120000e+01
      vertex   4.911349e+01 6.119126e+01 4.120000e+01
    endloop
  endfacet
  facet normal 2.393157e-01 -9.709418e-01 0.000000e+00
    outer loop
      vertex   4.911349e+01 6.119126e+01 4.870000e+01
      vertex   4.911349e+01 6.119126e+01 4.120000e+01
      vertex   4.969866e+01 6.133549e+01 4.870000e+01
    endloop
  endfacet
  facet normal 2.393157e-01 -9.709418e-01 0.000000e+00
    outer loop
      vertex   4.969866e+01 6.133549e+01 4.870000e+01
      vertex   4.911349e+01 6.119126e+01 4.120000e+01
      vertex   4.969866e+01 6.133549e+01 4.120000e+01
    endloop
  endfacet
  facet normal 0.000000e+00 -1.000000e+00 0.000000e+00
    outer loop
      vertex   4.969866e+01 6.133549e+01 4.870000e+01
      vertex   4.969866e+01 6.133549e+01 4.120000e+01
      vertex   5.030134e+01 6.133549e+01 4.870000e+01
    endloop
  endfacet
  facet normal 0.000000e+00 -1.000000e+00 -0.000000e+00
    outer loop
      vertex   5.030134e+01 6.133549e+01 4.870000e+01
      vertex   4.969866e+01 6.133549e+01 4.120000e+01
      vertex   5.030134e+01 6.133549e+01 4.120000e+01
    endloop
  endfacet
  facet normal -2.393157e-01 -9.709418e-01 -0.000000e+00
    outer loop
      vertex   5.030134e+01 6.133549e+01 4.870000e+01
      vertex   5.030134e+01 6.133549e+01 4.120000e+01
      vertex   5.088651e+01 6.119126e+01 4.870000e+01
    endloop
  endfacet
  facet normal -2.393157e-01 -9.709418e-01 -0.000000e+00
    outer loop
      vertex   5.088651e+01 6.119126e+01 4.870000e+01
      vertex   5.030134e+01 6.133549e+01 4.120000e+01
      vertex   5.088651e+01 6.119126e+01 4.120000e+01
    endloop
  endfacet
  facet normal -4.647232e-01 -8.854560e-01 -0.000000e+00
    outer loop
      vertex   5.088651e+01 6.119126e+01 4.870000e+01
      vertex   5.088651e+01 6.119126e+01 4.120000e+01
      vertex   5.142016e+01 6.091118e+01 4.870000e+01
    endloop
  endfacet
  facet normal -4.647232e-01 -8.854560e-01 -0.000000e+00
    outer loop
      vertex   5.142016e+01 6.091118e+01 4.870000e+01
      vertex   5.088651e+01 6.119126e+01 4.120000e+01
      vertex   5.142016e+01 6.091118e+01 4.120000e+01
    endloop
  endfacet
  facet normal -6.631227e-01 -7.485107e-01 -0.000000e+00
    outer loop
      vertex   5.142016e+01 6.091118e+01 4.870000e+01
      vertex   5.142016e+01 6.091118e+01 4.120000e+01
      vertex   5.187128e+01 6.051153e+01 4.870000e+01
    endloop
  endfacet
  facet normal -6.631227e-01 -7.485107e-01 -0.000000e+00
    outer loop
      vertex   5.187128e+01 6.051153e+01 4.870000e+01
      vertex   5.142016e+01 6.091118e+01 4.120000e+01
      vertex   5.187128e+01 6.051153e+01 4.120000e+01
    endloop
  endfacet
  facet normal -8.229839e-01 -5.680647e-01 -0.000000e+00
    outer loop
      vertex   5.187128e+01 6.051153e+01 4.870000e+01
      vertex   5.187128e+01 6.051153e+01 4.120000e+01
      vertex   5.221364e+01 6.001553e+01 4.870000e+01
    endloop
  endfacet
  facet normal -8.229839e-01 -5.680647e-01 -0.000000e+00
    outer loop
      vertex   5.221364e+01 6.001553e+01 4.870000e+01
      vertex   5.187128e+01 6.051153e+01 4.120000e+01
      vertex   5.221364e+01 6.001553e+01 4.120000e+01
    endloop
  endfacet
  facet normal -9.350162e-01 -3.546049e-01 -0.000000e+00
    outer loop
      vertex   5.221364e+01 6.001553e+01 4.870000e+01
      vertex   5.221364e+01 6.001553e+01 4.120000e+01
      vertex   5.242735e+01 5.945201e+01 4.870000e+01
    endloop
  endfacet
  facet normal -9.350162e-01 -3.546049e-01 -0.000000e+00
    outer loop
      vertex   5.242735e+01 5.945201e+01 4.870000e+01
      vertex   5.221364e+01 6.001553e+01 4.120000e+01
      vertex   5.242735e+01 5.945201e+01 4.120000e+01
    endloop
  endfacet
  facet normal -9.927089e-01 -1.205367e-01 -0.000000e+00
    outer loop
      vertex   5.242735e+01 5.945201e+01 4.870000e+01
      vertex   5.242735e+01 5.945201e+01 4.120000e+01
      vertex   5.250000e+01 5.885372e+01 4.870000e+01
    endloop
  endfacet
  facet normal -9.927089e-01 -1.205367e-01 -0.000000e+00
    outer loop
      vertex   5.250000e+01 5.885372e+01 4.870000e+01
      vertex   5.242735e+01 5.945201e+01 4.120000e+01
      vertex   5.250000e+01 5.885372e+01 4.120000e+01
    endloop
  endfacet
  facet normal -9.927089e-01 1.205367e-01 0.000000e+00
    outer loop
      vertex   5.250000e+01 5.885372e+01 4.870000e+01
      vertex   5.250000e+01 5.885372e+01 4.120000e+01
      vertex   5.242735e+01 5.825543e+01 4.870000e+01
    endloop
  endfacet
  facet normal -9.927089e-01 1.205367e-01 0.000000e+00
    outer loop
      vertex   5.242735e+01 5.825543e+01 4.870000e+01
      vertex   5.250000e+01 5.885372e+01 4.120000e+01
      vertex   5.242735e+01 5.825543e+01 4.120000e+01
    endloop
  endfacet
  facet normal -9.350162e-01 3.546049e-01 0.000000e+00
    outer loop
      vertex   5.242735e+01 5.825543e+01 4.870000e+01
      vertex   5.242735e+01 5.825543e+01 4.120000e+01
      vertex   5.221364e+01 5.769191e+01 4.870000e+01
    endloop
  endfacet
  facet normal -9.350162e-01 3.546049e-01 0.000000e+00
    outer loop
      vertex   5.221364e+01 5.769191e+01 4.870000e+01
      vertex   5.242735e+01 5.825543e+01 4.120000e+01
      vertex   5.221364e+01 5.769191e+01 4.120000e+01
    endloop
  endfacet
  facet normal -8.229839e-01 5.680647e-01 0.000000e+00
    outer loop
      vertex   5.221364e+01 5.769191e+01 4.870000e+01
      vertex   5.221364e+01 5.769191e+01 4.120000e+01
      vertex   5.187128e+01 5.719591e+01 4.870000e+01
    endloop
  endfacet
  facet normal -8.229839e-01 5.680647e-01 0.000000e+00
    outer loop
      vertex   5.187128e+01 5.719591e+01 4.870000e+01
      vertex   5.221364e+01 5.769191e+01 4.120000e+01
      vertex   5.187128e+01 5.719591e+01 4.120000e+01
    endloop
  endfacet
  facet normal -6.631227e-01 7.485107e-01 0.000000e+00
    outer loop
      vertex   5.187128e+01 5.719591e+01 4.870000e+01
      vertex   5.187128e+01 5.719591e+01 4.120000e+01
      vertex   5.142016e+01 5.679626e+01 4.870000e+01
    endloop
  endfacet
  facet normal -6.631227e-01 7.485107e-01 0.000000e+00
    outer loop
      vertex   5.142016e+01 5.679626e+01 4.870000e+01
      vertex   5.187128e+01 5.719591e+01 4.120000e+01
      vertex   5.142016e+01 5.679626e+01 4.120000e+01
    endloop
  endfacet
  facet normal -4.647232e-01 8.854560e-01 0.000000e+00
    outer loop
      vertex   5.142016e+01 5.679626e+01 4.870000e+01
      vertex   5.142016e+01 5.679626e+01 4.120000e+01
      vertex   5.088651e+01 5.651618e+01 4.870000e+01
    endloop
  endfacet
  facet normal -4.647232e-01 8.854560e-01 0.000000e+00
    outer loop
      vertex   5.088651e+01 5.651618e+01 4.870000e+01
      vertex   5.142016e+01 5.679626e+01 4.120000e+01
      vertex   5.088651e+01 5.651618e+01 4.120000e+01
    endloop
  endfacet
  facet normal -2.393157e-01 9.709418e-01 0.000000e+00
    outer loop
      vertex   5.088651e+01 5.651618e+01 4.870000e+01
      vertex   5.088651e+01 5.651618e+01 4.120000e+01
      vertex   5.030134e+01 5.637195e+01 4.870000e+01
    endloop
  endfacet
  facet normal -2.393157e-01 9.709418e-01 0.000000e+00
    outer loop
      vertex   5.030134e+01 5.637195e+01 4.870000e+01
      vertex   5.088651e+01 5.651618e+01 4.120000e+01
      vertex   5.030134e+01 5.637195e+01 4.120000e+01
    endloop
  endfacet
  facet normal 0.000000e+00 1.000000e+00 0.000000e+00
    outer loop
      vertex   5.030134e+01 5.637195e+01 4.870000e+01
      vertex   5.030134e+01 5.637195e+01 4.120000e+01
      vertex   4.969866e+01 5.637195e+01 4.870000e+01
    endloop
  endfacet
  facet normal 0.000000e+00 1.000000e+00 0.000000e+00
    outer loop
      vertex   4.969866e+01 5.637195e+01 4.870000e+01
      vertex   5.030134e+01 5.637195e+01 4.120000e+01
      vertex   4.969866e+01 5.637195e+01 4.120000e+01
    endloop
  endfacet
  facet normal 2.393157e-01 9.709418e-01 0.000000e+00
    outer loop
      vertex   4.969866e+01 5.637195e+01 4.870000e+01
      vertex   4.969866e+01 5.637195e+01 4.120000e+01
      vertex   4.911349e+01 5.651618e+01 4.870000e+01
    endloop
  endfacet
  facet normal 2.393157e-01 9.709418e-01 0.000000e+00
    outer loop
      vertex   4.911349e+01 5.651618e+01 4.870000e+01
      vertex   4.969866e+01 5.637195e+01 4.120000e+01
      vertex   4.911349e+01 5.651618e+01 4.120000e+01
    endloop
  endfacet
  facet normal 4.647232e-01 8.854560e-01 0.000000e+00
    outer loop
      vertex   4.911349e+01 5.651618e+01 4.870000e+01
      vertex   4.911349e+01 5.651618e+01 4.120000e+01
      vertex   4.857984e+01 5.679626e+01 4.870000e+01
    endloop
  endfacet
  facet normal 4.647232e-01 8.854560e-01 0.000000e+00
    outer loop
      vertex   4.857984e+01 5.679626e+01 4.870000e+01
      vertex   4.911349e+01 5.651618e+01 4.120000e+01
      vertex   4.857984e+01 5.679626e+01 4.120000e+01
    endloop
  endfacet
  facet normal 6.631227e-01 7.485107e-01 0.000000e+00
    outer loop
      vertex   4.857984e+01 5.679626e+01 4.870000e+01
      vertex   4.857984e+01 5.679626e+01 4.120000e+01
      vertex   4.812872e+01 5.719591e+01 4.870000e+01
    endloop
  endfacet
  facet normal 6.631227e-01 7.485107e-01 0.000000e+00
    outer loop
      vertex   4.812872e+01 5.719591e+01 4.870000e+01
      vertex   4.857984e+01 5.679626e+01 4.120000e+01
      vertex   4.812872e+01 5.719591e+01 4.120000e+01
    endloop
  endfacet
  facet normal 8.229839e-01 5.680647e-01 0.000000e+00
    outer loop
      vertex   4.812872e+01 5.719591e+01 4.870000e+01
      vertex   4.812872e+01 5.719591e+01 4.120000e+01
      vertex   4.778636e+01 5.769191e+01 4.870000e+01
    endloop
  endfacet
  facet normal 8.229839e-01 5.680647e-01 0.000000e+00
    outer loop
      vertex   4.778636e+01 5.769191e+01 4.870000e+01
      vertex   4.812872e+01 5.719591e+01 4.120000e+01
      vertex   4.778636e+01 5.769191e+01 4.120000e+01
    endloop
  endfacet
  facet normal 9.350162e-01 3.546049e-01 0.000000e+00
    outer loop
      vertex   4.778636e+01 5.769191e+01 4.870000e+01
      vertex   4.778636e+01 5.769191e+01 4.120000e+01
      vertex   4.757265e+01 5.825543e+01 4.870000e+01
    endloop
  endfacet
  facet normal 9.350162e-01 3.546049e-01 0.000000e+00
    outer loop
      vertex   4.757265e+01 5.825543e+01 4.870000e+01
      vertex   4.778636e+01 5.769191e+01 4.120000e+01
      vertex   4.757265e+01 5.825543e+01 4.120000e+01
    endloop
  endfacet
  facet normal -9.914449e-01 -1.305262e-01 -1.006377e-15
    outer loop
      vertex   5.135230e+01 5.921607e+01 5.570000e+01
      vertex   5.135230e+01 5.921607e+01 4.870000e+01
      vertex   5.140000e+01 5.885372e+01 5.570000e+01
    endloop
  endfacet
  facet normal -9.914449e-01 -1.305262e-01 -0.000000e+00
    outer loop
      vertex   5.140000e+01 5.885372e+01 5.570000e+01
      vertex   5.135230e+01 5.921607e+01 4.870000e+01
      vertex   5.140000e+01 5.885372e+01 4.870000e+01
    endloop
  endfacet
  facet normal -9.914449e-01 1.305262e-01 0.000000e+00
    outer loop
      vertex   5.140000e+01 5.885372e+01 5.570000e+01
      vertex   5.140000e+01 5.885372e+01 4.870000e+01
      vertex   5.135230e+01 5.849137e+01 5.570000e+01
    endloop
  endfacet
  facet normal -9.914449e-01 1.305262e-01 1.006377e-15
    outer loop
      vertex   5.135230e+01 5.849137e+01 5.570000e+01
      vertex   5.140000e+01 5.885372e+01 4.870000e+01
      vertex   5.135230e+01 5.849137e+01 4.870000e+01
    endloop
  endfacet
  facet normal -9.238795e-01 3.826834e-01 9.377941e-16
    outer loop
      vertex   5.135230e+01 5.849137e+01 5.570000e+01
      vertex   5.135230e+01 5.849137e+01 4.870000e+01
      vertex   5.121244e+01 5.815372e+01 5.570000e+01
    endloop
  endfacet
  facet normal -9.238795e-01 3.826834e-01 0.000000e+00
    outer loop
      vertex   5.121244e+01 5.815372e+01 5.570000e+01
      vertex   5.135230e+01 5.849137e+01 4.870000e+01
      vertex   5.121244e+01 5.815372e+01 4.870000e+01
    endloop
  endfacet
  facet normal -7.933533e-01 6.087614e-01 0.000000e+00
    outer loop
      vertex   5.121244e+01 5.815372e+01 5.570000e+01
      vertex   5.121244e+01 5.815372e+01 4.870000e+01
      vertex   5.098995e+01 5.786377e+01 5.570000e+01
    endloop
  endfacet
  facet normal -7.933533e-01 6.087614e-01 0.000000e+00
    outer loop
      vertex   5.098995e+01 5.786377e+01 5.570000e+01
      vertex   5.121244e+01 5.815372e+01 4.870000e+01
      vertex   5.098995e+01 5.786377e+01 4.870000e+01
    endloop
  endfacet
  facet normal -6.087614e-01 7.933533e-01 0.000000e+00
    outer loop
      vertex   5.098995e+01 5.786377e+01 5.570000e+01
      vertex   5.098995e+01 5.786377e+01 4.870000e+01
      vertex   5.070000e+01 5.764128e+01 5.570000e+01
    endloop
  endfacet
  facet normal -6.087614e-01 7.933533e-01 0.000000e+00
    outer loop
      vertex   5.070000e+01 5.764128e+01 5.570000e+01
      vertex   5.098995e+01 5.786377e+01 4.870000e+01
      vertex   5.070000e+01 5.764128e+01 4.870000e+01
    endloop
  endfacet
  facet normal -3.826834e-01 9.238795e-01 0.000000e+00
    outer loop
      vertex   5.070000e+01 5.764128e+01 5.570000e+01
      vertex   5.070000e+01 5.764128e+01 4.870000e+01
      vertex   5.036235e+01 5.750142e+01 5.570000e+01
    endloop
  endfacet
  facet normal -3.826834e-01 9.238795e-01 3.884470e-16
    outer loop
      vertex   5.036235e+01 5.750142e+01 5.570000e+01
      vertex   5.070000e+01 5.764128e+01 4.870000e+01
      vertex   5.036235e+01 5.750142e+01 4.870000e+01
    endloop
  endfacet
  facet normal -1.305262e-01 9.914449e-01 1.324921e-16
    outer loop
      vertex   5.036235e+01 5.750142e+01 5.570000e+01
      vertex   5.036235e+01 5.750142e+01 4.870000e+01
      vertex   5.000000e+01 5.745372e+01 5.570000e+01
    endloop
  endfacet
  facet normal -1.305262e-01 9.914449e-01 0.000000e+00
    outer loop
      vertex   5.000000e+01 5.745372e+01 5.570000e+01
      vertex   5.036235e+01 5.750142e+01 4.870000e+01
      vertex   5.000000e+01 5.745372e+01 4.870000e+01
    endloop
  endfacet
  facet normal 1.305262e-01 9.914449e-01 0.000000e+00
    outer loop
      vertex   5.000000e+01 5.745372e+01 5.570000e+01
      vertex   5.000000e+01 5.745372e+01 4.870000e+01
      vertex   4.963765e+01 5.750142e+01 5.570000e+01
    endloop
  endfacet
  facet normal 1.305262e-01 9.914449e-01 0.000000e+00
    outer loop
      vertex   4.963765e+01 5.750142e+01 5.570000e+01
      vertex   5.000000e+01 5.745372e+01 4.870000e+01
      vertex   4.963765e+01 5.750142e+01 4.870000e+01
    endloop
  endfacet
  facet normal 3.826834e-01 9.238795e-01 0.000000e+00
    outer loop
      vertex   4.963765e+01 5.750142e+01 5.570000e+01
      vertex   4.963765e+01 5.750142e+01 4.870000e+01
      vertex   4.930000e+01 5.764128e+01 5.570000e+01
    endloop
  endfacet
  facet normal 3.826834e-01 9.238795e-01 0.000000e+00
    outer loop
      vertex   4.930000e+01 5.764128e+01 5.570000e+01
      vertex   4.963765e+01 5.750142e+01 4.870000e+01
      vertex   4.930000e+01 5.764128e+01 4.870000e+01
    endloop
  endfacet
  facet normal 6.087614e-01 7.933533e-01 0.000000e+00
    outer loop
      vertex   4.930000e+01 5.764128e+01 5.570000e+01
      vertex   4.930000e+01 5.764128e+01 4.870000e+01
      vertex   4.901005e+01 5.786377e+01 5.570000e+01
    endloop
  endfacet
  facet normal 6.087614e-01 7.933533e-01 0.000000e+00
    outer loop
      vertex   4.901005e+01 5.786377e+01 5.570000e+01
      vertex   4.930000e+01 5.764128e+01 4.870000e+01
      vertex   4.901005e+01 5.786377e+01 4.870000e+01
    endloop
  endfacet
  facet normal 7.933533e-01 6.087614e-01 0.000000e+00
    outer loop
      vertex   4.901005e+01 5.786377e+01 5.570000e+01
      vertex   4.901005e+01 5.786377e+01 4.870000e+01
      vertex   4.878756e+01 5.815372e+01 5.570000e+01
    endloop
  endfacet
  facet normal 7.933533e-01 6.087614e-01 0.000000e+00
    outer loop
      vertex   4.878756e+01 5.815372e+01 5.570000e+01
      vertex   4.901005e+01 5.786377e+01 4.870000e+01
      vertex   4.878756e+01 5.815372e+01 4.870000e+01
    endloop
  endfacet
  facet normal 9.238795e-01 3.826834e-01 0.000000e+00
    outer loop
      vertex   4.878756e+01 5.815372e+01 5.570000e+01
      vertex   4.878756e+01 5.815372e+01 4.870000e+01
      vertex   4.864770e+01 5.849137e+01 5.570000e+01
    endloop
  endfacet
  facet normal 9.238795e-01 3.826834e-01 3.884470e-16
    outer loop
      vertex   4.864770e+01 5.849137e+01 5.570000e+01
      vertex   4.878756e+01 5.815372e+01 4.870000e+01
      vertex   4.864770e+01 5.849137e+01 4.870000e+01
    endloop
  endfacet
  facet normal 9.914449e-01 1.305262e-01 1.324921e-16
    outer loop
      vertex   4.864770e+01 5.849137e+01 5.570000e+01
      vertex   4.864770e+01 5.849137e+01 4.870000e+01
      vertex   4.860000e+01 5.885372e+01 5.570000e+01
    endloop
  endfacet
  facet normal 9.914449e-01 1.305262e-01 0.000000e+00
    outer loop
      vertex   4.860000e+01 5.885372e+01 5.570000e+01
      vertex   4.864770e+01 5.849137e+01 4.870000e+01
      vertex   4.860000e+01 5.885372e+01 4.870000e+01
    endloop
  endfacet
  facet normal 9.914449e-01 -1.305262e-01 0.000000e+00
    outer loop
      vertex   4.860000e+01 5.885372e+01 5.570000e+01
      vertex   4.860000e+01 5.885372e+01 4.870000e+01
      vertex   4.864770e+01 5.921607e+01 5.570000e+01
    endloop
  endfacet
  facet normal 9.914449e-01 -1.305262e-01 -1.324921e-16
    outer loop
      vertex   4.864770e+01 5.921607e+01 5.570000e+01
      vertex   4.860000e+01 5.885372e+01 4.870000e+01
      vertex   4.864770e+01 5.921607e+01 4.870000e+01
    endloop
  endfacet
  facet normal 9.238795e-01 -3.826834e-01 -3.884470e-16
    outer loop
      vertex   4.864770e+01 5.921607e+01 5.570000e+01
      vertex   4.864770e+01 5.921607e+01 4.870000e+01
      vertex   4.878756e+01 5.955372e+01 5.570000e+01
    endloop
  endfacet
  facet normal 9.238795e-01 -3.826834e-01 0.000000e+00
    outer loop
      vertex   4.878756e+01 5.955372e+01 5.570000e+01
      vertex   4.864770e+01 5.921607e+01 4.870000e+01
      vertex   4.878756e+01 5.955372e+01 4.870000e+01
    endloop
  endfacet
  facet normal 7.933533e-01 -6.087614e-01 0.000000e+00
    outer loop
      vertex   4.878756e+01 5.955372e+01 5.570000e+01
      vertex   4.878756e+01 5.955372e+01 4.870000e+01
      vertex   4.901005e+01 5.984367e+01 5.570000e+01
    endloop
  endfacet
  facet normal 7.933533e-01 -6.087614e-01 0.000000e+00
    outer loop
      vertex   4.901005e+01 5.984367e+01 5.570000e+01
      vertex   4.878756e+01 5.955372e+01 4.870000e+01
      vertex   4.901005e+01 5.984367e+01 4.870000e+01
    endloop
  endfacet
  facet normal 6.087614e-01 -7.933533e-01 0.000000e+00
    outer loop
      vertex   4.901005e+01 5.984367e+01 5.570000e+01
      vertex   4.901005e+01 5.984367e+01 4.870000e+01
      vertex   4.930000e+01 6.006616e+01 5.570000e+01
    endloop
  endfacet
  facet normal 6.087614e-01 -7.933533e-01 0.000000e+00
    outer loop
      vertex   4.930000e+01 6.006616e+01 5.570000e+01
      vertex   4.901005e+01 5.984367e+01 4.870000e+01
      vertex   4.930000e+01 6.006616e+01 4.870000e+01
    endloop
  endfacet
  facet normal 3.826834e-01 -9.238795e-01 0.000000e+00
    outer loop
      vertex   4.930000e+01 6.006616e+01 5.570000e+01
      vertex   4.930000e+01 6.006616e+01 4.870000e+01
      vertex   4.963765e+01 6.020602e+01 5.570000e+01
    endloop
  endfacet
  facet normal 3.826834e-01 -9.238795e-01 0.000000e+00
    outer loop
      vertex   4.963765e+01 6.020602e+01 5.570000e+01
      vertex   4.930000e+01 6.006616e+01 4.870000e+01
      vertex   4.963765e+01 6.020602e+01 4.870000e+01
    endloop
  endfacet
  facet normal 1.305262e-01 -9.914449e-01 0.000000e+00
    outer loop
      vertex   4.963765e+01 6.020602e+01 5.570000e+01
      vertex   4.963765e+01 6.020602e+01 4.870000e+01
      vertex   5.000000e+01 6.025372e+01 5.570000e+01
    endloop
  endfacet
  facet normal 1.305262e-01 -9.914449e-01 0.000000e+00
    outer loop
      vertex   5.000000e+01 6.025372e+01 5.570000e+01
      vertex   4.963765e+01 6.020602e+01 4.870000e+01
      vertex   5.000000e+01 6.025372e+01 4.870000e+01
    endloop
  endfacet
  facet normal -1.305262e-01 -9.914449e-01 -0.000000e+00
    outer loop
      vertex   5.000000e+01 6.025372e+01 5.570000e+01
      vertex   5.000000e+01 6.025372e+01 4.870000e+01
      vertex   5.036235e+01 6.020602e+01 5.570000e+01
    endloop
  endfacet
  facet normal -1.305262e-01 -9.914449e-01 -1.324921e-16
    outer loop
      vertex   5.036235e+01 6.020602e+01 5.570000e+01
      vertex   5.000000e+01 6.025372e+01 4.870000e+01
      vertex   5.036235e+01 6.020602e+01 4.870000e+01
    endloop
  endfacet
  facet normal -3.826834e-01 -9.238795e-01 -3.884470e-16
    outer loop
      vertex   5.036235e+01 6.020602e+01 5.570000e+01
      vertex   5.036235e+01 6.020602e+01 4.870000e+01
      vertex   5.070000e+01 6.006616e+01 5.570000e+01
    endloop
  endfacet
  facet normal -3.826834e-01 -9.238795e-01 -0.000000e+00
    outer loop
      vertex   5.070000e+01 6.006616e+01 5.570000e+01
      vertex   5.036235e+01 6.020602e+01 4.870000e+01
      vertex   5.070000e+01 6.006616e+01 4.870000e+01
    endloop
  endfacet
  facet normal -6.087614e-01 -7.933533e-01 -0.000000e+00
    outer loop
      vertex   5.070000e+01 6.006616e+01 5.570000e+01
      vertex   5.070000e+01 6.006616e+01 4.870000e+01
      vertex   5.098995e+01 5.984367e+01 5.570000e+01
    endloop
  endfacet
  facet normal -6.087614e-01 -7.933533e-01 -0.000000e+00
    outer loop
      vertex   5.098995e+01 5.984367e+01 5.570000e+01
      vertex   5.070000e+01 6.006616e+01 4.870000e+01
      vertex   5.098995e+01 5.984367e+01 4.870000e+01
    endloop
  endfacet
  facet normal -7.933533e-01 -6.087614e-01 -0.000000e+00
    outer loop
      vertex   5.098995e+01 5.984367e+01 5.570000e+01
      vertex   5.098995e+01 5.984367e+01 4.870000e+01
      vertex   5.121244e+01 5.955372e+01 5.570000e+01
    endloop
  endfacet
  facet normal -7.933533e-01 -6.087614e-01 -0.000000e+00
    outer loop
      vertex   5.121244e+01 5.955372e+01 5.570000e+01
      vertex   5.098995e+01 5.984367e+01 4.870000e+01
      vertex   5.121244e+01 5.955372e+01 4.870000e+01
    endloop
  endfacet
  facet normal -9.238795e-01 -3.826834e-01 -0.000000e+00
    outer loop
      vertex   5.121244e+01 5.955372e+01 5.570000e+01
      vertex   5.121244e+01 5.955372e+01 4.870000e+01
      vertex   5.135230e+01 5.921607e+01 5.570000e+01
    endloop
  endfacet
  facet normal -9.238795e-01 -3.826834e-01 -9.377941e-16
    outer loop
      vertex   5.135230e+01 5.921607e+01 5.570000e+01
      vertex   5.121244e+01 5.955372e+01 4.870000e+01
      vertex   5.135230e+01 5.921607e+01 4.870000e+01
    endloop
  endfacet
  facet normal 0.000000e+00 0.000000e+00 -1.000000e+00
    outer loop
      vertex   2.371893e+01 3.440171e+01 4.870000e+01
      vertex   2.364628e+01 3.500000e+01 4.870000e+01
      vertex   2.474628e+01 3.500000e+01 4.870000e+01
    endloop
  endfacet
  facet normal 0.000000e+00 0.000000e+00 -1.000000e+00
    outer loop
      vertex   2.474628e+01 3.500000e+01 4.870000e+01
      vertex   2.364628e+01 3.500000e+01 4.870000e+01
      vertex   2.371893e+01 3.559829e+01 4.870000e+01
    endloop
  endfacet
  facet normal 0.000000e+00 0.000000e+00 -1.000000e+00
    outer loop
      vertex   2.474628e+01 3.500000e+01 4.870000e+01
      vertex   2.371893e+01 3.559829e+01 4.870000e+01
      vertex   2.479398e+01 3.536235e+01 4.870000e+01
    endloop
  endfacet
  facet normal 0.000000e+00 0.000000e+00 -1.000000e+00
    outer loop
      vertex   2.479398e+01 3.536235e+01 4.870000e+01
      vertex   2.371893e+01 3.559829e+01 4.870000e+01
      vertex   2.393264e+01 3.616181e+01 4.870000e+01
    endloop
  endfacet
  facet normal 0.000000e+00 0.000000e+00 -1.000000e+00
    outer loop
      vertex   2.479398e+01 3.536235e+01 4.870000e+01
      vertex   2.393264e+01 3.616181e+01 4.870000e+01
      vertex   2.493384e+01 3.570000e+01 4.870000e+01
    endloop
  endfacet
  facet normal 0.000000e+00 0.000000e+00 -1.000000e+00
    outer loop
      vertex   2.493384e+01 3.570000e+01 4.870000e+01
      vertex   2.393264e+01 3.616181e+01 4.870000e+01
      vertex   2.427500e+01 3.665781e+01 4.870000e+01
    endloop
  endfacet
  facet normal 0.000000e+00 0.000000e+00 -1.000000e+00
    outer loop
      vertex   2.493384e+01 3.570000e+01 4.870000e+01
      vertex   2.427500e+01 3.665781e+01 4.870000e+01
      vertex   2.515633e+01 3.598995e+01 4.870000e+01
    endloop
  endfacet
  facet normal 0.000000e+00 0.000000e+00 -1.000000e+00
    outer loop
      vertex   2.515633e+01 3.598995e+01 4.870000e+01
      vertex   2.427500e+01 3.665781e+01 4.870000e+01
      vertex   2.472612e+01 3.705746e+01 4.870000e+01
    endloop
  endfacet
  facet normal 0.000000e+00 0.000000e+00 -1.000000e+00
    outer loop
      vertex   2.515633e+01 3.598995e+01 4.870000e+01
      vertex   2.472612e+01 3.705746e+01 4.870000e+01
      vertex   2.544628e+01 3.621244e+01 4.870000e+01
    endloop
  endfacet
  facet normal 0.000000e+00 0.000000e+00 -1.000000e+00
    outer loop
      vertex   2.544628e+01 3.621244e+01 4.870000e+01
      vertex   2.472612e+01 3.705746e+01 4.870000e+01
      vertex   2.525977e+01 3.733754e+01 4.870000e+01
    endloop
  endfacet
  facet normal 0.000000e+00 0.000000e+00 -1.000000e+00
    outer loop
      vertex   2.544628e+01 3.621244e+01 4.870000e+01
      vertex   2.525977e+01 3.733754e+01 4.870000e+01
      vertex   2.578393e+01 3.635230e+01 4.870000e+01
    endloop
  endfacet
  facet normal 0.000000e+00 0.000000e+00 -1.000000e+00
    outer loop
      vertex   2.578393e+01 3.635230e+01 4.870000e+01
      vertex   2.525977e+01 3.733754e+01 4.870000e+01
      vertex   2.584494e+01 3.748177e+01 4.870000e+01
    endloop
  endfacet
  facet normal 0.000000e+00 0.000000e+00 -1.000000e+00
    outer loop
      vertex   2.578393e+01 3.635230e+01 4.870000e+01
      vertex   2.584494e+01 3.748177e+01 4.870000e+01
      vertex   2.614628e+01 3.640000e+01 4.870000e+01
    endloop
  endfacet
  facet normal 0.000000e+00 0.000000e+00 -1.000000e+00
    outer loop
      vertex   2.614628e+01 3.640000e+01 4.870000e+01
      vertex   2.584494e+01 3.748177e+01 4.870000e+01
      vertex   2.644762e+01 3.748177e+01 4.870000e+01
    endloop
  endfacet
  facet normal 0.000000e+00 0.000000e+00 -1.000000e+00
    outer loop
      vertex   2.614628e+01 3.640000e+01 4.870000e+01
      vertex   2.644762e+01 3.748177e+01 4.870000e+01
      vertex   2.650863e+01 3.635230e+01 4.870000e+01
    endloop
  endfacet
  facet normal 0.000000e+00 0.000000e+00 -1.000000e+00
    outer loop
      vertex   2.650863e+01 3.635230e+01 4.870000e+01
      vertex   2.644762e+01 3.748177e+01 4.870000e+01
      vertex   2.703279e+01 3.733754e+01 4.870000e+01
    endloop
  endfacet
  facet normal 0.000000e+00 0.000000e+00 -1.000000e+00
    outer loop
      vertex   2.650863e+01 3.635230e+01 4.870000e+01
      vertex   2.703279e+01 3.733754e+01 4.870000e+01
      vertex   2.684628e+01 3.621244e+01 4.870000e+01
    endloop
  endfacet
  facet normal 0.000000e+00 0.000000e+00 -1.000000e+00
    outer loop
      vertex   2.684628e+01 3.621244e+01 4.870000e+01
      vertex   2.703279e+01 3.733754e+01 4.870000e+01
      vertex   2.756644e+01 3.705746e+01 4.870000e+01
    endloop
  endfacet
  facet normal 0.000000e+00 0.000000e+00 -1.000000e+00
    outer loop
      vertex   2.684628e+01 3.621244e+01 4.870000e+01
      vertex   2.756644e+01 3.705746e+01 4.870000e+01
      vertex   2.713623e+01 3.598995e+01 4.870000e+01
    endloop
  endfacet
  facet normal 0.000000e+00 0.000000e+00 -1.000000e+00
    outer loop
      vertex   2.713623e+01 3.598995e+01 4.870000e+01
      vertex   2.756644e+01 3.705746e+01 4.870000e+01
      vertex   2.801756e+01 3.665781e+01 4.870000e+01
    endloop
  endfacet
  facet normal 0.000000e+00 0.000000e+00 -1.000000e+00
    outer loop
      vertex   2.713623e+01 3.598995e+01 4.870000e+01
      vertex   2.801756e+01 3.665781e+01 4.870000e+01
      vertex   2.735872e+01 3.570000e+01 4.870000e+01
    endloop
  endfacet
  facet normal 0.000000e+00 0.000000e+00 -1.000000e+00
    outer loop
      vertex   2.735872e+01 3.570000e+01 4.870000e+01
      vertex   2.801756e+01 3.665781e+01 4.870000e+01
      vertex   2.835992e+01 3.616181e+01 4.870000e+01
    endloop
  endfacet
  facet normal 0.000000e+00 0.000000e+00 -1.000000e+00
    outer loop
      vertex   2.735872e+01 3.570000e+01 4.870000e+01
      vertex   2.835992e+01 3.616181e+01 4.870000e+01
      vertex   2.749858e+01 3.536235e+01 4.870000e+01
    endloop
  endfacet
  facet normal 0.000000e+00 0.000000e+00 -1.000000e+00
    outer loop
      vertex   2.749858e+01 3.536235e+01 4.870000e+01
      vertex   2.835992e+01 3.616181e+01 4.870000e+01
      vertex   2.857363e+01 3.559829e+01 4.870000e+01
    endloop
  endfacet
  facet normal 0.000000e+00 0.000000e+00 -1.000000e+00
    outer loop
      vertex   2.749858e+01 3.536235e+01 4.870000e+01
      vertex   2.857363e+01 3.559829e+01 4.870000e+01
      vertex   2.754628e+01 3.500000e+01 4.870000e+01
    endloop
  endfacet
  facet normal 0.000000e+00 0.000000e+00 -1.000000e+00
    outer loop
      vertex   2.754628e+01 3.500000e+01 4.870000e+01
      vertex   2.857363e+01 3.559829e+01 4.870000e+01
      vertex   2.864628e+01 3.500000e+01 4.870000e+01
    endloop
  endfacet
  facet normal 0.000000e+00 0.000000e+00 -1.000000e+00
    outer loop
      vertex   2.754628e+01 3.500000e+01 4.870000e+01
      vertex   2.864628e+01 3.500000e+01 4.870000e+01
      vertex   2.857363e+01 3.440171e+01 4.870000e+01
    endloop
  endfacet
  facet normal 0.000000e+00 -0.000000e+00 -1.000000e+00
    outer loop
      vertex   2.754628e+01 3.500000e+01 4.870000e+01
      vertex   2.857363e+01 3.440171e+01 4.870000e+01
      vertex   2.749858e+01 3.463765e+01 4.870000e+01
    endloop
  endfacet
  facet normal 0.000000e+00 0.000000e+00 -1.000000e+00
    outer loop
      vertex   2.749858e+01 3.463765e+01 4.870000e+01
      vertex   2.857363e+01 3.440171e+01 4.870000e+01
      vertex   2.835992e+01 3.383819e+01 4.870000e+01
    endloop
  endfacet
  facet normal 0.000000e+00 -0.000000e+00 -1.000000e+00
    outer loop
      vertex   2.749858e+01 3.463765e+01 4.870000e+01
      vertex   2.835992e+01 3.383819e+01 4.870000e+01
      vertex   2.735872e+01 3.430000e+01 4.870000e+01
    endloop
  endfacet
  facet normal 0.000000e+00 0.000000e+00 -1.000000e+00
    outer loop
      vertex   2.735872e+01 3.430000e+01 4.870000e+01
      vertex   2.835992e+01 3.383819e+01 4.870000e+01
      vertex   2.801756e+01 3.334219e+01 4.870000e+01
    endloop
  endfacet
  facet normal 0.000000e+00 -0.000000e+00 -1.000000e+00
    outer loop
      vertex   2.735872e+01 3.430000e+01 4.870000e+01
      vertex   2.801756e+01 3.334219e+01 4.870000e+01
      vertex   2.713623e+01 3.401005e+01 4.870000e+01
    endloop
  endfacet
  facet normal 0.000000e+00 0.000000e+00 -1.000000e+00
    outer loop
      vertex   2.713623e+01 3.401005e+01 4.870000e+01
      vertex   2.801756e+01 3.334219e+01 4.870000e+01
      vertex   2.756644e+01 3.294254e+01 4.870000e+01
    endloop
  endfacet
  facet normal 0.000000e+00 -0.000000e+00 -1.000000e+00
    outer loop
      vertex   2.713623e+01 3.401005e+01 4.870000e+01
      vertex   2.756644e+01 3.294254e+01 4.870000e+01
      vertex   2.684628e+01 3.378756e+01 4.870000e+01
    endloop
  endfacet
  facet normal 0.000000e+00 0.000000e+00 -1.000000e+00
    outer loop
      vertex   2.684628e+01 3.378756e+01 4.870000e+01
      vertex   2.756644e+01 3.294254e+01 4.870000e+01
      vertex   2.703279e+01 3.266246e+01 4.870000e+01
    endloop
  endfacet
  facet normal 0.000000e+00 -0.000000e+00 -1.000000e+00
    outer loop
      vertex   2.684628e+01 3.378756e+01 4.870000e+01
      vertex   2.703279e+01 3.266246e+01 4.870000e+01
      vertex   2.650863e+01 3.364770e+01 4.870000e+01
    endloop
  endfacet
  facet normal 0.000000e+00 -0.000000e+00 -1.000000e+00
    outer loop
      vertex   2.650863e+01 3.364770e+01 4.870000e+01
      vertex   2.703279e+01 3.266246e+01 4.870000e+01
      vertex   2.644762e+01 3.251823e+01 4.870000e+01
    endloop
  endfacet
  facet normal 0.000000e+00 0.000000e+00 -1.000000e+00
    outer loop
      vertex   2.650863e+01 3.364770e+01 4.870000e+01
      vertex   2.644762e+01 3.251823e+01 4.870000e+01
      vertex   2.614628e+01 3.360000e+01 4.870000e+01
    endloop
  endfacet
  facet normal 0.000000e+00 -0.000000e+00 -1.000000e+00
    outer loop
      vertex   2.614628e+01 3.360000e+01 4.870000e+01
      vertex   2.644762e+01 3.251823e+01 4.870000e+01
      vertex   2.584494e+01 3.251823e+01 4.870000e+01
    endloop
  endfacet
  facet normal -0.000000e+00 0.000000e+00 -1.000000e+00
    outer loop
      vertex   2.614628e+01 3.360000e+01 4.870000e+01
      vertex   2.584494e+01 3.251823e+01 4.870000e+01
      vertex   2.578393e+01 3.364770e+01 4.870000e+01
    endloop
  endfacet
  facet normal 0.000000e+00 -0.000000e+00 -1.000000e+00
    outer loop
      vertex   2.578393e+01 3.364770e+01 4.870000e+01
      vertex   2.584494e+01 3.251823e+01 4.870000e+01
      vertex   2.525977e+01 3.266246e+01 4.870000e+01
    endloop
  endfacet
  facet normal -0.000000e+00 0.000000e+00 -1.000000e+00
    outer loop
      vertex   2.578393e+01 3.364770e+01 4.870000e+01
      vertex   2.525977e+01 3.266246e+01 4.870000e+01
      vertex   2.544628e+01 3.378756e+01 4.870000e+01
    endloop
  endfacet
  facet normal 0.000000e+00 0.000000e+00 -1.000000e+00
    outer loop
      vertex   2.544628e+01 3.378756e+01 4.870000e+01
      vertex   2.525977e+01 3.266246e+01 4.870000e+01
      vertex   2.472612e+01 3.294254e+01 4.870000e+01
    endloop
  endfacet
  facet normal -0.000000e+00 0.000000e+00 -1.000000e+00
    outer loop
      vertex   2.544628e+01 3.378756e+01 4.870000e+01
      vertex   2.472612e+01 3.294254e+01 4.870000e+01
      vertex   2.515633e+01 3.401005e+01 4.870000e+01
    endloop
  endfacet
  facet normal 0.000000e+00 0.000000e+00 -1.000000e+00
    outer loop
      vertex   2.515633e+01 3.401005e+01 4.870000e+01
      vertex   2.472612e+01 3.294254e+01 4.870000e+01
      vertex   2.427500e+01 3.334219e+01 4.870000e+01
    endloop
  endfacet
  facet normal -0.000000e+00 0.000000e+00 -1.000000e+00
    outer loop
      vertex   2.515633e+01 3.401005e+01 4.870000e+01
      vertex   2.427500e+01 3.334219e+01 4.870000e+01
      vertex   2.493384e+01 3.430000e+01 4.870000e+01
    endloop
  endfacet
  facet normal 0.000000e+00 0.000000e+00 -1.000000e+00
    outer loop
      vertex   2.493384e+01 3.430000e+01 4.870000e+01
      vertex   2.427500e+01 3.334219e+01 4.870000e+01
      vertex   2.393264e+01 3.383819e+01 4.870000e+01
    endloop
  endfacet
  facet normal -0.000000e+00 0.000000e+00 -1.000000e+00
    outer loop
      vertex   2.493384e+01 3.430000e+01 4.870000e+01
      vertex   2.393264e+01 3.383819e+01 4.870000e+01
      vertex   2.479398e+01 3.463765e+01 4.870000e+01
    endloop
  endfacet
  facet normal 0.000000e+00 0.000000e+00 -1.000000e+00
    outer loop
      vertex   2.479398e+01 3.463765e+01 4.870000e+01
      vertex   2.393264e+01 3.383819e+01 4.870000e+01
      vertex   2.371893e+01 3.440171e+01 4.870000e+01
    endloop
  endfacet
  facet normal -0.000000e+00 0.000000e+00 -1.000000e+00
    outer loop
      vertex   2.479398e+01 3.463765e+01 4.870000e+01
      vertex   2.371893e+01 3.440171e+01 4.870000e+01
      vertex   2.474628e+01 3.500000e+01 4.870000e+01
    endloop
  endfacet
  facet normal 9.927089e-01 -1.205367e-01 0.000000e+00
    outer loop
      vertex   2.371893e+01 3.559829e+01 3.370000e+01
      vertex   2.371893e+01 3.559829e+01 4.120000e+01
      vertex   2.364628e+01 3.500000e+01 3.370000e+01
    endloop
  endfacet
  facet normal 9.927089e-01 -1.205367e-01 0.000000e+00
    outer loop
      vertex   2.364628e+01 3.500000e+01 3.370000e+01
      vertex   2.371893e+01 3.559829e+01 4.120000e+01
      vertex   2.364628e+01 3.500000e+01 4.120000e+01
    endloop
  endfacet
  facet normal 9.927089e-01 1.205367e-01 -0.000000e+00
    outer loop
      vertex   2.364628e+01 3.500000e+01 3.370000e+01
      vertex   2.364628e+01 3.500000e+01 4.120000e+01
      vertex   2.371893e+01 3.440171e+01 3.370000e+01
    endloop
  endfacet
  facet normal 9.927089e-01 1.205367e-01 -0.000000e+00
    outer loop
      vertex   2.371893e+01 3.440171e+01 3.370000e+01
      vertex   2.364628e+01 3.500000e+01 4.120000e+01
      vertex   2.371893e+01 3.440171e+01 4.120000e+01
    endloop
  endfacet
  facet normal 9.350162e-01 3.546049e-01 -0.000000e+00
    outer loop
      vertex   2.371893e+01 3.440171e+01 3.370000e+01
      vertex   2.371893e+01 3.440171e+01 4.120000e+01
      vertex   2.393264e+01 3.383819e+01 3.370000e+01
    endloop
  endfacet
  facet normal 9.350162e-01 3.546049e-01 -0.000000e+00
    outer loop
      vertex   2.393264e+01 3.383819e+01 3.370000e+01
      vertex   2.371893e+01 3.440171e+01 4.120000e+01
      vertex   2.393264e+01 3.383819e+01 4.120000e+01
    endloop
  endfacet
  facet normal 8.229839e-01 5.680647e-01 -0.000000e+00
    outer loop
      vertex   2.393264e+01 3.383819e+01 3.370000e+01
      vertex   2.393264e+01 3.383819e+01 4.120000e+01
      vertex   2.427500e+01 3.334219e+01 3.370000e+01
    endloop
  endfacet
  facet normal 8.229839e-01 5.680647e-01 -0.000000e+00
    outer loop
      vertex   2.427500e+01 3.334219e+01 3.370000e+01
      vertex   2.393264e+01 3.383819e+01 4.120000e+01
      vertex   2.427500e+01 3.334219e+01 4.120000e+01
    endloop
  endfacet
  facet normal 6.631227e-01 7.485107e-01 -0.000000e+00
    outer loop
      vertex   2.427500e+01 3.334219e+01 3.370000e+01
      vertex   2.427500e+01 3.334219e+01 4.120000e+01
      vertex   2.472612e+01 3.294254e+01 3.370000e+01
    endloop
  endfacet
  facet normal 6.631227e-01 7.485107e-01 -0.000000e+00
    outer loop
      vertex   2.472612e+01 3.294254e+01 3.370000e+01
      vertex   2.427500e+01 3.334219e+01 4.120000e+01
      vertex   2.472612e+01 3.294254e+01 4.120000e+01
    endloop
  endfacet
  facet normal 4.647232e-01 8.854560e-01 -0.000000e+00
    outer loop
      vertex   2.472612e+01 3.294254e+01 3.370000e+01
      vertex   2.472612e+01 3.294254e+01 4.120000e+01
      vertex   2.525977e+01 3.266246e+01 3.370000e+01
    endloop
  endfacet
  facet normal 4.647232e-01 8.854560e-01 -0.000000e+00
    outer loop
      vertex   2.525977e+01 3.266246e+01 3.370000e+01
      vertex   2.472612e+01 3.294254e+01 4.120000e+01
      vertex   2.525977e+01 3.266246e+01 4.120000e+01
    endloop
  endfacet
  facet normal 2.393157e-01 9.709418e-01 -0.000000e+00
    outer loop
      vertex   2.525977e+01 3.266246e+01 3.370000e+01
      vertex   2.525977e+01 3.266246e+01 4.120000e+01
      vertex   2.584494e+01 3.251823e+01 3.370000e+01
    endloop
  endfacet
  facet normal 2.393157e-01 9.709418e-01 -0.000000e+00
    outer loop
      vertex   2.584494e+01 3.251823e+01 3.370000e+01
      vertex   2.525977e+01 3.266246e+01 4.120000e+01
      vertex   2.584494e+01 3.251823e+01 4.120000e+01
    endloop
  endfacet
  facet normal 0.000000e+00 1.000000e+00 0.000000e+00
    outer loop
      vertex   2.584494e+01 3.251823e+01 3.370000e+01
      vertex   2.584494e+01 3.251823e+01 4.120000e+01
      vertex   2.644762e+01 3.251823e+01 3.370000e+01
    endloop
  endfacet
  facet normal 0.000000e+00 1.000000e+00 -0.000000e+00
    outer loop
      vertex   2.644762e+01 3.251823e+01 3.370000e+01
      vertex   2.584494e+01 3.251823e+01 4.120000e+01
      vertex   2.644762e+01 3.251823e+01 4.120000e+01
    endloop
  endfacet
  facet normal -2.393157e-01 9.709418e-01 0.000000e+00
    outer loop
      vertex   2.644762e+01 3.251823e+01 3.370000e+01
      vertex   2.644762e+01 3.251823e+01 4.120000e+01
      vertex   2.703279e+01 3.266246e+01 3.370000e+01
    endloop
  endfacet
  facet normal -2.393157e-01 9.709418e-01 0.000000e+00
    outer loop
      vertex   2.703279e+01 3.266246e+01 3.370000e+01
      vertex   2.644762e+01 3.251823e+01 4.120000e+01
      vertex   2.703279e+01 3.266246e+01 4.120000e+01
    endloop
  endfacet
  facet normal -4.647232e-01 8.854560e-01 0.000000e+00
    outer loop
      vertex   2.703279e+01 3.266246e+01 3.370000e+01
      vertex   2.703279e+01 3.266246e+01 4.120000e+01
      vertex   2.756644e+01 3.294254e+01 3.370000e+01
    endloop
  endfacet
  facet normal -4.647232e-01 8.854560e-01 0.000000e+00
    outer loop
      vertex   2.756644e+01 3.294254e+01 3.370000e+01
      vertex   2.703279e+01 3.266246e+01 4.120000e+01
      vertex   2.756644e+01 3.294254e+01 4.120000e+01
    endloop
  endfacet
  facet normal -6.631227e-01 7.485107e-01 0.000000e+00
    outer loop
      vertex   2.756644e+01 3.294254e+01 3.370000e+01
      vertex   2.756644e+01 3.294254e+01 4.120000e+01
      vertex   2.801756e+01 3.334219e+01 3.370000e+01
    endloop
  endfacet
  facet normal -6.631227e-01 7.485107e-01 0.000000e+00
    outer loop
      vertex   2.801756e+01 3.334219e+01 3.370000e+01
      vertex   2.756644e+01 3.294254e+01 4.120000e+01
      vertex   2.801756e+01 3.334219e+01 4.120000e+01
    endloop
  endfacet
  facet normal -8.229839e-01 5.680647e-01 0.000000e+00
    outer loop
      vertex   2.801756e+01 3.334219e+01 3.370000e+01
      vertex   2.801756e+01 3.334219e+01 4.120000e+01
      vertex   2.835992e+01 3.383819e+01 3.370000e+01
    endloop
  endfacet
  facet normal -8.229839e-01 5.680647e-01 0.000000e+00
    outer loop
      vertex   2.835992e+01 3.383819e+01 3.370000e+01
      vertex   2.801756e+01 3.334219e+01 4.120000e+01
      vertex   2.835992e+01 3.383819e+01 4.120000e+01
    endloop
  endfacet
  facet normal -9.350162e-01 3.546049e-01 0.000000e+00
    outer loop
      vertex   2.835992e+01 3.383819e+01 3.370000e+01
      vertex   2.835992e+01 3.383819e+01 4.120000e+01
      vertex   2.857363e+01 3.440171e+01 3.370000e+01
    endloop
  endfacet
  facet normal -9.350162e-01 3.546049e-01 0.000000e+00
    outer loop
      vertex   2.857363e+01 3.440171e+01 3.370000e+01
      vertex   2.835992e+01 3.383819e+01 4.120000e+01
      vertex   2.857363e+01 3.440171e+01 4.120000e+01
    endloop
  endfacet
  facet normal -9.927089e-01 1.205367e-01 0.000000e+00
    outer loop
      vertex   2.857363e+01 3.440171e+01 3.370000e+01
      vertex   2.857363e+01 3.440171e+01 4.120000e+01
      vertex   2.864628e+01 3.500000e+01 3.370000e+01
    endloop
  endfacet
  facet normal -9.927089e-01 1.205367e-01 0.000000e+00
    outer loop
      vertex   2.864628e+01 3.500000e+01 3.370000e+01
      vertex   2.857363e+01 3.440171e+01 4.120000e+01
      vertex   2.864628e+01 3.500000e+01 4.120000e+01
    endloop
  endfacet
  facet normal -9.927089e-01 -1.205367e-01 0.000000e+00
    outer loop
      vertex   2.864628e+01 3.500000e+01 3.370000e+01
      vertex   2.864628e+01 3.500000e+01 4.120000e+01
      vertex   2.857363e+01 3.559829e+01 3.370000e+01
    endloop
  endfacet
  facet normal -9.927089e-01 -1.205367e-01 0.000000e+00
    outer loop
      vertex   2.857363e+01 3.559829e+01 3.370000e+01
      vertex   2.864628e+01 3.500000e+01 4.120000e+01
      vertex   2.857363e+01 3.559829e+01 4.120000e+01
    endloop
  endfacet
  facet normal -9.350162e-01 -3.546049e-01 0.000000e+00
    outer loop
      vertex   2.857363e+01 3.559829e+01 3.370000e+01
      vertex   2.857363e+01 3.559829e+01 4.120000e+01
      vertex   2.835992e+01 3.616181e+01 3.370000e+01
    endloop
  endfacet
  facet normal -9.350162e-01 -3.546049e-01 0.000000e+00
    outer loop
      vertex   2.835992e+01 3.616181e+01 3.370000e+01
      vertex   2.857363e+01 3.559829e+01 4.120000e+01
      vertex   2.835992e+01 3.616181e+01 4.120000e+01
    endloop
  endfacet
  facet normal -8.229839e-01 -5.680647e-01 0.000000e+00
    outer loop
      vertex   2.835992e+01 3.616181e+01 3.370000e+01
      vertex   2.835992e+01 3.616181e+01 4.120000e+01
      vertex   2.801756e+01 3.665781e+01 3.370000e+01
    endloop
  endfacet
  facet normal -8.229839e-01 -5.680647e-01 0.000000e+00
    outer loop
      vertex   2.801756e+01 3.665781e+01 3.370000e+01
      vertex   2.835992e+01 3.616181e+01 4.120000e+01
      vertex   2.801756e+01 3.665781e+01 4.120000e+01
    endloop
  endfacet
  facet normal -6.631227e-01 -7.485107e-01 0.000000e+00
    outer loop
      vertex   2.801756e+01 3.665781e+01 3.370000e+01
      vertex   2.801756e+01 3.665781e+01 4.120000e+01
      vertex   2.756644e+01 3.705746e+01 3.370000e+01
    endloop
  endfacet
  facet normal -6.631227e-01 -7.485107e-01 0.000000e+00
    outer loop
      vertex   2.756644e+01 3.705746e+01 3.370000e+01
      vertex   2.801756e+01 3.665781e+01 4.120000e+01
      vertex   2.756644e+01 3.705746e+01 4.120000e+01
    endloop
  endfacet
  facet normal -4.647232e-01 -8.854560e-01 0.000000e+00
    outer loop
      vertex   2.756644e+01 3.705746e+01 3.370000e+01
      vertex   2.756644e+01 3.705746e+01 4.120000e+01
      vertex   2.703279e+01 3.733754e+01 3.370000e+01
    endloop
  endfacet
  facet normal -4.647232e-01 -8.854560e-01 0.000000e+00
    outer loop
      vertex   2.703279e+01 3.733754e+01 3.370000e+01
      vertex   2.756644e+01 3.705746e+01 4.120000e+01
      vertex   2.703279e+01 3.733754e+01 4.120000e+01
    endloop
  endfacet
  facet normal -2.393157e-01 -9.709418e-01 0.000000e+00
    outer loop
      vertex   2.703279e+01 3.733754e+01 3.370000e+01
      vertex   2.703279e+01 3.733754e+01 4.120000e+01
      vertex   2.644762e+01 3.748177e+01 3.370000e+01
    endloop
  endfacet
  facet normal -2.393157e-01 -9.709418e-01 0.000000e+00
    outer loop
      vertex   2.644762e+01 3.748177e+01 3.370000e+01
      vertex   2.703279e+01 3.733754e+01 4.120000e+01
      vertex   2.644762e+01 3.748177e+01 4.120000e+01
    endloop
  endfacet
  facet normal 0.000000e+00 -1.000000e+00 0.000000e+00
    outer loop
      vertex   2.644762e+01 3.748177e+01 3.370000e+01
      vertex   2.644762e+01 3.748177e+01 4.120000e+01
      vertex   2.584494e+01 3.748177e+01 3.370000e+01
    endloop
  endfacet
  facet normal 0.000000e+00 -1.000000e+00 0.000000e+00
    outer loop
      vertex   2.584494e+01 3.748177e+01 3.370000e+01
      vertex   2.644762e+01 3.748177e+01 4.120000e+01
      vertex   2.584494e+01 3.748177e+01 4.120000e+01
    endloop
  endfacet
  facet normal 2.393157e-01 -9.709418e-01 0.000000e+00
    outer loop
      vertex   2.584494e+01 3.748177e+01 3.370000e+01
      vertex   2.584494e+01 3.748177e+01 4.120000e+01
      vertex   2.525977e+01 3.733754e+01 3.370000e+01
    endloop
  endfacet
  facet normal 2.393157e-01 -9.709418e-01 0.000000e+00
    outer loop
      vertex   2.525977e+01 3.733754e+01 3.370000e+01
      vertex   2.584494e+01 3.748177e+01 4.120000e+01
      vertex   2.525977e+01 3.733754e+01 4.120000e+01
    endloop
  endfacet
  facet normal 4.647232e-01 -8.854560e-01 0.000000e+00
    outer loop
      vertex   2.525977e+01 3.733754e+01 3.370000e+01
      vertex   2.525977e+01 3.733754e+01 4.120000e+01
      vertex   2.472612e+01 3.705746e+01 3.370000e+01
    endloop
  endfacet
  facet normal 4.647232e-01 -8.854560e-01 0.000000e+00
    outer loop
      vertex   2.472612e+01 3.705746e+01 3.370000e+01
      vertex   2.525977e+01 3.733754e+01 4.120000e+01
      vertex   2.472612e+01 3.705746e+01 4.120000e+01
    endloop
  endfacet
  facet normal 6.631227e-01 -7.485107e-01 0.000000e+00
    outer loop
      vertex   2.472612e+01 3.705746e+01 3.370000e+01
      vertex   2.472612e+01 3.705746e+01 4.120000e+01
      vertex   2.427500e+01 3.665781e+01 3.370000e+01
    endloop
  endfacet
  facet normal 6.631227e-01 -7.485107e-01 0.000000e+00
    outer loop
      vertex   2.427500e+01 3.665781e+01 3.370000e+01
      vertex   2.472612e+01 3.705746e+01 4.120000e+01
      vertex   2.427500e+01 3.665781e+01 4.120000e+01
    endloop
  endfacet
  facet normal 8.229839e-01 -5.680647e-01 0.000000e+00
    outer loop
      vertex   2.427500e+01 3.665781e+01 3.370000e+01
      vertex   2.427500e+01 3.665781e+01 4.120000e+01
      vertex   2.393264e+01 3.616181e+01 3.370000e+01
    endloop
  endfacet
  facet normal 8.229839e-01 -5.680647e-01 0.000000e+00
    outer loop
      vertex   2.393264e+01 3.616181e+01 3.370000e+01
      vertex   2.427500e+01 3.665781e+01 4.120000e+01
      vertex   2.393264e+01 3.616181e+01 4.120000e+01
    endloop
  endfacet
  facet normal 9.350162e-01 -3.546049e-01 0.000000e+00
    outer loop
      vertex   2.393264e+01 3.616181e+01 3.370000e+01
      vertex   2.393264e+01 3.616181e+01 4.120000e+01
      vertex   2.371893e+01 3.559829e+01 3.370000e+01
    endloop
  endfacet
  facet normal 9.350162e-01 -3.546049e-01 0.000000e+00
    outer loop
      vertex   2.371893e+01 3.559829e+01 3.370000e+01
      vertex   2.393264e+01 3.616181e+01 4.120000e+01
      vertex   2.371893e+01 3.559829e+01 4.120000e+01
    endloop
  endfacet
  facet normal 9.927089e-01 1.205367e-01 0.000000e+00
    outer loop
      vertex   2.371893e+01 3.440171e+01 4.870000e+01
      vertex   2.371893e+01 3.440171e+01 4.120000e+01
      vertex   2.364628e+01 3.500000e+01 4.870000e+01
    endloop
  endfacet
  facet normal 9.927089e-01 1.205367e-01 0.000000e+00
    outer loop
      vertex   2.364628e+01 3.500000e+01 4.870000e+01
      vertex   2.371893e+01 3.440171e+01 4.120000e+01
      vertex   2.364628e+01 3.500000e+01 4.120000e+01
    endloop
  endfacet
  facet normal 9.927089e-01 -1.205367e-01 0.000000e+00
    outer loop
      vertex   2.364628e+01 3.500000e+01 4.870000e+01
      vertex   2.364628e+01 3.500000e+01 4.120000e+01
      vertex   2.371893e+01 3.559829e+01 4.870000e+01
    endloop
  endfacet
  facet normal 9.927089e-01 -1.205367e-01 0.000000e+00
    outer loop
      vertex   2.371893e+01 3.559829e+01 4.870000e+01
      vertex   2.364628e+01 3.500000e+01 4.120000e+01
      vertex   2.371893e+01 3.559829e+01 4.120000e+01
    endloop
  endfacet
  facet normal 9.350162e-01 -3.546049e-01 0.000000e+00
    outer loop
      vertex   2.371893e+01 3.559829e+01 4.870000e+01
      vertex   2.371893e+01 3.559829e+01 4.120000e+01
      vertex   2.393264e+01 3.616181e+01 4.870000e+01
    endloop
  endfacet
  facet normal 9.350162e-01 -3.546049e-01 0.000000e+00
    outer loop
      vertex   2.393264e+01 3.616181e+01 4.870000e+01
      vertex   2.371893e+01 3.559829e+01 4.120000e+01
      vertex   2.393264e+01 3.616181e+01 4.120000e+01
    endloop
  endfacet
  facet normal 8.229839e-01 -5.680647e-01 0.000000e+00
    outer loop
      vertex   2.393264e+01 3.616181e+01 4.870000e+01
      vertex   2.393264e+01 3.616181e+01 4.120000e+01
      vertex   2.427500e+01 3.665781e+01 4.870000e+01
    endloop
  endfacet
  facet normal 8.229839e-01 -5.680647e-01 0.000000e+00
    outer loop
      vertex   2.427500e+01 3.665781e+01 4.870000e+01
      vertex   2.393264e+01 3.616181e+01 4.120000e+01
      vertex   2.427500e+01 3.665781e+01 4.120000e+01
    endloop
  endfacet
  facet normal 6.631227e-01 -7.485107e-01 0.000000e+00
    outer loop
      vertex   2.427500e+01 3.665781e+01 4.870000e+01
      vertex   2.427500e+01 3.665781e+01 4.120000e+01
      vertex   2.472612e+01 3.705746e+01 4.870000e+01
    endloop
  endfacet
  facet normal 6.631227e-01 -7.485107e-01 0.000000e+00
    outer loop
      vertex   2.472612e+01 3.705746e+01 4.870000e+01
      vertex   2.427500e+01 3.665781e+01 4.120000e+01
      vertex   2.472612e+01 3.705746e+01 4.120000e+01
    endloop
  endfacet
  facet normal 4.647232e-01 -8.854560e-01 0.000000e+00
    outer loop
      vertex   2.472612e+01 3.705746e+01 4.870000e+01
      vertex   2.472612e+01 3.705746e+01 4.120000e+01
      vertex   2.525977e+01 3.733754e+01 4.870000e+01
    endloop
  endfacet
  facet normal 4.647232e-01 -8.854560e-01 0.000000e+00
    outer loop
      vertex   2.525977e+01 3.733754e+01 4.870000e+01
      vertex   2.472612e+01 3.705746e+01 4.120000e+01
      vertex   2.525977e+01 3.733754e+01 4.120000e+01
    endloop
  endfacet
  facet normal 2.393157e-01 -9.709418e-01 0.000000e+00
    outer loop
      vertex   2.525977e+01 3.733754e+01 4.870000e+01
      vertex   2.525977e+01 3.733754e+01 4.120000e+01
      vertex   2.584494e+01 3.748177e+01 4.870000e+01
    endloop
  endfacet
  facet normal 2.393157e-01 -9.709418e-01 0.000000e+00
    outer loop
      vertex   2.584494e+01 3.748177e+01 4.870000e+01
      vertex   2.525977e+01 3.733754e+01 4.120000e+01
      vertex   2.584494e+01 3.748177e+01 4.120000e+01
    endloop
  endfacet
  facet normal 0.000000e+00 -1.000000e+00 0.000000e+00
    outer loop
      vertex   2.584494e+01 3.748177e+01 4.870000e+01
      vertex   2.584494e+01 3.748177e+01 4.120000e+01
      vertex   2.644762e+01 3.748177e+01 4.870000e+01
    endloop
  endfacet
  facet normal 0.000000e+00 -1.000000e+00 -0.000000e+00
    outer loop
      vertex   2.644762e+01 3.748177e+01 4.870000e+01
      vertex   2.584494e+01 3.748177e+01 4.120000e+01
      vertex   2.644762e+01 3.748177e+01 4.120000e+01
    endloop
  endfacet
  facet normal -2.393157e-01 -9.709418e-01 -0.000000e+00
    outer loop
      vertex   2.644762e+01 3.748177e+01 4.870000e+01
      vertex   2.644762e+01 3.748177e+01 4.120000e+01
      vertex   2.703279e+01 3.733754e+01 4.870000e+01
    endloop
  endfacet
  facet normal -2.393157e-01 -9.709418e-01 -0.000000e+00
    outer loop
      vertex   2.703279e+01 3.733754e+01 4.870000e+01
      vertex   2.644762e+01 3.748177e+01 4.120000e+01
      vertex   2.703279e+01 3.733754e+01 4.120000e+01
    endloop
  endfacet
  facet normal -4.647232e-01 -8.854560e-01 -0.000000e+00
    outer loop
      vertex   2.703279e+01 3.733754e+01 4.870000e+01
      vertex   2.703279e+01 3.733754e+01 4.120000e+01
      vertex   2.756644e+01 3.705746e+01 4.870000e+01
    endloop
  endfacet
  facet normal -4.647232e-01 -8.854560e-01 -0.000000e+00
    outer loop
      vertex   2.756644e+01 3.705746e+01 4.870000e+01
      vertex   2.703279e+01 3.733754e+01 4.120000e+01
      vertex   2.756644e+01 3.705746e+01 4.120000e+01
    endloop
  endfacet
  facet normal -6.631227e-01 -7.485107e-01 -0.000000e+00
    outer loop
      vertex   2.756644e+01 3.705746e+01 4.870000e+01
      vertex   2.756644e+01 3.705746e+01 4.120000e+01
      vertex   2.801756e+01 3.665781e+01 4.870000e+01
    endloop
  endfacet
  facet normal -6.631227e-01 -7.485107e-01 -0.000000e+00
    outer loop
      vertex   2.801756e+01 3.665781e+01 4.870000e+01
      vertex   2.756644e+01 3.705746e+01 4.120000e+01
      vertex   2.801756e+01 3.665781e+01 4.120000e+01
    endloop
  endfacet
  facet normal -8.229839e-01 -5.680647e-01 -0.000000e+00
    outer loop
      vertex   2.801756e+01 3.665781e+01 4.870000e+01
      vertex   2.801756e+01 3.665781e+01 4.120000e+01
      vertex   2.835992e+01 3.616181e+01 4.870000e+01
    endloop
  endfacet
  facet normal -8.229839e-01 -5.680647e-01 -0.000000e+00
    outer loop
      vertex   2.835992e+01 3.616181e+01 4.870000e+01
      vertex   2.801756e+01 3.665781e+01 4.120000e+01
      vertex   2.835992e+01 3.616181e+01 4.120000e+01
    endloop
  endfacet
  facet normal -9.350162e-01 -3.546049e-01 -0.000000e+00
    outer loop
      vertex   2.835992e+01 3.616181e+01 4.870000e+01
      vertex   2.835992e+01 3.616181e+01 4.120000e+01
      vertex   2.857363e+01 3.559829e+01 4.870000e+01
    endloop
  endfacet
  facet normal -9.350162e-01 -3.546049e-01 -0.000000e+00
    outer loop
      vertex   2.857363e+01 3.559829e+01 4.870000e+01
      vertex   2.835992e+01 3.616181e+01 4.120000e+01
      vertex   2.857363e+01 3.559829e+01 4.120000e+01
    endloop
  endfacet
  facet normal -9.927089e-01 -1.205367e-01 -0.000000e+00
    outer loop
      vertex   2.857363e+01 3.559829e+01 4.870000e+01
      vertex   2.857363e+01 3.559829e+01 4.120000e+01
      vertex   2.864628e+01 3.500000e+01 4.870000e+01
    endloop
  endfacet
  facet normal -9.927089e-01 -1.205367e-01 -0.000000e+00
    outer loop
      vertex   2.864628e+01 3.500000e+01 4.870000e+01
      vertex   2.857363e+01 3.559829e+01 4.120000e+01
      vertex   2.864628e+01 3.500000e+01 4.120000e+01
    endloop
  endfacet
  facet normal -9.927089e-01 1.205367e-01 0.000000e+00
    outer loop
      vertex   2.864628e+01 3.500000e+01 4.870000e+01
      vertex   2.864628e+01 3.500000e+01 4.120000e+01
      vertex   2.857363e+01 3.440171e+01 4.870000e+01
    endloop
  endfacet
  facet normal -9.927089e-01 1.205367e-01 0.000000e+00
    outer loop
      vertex   2.857363e+01 3.440171e+01 4.870000e+01
      vertex   2.864628e+01 3.500000e+01 4.120000e+01
      vertex   2.857363e+01 3.440171e+01 4.120000e+01
    endloop
  endfacet
  facet normal -9.350162e-01 3.546049e-01 0.000000e+00
    outer loop
      vertex   2.857363e+01 3.440171e+01 4.870000e+01
      vertex   2.857363e+01 3.440171e+01 4.120000e+01
      vertex   2.835992e+01 3.383819e+01 4.870000e+01
    endloop
  endfacet
  facet normal -9.350162e-01 3.546049e-01 0.000000e+00
    outer loop
      vertex   2.835992e+01 3.383819e+01 4.870000e+01
      vertex   2.857363e+01 3.440171e+01 4.120000e+01
      vertex   2.835992e+01 3.383819e+01 4.120000e+01
    endloop
  endfacet
  facet normal -8.229839e-01 5.680647e-01 0.000000e+00
    outer loop
      vertex   2.835992e+01 3.383819e+01 4.870000e+01
      vertex   2.835992e+01 3.383819e+01 4.120000e+01
      vertex   2.801756e+01 3.334219e+01 4.870000e+01
    endloop
  endfacet
  facet normal -8.229839e-01 5.680647e-01 0.000000e+00
    outer loop
      vertex   2.801756e+01 3.334219e+01 4.870000e+01
      vertex   2.835992e+01 3.383819e+01 4.120000e+01
      vertex   2.801756e+01 3.334219e+01 4.120000e+01
    endloop
  endfacet
  facet normal -6.631227e-01 7.485107e-01 0.000000e+00
    outer loop
      vertex   2.801756e+01 3.334219e+01 4.870000e+01
      vertex   2.801756e+01 3.334219e+01 4.120000e+01
      vertex   2.756644e+01 3.294254e+01 4.870000e+01
    endloop
  endfacet
  facet normal -6.631227e-01 7.485107e-01 0.000000e+00
    outer loop
      vertex   2.756644e+01 3.294254e+01 4.870000e+01
      vertex   2.801756e+01 3.334219e+01 4.120000e+01
      vertex   2.756644e+01 3.294254e+01 4.120000e+01
    endloop
  endfacet
  facet normal -4.647232e-01 8.854560e-01 0.000000e+00
    outer loop
      vertex   2.756644e+01 3.294254e+01 4.870000e+01
      vertex   2.756644e+01 3.294254e+01 4.120000e+01
      vertex   2.703279e+01 3.266246e+01 4.870000e+01
    endloop
  endfacet
  facet normal -4.647232e-01 8.854560e-01 0.000000e+00
    outer loop
      vertex   2.703279e+01 3.266246e+01 4.870000e+01
      vertex   2.756644e+01 3.294254e+01 4.120000e+01
      vertex   2.703279e+01 3.266246e+01 4.120000e+01
    endloop
  endfacet
  facet normal -2.393157e-01 9.709418e-01 0.000000e+00
    outer loop
      vertex   2.703279e+01 3.266246e+01 4.870000e+01
      vertex   2.703279e+01 3.266246e+01 4.120000e+01
      vertex   2.644762e+01 3.251823e+01 4.870000e+01
    endloop
  endfacet
  facet normal -2.393157e-01 9.709418e-01 0.000000e+00
    outer loop
      vertex   2.644762e+01 3.251823e+01 4.870000e+01
      vertex   2.703279e+01 3.266246e+01 4.120000e+01
      vertex   2.644762e+01 3.251823e+01 4.120000e+01
    endloop
  endfacet
  facet normal 0.000000e+00 1.000000e+00 0.000000e+00
    outer loop
      vertex   2.644762e+01 3.251823e+01 4.870000e+01
      vertex   2.644762e+01 3.251823e+01 4.120000e+01
      vertex   2.584494e+01 3.251823e+01 4.870000e+01
    endloop
  endfacet
  facet normal 0.000000e+00 1.000000e+00 0.000000e+00
    outer loop
      vertex   2.584494e+01 3.251823e+01 4.870000e+01
      vertex   2.644762e+01 3.251823e+01 4.120000e+01
      vertex   2.584494e+01 3.251823e+01 4.120000e+01
    endloop
  endfacet
  facet normal 2.393157e-01 9.709418e-01 0.000000e+00
    outer loop
      vertex   2.584494e+01 3.251823e+01 4.870000e+01
      vertex   2.584494e+01 3.251823e+01 4.120000e+01
      vertex   2.525977e+01 3.266246e+01 4.870000e+01
    endloop
  endfacet
  facet normal 2.393157e-01 9.709418e-01 0.000000e+00
    outer loop
      vertex   2.525977e+01 3.266246e+01 4.870000e+01
      vertex   2.584494e+01 3.251823e+01 4.120000e+01
      vertex   2.525977e+01 3.266246e+01 4.120000e+01
    endloop
  endfacet
  facet normal 4.647232e-01 8.854560e-01 0.000000e+00
    outer loop
      vertex   2.525977e+01 3.266246e+01 4.870000e+01
      vertex   2.525977e+01 3.266246e+01 4.120000e+01
      vertex   2.472612e+01 3.294254e+01 4.870000e+01
    endloop
  endfacet
  facet normal 4.647232e-01 8.854560e-01 0.000000e+00
    outer loop
      vertex   2.472612e+01 3.294254e+01 4.870000e+01
      vertex   2.525977e+01 3.266246e+01 4.120000e+01
      vertex   2.472612e+01 3.294254e+01 4.120000e+01
    endloop
  endfacet
  facet normal 6.631227e-01 7.485107e-01 0.000000e+00
    outer loop
      vertex   2.472612e+01 3.294254e+01 4.870000e+01
      vertex   2.472612e+01 3.294254e+01 4.120000e+01
      vertex   2.427500e+01 3.334219e+01 4.870000e+01
    endloop
  endfacet
  facet normal 6.631227e-01 7.485107e-01 0.000000e+00
    outer loop
      vertex   2.427500e+01 3.334219e+01 4.870000e+01
      vertex   2.472612e+01 3.294254e+01 4.120000e+01
      vertex   2.427500e+01 3.334219e+01 4.120000e+01
    endloop
  endfacet
  facet normal 8.229839e-01 5.680647e-01 0.000000e+00
    outer loop
      vertex   2.427500e+01 3.334219e+01 4.870000e+01
      vertex   2.427500e+01 3.334219e+01 4.120000e+01
      vertex   2.393264e+01 3.383819e+01 4.870000e+01
    endloop
  endfacet
  facet normal 8.229839e-01 5.680647e-01 0.000000e+00
    outer loop
      vertex   2.393264e+01 3.383819e+01 4.870000e+01
      vertex   2.427500e+01 3.334219e+01 4.120000e+01
      vertex   2.393264e+01 3.383819e+01 4.120000e+01
    endloop
  endfacet
  facet normal 9.350162e-01 3.546049e-01 0.000000e+00
    outer loop
      vertex   2.393264e+01 3.383819e+01 4.870000e+01
      vertex   2.393264e+01 3.383819e+01 4.120000e+01
      vertex   2.371893e+01 3.440171e+01 4.870000e+01
    endloop
  endfacet
  facet normal 9.350162e-01 3.546049e-01 0.000000e+00
    outer loop
      vertex   2.371893e+01 3.440171e+01 4.870000e+01
      vertex   2.393264e+01 3.383819e+01 4.120000e+01
      vertex   2.371893e+01 3.440171e+01 4.120000e+01
    endloop
  endfacet
  facet normal -9.914449e-01 -1.305262e-01 -0.000000e+00
    outer loop
      vertex   2.749858e+01 3.536235e+01 5.570000e+01
      vertex   2.749858e+01 3.536235e+01 4.870000e+01
      vertex   2.754628e+01 3.500000e+01 5.570000e+01
    endloop
  endfacet
  facet normal -9.914449e-01 -1.305262e-01 -0.000000e+00
    outer loop
      vertex   2.754628e+01 3.500000e+01 5.570000e+01
      vertex   2.749858e+01 3.536235e+01 4.870000e+01
      vertex   2.754628e+01 3.500000e+01 4.870000e+01
    endloop
  endfacet
  facet normal -9.914449e-01 1.305262e-01 0.000000e+00
    outer loop
      vertex   2.754628e+01 3.500000e+01 5.570000e+01
      vertex   2.754628e+01 3.500000e+01 4.870000e+01
      vertex   2.749858e+01 3.463765e+01 5.570000e+01
    endloop
  endfacet
  facet normal -9.914449e-01 1.305262e-01 0.000000e+00
    outer loop
      vertex   2.749858e+01 3.463765e+01 5.570000e+01
      vertex   2.754628e+01 3.500000e+01 4.870000e+01
      vertex   2.749858e+01 3.463765e+01 4.870000e+01
    endloop
  endfacet
  facet normal -9.238795e-01 3.826834e-01 0.000000e+00
    outer loop
      vertex   2.749858e+01 3.463765e+01 5.570000e+01
      vertex   2.749858e+01 3.463765e+01 4.870000e+01
      vertex   2.735872e+01 3.430000e+01 5.570000e+01
    endloop
  endfacet
  facet normal -9.238795e-01 3.826834e-01 0.000000e+00
    outer loop
      vertex   2.735872e+01 3.430000e+01 5.570000e+01
      vertex   2.749858e+01 3.463765e+01 4.870000e+01
      vertex   2.735872e+01 3.430000e+01 4.870000e+01
    endloop
  endfacet
  facet normal -7.933533e-01 6.087614e-01 0.000000e+00
    outer loop
      vertex   2.735872e+01 3.430000e+01 5.570000e+01
      vertex   2.735872e+01 3.430000e+01 4.870000e+01
      vertex   2.713623e+01 3.401005e+01 5.570000e+01
    endloop
  endfacet
  facet normal -7.933533e-01 6.087614e-01 0.000000e+00
    outer loop
      vertex   2.713623e+01 3.401005e+01 5.570000e+01
      vertex   2.735872e+01 3.430000e+01 4.870000e+01
      vertex   2.713623e+01 3.401005e+01 4.870000e+01
    endloop
  endfacet
  facet normal -6.087614e-01 7.933533e-01 0.000000e+00
    outer loop
      vertex   2.713623e+01 3.401005e+01 5.570000e+01
      vertex   2.713623e+01 3.401005e+01 4.870000e+01
      vertex   2.684628e+01 3.378756e+01 5.570000e+01
    endloop
  endfacet
  facet normal -6.087614e-01 7.933533e-01 0.000000e+00
    outer loop
      vertex   2.684628e+01 3.378756e+01 5.570000e+01
      vertex   2.713623e+01 3.401005e+01 4.870000e+01
      vertex   2.684628e+01 3.378756e+01 4.870000e+01
    endloop
  endfacet
  facet normal -3.826834e-01 9.238795e-01 0.000000e+00
    outer loop
      vertex   2.684628e+01 3.378756e+01 5.570000e+01
      vertex   2.684628e+01 3.378756e+01 4.870000e+01
      vertex   2.650863e+01 3.364770e+01 5.570000e+01
    endloop
  endfacet
  facet normal -3.826834e-01 9.238795e-01 0.000000e+00
    outer loop
      vertex   2.650863e+01 3.364770e+01 5.570000e+01
      vertex   2.684628e+01 3.378756e+01 4.870000e+01
      vertex   2.650863e+01 3.364770e+01 4.870000e+01
    endloop
  endfacet
  facet normal -1.305262e-01 9.914449e-01 0.000000e+00
    outer loop
      vertex   2.650863e+01 3.364770e+01 5.570000e+01
      vertex   2.650863e+01 3.364770e+01 4.870000e+01
      vertex   2.614628e+01 3.360000e+01 5.570000e+01
    endloop
  endfacet
  facet normal -1.305262e-01 9.914449e-01 0.000000e+00
    outer loop
      vertex   2.614628e+01 3.360000e+01 5.570000e+01
      vertex   2.650863e+01 3.364770e+01 4.870000e+01
      vertex   2.614628e+01 3.360000e+01 4.870000e+01
    endloop
  endfacet
  facet normal 1.305262e-01 9.914449e-01 0.000000e+00
    outer loop
      vertex   2.614628e+01 3.360000e+01 5.570000e+01
      vertex   2.614628e+01 3.360000e+01 4.870000e+01
      vertex   2.578393e+01 3.364770e+01 5.570000e+01
    endloop
  endfacet
  facet normal 1.305262e-01 9.914449e-01 0.000000e+00
    outer loop
      vertex   2.578393e+01 3.364770e+01 5.570000e+01
      vertex   2.614628e+01 3.360000e+01 4.870000e+01
      vertex   2.578393e+01 3.364770e+01 4.870000e+01
    endloop
  endfacet
  facet normal 3.826834e-01 9.238795e-01 0.000000e+00
    outer loop
      vertex   2.578393e+01 3.364770e+01 5.570000e+01
      vertex   2.578393e+01 3.364770e+01 4.870000e+01
      vertex   2.544628e+01 3.378756e+01 5.570000e+01
    endloop
  endfacet
  facet normal 3.826834e-01 9.238795e-01 0.000000e+00
    outer loop
      vertex   2.544628e+01 3.378756e+01 5.570000e+01
      vertex   2.578393e+01 3.364770e+01 4.870000e+01
      vertex   2.544628e+01 3.378756e+01 4.870000e+01
    endloop
  endfacet
  facet normal 6.087614e-01 7.933533e-01 0.000000e+00
    outer loop
      vertex   2.544628e+01 3.378756e+01 5.570000e+01
      vertex   2.544628e+01 3.378756e+01 4.870000e+01
      vertex   2.515633e+01 3.401005e+01 5.570000e+01
    endloop
  endfacet
  facet normal 6.087614e-01 7.933533e-01 0.000000e+00
    outer loop
      vertex   2.515633e+01 3.401005e+01 5.570000e+01
      vertex   2.544628e+01 3.378756e+01 4.870000e+01
      vertex   2.515633e+01 3.401005e+01 4.870000e+01
    endloop
  endfacet
  facet normal 7.933533e-01 6.087614e-01 0.000000e+00
    outer loop
      vertex   2.515633e+01 3.401005e+01 5.570000e+01
      vertex   2.515633e+01 3.401005e+01 4.870000e+01
      vertex   2.493384e+01 3.430000e+01 5.570000e+01
    endloop
  endfacet
  facet normal 7.933533e-01 6.087614e-01 0.000000e+00
    outer loop
      vertex   2.493384e+01 3.430000e+01 5.570000e+01
      vertex   2.515633e+01 3.401005e+01 4.870000e+01
      vertex   2.493384e+01 3.430000e+01 4.870000e+01
    endloop
  endfacet
  facet normal 9.238795e-01 3.826834e-01 0.000000e+00
    outer loop
      vertex   2.493384e+01 3.430000e+01 5.570000e+01
      vertex   2.493384e+01 3.430000e+01 4.870000e+01
      vertex   2.479398e+01 3.463765e+01 5.570000e+01
    endloop
  endfacet
  facet normal 9.238795e-01 3.826834e-01 0.000000e+00
    outer loop
      vertex   2.479398e+01 3.463765e+01 5.570000e+01
      vertex   2.493384e+01 3.430000e+01 4.870000e+01
      vertex   2.479398e+01 3.463765e+01 4.870000e+01
    endloop
  endfacet
  facet normal 9.914449e-01 1.305262e-01 0.000000e+00
    outer loop
      vertex   2.479398e+01 3.463765e+01 5.570000e+01
      vertex   2.479398e+01 3.463765e+01 4.870000e+01
      vertex   2.474628e+01 3.500000e+01 5.570000e+01
    endloop
  endfacet
  facet normal 9.914449e-01 1.305262e-01 0.000000e+00
    outer loop
      vertex   2.474628e+01 3.500000e+01 5.570000e+01
      vertex   2.479398e+01 3.463765e+01 4.870000e+01
      vertex   2.474628e+01 3.500000e+01 4.870000e+01
    endloop
  endfacet
  facet normal 9.914449e-01 -1.305262e-01 0.000000e+00
    outer loop
      vertex   2.474628e+01 3.500000e+01 5.570000e+01
      vertex   2.474628e+01 3.500000e+01 4.870000e+01
      vertex   2.479398e+01 3.536235e+01 5.570000e+01
    endloop
  endfacet
  facet normal 9.914449e-01 -1.305262e-01 0.000000e+00
    outer loop
      vertex   2.479398e+01 3.536235e+01 5.570000e+01
      vertex   2.474628e+01 3.500000e+01 4.870000e+01
      vertex   2.479398e+01 3.536235e+01 4.870000e+01
    endloop
  endfacet
  facet normal 9.238795e-01 -3.826834e-01 0.000000e+00
    outer loop
      vertex   2.479398e+01 3.536235e+01 5.570000e+01
      vertex   2.479398e+01 3.536235e+01 4.870000e+01
      vertex   2.493384e+01 3.570000e+01 5.570000e+01
    endloop
  endfacet
  facet normal 9.238795e-01 -3.826834e-01 0.000000e+00
    outer loop
      vertex   2.493384e+01 3.570000e+01 5.570000e+01
      vertex   2.479398e+01 3.536235e+01 4.870000e+01
      vertex   2.493384e+01 3.570000e+01 4.870000e+01
    endloop
  endfacet
  facet normal 7.933533e-01 -6.087614e-01 0.000000e+00
    outer loop
      vertex   2.493384e+01 3.570000e+01 5.570000e+01
      vertex   2.493384e+01 3.570000e+01 4.870000e+01
      vertex   2.515633e+01 3.598995e+01 5.570000e+01
    endloop
  endfacet
  facet normal 7.933533e-01 -6.087614e-01 0.000000e+00
    outer loop
      vertex   2.515633e+01 3.598995e+01 5.570000e+01
      vertex   2.493384e+01 3.570000e+01 4.870000e+01
      vertex   2.515633e+01 3.598995e+01 4.870000e+01
    endloop
  endfacet
  facet normal 6.087614e-01 -7.933533e-01 0.000000e+00
    outer loop
      vertex   2.515633e+01 3.598995e+01 5.570000e+01
      vertex   2.515633e+01 3.598995e+01 4.870000e+01
      vertex   2.544628e+01 3.621244e+01 5.570000e+01
    endloop
  endfacet
  facet normal 6.087614e-01 -7.933533e-01 0.000000e+00
    outer loop
      vertex   2.544628e+01 3.621244e+01 5.570000e+01
      vertex   2.515633e+01 3.598995e+01 4.870000e+01
      vertex   2.544628e+01 3.621244e+01 4.870000e+01
    endloop
  endfacet
  facet normal 3.826834e-01 -9.238795e-01 0.000000e+00
    outer loop
      vertex   2.544628e+01 3.621244e+01 5.570000e+01
      vertex   2.544628e+01 3.621244e+01 4.870000e+01
      vertex   2.578393e+01 3.635230e+01 5.570000e+01
    endloop
  endfacet
  facet normal 3.826834e-01 -9.238795e-01 0.000000e+00
    outer loop
      vertex   2.578393e+01 3.635230e+01 5.570000e+01
      vertex   2.544628e+01 3.621244e+01 4.870000e+01
      vertex   2.578393e+01 3.635230e+01 4.870000e+01
    endloop
  endfacet
  facet normal 1.305262e-01 -9.914449e-01 0.000000e+00
    outer loop
      vertex   2.578393e+01 3.635230e+01 5.570000e+01
      vertex   2.578393e+01 3.635230e+01 4.870000e+01
      vertex   2.614628e+01 3.640000e+01 5.570000e+01
    endloop
  endfacet
  facet normal 1.305262e-01 -9.914449e-01 0.000000e+00
    outer loop
      vertex   2.614628e+01 3.640000e+01 5.570000e+01
      vertex   2.578393e+01 3.635230e+01 4.870000e+01
      vertex   2.614628e+01 3.640000e+01 4.870000e+01
    endloop
  endfacet
  facet normal -1.305262e-01 -9.914449e-01 -0.000000e+00
    outer loop
      vertex   2.614628e+01 3.640000e+01 5.570000e+01
      vertex   2.614628e+01 3.640000e+01 4.870000e+01
      vertex   2.650863e+01 3.635230e+01 5.570000e+01
    endloop
  endfacet
  facet normal -1.305262e-01 -9.914449e-01 -0.000000e+00
    outer loop
      vertex   2.650863e+01 3.635230e+01 5.570000e+01
      vertex   2.614628e+01 3.640000e+01 4.870000e+01
      vertex   2.650863e+01 3.635230e+01 4.870000e+01
    endloop
  endfacet
  facet normal -3.826834e-01 -9.238795e-01 -0.000000e+00
    outer loop
      vertex   2.650863e+01 3.635230e+01 5.570000e+01
      vertex   2.650863e+01 3.635230e+01 4.870000e+01
      vertex   2.684628e+01 3.621244e+01 5.570000e+01
    endloop
  endfacet
  facet normal -3.826834e-01 -9.238795e-01 -0.000000e+00
    outer loop
      vertex   2.684628e+01 3.621244e+01 5.570000e+01
      vertex   2.650863e+01 3.635230e+01 4.870000e+01
      vertex   2.684628e+01 3.621244e+01 4.870000e+01
    endloop
  endfacet
  facet normal -6.087614e-01 -7.933533e-01 -0.000000e+00
    outer loop
      vertex   2.684628e+01 3.621244e+01 5.570000e+01
      vertex   2.684628e+01 3.621244e+01 4.870000e+01
      vertex   2.713623e+01 3.598995e+01 5.570000e+01
    endloop
  endfacet
  facet normal -6.087614e-01 -7.933533e-01 -0.000000e+00
    outer loop
      vertex   2.713623e+01 3.598995e+01 5.570000e+01
      vertex   2.684628e+01 3.621244e+01 4.870000e+01
      vertex   2.713623e+01 3.598995e+01 4.870000e+01
    endloop
  endfacet
  facet normal -7.933533e-01 -6.087614e-01 -0.000000e+00
    outer loop
      vertex   2.713623e+01 3.598995e+01 5.570000e+01
      vertex   2.713623e+01 3.598995e+01 4.870000e+01
      vertex   2.735872e+01 3.570000e+01 5.570000e+01
    endloop
  endfacet
  facet normal -7.933533e-01 -6.087614e-01 -0.000000e+00
    outer loop
      vertex   2.735872e+01 3.570000e+01 5.570000e+01
      vertex   2.713623e+01 3.598995e+01 4.870000e+01
      vertex   2.735872e+01 3.570000e+01 4.870000e+01
    endloop
  endfacet
  facet normal -9.238795e-01 -3.826834e-01 -0.000000e+00
    outer loop
      vertex   2.735872e+01 3.570000e+01 5.570000e+01
      vertex   2.735872e+01 3.570000e+01 4.870000e+01
      vertex   2.749858e+01 3.536235e+01 5.570000e+01
    endloop
  endfacet
  facet normal -9.238795e-01 -3.826834e-01 -0.000000e+00
    outer loop
      vertex   2.749858e+01 3.536235e+01 5.570000e+01
      vertex   2.735872e+01 3.570000e+01 4.870000e+01
      vertex   2.749858e+01 3.536235e+01 4.870000e+01
    endloop
  endfacet
  facet normal 0.000000e+00 0.000000e+00 -1.000000e+00
    outer loop
      vertex   7.142637e+01 3.440171e+01 4.870000e+01
      vertex   7.135372e+01 3.500000e+01 4.870000e+01
      vertex   7.245372e+01 3.500000e+01 4.870000e+01
    endloop
  endfacet
  facet normal 0.000000e+00 0.000000e+00 -1.000000e+00
    outer loop
      vertex   7.245372e+01 3.500000e+01 4.870000e+01
      vertex   7.135372e+01 3.500000e+01 4.870000e+01
      vertex   7.142637e+01 3.559829e+01 4.870000e+01
    endloop
  endfacet
  facet normal 0.000000e+00 0.000000e+00 -1.000000e+00
    outer loop
      vertex   7.245372e+01 3.500000e+01 4.870000e+01
      vertex   7.142637e+01 3.559829e+01 4.870000e+01
      vertex   7.250142e+01 3.536235e+01 4.870000e+01
    endloop
  endfacet
  facet normal 0.000000e+00 0.000000e+00 -1.000000e+00
    outer loop
      vertex   7.250142e+01 3.536235e+01 4.870000e+01
      vertex   7.142637e+01 3.559829e+01 4.870000e+01
      vertex   7.164008e+01 3.616181e+01 4.870000e+01
    endloop
  endfacet
  facet normal 0.000000e+00 0.000000e+00 -1.000000e+00
    outer loop
      vertex   7.250142e+01 3.536235e+01 4.870000e+01
      vertex   7.164008e+01 3.616181e+01 4.870000e+01
      vertex   7.264128e+01 3.570000e+01 4.870000e+01
    endloop
  endfacet
  facet normal 0.000000e+00 0.000000e+00 -1.000000e+00
    outer loop
      vertex   7.264128e+01 3.570000e+01 4.870000e+01
      vertex   7.164008e+01 3.616181e+01 4.870000e+01
      vertex   7.198244e+01 3.665781e+01 4.870000e+01
    endloop
  endfacet
  facet normal 0.000000e+00 0.000000e+00 -1.000000e+00
    outer loop
      vertex   7.264128e+01 3.570000e+01 4.870000e+01
      vertex   7.198244e+01 3.665781e+01 4.870000e+01
      vertex   7.286377e+01 3.598995e+01 4.870000e+01
    endloop
  endfacet
  facet normal 0.000000e+00 0.000000e+00 -1.000000e+00
    outer loop
      vertex   7.286377e+01 3.598995e+01 4.870000e+01
      vertex   7.198244e+01 3.665781e+01 4.870000e+01
      vertex   7.243356e+01 3.705746e+01 4.870000e+01
    endloop
  endfacet
  facet normal 0.000000e+00 0.000000e+00 -1.000000e+00
    outer loop
      vertex   7.286377e+01 3.598995e+01 4.870000e+01
      vertex   7.243356e+01 3.705746e+01 4.870000e+01
      vertex   7.315372e+01 3.621244e+01 4.870000e+01
    endloop
  endfacet
  facet normal 0.000000e+00 0.000000e+00 -1.000000e+00
    outer loop
      vertex   7.315372e+01 3.621244e+01 4.870000e+01
      vertex   7.243356e+01 3.705746e+01 4.870000e+01
      vertex   7.296721e+01 3.733754e+01 4.870000e+01
    endloop
  endfacet
  facet normal 0.000000e+00 0.000000e+00 -1.000000e+00
    outer loop
      vertex   7.315372e+01 3.621244e+01 4.870000e+01
      vertex   7.296721e+01 3.733754e+01 4.870000e+01
      vertex   7.349137e+01 3.635230e+01 4.870000e+01
    endloop
  endfacet
  facet normal 0.000000e+00 0.000000e+00 -1.000000e+00
    outer loop
      vertex   7.349137e+01 3.635230e+01 4.870000e+01
      vertex   7.296721e+01 3.733754e+01 4.870000e+01
      vertex   7.355238e+01 3.748177e+01 4.870000e+01
    endloop
  endfacet
  facet normal 0.000000e+00 0.000000e+00 -1.000000e+00
    outer loop
      vertex   7.349137e+01 3.635230e+01 4.870000e+01
      vertex   7.355238e+01 3.748177e+01 4.870000e+01
      vertex   7.385372e+01 3.640000e+01 4.870000e+01
    endloop
  endfacet
  facet normal 0.000000e+00 0.000000e+00 -1.000000e+00
    outer loop
      vertex   7.385372e+01 3.640000e+01 4.870000e+01
      vertex   7.355238e+01 3.748177e+01 4.870000e+01
      vertex   7.415506e+01 3.748177e+01 4.870000e+01
    endloop
  endfacet
  facet normal 0.000000e+00 0.000000e+00 -1.000000e+00
    outer loop
      vertex   7.385372e+01 3.640000e+01 4.870000e+01
      vertex   7.415506e+01 3.748177e+01 4.870000e+01
      vertex   7.421607e+01 3.635230e+01 4.870000e+01
    endloop
  endfacet
  facet normal 0.000000e+00 0.000000e+00 -1.000000e+00
    outer loop
      vertex   7.421607e+01 3.635230e+01 4.870000e+01
      vertex   7.415506e+01 3.748177e+01 4.870000e+01
      vertex   7.474023e+01 3.733754e+01 4.870000e+01
    endloop
  endfacet
  facet normal 0.000000e+00 0.000000e+00 -1.000000e+00
    outer loop
      vertex   7.421607e+01 3.635230e+01 4.870000e+01
      vertex   7.474023e+01 3.733754e+01 4.870000e+01
      vertex   7.455372e+01 3.621244e+01 4.870000e+01
    endloop
  endfacet
  facet normal 0.000000e+00 0.000000e+00 -1.000000e+00
    outer loop
      vertex   7.455372e+01 3.621244e+01 4.870000e+01
      vertex   7.474023e+01 3.733754e+01 4.870000e+01
      vertex   7.527388e+01 3.705746e+01 4.870000e+01
    endloop
  endfacet
  facet normal 0.000000e+00 0.000000e+00 -1.000000e+00
    outer loop
      vertex   7.455372e+01 3.621244e+01 4.870000e+01
      vertex   7.527388e+01 3.705746e+01 4.870000e+01
      vertex   7.484367e+01 3.598995e+01 4.870000e+01
    endloop
  endfacet
  facet normal 0.000000e+00 0.000000e+00 -1.000000e+00
    outer loop
      vertex   7.484367e+01 3.598995e+01 4.870000e+01
      vertex   7.527388e+01 3.705746e+01 4.870000e+01
      vertex   7.572500e+01 3.665781e+01 4.870000e+01
    endloop
  endfacet
  facet normal 0.000000e+00 0.000000e+00 -1.000000e+00
    outer loop
      vertex   7.484367e+01 3.598995e+01 4.870000e+01
      vertex   7.572500e+01 3.665781e+01 4.870000e+01
      vertex   7.506616e+01 3.570000e+01 4.870000e+01
    endloop
  endfacet
  facet normal 0.000000e+00 0.000000e+00 -1.000000e+00
    outer loop
      vertex   7.506616e+01 3.570000e+01 4.870000e+01
      vertex   7.572500e+01 3.665781e+01 4.870000e+01
      vertex   7.606736e+01 3.616181e+01 4.870000e+01
    endloop
  endfacet
  facet normal 0.000000e+00 0.000000e+00 -1.000000e+00
    outer loop
      vertex   7.506616e+01 3.570000e+01 4.870000e+01
      vertex   7.606736e+01 3.616181e+01 4.870000e+01
      vertex   7.520602e+01 3.536235e+01 4.870000e+01
    endloop
  endfacet
  facet normal 0.000000e+00 0.000000e+00 -1.000000e+00
    outer loop
      vertex   7.520602e+01 3.536235e+01 4.870000e+01
      vertex   7.606736e+01 3.616181e+01 4.870000e+01
      vertex   7.628107e+01 3.559829e+01 4.870000e+01
    endloop
  endfacet
  facet normal 0.000000e+00 0.000000e+00 -1.000000e+00
    outer loop
      vertex   7.520602e+01 3.536235e+01 4.870000e+01
      vertex   7.628107e+01 3.559829e+01 4.870000e+01
      vertex   7.525372e+01 3.500000e+01 4.870000e+01
    endloop
  endfacet
  facet normal 0.000000e+00 0.000000e+00 -1.000000e+00
    outer loop
      vertex   7.525372e+01 3.500000e+01 4.870000e+01
      vertex   7.628107e+01 3.559829e+01 4.870000e+01
      vertex   7.635372e+01 3.500000e+01 4.870000e+01
    endloop
  endfacet
  facet normal 0.000000e+00 0.000000e+00 -1.000000e+00
    outer loop
      vertex   7.525372e+01 3.500000e+01 4.870000e+01
      vertex   7.635372e+01 3.500000e+01 4.870000e+01
      vertex   7.628107e+01 3.440171e+01 4.870000e+01
    endloop
  endfacet
  facet normal 0.000000e+00 -0.000000e+00 -1.000000e+00
    outer loop
      vertex   7.525372e+01 3.500000e+01 4.870000e+01
      vertex   7.628107e+01 3.440171e+01 4.870000e+01
      vertex   7.520602e+01 3.463765e+01 4.870000e+01
    endloop
  endfacet
  facet normal 0.000000e+00 0.000000e+00 -1.000000e+00
    outer loop
      vertex   7.520602e+01 3.463765e+01 4.870000e+01
      vertex   7.628107e+01 3.440171e+01 4.870000e+01
      vertex   7.606736e+01 3.383819e+01 4.870000e+01
    endloop
  endfacet
  facet normal 0.000000e+00 -0.000000e+00 -1.000000e+00
    outer loop
      vertex   7.520602e+01 3.463765e+01 4.870000e+01
      vertex   7.606736e+01 3.383819e+01 4.870000e+01
      vertex   7.506616e+01 3.430000e+01 4.870000e+01
    endloop
  endfacet
  facet normal 0.000000e+00 0.000000e+00 -1.000000e+00
    outer loop
      vertex   7.506616e+01 3.430000e+01 4.870000e+01
      vertex   7.606736e+01 3.383819e+01 4.870000e+01
      vertex   7.572500e+01 3.334219e+01 4.870000e+01
    endloop
  endfacet
  facet normal 0.000000e+00 -0.000000e+00 -1.000000e+00
    outer loop
      vertex   7.506616e+01 3.430000e+01 4.870000e+01
      vertex   7.572500e+01 3.334219e+01 4.870000e+01
      vertex   7.484367e+01 3.401005e+01 4.870000e+01
    endloop
  endfacet
  facet normal 0.000000e+00 0.000000e+00 -1.000000e+00
    outer loop
      vertex   7.484367e+01 3.401005e+01 4.870000e+01
      vertex   7.572500e+01 3.334219e+01 4.870000e+01
      vertex   7.527388e+01 3.294254e+01 4.870000e+01
    endloop
  endfacet
  facet normal 0.000000e+00 -0.000000e+00 -1.000000e+00
    outer loop
      vertex   7.484367e+01 3.401005e+01 4.870000e+01
      vertex   7.527388e+01 3.294254e+01 4.870000e+01
      vertex   7.455372e+01 3.378756e+01 4.870000e+01
    endloop
  endfacet
  facet normal 0.000000e+00 0.000000e+00 -1.000000e+00
    outer loop
      vertex   7.455372e+01 3.378756e+01 4.870000e+01
      vertex   7.527388e+01 3.294254e+01 4.870000e+01
      vertex   7.474023e+01 3.266246e+01 4.870000e+01
    endloop
  endfacet
  facet normal 0.000000e+00 -0.000000e+00 -1.000000e+00
    outer loop
      vertex   7.455372e+01 3.378756e+01 4.870000e+01
      vertex   7.474023e+01 3.266246e+01 4.870000e+01
      vertex   7.421607e+01 3.364770e+01 4.870000e+01
    endloop
  endfacet
  facet normal 0.000000e+00 -0.000000e+00 -1.000000e+00
    outer loop
      vertex   7.421607e+01 3.364770e+01 4.870000e+01
      vertex   7.474023e+01 3.266246e+01 4.870000e+01
      vertex   7.415506e+01 3.251823e+01 4.870000e+01
    endloop
  endfacet
  facet normal 0.000000e+00 0.000000e+00 -1.000000e+00
    outer loop
      vertex   7.421607e+01 3.364770e+01 4.870000e+01
      vertex   7.415506e+01 3.251823e+01 4.870000e+01
      vertex   7.385372e+01 3.360000e+01 4.870000e+01
    endloop
  endfacet
  facet normal 0.000000e+00 -0.000000e+00 -1.000000e+00
    outer loop
      vertex   7.385372e+01 3.360000e+01 4.870000e+01
      vertex   7.415506e+01 3.251823e+01 4.870000e+01
      vertex   7.355238e+01 3.251823e+01 4.870000e+01
    endloop
  endfacet
  facet normal -0.000000e+00 0.000000e+00 -1.000000e+00
    outer loop
      vertex   7.385372e+01 3.360000e+01 4.870000e+01
      vertex   7.355238e+01 3.251823e+01 4.870000e+01
      vertex   7.349137e+01 3.364770e+01 4.870000e+01
    endloop
  endfacet
  facet normal 0.000000e+00 -0.000000e+00 -1.000000e+00
    outer loop
      vertex   7.349137e+01 3.364770e+01 4.870000e+01
      vertex   7.355238e+01 3.251823e+01 4.870000e+01
      vertex   7.296721e+01 3.266246e+01 4.870000e+01
    endloop
  endfacet
  facet normal -0.000000e+00 0.000000e+00 -1.000000e+00
    outer loop
      vertex   7.349137e+01 3.364770e+01 4.870000e+01
      vertex   7.296721e+01 3.266246e+01 4.870000e+01
      vertex   7.315372e+01 3.378756e+01 4.870000e+01
    endloop
  endfacet
  facet normal 0.000000e+00 0.000000e+00 -1.000000e+00
    outer loop
      vertex   7.315372e+01 3.378756e+01 4.870000e+01
      vertex   7.296721e+01 3.266246e+01 4.870000e+01
      vertex   7.243356e+01 3.294254e+01 4.870000e+01
    endloop
  endfacet
  facet normal -0.000000e+00 0.000000e+00 -1.000000e+00
    outer loop
      vertex   7.315372e+01 3.378756e+01 4.870000e+01
      vertex   7.243356e+01 3.294254e+01 4.870000e+01
      vertex   7.286377e+01 3.401005e+01 4.870000e+01
    endloop
  endfacet
  facet normal 0.000000e+00 0.000000e+00 -1.000000e+00
    outer loop
      vertex   7.286377e+01 3.401005e+01 4.870000e+01
      vertex   7.243356e+01 3.294254e+01 4.870000e+01
      vertex   7.198244e+01 3.334219e+01 4.870000e+01
    endloop
  endfacet
  facet normal -0.000000e+00 0.000000e+00 -1.000000e+00
    outer loop
      vertex   7.286377e+01 3.401005e+01 4.870000e+01
      vertex   7.198244e+01 3.334219e+01 4.870000e+01
      vertex   7.264128e+01 3.430000e+01 4.870000e+01
    endloop
  endfacet
  facet normal 0.000000e+00 0.000000e+00 -1.000000e+00
    outer loop
      vertex   7.264128e+01 3.430000e+01 4.870000e+01
      vertex   7.198244e+01 3.334219e+01 4.870000e+01
      vertex   7.164008e+01 3.383819e+01 4.870000e+01
    endloop
  endfacet
  facet normal -0.000000e+00 0.000000e+00 -1.000000e+00
    outer loop
      vertex   7.264128e+01 3.430000e+01 4.870000e+01
      vertex   7.164008e+01 3.383819e+01 4.870000e+01
      vertex   7.250142e+01 3.463765e+01 4.870000e+01
    endloop
  endfacet
  facet normal 0.000000e+00 0.000000e+00 -1.000000e+00
    outer loop
      vertex   7.250142e+01 3.463765e+01 4.870000e+01
      vertex   7.164008e+01 3.383819e+01 4.870000e+01
      vertex   7.142637e+01 3.440171e+01 4.870000e+01
    endloop
  endfacet
  facet normal -0.000000e+00 0.000000e+00 -1.000000e+00
    outer loop
      vertex   7.250142e+01 3.463765e+01 4.870000e+01
      vertex   7.142637e+01 3.440171e+01 4.870000e+01
      vertex   7.245372e+01 3.500000e+01 4.870000e+01
    endloop
  endfacet
  facet normal 9.927089e-01 -1.205367e-01 0.000000e+00
    outer loop
      vertex   7.142637e+01 3.559829e+01 3.370000e+01
      vertex   7.142637e+01 3.559829e+01 4.120000e+01
      vertex   7.135372e+01 3.500000e+01 3.370000e+01
    endloop
  endfacet
  facet normal 9.927089e-01 -1.205367e-01 0.000000e+00
    outer loop
      vertex   7.135372e+01 3.500000e+01 3.370000e+01
      vertex   7.142637e+01 3.559829e+01 4.120000e+01
      vertex   7.135372e+01 3.500000e+01 4.120000e+01
    endloop
  endfacet
  facet normal 9.927089e-01 1.205367e-01 -0.000000e+00
    outer loop
      vertex   7.135372e+01 3.500000e+01 3.370000e+01
      vertex   7.135372e+01 3.500000e+01 4.120000e+01
      vertex   7.142637e+01 3.440171e+01 3.370000e+01
    endloop
  endfacet
  facet normal 9.927089e-01 1.205367e-01 -0.000000e+00
    outer loop
      vertex   7.142637e+01 3.440171e+01 3.370000e+01
      vertex   7.135372e+01 3.500000e+01 4.120000e+01
      vertex   7.142637e+01 3.440171e+01 4.120000e+01
    endloop
  endfacet
  facet normal 9.350162e-01 3.546049e-01 -0.000000e+00
    outer loop
      vertex   7.142637e+01 3.440171e+01 3.370000e+01
      vertex   7.142637e+01 3.440171e+01 4.120000e+01
      vertex   7.164008e+01 3.383819e+01 3.370000e+01
    endloop
  endfacet
  facet normal 9.350162e-01 3.546049e-01 -0.000000e+00
    outer loop
      vertex   7.164008e+01 3.383819e+01 3.370000e+01
      vertex   7.142637e+01 3.440171e+01 4.120000e+01
      vertex   7.164008e+01 3.383819e+01 4.120000e+01
    endloop
  endfacet
  facet normal 8.229839e-01 5.680647e-01 -0.000000e+00
    outer loop
      vertex   7.164008e+01 3.383819e+01 3.370000e+01
      vertex   7.164008e+01 3.383819e+01 4.120000e+01
      vertex   7.198244e+01 3.334219e+01 3.370000e+01
    endloop
  endfacet
  facet normal 8.229839e-01 5.680647e-01 -0.000000e+00
    outer loop
      vertex   7.198244e+01 3.334219e+01 3.370000e+01
      vertex   7.164008e+01 3.383819e+01 4.120000e+01
      vertex   7.198244e+01 3.334219e+01 4.120000e+01
    endloop
  endfacet
  facet normal 6.631227e-01 7.485107e-01 -0.000000e+00
    outer loop
      vertex   7.198244e+01 3.334219e+01 3.370000e+01
      vertex   7.198244e+01 3.334219e+01 4.120000e+01
      vertex   7.243356e+01 3.294254e+01 3.370000e+01
    endloop
  endfacet
  facet normal 6.631227e-01 7.485107e-01 -0.000000e+00
    outer loop
      vertex   7.243356e+01 3.294254e+01 3.370000e+01
      vertex   7.198244e+01 3.334219e+01 4.120000e+01
      vertex   7.243356e+01 3.294254e+01 4.120000e+01
    endloop
  endfacet
  facet normal 4.647232e-01 8.854560e-01 -0.000000e+00
    outer loop
      vertex   7.243356e+01 3.294254e+01 3.370000e+01
      vertex   7.243356e+01 3.294254e+01 4.120000e+01
      vertex   7.296721e+01 3.266246e+01 3.370000e+01
    endloop
  endfacet
  facet normal 4.647232e-01 8.854560e-01 -0.000000e+00
    outer loop
      vertex   7.296721e+01 3.266246e+01 3.370000e+01
      vertex   7.243356e+01 3.294254e+01 4.120000e+01
      vertex   7.296721e+01 3.266246e+01 4.120000e+01
    endloop
  endfacet
  facet normal 2.393157e-01 9.709418e-01 -0.000000e+00
    outer loop
      vertex   7.296721e+01 3.266246e+01 3.370000e+01
      vertex   7.296721e+01 3.266246e+01 4.120000e+01
      vertex   7.355238e+01 3.251823e+01 3.370000e+01
    endloop
  endfacet
  facet normal 2.393157e-01 9.709418e-01 -0.000000e+00
    outer loop
      vertex   7.355238e+01 3.251823e+01 3.370000e+01
      vertex   7.296721e+01 3.266246e+01 4.120000e+01
      vertex   7.355238e+01 3.251823e+01 4.120000e+01
    endloop
  endfacet
  facet normal 0.000000e+00 1.000000e+00 0.000000e+00
    outer loop
      vertex   7.355238e+01 3.251823e+01 3.370000e+01
      vertex   7.355238e+01 3.251823e+01 4.120000e+01
      vertex   7.415506e+01 3.251823e+01 3.370000e+01
    endloop
  endfacet
  facet normal 0.000000e+00 1.000000e+00 -0.000000e+00
    outer loop
      vertex   7.415506e+01 3.251823e+01 3.370000e+01
      vertex   7.355238e+01 3.251823e+01 4.120000e+01
      vertex   7.415506e+01 3.251823e+01 4.120000e+01
    endloop
  endfacet
  facet normal -2.393157e-01 9.709418e-01 0.000000e+00
    outer loop
      vertex   7.415506e+01 3.251823e+01 3.370000e+01
      vertex   7.415506e+01 3.251823e+01 4.120000e+01
      vertex   7.474023e+01 3.266246e+01 3.370000e+01
    endloop
  endfacet
  facet normal -2.393157e-01 9.709418e-01 9.198609e-16
    outer loop
      vertex   7.474023e+01 3.266246e+01 3.370000e+01
      vertex   7.415506e+01 3.251823e+01 4.120000e+01
      vertex   7.474023e+01 3.266246e+01 4.120000e+01
    endloop
  endfacet
  facet normal -4.647232e-01 8.854560e-01 8.388725e-16
    outer loop
      vertex   7.474023e+01 3.266246e+01 3.370000e+01
      vertex   7.474023e+01 3.266246e+01 4.120000e+01
      vertex   7.527388e+01 3.294254e+01 3.370000e+01
    endloop
  endfacet
  facet normal -4.647232e-01 8.854560e-01 0.000000e+00
    outer loop
      vertex   7.527388e+01 3.294254e+01 3.370000e+01
      vertex   7.474023e+01 3.266246e+01 4.120000e+01
      vertex   7.527388e+01 3.294254e+01 4.120000e+01
    endloop
  endfacet
  facet normal -6.631227e-01 7.485107e-01 0.000000e+00
    outer loop
      vertex   7.527388e+01 3.294254e+01 3.370000e+01
      vertex   7.527388e+01 3.294254e+01 4.120000e+01
      vertex   7.572500e+01 3.334219e+01 3.370000e+01
    endloop
  endfacet
  facet normal -6.631227e-01 7.485107e-01 0.000000e+00
    outer loop
      vertex   7.572500e+01 3.334219e+01 3.370000e+01
      vertex   7.527388e+01 3.294254e+01 4.120000e+01
      vertex   7.572500e+01 3.334219e+01 4.120000e+01
    endloop
  endfacet
  facet normal -8.229839e-01 5.680647e-01 0.000000e+00
    outer loop
      vertex   7.572500e+01 3.334219e+01 3.370000e+01
      vertex   7.572500e+01 3.334219e+01 4.120000e+01
      vertex   7.606736e+01 3.383819e+01 3.370000e+01
    endloop
  endfacet
  facet normal -8.229839e-01 5.680647e-01 0.000000e+00
    outer loop
      vertex   7.606736e+01 3.383819e+01 3.370000e+01
      vertex   7.572500e+01 3.334219e+01 4.120000e+01
      vertex   7.606736e+01 3.383819e+01 4.120000e+01
    endloop
  endfacet
  facet normal -9.350162e-01 3.546049e-01 0.000000e+00
    outer loop
      vertex   7.606736e+01 3.383819e+01 3.370000e+01
      vertex   7.606736e+01 3.383819e+01 4.120000e+01
      vertex   7.628107e+01 3.440171e+01 3.370000e+01
    endloop
  endfacet
  facet normal -9.350162e-01 3.546049e-01 0.000000e+00
    outer loop
      vertex   7.628107e+01 3.440171e+01 3.370000e+01
      vertex   7.606736e+01 3.383819e+01 4.120000e+01
      vertex   7.628107e+01 3.440171e+01 4.120000e+01
    endloop
  endfacet
  facet normal -9.927089e-01 1.205367e-01 0.000000e+00
    outer loop
      vertex   7.628107e+01 3.440171e+01 3.370000e+01
      vertex   7.628107e+01 3.440171e+01 4.120000e+01
      vertex   7.635372e+01 3.500000e+01 3.370000e+01
    endloop
  endfacet
  facet normal -9.927089e-01 1.205367e-01 0.000000e+00
    outer loop
      vertex   7.635372e+01 3.500000e+01 3.370000e+01
      vertex   7.628107e+01 3.440171e+01 4.120000e+01
      vertex   7.635372e+01 3.500000e+01 4.120000e+01
    endloop
  endfacet
  facet normal -9.927089e-01 -1.205367e-01 0.000000e+00
    outer loop
      vertex   7.635372e+01 3.500000e+01 3.370000e+01
      vertex   7.635372e+01 3.500000e+01 4.120000e+01
      vertex   7.628107e+01 3.559829e+01 3.370000e+01
    endloop
  endfacet
  facet normal -9.927089e-01 -1.205367e-01 0.000000e+00
    outer loop
      vertex   7.628107e+01 3.559829e+01 3.370000e+01
      vertex   7.635372e+01 3.500000e+01 4.120000e+01
      vertex   7.628107e+01 3.559829e+01 4.120000e+01
    endloop
  endfacet
  facet normal -9.350162e-01 -3.546049e-01 0.000000e+00
    outer loop
      vertex   7.628107e+01 3.559829e+01 3.370000e+01
      vertex   7.628107e+01 3.559829e+01 4.120000e+01
      vertex   7.606736e+01 3.616181e+01 3.370000e+01
    endloop
  endfacet
  facet normal -9.350162e-01 -3.546049e-01 0.000000e+00
    outer loop
      vertex   7.606736e+01 3.616181e+01 3.370000e+01
      vertex   7.628107e+01 3.559829e+01 4.120000e+01
      vertex   7.606736e+01 3.616181e+01 4.120000e+01
    endloop
  endfacet
  facet normal -8.229839e-01 -5.680647e-01 0.000000e+00
    outer loop
      vertex   7.606736e+01 3.616181e+01 3.370000e+01
      vertex   7.606736e+01 3.616181e+01 4.120000e+01
      vertex   7.572500e+01 3.665781e+01 3.370000e+01
    endloop
  endfacet
  facet normal -8.229839e-01 -5.680647e-01 0.000000e+00
    outer loop
      vertex   7.572500e+01 3.665781e+01 3.370000e+01
      vertex   7.606736e+01 3.616181e+01 4.120000e+01
      vertex   7.572500e+01 3.665781e+01 4.120000e+01
    endloop
  endfacet
  facet normal -6.631227e-01 -7.485107e-01 0.000000e+00
    outer loop
      vertex   7.572500e+01 3.665781e+01 3.370000e+01
      vertex   7.572500e+01 3.665781e+01 4.120000e+01
      vertex   7.527388e+01 3.705746e+01 3.370000e+01
    endloop
  endfacet
  facet normal -6.631227e-01 -7.485107e-01 0.000000e+00
    outer loop
      vertex   7.527388e+01 3.705746e+01 3.370000e+01
      vertex   7.572500e+01 3.665781e+01 4.120000e+01
      vertex   7.527388e+01 3.705746e+01 4.120000e+01
    endloop
  endfacet
  facet normal -4.647232e-01 -8.854560e-01 0.000000e+00
    outer loop
      vertex   7.527388e+01 3.705746e+01 3.370000e+01
      vertex   7.527388e+01 3.705746e+01 4.120000e+01
      vertex   7.474023e+01 3.733754e+01 3.370000e+01
    endloop
  endfacet
  facet normal -4.647232e-01 -8.854560e-01 0.000000e+00
    outer loop
      vertex   7.474023e+01 3.733754e+01 3.370000e+01
      vertex   7.527388e+01 3.705746e+01 4.120000e+01
      vertex   7.474023e+01 3.733754e+01 4.120000e+01
    endloop
  endfacet
  facet normal -2.393157e-01 -9.709418e-01 0.000000e+00
    outer loop
      vertex   7.474023e+01 3.733754e+01 3.370000e+01
      vertex   7.474023e+01 3.733754e+01 4.120000e+01
      vertex   7.415506e+01 3.748177e+01 3.370000e+01
    endloop
  endfacet
  facet normal -2.393157e-01 -9.709418e-01 0.000000e+00
    outer loop
      vertex   7.415506e+01 3.748177e+01 3.370000e+01
      vertex   7.474023e+01 3.733754e+01 4.120000e+01
      vertex   7.415506e+01 3.748177e+01 4.120000e+01
    endloop
  endfacet
  facet normal 0.000000e+00 -1.000000e+00 0.000000e+00
    outer loop
      vertex   7.415506e+01 3.748177e+01 3.370000e+01
      vertex   7.415506e+01 3.748177e+01 4.120000e+01
      vertex   7.355238e+01 3.748177e+01 3.370000e+01
    endloop
  endfacet
  facet normal 0.000000e+00 -1.000000e+00 0.000000e+00
    outer loop
      vertex   7.355238e+01 3.748177e+01 3.370000e+01
      vertex   7.415506e+01 3.748177e+01 4.120000e+01
      vertex   7.355238e+01 3.748177e+01 4.120000e+01
    endloop
  endfacet
  facet normal 2.393157e-01 -9.709418e-01 0.000000e+00
    outer loop
      vertex   7.355238e+01 3.748177e+01 3.370000e+01
      vertex   7.355238e+01 3.748177e+01 4.120000e+01
      vertex   7.296721e+01 3.733754e+01 3.370000e+01
    endloop
  endfacet
  facet normal 2.393157e-01 -9.709418e-01 0.000000e+00
    outer loop
      vertex   7.296721e+01 3.733754e+01 3.370000e+01
      vertex   7.355238e+01 3.748177e+01 4.120000e+01
      vertex   7.296721e+01 3.733754e+01 4.120000e+01
    endloop
  endfacet
  facet normal 4.647232e-01 -8.854560e-01 0.000000e+00
    outer loop
      vertex   7.296721e+01 3.733754e+01 3.370000e+01
      vertex   7.296721e+01 3.733754e+01 4.120000e+01
      vertex   7.243356e+01 3.705746e+01 3.370000e+01
    endloop
  endfacet
  facet normal 4.647232e-01 -8.854560e-01 0.000000e+00
    outer loop
      vertex   7.243356e+01 3.705746e+01 3.370000e+01
      vertex   7.296721e+01 3.733754e+01 4.120000e+01
      vertex   7.243356e+01 3.705746e+01 4.120000e+01
    endloop
  endfacet
  facet normal 6.631227e-01 -7.485107e-01 0.000000e+00
    outer loop
      vertex   7.243356e+01 3.705746e+01 3.370000e+01
      vertex   7.243356e+01 3.705746e+01 4.120000e+01
      vertex   7.198244e+01 3.665781e+01 3.370000e+01
    endloop
  endfacet
  facet normal 6.631227e-01 -7.485107e-01 0.000000e+00
    outer loop
      vertex   7.198244e+01 3.665781e+01 3.370000e+01
      vertex   7.243356e+01 3.705746e+01 4.120000e+01
      vertex   7.198244e+01 3.665781e+01 4.120000e+01
    endloop
  endfacet
  facet normal 8.229839e-01 -5.680647e-01 0.000000e+00
    outer loop
      vertex   7.198244e+01 3.665781e+01 3.370000e+01
      vertex   7.198244e+01 3.665781e+01 4.120000e+01
      vertex   7.164008e+01 3.616181e+01 3.370000e+01
    endloop
  endfacet
  facet normal 8.229839e-01 -5.680647e-01 0.000000e+00
    outer loop
      vertex   7.164008e+01 3.616181e+01 3.370000e+01
      vertex   7.198244e+01 3.665781e+01 4.120000e+01
      vertex   7.164008e+01 3.616181e+01 4.120000e+01
    endloop
  endfacet
  facet normal 9.350162e-01 -3.546049e-01 0.000000e+00
    outer loop
      vertex   7.164008e+01 3.616181e+01 3.370000e+01
      vertex   7.164008e+01 3.616181e+01 4.120000e+01
      vertex   7.142637e+01 3.559829e+01 3.370000e+01
    endloop
  endfacet
  facet normal 9.350162e-01 -3.546049e-01 0.000000e+00
    outer loop
      vertex   7.142637e+01 3.559829e+01 3.370000e+01
      vertex   7.164008e+01 3.616181e+01 4.120000e+01
      vertex   7.142637e+01 3.559829e+01 4.120000e+01
    endloop
  endfacet
  facet normal 9.927089e-01 1.205367e-01 0.000000e+00
    outer loop
      vertex   7.142637e+01 3.440171e+01 4.870000e+01
      vertex   7.142637e+01 3.440171e+01 4.120000e+01
      vertex   7.135372e+01 3.500000e+01 4.870000e+01
    endloop
  endfacet
  facet normal 9.927089e-01 1.205367e-01 0.000000e+00
    outer loop
      vertex   7.135372e+01 3.500000e+01 4.870000e+01
      vertex   7.142637e+01 3.440171e+01 4.120000e+01
      vertex   7.135372e+01 3.500000e+01 4.120000e+01
    endloop
  endfacet
  facet normal 9.927089e-01 -1.205367e-01 0.000000e+00
    outer loop
      vertex   7.135372e+01 3.500000e+01 4.870000e+01
      vertex   7.135372e+01 3.500000e+01 4.120000e+01
      vertex   7.142637e+01 3.559829e+01 4.870000e+01
    endloop
  endfacet
  facet normal 9.927089e-01 -1.205367e-01 0.000000e+00
    outer loop
      vertex   7.142637e+01 3.559829e+01 4.870000e+01
      vertex   7.135372e+01 3.500000e+01 4.120000e+01
      vertex   7.142637e+01 3.559829e+01 4.120000e+01
    endloop
  endfacet
  facet normal 9.350162e-01 -3.546049e-01 0.000000e+00
    outer loop
      vertex   7.142637e+01 3.559829e+01 4.870000e+01
      vertex   7.142637e+01 3.559829e+01 4.120000e+01
      vertex   7.164008e+01 3.616181e+01 4.870000e+01
    endloop
  endfacet
  facet normal 9.350162e-01 -3.546049e-01 0.000000e+00
    outer loop
      vertex   7.164008e+01 3.616181e+01 4.870000e+01
      vertex   7.142637e+01 3.559829e+01 4.120000e+01
      vertex   7.164008e+01 3.616181e+01 4.120000e+01
    endloop
  endfacet
  facet normal 8.229839e-01 -5.680647e-01 0.000000e+00
    outer loop
      vertex   7.164008e+01 3.616181e+01 4.870000e+01
      vertex   7.164008e+01 3.616181e+01 4.120000e+01
      vertex   7.198244e+01 3.665781e+01 4.870000e+01
    endloop
  endfacet
  facet normal 8.229839e-01 -5.680647e-01 0.000000e+00
    outer loop
      vertex   7.198244e+01 3.665781e+01 4.870000e+01
      vertex   7.164008e+01 3.616181e+01 4.120000e+01
      vertex   7.198244e+01 3.665781e+01 4.120000e+01
    endloop
  endfacet
  facet normal 6.631227e-01 -7.485107e-01 0.000000e+00
    outer loop
      vertex   7.198244e+01 3.665781e+01 4.870000e+01
      vertex   7.198244e+01 3.665781e+01 4.120000e+01
      vertex   7.243356e+01 3.705746e+01 4.870000e+01
    endloop
  endfacet
  facet normal 6.631227e-01 -7.485107e-01 0.000000e+00
    outer loop
      vertex   7.243356e+01 3.705746e+01 4.870000e+01
      vertex   7.198244e+01 3.665781e+01 4.120000e+01
      vertex   7.243356e+01 3.705746e+01 4.120000e+01
    endloop
  endfacet
  facet normal 4.647232e-01 -8.854560e-01 0.000000e+00
    outer loop
      vertex   7.243356e+01 3.705746e+01 4.870000e+01
      vertex   7.243356e+01 3.705746e+01 4.120000e+01
      vertex   7.296721e+01 3.733754e+01 4.870000e+01
    endloop
  endfacet
  facet normal 4.647232e-01 -8.854560e-01 0.000000e+00
    outer loop
      vertex   7.296721e+01 3.733754e+01 4.870000e+01
      vertex   7.243356e+01 3.705746e+01 4.120000e+01
      vertex   7.296721e+01 3.733754e+01 4.120000e+01
    endloop
  endfacet
  facet normal 2.393157e-01 -9.709418e-01 0.000000e+00
    outer loop
      vertex   7.296721e+01 3.733754e+01 4.870000e+01
      vertex   7.296721e+01 3.733754e+01 4.120000e+01
      vertex   7.355238e+01 3.748177e+01 4.870000e+01
    endloop
  endfacet
  facet normal 2.393157e-01 -9.709418e-01 0.000000e+00
    outer loop
      vertex   7.355238e+01 3.748177e+01 4.870000e+01
      vertex   7.296721e+01 3.733754e+01 4.120000e+01
      vertex   7.355238e+01 3.748177e+01 4.120000e+01
    endloop
  endfacet
  facet normal 0.000000e+00 -1.000000e+00 0.000000e+00
    outer loop
      vertex   7.355238e+01 3.748177e+01 4.870000e+01
      vertex   7.355238e+01 3.748177e+01 4.120000e+01
      vertex   7.415506e+01 3.748177e+01 4.870000e+01
    endloop
  endfacet
  facet normal 0.000000e+00 -1.000000e+00 -0.000000e+00
    outer loop
      vertex   7.415506e+01 3.748177e+01 4.870000e+01
      vertex   7.355238e+01 3.748177e+01 4.120000e+01
      vertex   7.415506e+01 3.748177e+01 4.120000e+01
    endloop
  endfacet
  facet normal -2.393157e-01 -9.709418e-01 -0.000000e+00
    outer loop
      vertex   7.415506e+01 3.748177e+01 4.870000e+01
      vertex   7.415506e+01 3.748177e+01 4.120000e+01
      vertex   7.474023e+01 3.733754e+01 4.870000e+01
    endloop
  endfacet
  facet normal -2.393157e-01 -9.709418e-01 -0.000000e+00
    outer loop
      vertex   7.474023e+01 3.733754e+01 4.870000e+01
      vertex   7.415506e+01 3.748177e+01 4.120000e+01
      vertex   7.474023e+01 3.733754e+01 4.120000e+01
    endloop
  endfacet
  facet normal -4.647232e-01 -8.854560e-01 -0.000000e+00
    outer loop
      vertex   7.474023e+01 3.733754e+01 4.870000e+01
      vertex   7.474023e+01 3.733754e+01 4.120000e+01
      vertex   7.527388e+01 3.705746e+01 4.870000e+01
    endloop
  endfacet
  facet normal -4.647232e-01 -8.854560e-01 -0.000000e+00
    outer loop
      vertex   7.527388e+01 3.705746e+01 4.870000e+01
      vertex   7.474023e+01 3.733754e+01 4.120000e+01
      vertex   7.527388e+01 3.705746e+01 4.120000e+01
    endloop
  endfacet
  facet normal -6.631227e-01 -7.485107e-01 -0.000000e+00
    outer loop
      vertex   7.527388e+01 3.705746e+01 4.870000e+01
      vertex   7.527388e+01 3.705746e+01 4.120000e+01
      vertex   7.572500e+01 3.665781e+01 4.870000e+01
    endloop
  endfacet
  facet normal -6.631227e-01 -7.485107e-01 -0.000000e+00
    outer loop
      vertex   7.572500e+01 3.665781e+01 4.870000e+01
      vertex   7.527388e+01 3.705746e+01 4.120000e+01
      vertex   7.572500e+01 3.665781e+01 4.120000e+01
    endloop
  endfacet
  facet normal -8.229839e-01 -5.680647e-01 -0.000000e+00
    outer loop
      vertex   7.572500e+01 3.665781e+01 4.870000e+01
      vertex   7.572500e+01 3.665781e+01 4.120000e+01
      vertex   7.606736e+01 3.616181e+01 4.870000e+01
    endloop
  endfacet
  facet normal -8.229839e-01 -5.680647e-01 -0.000000e+00
    outer loop
      vertex   7.606736e+01 3.616181e+01 4.870000e+01
      vertex   7.572500e+01 3.665781e+01 4.120000e+01
      vertex   7.606736e+01 3.616181e+01 4.120000e+01
    endloop
  endfacet
  facet normal -9.350162e-01 -3.546049e-01 -0.000000e+00
    outer loop
      vertex   7.606736e+01 3.616181e+01 4.870000e+01
      vertex   7.606736e+01 3.616181e+01 4.120000e+01
      vertex   7.628107e+01 3.559829e+01 4.870000e+01
    endloop
  endfacet
  facet normal -9.350162e-01 -3.546049e-01 -0.000000e+00
    outer loop
      vertex   7.628107e+01 3.559829e+01 4.870000e+01
      vertex   7.606736e+01 3.616181e+01 4.120000e+01
      vertex   7.628107e+01 3.559829e+01 4.120000e+01
    endloop
  endfacet
  facet normal -9.927089e-01 -1.205367e-01 -0.000000e+00
    outer loop
      vertex   7.628107e+01 3.559829e+01 4.870000e+01
      vertex   7.628107e+01 3.559829e+01 4.120000e+01
      vertex   7.635372e+01 3.500000e+01 4.870000e+01
    endloop
  endfacet
  facet normal -9.927089e-01 -1.205367e-01 -0.000000e+00
    outer loop
      vertex   7.635372e+01 3.500000e+01 4.870000e+01
      vertex   7.628107e+01 3.559829e+01 4.120000e+01
      vertex   7.635372e+01 3.500000e+01 4.120000e+01
    endloop
  endfacet
  facet normal -9.927089e-01 1.205367e-01 0.000000e+00
    outer loop
      vertex   7.635372e+01 3.500000e+01 4.870000e+01
      vertex   7.635372e+01 3.500000e+01 4.120000e+01
      vertex   7.628107e+01 3.440171e+01 4.870000e+01
    endloop
  endfacet
  facet normal -9.927089e-01 1.205367e-01 0.000000e+00
    outer loop
      vertex   7.628107e+01 3.440171e+01 4.870000e+01
      vertex   7.635372e+01 3.500000e+01 4.120000e+01
      vertex   7.628107e+01 3.440171e+01 4.120000e+01
    endloop
  endfacet
  facet normal -9.350162e-01 3.546049e-01 0.000000e+00
    outer loop
      vertex   7.628107e+01 3.440171e+01 4.870000e+01
      vertex   7.628107e+01 3.440171e+01 4.120000e+01
      vertex   7.606736e+01 3.383819e+01 4.870000e+01
    endloop
  endfacet
  facet normal -9.350162e-01 3.546049e-01 0.000000e+00
    outer loop
      vertex   7.606736e+01 3.383819e+01 4.870000e+01
      vertex   7.628107e+01 3.440171e+01 4.120000e+01
      vertex   7.606736e+01 3.383819e+01 4.120000e+01
    endloop
  endfacet
  facet normal -8.229839e-01 5.680647e-01 0.000000e+00
    outer loop
      vertex   7.606736e+01 3.383819e+01 4.870000e+01
      vertex   7.606736e+01 3.383819e+01 4.120000e+01
      vertex   7.572500e+01 3.334219e+01 4.870000e+01
    endloop
  endfacet
  facet normal -8.229839e-01 5.680647e-01 0.000000e+00
    outer loop
      vertex   7.572500e+01 3.334219e+01 4.870000e+01
      vertex   7.606736e+01 3.383819e+01 4.120000e+01
      vertex   7.572500e+01 3.334219e+01 4.120000e+01
    endloop
  endfacet
  facet normal -6.631227e-01 7.485107e-01 0.000000e+00
    outer loop
      vertex   7.572500e+01 3.334219e+01 4.870000e+01
      vertex   7.572500e+01 3.334219e+01 4.120000e+01
      vertex   7.527388e+01 3.294254e+01 4.870000e+01
    endloop
  endfacet
  facet normal -6.631227e-01 7.485107e-01 0.000000e+00
    outer loop
      vertex   7.527388e+01 3.294254e+01 4.870000e+01
      vertex   7.572500e+01 3.334219e+01 4.120000e+01
      vertex   7.527388e+01 3.294254e+01 4.120000e+01
    endloop
  endfacet
  facet normal -4.647232e-01 8.854560e-01 0.000000e+00
    outer loop
      vertex   7.527388e+01 3.294254e+01 4.870000e+01
      vertex   7.527388e+01 3.294254e+01 4.120000e+01
      vertex   7.474023e+01 3.266246e+01 4.870000e+01
    endloop
  endfacet
  facet normal -4.647232e-01 8.854560e-01 -8.388725e-16
    outer loop
      vertex   7.474023e+01 3.266246e+01 4.870000e+01
      vertex   7.527388e+01 3.294254e+01 4.120000e+01
      vertex   7.474023e+01 3.266246e+01 4.120000e+01
    endloop
  endfacet
  facet normal -2.393157e-01 9.709418e-01 -9.198609e-16
    outer loop
      vertex   7.474023e+01 3.266246e+01 4.870000e+01
      vertex   7.474023e+01 3.266246e+01 4.120000e+01
      vertex   7.415506e+01 3.251823e+01 4.870000e+01
    endloop
  endfacet
  facet normal -2.393157e-01 9.709418e-01 0.000000e+00
    outer loop
      vertex   7.415506e+01 3.251823e+01 4.870000e+01
      vertex   7.474023e+01 3.266246e+01 4.120000e+01
      vertex   7.415506e+01 3.251823e+01 4.120000e+01
    endloop
  endfacet
  facet normal 0.000000e+00 1.000000e+00 0.000000e+00
    outer loop
      vertex   7.415506e+01 3.251823e+01 4.870000e+01
      vertex   7.415506e+01 3.251823e+01 4.120000e+01
      vertex   7.355238e+01 3.251823e+01 4.870000e+01
    endloop
  endfacet
  facet normal 0.000000e+00 1.000000e+00 0.000000e+00
    outer loop
      vertex   7.355238e+01 3.251823e+01 4.870000e+01
      vertex   7.415506e+01 3.251823e+01 4.120000e+01
      vertex   7.355238e+01 3.251823e+01 4.120000e+01
    endloop
  endfacet
  facet normal 2.393157e-01 9.709418e-01 0.000000e+00
    outer loop
      vertex   7.355238e+01 3.251823e+01 4.870000e+01
      vertex   7.355238e+01 3.251823e+01 4.120000e+01
      vertex   7.296721e+01 3.266246e+01 4.870000e+01
    endloop
  endfacet
  facet normal 2.393157e-01 9.709418e-01 0.000000e+00
    outer loop
      vertex   7.296721e+01 3.266246e+01 4.870000e+01
      vertex   7.355238e+01 3.251823e+01 4.120000e+01
      vertex   7.296721e+01 3.266246e+01 4.120000e+01
    endloop
  endfacet
  facet normal 4.647232e-01 8.854560e-01 0.000000e+00
    outer loop
      vertex   7.296721e+01 3.266246e+01 4.870000e+01
      vertex   7.296721e+01 3.266246e+01 4.120000e+01
      vertex   7.243356e+01 3.294254e+01 4.870000e+01
    endloop
  endfacet
  facet normal 4.647232e-01 8.854560e-01 0.000000e+00
    outer loop
      vertex   7.243356e+01 3.294254e+01 4.870000e+01
      vertex   7.296721e+01 3.266246e+01 4.120000e+01
      vertex   7.243356e+01 3.294254e+01 4.120000e+01
    endloop
  endfacet
  facet normal 6.631227e-01 7.485107e-01 0.000000e+00
    outer loop
      vertex   7.243356e+01 3.294254e+01 4.870000e+01
      vertex   7.243356e+01 3.294254e+01 4.120000e+01
      vertex   7.198244e+01 3.334219e+01 4.870000e+01
    endloop
  endfacet
  facet normal 6.631227e-01 7.485107e-01 0.000000e+00
    outer loop
      vertex   7.198244e+01 3.334219e+01 4.870000e+01
      vertex   7.243356e+01 3.294254e+01 4.120000e+01
      vertex   7.198244e+01 3.334219e+01 4.120000e+01
    endloop
  endfacet
  facet normal 8.229839e-01 5.680647e-01 0.000000e+00
    outer loop
      vertex   7.198244e+01 3.334219e+01 4.870000e+01
      vertex   7.198244e+01 3.334219e+01 4.120000e+01
      vertex   7.164008e+01 3.383819e+01 4.870000e+01
    endloop
  endfacet
  facet normal 8.229839e-01 5.680647e-01 0.000000e+00
    outer loop
      vertex   7.164008e+01 3.383819e+01 4.870000e+01
      vertex   7.198244e+01 3.334219e+01 4.120000e+01
      vertex   7.164008e+01 3.383819e+01 4.120000e+01
    endloop
  endfacet
  facet normal 9.350162e-01 3.546049e-01 0.000000e+00
    outer loop
      vertex   7.164008e+01 3.383819e+01 4.870000e+01
      vertex   7.164008e+01 3.383819e+01 4.120000e+01
      vertex   7.142637e+01 3.440171e+01 4.870000e+01
    endloop
  endfacet
  facet normal 9.350162e-01 3.546049e-01 0.000000e+00
    outer loop
      vertex   7.142637e+01 3.440171e+01 4.870000e+01
      vertex   7.164008e+01 3.383819e+01 4.120000e+01
      vertex   7.142637e+01 3.440171e+01 4.120000e+01
    endloop
  endfacet
  facet normal -9.914449e-01 -1.305262e-01 -0.000000e+00
    outer loop
      vertex   7.520602e+01 3.536235e+01 5.570000e+01
      vertex   7.520602e+01 3.536235e+01 4.870000e+01
      vertex   7.525372e+01 3.500000e+01 5.570000e+01
    endloop
  endfacet
  facet normal -9.914449e-01 -1.305262e-01 -0.000000e+00
    outer loop
      vertex   7.525372e+01 3.500000e+01 5.570000e+01
      vertex   7.520602e+01 3.536235e+01 4.870000e+01
      vertex   7.525372e+01 3.500000e+01 4.870000e+01
    endloop
  endfacet
  facet normal -9.914449e-01 1.305262e-01 0.000000e+00
    outer loop
      vertex   7.525372e+01 3.500000e+01 5.570000e+01
      vertex   7.525372e+01 3.500000e+01 4.870000e+01
      vertex   7.520602e+01 3.463765e+01 5.570000e+01
    endloop
  endfacet
  facet normal -9.914449e-01 1.305262e-01 0.000000e+00
    outer loop
      vertex   7.520602e+01 3.463765e+01 5.570000e+01
      vertex   7.525372e+01 3.500000e+01 4.870000e+01
      vertex   7.520602e+01 3.463765e+01 4.870000e+01
    endloop
  endfacet
  facet normal -9.238795e-01 3.826834e-01 0.000000e+00
    outer loop
      vertex   7.520602e+01 3.463765e+01 5.570000e+01
      vertex   7.520602e+01 3.463765e+01 4.870000e+01
      vertex   7.506616e+01 3.430000e+01 5.570000e+01
    endloop
  endfacet
  facet normal -9.238795e-01 3.826834e-01 0.000000e+00
    outer loop
      vertex   7.506616e+01 3.430000e+01 5.570000e+01
      vertex   7.520602e+01 3.463765e+01 4.870000e+01
      vertex   7.506616e+01 3.430000e+01 4.870000e+01
    endloop
  endfacet
  facet normal -7.933533e-01 6.087614e-01 0.000000e+00
    outer loop
      vertex   7.506616e+01 3.430000e+01 5.570000e+01
      vertex   7.506616e+01 3.430000e+01 4.870000e+01
      vertex   7.484367e+01 3.401005e+01 5.570000e+01
    endloop
  endfacet
  facet normal -7.933533e-01 6.087614e-01 0.000000e+00
    outer loop
      vertex   7.484367e+01 3.401005e+01 5.570000e+01
      vertex   7.506616e+01 3.430000e+01 4.870000e+01
      vertex   7.484367e+01 3.401005e+01 4.870000e+01
    endloop
  endfacet
  facet normal -6.087614e-01 7.933533e-01 0.000000e+00
    outer loop
      vertex   7.484367e+01 3.401005e+01 5.570000e+01
      vertex   7.484367e+01 3.401005e+01 4.870000e+01
      vertex   7.455372e+01 3.378756e+01 5.570000e+01
    endloop
  endfacet
  facet normal -6.087614e-01 7.933533e-01 0.000000e+00
    outer loop
      vertex   7.455372e+01 3.378756e+01 5.570000e+01
      vertex   7.484367e+01 3.401005e+01 4.870000e+01
      vertex   7.455372e+01 3.378756e+01 4.870000e+01
    endloop
  endfacet
  facet normal -3.826834e-01 9.238795e-01 0.000000e+00
    outer loop
      vertex   7.455372e+01 3.378756e+01 5.570000e+01
      vertex   7.455372e+01 3.378756e+01 4.870000e+01
      vertex   7.421607e+01 3.364770e+01 5.570000e+01
    endloop
  endfacet
  facet normal -3.826834e-01 9.238795e-01 0.000000e+00
    outer loop
      vertex   7.421607e+01 3.364770e+01 5.570000e+01
      vertex   7.455372e+01 3.378756e+01 4.870000e+01
      vertex   7.421607e+01 3.364770e+01 4.870000e+01
    endloop
  endfacet
  facet normal -1.305262e-01 9.914449e-01 0.000000e+00
    outer loop
      vertex   7.421607e+01 3.364770e+01 5.570000e+01
      vertex   7.421607e+01 3.364770e+01 4.870000e+01
      vertex   7.385372e+01 3.360000e+01 5.570000e+01
    endloop
  endfacet
  facet normal -1.305262e-01 9.914449e-01 0.000000e+00
    outer loop
      vertex   7.385372e+01 3.360000e+01 5.570000e+01
      vertex   7.421607e+01 3.364770e+01 4.870000e+01
      vertex   7.385372e+01 3.360000e+01 4.870000e+01
    endloop
  endfacet
  facet normal 1.305262e-01 9.914449e-01 0.000000e+00
    outer loop
      vertex   7.385372e+01 3.360000e+01 5.570000e+01
      vertex   7.385372e+01 3.360000e+01 4.870000e+01
      vertex   7.349137e+01 3.364770e+01 5.570000e+01
    endloop
  endfacet
  facet normal 1.305262e-01 9.914449e-01 -2.649841e-16
    outer loop
      vertex   7.349137e+01 3.364770e+01 5.570000e+01
      vertex   7.385372e+01 3.360000e+01 4.870000e+01
      vertex   7.349137e+01 3.364770e+01 4.870000e+01
    endloop
  endfacet
  facet normal 3.826834e-01 9.238795e-01 -7.768941e-16
    outer loop
      vertex   7.349137e+01 3.364770e+01 5.570000e+01
      vertex   7.349137e+01 3.364770e+01 4.870000e+01
      vertex   7.315372e+01 3.378756e+01 5.570000e+01
    endloop
  endfacet
  facet normal 3.826834e-01 9.238795e-01 0.000000e+00
    outer loop
      vertex   7.315372e+01 3.378756e+01 5.570000e+01
      vertex   7.349137e+01 3.364770e+01 4.870000e+01
      vertex   7.315372e+01 3.378756e+01 4.870000e+01
    endloop
  endfacet
  facet normal 6.087614e-01 7.933533e-01 0.000000e+00
    outer loop
      vertex   7.315372e+01 3.378756e+01 5.570000e+01
      vertex   7.315372e+01 3.378756e+01 4.870000e+01
      vertex   7.286377e+01 3.401005e+01 5.570000e+01
    endloop
  endfacet
  facet normal 6.087614e-01 7.933533e-01 0.000000e+00
    outer loop
      vertex   7.286377e+01 3.401005e+01 5.570000e+01
      vertex   7.315372e+01 3.378756e+01 4.870000e+01
      vertex   7.286377e+01 3.401005e+01 4.870000e+01
    endloop
  endfacet
  facet normal 7.933533e-01 6.087614e-01 0.000000e+00
    outer loop
      vertex   7.286377e+01 3.401005e+01 5.570000e+01
      vertex   7.286377e+01 3.401005e+01 4.870000e+01
      vertex   7.264128e+01 3.430000e+01 5.570000e+01
    endloop
  endfacet
  facet normal 7.933533e-01 6.087614e-01 0.000000e+00
    outer loop
      vertex   7.264128e+01 3.430000e+01 5.570000e+01
      vertex   7.286377e+01 3.401005e+01 4.870000e+01
      vertex   7.264128e+01 3.430000e+01 4.870000e+01
    endloop
  endfacet
  facet normal 9.238795e-01 3.826834e-01 0.000000e+00
    outer loop
      vertex   7.264128e+01 3.430000e+01 5.570000e+01
      vertex   7.264128e+01 3.430000e+01 4.870000e+01
      vertex   7.250142e+01 3.463765e+01 5.570000e+01
    endloop
  endfacet
  facet normal 9.238795e-01 3.826834e-01 0.000000e+00
    outer loop
      vertex   7.250142e+01 3.463765e+01 5.570000e+01
      vertex   7.264128e+01 3.430000e+01 4.870000e+01
      vertex   7.250142e+01 3.463765e+01 4.870000e+01
    endloop
  endfacet
  facet normal 9.914449e-01 1.305262e-01 0.000000e+00
    outer loop
      vertex   7.250142e+01 3.463765e+01 5.570000e+01
      vertex   7.250142e+01 3.463765e+01 4.870000e+01
      vertex   7.245372e+01 3.500000e+01 5.570000e+01
    endloop
  endfacet
  facet normal 9.914449e-01 1.305262e-01 0.000000e+00
    outer loop
      vertex   7.245372e+01 3.500000e+01 5.570000e+01
      vertex   7.250142e+01 3.463765e+01 4.870000e+01
      vertex   7.245372e+01 3.500000e+01 4.870000e+01
    endloop
  endfacet
  facet normal 9.914449e-01 -1.305262e-01 0.000000e+00
    outer loop
      vertex   7.245372e+01 3.500000e+01 5.570000e+01
      vertex   7.245372e+01 3.500000e+01 4.870000e+01
      vertex   7.250142e+01 3.536235e+01 5.570000e+01
    endloop
  endfacet
  facet normal 9.914449e-01 -1.305262e-01 0.000000e+00
    outer loop
      vertex   7.250142e+01 3.536235e+01 5.570000e+01
      vertex   7.245372e+01 3.500000e+01 4.870000e+01
      vertex   7.250142e+01 3.536235e+01 4.870000e+01
    endloop
  endfacet
  facet normal 9.238795e-01 -3.826834e-01 0.000000e+00
    outer loop
      vertex   7.250142e+01 3.536235e+01 5.570000e+01
      vertex   7.250142e+01 3.536235e+01 4.870000e+01
      vertex   7.264128e+01 3.570000e+01 5.570000e+01
    endloop
  endfacet
  facet normal 9.238795e-01 -3.826834e-01 0.000000e+00
    outer loop
      vertex   7.264128e+01 3.570000e+01 5.570000e+01
      vertex   7.250142e+01 3.536235e+01 4.870000e+01
      vertex   7.264128e+01 3.570000e+01 4.870000e+01
    endloop
  endfacet
  facet normal 7.933533e-01 -6.087614e-01 0.000000e+00
    outer loop
      vertex   7.264128e+01 3.570000e+01 5.570000e+01
      vertex   7.264128e+01 3.570000e+01 4.870000e+01
      vertex   7.286377e+01 3.598995e+01 5.570000e+01
    endloop
  endfacet
  facet normal 7.933533e-01 -6.087614e-01 0.000000e+00
    outer loop
      vertex   7.286377e+01 3.598995e+01 5.570000e+01
      vertex   7.264128e+01 3.570000e+01 4.870000e+01
      vertex   7.286377e+01 3.598995e+01 4.870000e+01
    endloop
  endfacet
  facet normal 6.087614e-01 -7.933533e-01 0.000000e+00
    outer loop
      vertex   7.286377e+01 3.598995e+01 5.570000e+01
      vertex   7.286377e+01 3.598995e+01 4.870000e+01
      vertex   7.315372e+01 3.621244e+01 5.570000e+01
    endloop
  endfacet
  facet normal 6.087614e-01 -7.933533e-01 0.000000e+00
    outer loop
      vertex   7.315372e+01 3.621244e+01 5.570000e+01
      vertex   7.286377e+01 3.598995e+01 4.870000e+01
      vertex   7.315372e+01 3.621244e+01 4.870000e+01
    endloop
  endfacet
  facet normal 3.826834e-01 -9.238795e-01 0.000000e+00
    outer loop
      vertex   7.315372e+01 3.621244e+01 5.570000e+01
      vertex   7.315372e+01 3.621244e+01 4.870000e+01
      vertex   7.349137e+01 3.635230e+01 5.570000e+01
    endloop
  endfacet
  facet normal 3.826834e-01 -9.238795e-01 7.768941e-16
    outer loop
      vertex   7.349137e+01 3.635230e+01 5.570000e+01
      vertex   7.315372e+01 3.621244e+01 4.870000e+01
      vertex   7.349137e+01 3.635230e+01 4.870000e+01
    endloop
  endfacet
  facet normal 1.305262e-01 -9.914449e-01 2.649841e-16
    outer loop
      vertex   7.349137e+01 3.635230e+01 5.570000e+01
      vertex   7.349137e+01 3.635230e+01 4.870000e+01
      vertex   7.385372e+01 3.640000e+01 5.570000e+01
    endloop
  endfacet
  facet normal 1.305262e-01 -9.914449e-01 0.000000e+00
    outer loop
      vertex   7.385372e+01 3.640000e+01 5.570000e+01
      vertex   7.349137e+01 3.635230e+01 4.870000e+01
      vertex   7.385372e+01 3.640000e+01 4.870000e+01
    endloop
  endfacet
  facet normal -1.305262e-01 -9.914449e-01 -0.000000e+00
    outer loop
      vertex   7.385372e+01 3.640000e+01 5.570000e+01
      vertex   7.385372e+01 3.640000e+01 4.870000e+01
      vertex   7.421607e+01 3.635230e+01 5.570000e+01
    endloop
  endfacet
  facet normal -1.305262e-01 -9.914449e-01 -0.000000e+00
    outer loop
      vertex   7.421607e+01 3.635230e+01 5.570000e+01
      vertex   7.385372e+01 3.640000e+01 4.870000e+01
      vertex   7.421607e+01 3.635230e+01 4.870000e+01
    endloop
  endfacet
  facet normal -3.826834e-01 -9.238795e-01 -0.000000e+00
    outer loop
      vertex   7.421607e+01 3.635230e+01 5.570000e+01
      vertex   7.421607e+01 3.635230e+01 4.870000e+01
      vertex   7.455372e+01 3.621244e+01 5.570000e+01
    endloop
  endfacet
  facet normal -3.826834e-01 -9.238795e-01 -0.000000e+00
    outer loop
      vertex   7.455372e+01 3.621244e+01 5.570000e+01
      vertex   7.421607e+01 3.635230e+01 4.870000e+01
      vertex   7.455372e+01 3.621244e+01 4.870000e+01
    endloop
  endfacet
  facet normal -6.087614e-01 -7.933533e-01 -0.000000e+00
    outer loop
      vertex   7.455372e+01 3.621244e+01 5.570000e+01
      vertex   7.455372e+01 3.621244e+01 4.870000e+01
      vertex   7.484367e+01 3.598995e+01 5.570000e+01
    endloop
  endfacet
  facet normal -6.087614e-01 -7.933533e-01 -0.000000e+00
    outer loop
      vertex   7.484367e+01 3.598995e+01 5.570000e+01
      vertex   7.455372e+01 3.621244e+01 4.870000e+01
      vertex   7.484367e+01 3.598995e+01 4.870000e+01
    endloop
  endfacet
  facet normal -7.933533e-01 -6.087614e-01 -0.000000e+00
    outer loop
      vertex   7.484367e+01 3.598995e+01 5.570000e+01
      vertex   7.484367e+01 3.598995e+01 4.870000e+01
      vertex   7.506616e+01 3.570000e+01 5.570000e+01
    endloop
  endfacet
  facet normal -7.933533e-01 -6.087614e-01 -0.000000e+00
    outer loop
      vertex   7.506616e+01 3.570000e+01 5.570000e+01
      vertex   7.484367e+01 3.598995e+01 4.870000e+01
      vertex   7.506616e+01 3.570000e+01 4.870000e+01
    endloop
  endfacet
  facet normal -9.238795e-01 -3.826834e-01 -0.000000e+00
    outer loop
      vertex   7.506616e+01 3.570000e+01 5.570000e+01
      vertex   7.506616e+01 3.570000e+01 4.870000e+01
      vertex   7.520602e+01 3.536235e+01 5.570000e+01
    endloop
  endfacet
  facet normal -9.238795e-01 -3.826834e-01 -0.000000e+00
    outer loop
      vertex   7.520602e+01 3.536235e+01 5.570000e+01
      vertex   7.506616e+01 3.570000e+01 4.870000e+01
      vertex   7.520602e+01 3.536235e+01 4.870000e+01
    endloop
  endfacet
  facet normal -9.994646e-01 3.271908e-02 0.000000e+00
    outer loop
      vertex   1.507494e+01 3.728911e+01 5.570000e+01
      vertex   1.507494e+01 3.728911e+01 3.370000e+01
      vertex   1.500000e+01 3.500000e+01 5.570000e+01
    endloop
  endfacet
  facet normal -9.994646e-01 3.271908e-02 0.000000e+00
    outer loop
      vertex   1.500000e+01 3.500000e+01 5.570000e+01
      vertex   1.507494e+01 3.728911e+01 3.370000e+01
      vertex   1.500000e+01 3.500000e+01 3.370000e+01
    endloop
  endfacet
  facet normal -9.994646e-01 -3.271908e-02 -0.000000e+00
    outer loop
      vertex   1.500000e+01 3.500000e+01 5.570000e+01
      vertex   1.500000e+01 3.500000e+01 3.370000e+01
      vertex   1.507494e+01 3.271089e+01 5.570000e+01
    endloop
  endfacet
  facet normal -9.994646e-01 -3.271908e-02 -0.000000e+00
    outer loop
      vertex   1.507494e+01 3.271089e+01 5.570000e+01
      vertex   1.500000e+01 3.500000e+01 3.370000e+01
      vertex   1.507494e+01 3.271089e+01 3.370000e+01
    endloop
  endfacet
  facet normal -9.951847e-01 -9.801714e-02 -0.000000e+00
    outer loop
      vertex   1.507494e+01 3.271089e+01 5.570000e+01
      vertex   1.507494e+01 3.271089e+01 3.370000e+01
      vertex   1.529943e+01 3.043158e+01 5.570000e+01
    endloop
  endfacet
  facet normal -9.951847e-01 -9.801714e-02 -0.000000e+00
    outer loop
      vertex   1.529943e+01 3.043158e+01 5.570000e+01
      vertex   1.507494e+01 3.271089e+01 3.370000e+01
      vertex   1.529943e+01 3.043158e+01 3.370000e+01
    endloop
  endfacet
  facet normal -9.866433e-01 -1.628955e-01 -0.000000e+00
    outer loop
      vertex   1.529943e+01 3.043158e+01 5.570000e+01
      vertex   1.529943e+01 3.043158e+01 3.370000e+01
      vertex   1.567252e+01 2.817184e+01 5.570000e+01
    endloop
  endfacet
  facet normal -9.866433e-01 -1.628955e-01 -0.000000e+00
    outer loop
      vertex   1.567252e+01 2.817184e+01 5.570000e+01
      vertex   1.529943e+01 3.043158e+01 3.370000e+01
      vertex   1.567252e+01 2.817184e+01 3.370000e+01
    endloop
  endfacet
  facet normal -9.738770e-01 -2.270763e-01 -0.000000e+00
    outer loop
      vertex   1.567252e+01 2.817184e+01 5.570000e+01
      vertex   1.567252e+01 2.817184e+01 3.370000e+01
      vertex   1.619260e+01 2.594133e+01 5.570000e+01
    endloop
  endfacet
  facet normal -9.738770e-01 -2.270763e-01 -0.000000e+00
    outer loop
      vertex   1.619260e+01 2.594133e+01 5.570000e+01
      vertex   1.567252e+01 2.817184e+01 3.370000e+01
      vertex   1.619260e+01 2.594133e+01 3.370000e+01
    endloop
  endfacet
  facet normal -9.569403e-01 -2.902847e-01 -0.000000e+00
    outer loop
      vertex   1.619260e+01 2.594133e+01 5.570000e+01
      vertex   1.619260e+01 2.594133e+01 3.370000e+01
      vertex   1.685745e+01 2.374962e+01 5.570000e+01
    endloop
  endfacet
  facet normal -9.569403e-01 -2.902847e-01 -0.000000e+00
    outer loop
      vertex   1.685745e+01 2.374962e+01 5.570000e+01
      vertex   1.619260e+01 2.594133e+01 3.370000e+01
      vertex   1.685745e+01 2.374962e+01 3.370000e+01
    endloop
  endfacet
  facet normal -9.359059e-01 -3.522500e-01 -0.000000e+00
    outer loop
      vertex   1.685745e+01 2.374962e+01 5.570000e+01
      vertex   1.685745e+01 2.374962e+01 3.370000e+01
      vertex   1.766422e+01 2.160608e+01 5.570000e+01
    endloop
  endfacet
  facet normal -9.359059e-01 -3.522500e-01 -0.000000e+00
    outer loop
      vertex   1.766422e+01 2.160608e+01 5.570000e+01
      vertex   1.685745e+01 2.374962e+01 3.370000e+01
      vertex   1.766422e+01 2.160608e+01 3.370000e+01
    endloop
  endfacet
  facet normal -9.108638e-01 -4.127070e-01 -0.000000e+00
    outer loop
      vertex   1.766422e+01 2.160608e+01 5.570000e+01
      vertex   1.766422e+01 2.160608e+01 3.370000e+01
      vertex   1.860945e+01 1.951990e+01 5.570000e+01
    endloop
  endfacet
  facet normal -9.108638e-01 -4.127070e-01 -0.000000e+00
    outer loop
      vertex   1.860945e+01 1.951990e+01 5.570000e+01
      vertex   1.766422e+01 2.160608e+01 3.370000e+01
      vertex   1.860945e+01 1.951990e+01 3.370000e+01
    endloop
  endfacet
  facet normal -8.819213e-01 -4.713967e-01 -0.000000e+00
    outer loop
      vertex   1.860945e+01 1.951990e+01 5.570000e+01
      vertex   1.860945e+01 1.951990e+01 3.370000e+01
      vertex   1.968911e+01 1.750000e+01 5.570000e+01
    endloop
  endfacet
  facet normal -8.819213e-01 -4.713967e-01 -0.000000e+00
    outer loop
      vertex   1.968911e+01 1.750000e+01 5.570000e+01
      vertex   1.860945e+01 1.951990e+01 3.370000e+01
      vertex   1.968911e+01 1.750000e+01 3.370000e+01
    endloop
  endfacet
  facet normal -8.492022e-01 -5.280679e-01 -0.000000e+00
    outer loop
      vertex   1.968911e+01 1.750000e+01 5.570000e+01
      vertex   1.968911e+01 1.750000e+01 3.370000e+01
      vertex   2.089856e+01 1.555504e+01 5.570000e+01
    endloop
  endfacet
  facet normal -8.492022e-01 -5.280679e-01 -0.000000e+00
    outer loop
      vertex   2.089856e+01 1.555504e+01 5.570000e+01
      vertex   1.968911e+01 1.750000e+01 3.370000e+01
      vertex   2.089856e+01 1.555504e+01 3.370000e+01
    endloop
  endfacet
  facet normal -8.128467e-01 -5.824777e-01 -0.000000e+00
    outer loop
      vertex   2.089856e+01 1.555504e+01 5.570000e+01
      vertex   2.089856e+01 1.555504e+01 3.370000e+01
      vertex   2.223263e+01 1.369335e+01 5.570000e+01
    endloop
  endfacet
  facet normal -8.128467e-01 -5.824777e-01 -0.000000e+00
    outer loop
      vertex   2.223263e+01 1.369335e+01 5.570000e+01
      vertex   2.089856e+01 1.555504e+01 3.370000e+01
      vertex   2.223263e+01 1.369335e+01 3.370000e+01
    endloop
  endfacet
  facet normal -7.730105e-01 -6.343933e-01 -0.000000e+00
    outer loop
      vertex   2.223263e+01 1.369335e+01 5.570000e+01
      vertex   2.223263e+01 1.369335e+01 3.370000e+01
      vertex   2.368561e+01 1.192290e+01 5.570000e+01
    endloop
  endfacet
  facet normal -7.730105e-01 -6.343933e-01 -0.000000e+00
    outer loop
      vertex   2.368561e+01 1.192290e+01 5.570000e+01
      vertex   2.223263e+01 1.369335e+01 3.370000e+01
      vertex   2.368561e+01 1.192290e+01 3.370000e+01
    endloop
  endfacet
  facet normal -7.298641e-01 -6.835923e-01 -0.000000e+00
    outer loop
      vertex   2.368561e+01 1.192290e+01 5.570000e+01
      vertex   2.368561e+01 1.192290e+01 3.370000e+01
      vertex   2.525126e+01 1.025126e+01 5.570000e+01
    endloop
  endfacet
  facet normal -7.298641e-01 -6.835923e-01 -0.000000e+00
    outer loop
      vertex   2.525126e+01 1.025126e+01 5.570000e+01
      vertex   2.368561e+01 1.192290e+01 3.370000e+01
      vertex   2.525126e+01 1.025126e+01 3.370000e+01
    endloop
  endfacet
  facet normal -6.835923e-01 -7.298641e-01 -0.000000e+00
    outer loop
      vertex   2.525126e+01 1.025126e+01 5.570000e+01
      vertex   2.525126e+01 1.025126e+01 3.370000e+01
      vertex   2.692290e+01 8.685607e+00 5.570000e+01
    endloop
  endfacet
  facet normal -6.835923e-01 -7.298641e-01 -0.000000e+00
    outer loop
      vertex   2.692290e+01 8.685607e+00 5.570000e+01
      vertex   2.525126e+01 1.025126e+01 3.370000e+01
      vertex   2.692290e+01 8.685607e+00 3.370000e+01
    endloop
  endfacet
  facet normal -6.343933e-01 -7.730105e-01 -0.000000e+00
    outer loop
      vertex   2.692290e+01 8.685607e+00 5.570000e+01
      vertex   2.692290e+01 8.685607e+00 3.370000e+01
      vertex   2.869335e+01 7.232633e+00 5.570000e+01
    endloop
  endfacet
  facet normal -6.343933e-01 -7.730105e-01 -0.000000e+00
    outer loop
      vertex   2.869335e+01 7.232633e+00 5.570000e+01
      vertex   2.692290e+01 8.685607e+00 3.370000e+01
      vertex   2.869335e+01 7.232633e+00 3.370000e+01
    endloop
  endfacet
  facet normal -5.824777e-01 -8.128467e-01 -0.000000e+00
    outer loop
      vertex   2.869335e+01 7.232633e+00 5.570000e+01
      vertex   2.869335e+01 7.232633e+00 3.370000e+01
      vertex   3.055504e+01 5.898564e+00 5.570000e+01
    endloop
  endfacet
  facet normal -5.824777e-01 -8.128467e-01 -0.000000e+00
    outer loop
      vertex   3.055504e+01 5.898564e+00 5.570000e+01
      vertex   2.869335e+01 7.232633e+00 3.370000e+01
      vertex   3.055504e+01 5.898564e+00 3.370000e+01
    endloop
  endfacet
  facet normal -5.280679e-01 -8.492022e-01 -0.000000e+00
    outer loop
      vertex   3.055504e+01 5.898564e+00 5.570000e+01
      vertex   3.055504e+01 5.898564e+00 3.370000e+01
      vertex   3.250000e+01 4.689111e+00 5.570000e+01
    endloop
  endfacet
  facet normal -5.280679e-01 -8.492022e-01 -0.000000e+00
    outer loop
      vertex   3.250000e+01 4.689111e+00 5.570000e+01
      vertex   3.055504e+01 5.898564e+00 3.370000e+01
      vertex   3.250000e+01 4.689111e+00 3.370000e+01
    endloop
  endfacet
  facet normal -4.713967e-01 -8.819213e-01 -0.000000e+00
    outer loop
      vertex   3.250000e+01 4.689111e+00 5.570000e+01
      vertex   3.250000e+01 4.689111e+00 3.370000e+01
      vertex   3.451990e+01 3.609454e+00 5.570000e+01
    endloop
  endfacet
  facet normal -4.713967e-01 -8.819213e-01 -0.000000e+00
    outer loop
      vertex   3.451990e+01 3.609454e+00 5.570000e+01
      vertex   3.250000e+01 4.689111e+00 3.370000e+01
      vertex   3.451990e+01 3.609454e+00 3.370000e+01
    endloop
  endfacet
  facet normal -4.127070e-01 -9.108638e-01 -0.000000e+00
    outer loop
      vertex   3.451990e+01 3.609454e+00 5.570000e+01
      vertex   3.451990e+01 3.609454e+00 3.370000e+01
      vertex   3.660608e+01 2.664216e+00 5.570000e+01
    endloop
  endfacet
  facet normal -4.127070e-01 -9.108638e-01 -0.000000e+00
    outer loop
      vertex   3.660608e+01 2.664216e+00 5.570000e+01
      vertex   3.451990e+01 3.609454e+00 3.370000e+01
      vertex   3.660608e+01 2.664216e+00 3.370000e+01
    endloop
  endfacet
  facet normal -3.522500e-01 -9.359059e-01 -0.000000e+00
    outer loop
      vertex   3.660608e+01 2.664216e+00 5.570000e+01
      vertex   3.660608e+01 2.664216e+00 3.370000e+01
      vertex   3.874962e+01 1.857445e+00 5.570000e+01
    endloop
  endfacet
  facet normal -3.522500e-01 -9.359059e-01 -0.000000e+00
    outer loop
      vertex   3.874962e+01 1.857445e+00 5.570000e+01
      vertex   3.660608e+01 2.664216e+00 3.370000e+01
      vertex   3.874962e+01 1.857445e+00 3.370000e+01
    endloop
  endfacet
  facet normal -2.902847e-01 -9.569403e-01 -0.000000e+00
    outer loop
      vertex   3.874962e+01 1.857445e+00 5.570000e+01
      vertex   3.874962e+01 1.857445e+00 3.370000e+01
      vertex   4.094133e+01 1.192596e+00 5.570000e+01
    endloop
  endfacet
  facet normal -2.902847e-01 -9.569403e-01 -0.000000e+00
    outer loop
      vertex   4.094133e+01 1.192596e+00 5.570000e+01
      vertex   3.874962e+01 1.857445e+00 3.370000e+01
      vertex   4.094133e+01 1.192596e+00 3.370000e+01
    endloop
  endfacet
  facet normal -2.270763e-01 -9.738770e-01 -0.000000e+00
    outer loop
      vertex   4.094133e+01 1.192596e+00 5.570000e+01
      vertex   4.094133e+01 1.192596e+00 3.370000e+01
      vertex   4.317184e+01 6.725152e-01 5.570000e+01
    endloop
  endfacet
  facet normal -2.270763e-01 -9.738770e-01 -0.000000e+00
    outer loop
      vertex   4.317184e+01 6.725152e-01 5.570000e+01
      vertex   4.094133e+01 1.192596e+00 3.370000e+01
      vertex   4.317184e+01 6.725152e-01 3.370000e+01
    endloop
  endfacet
  facet normal -1.628955e-01 -9.866433e-01 -0.000000e+00
    outer loop
      vertex   4.317184e+01 6.725152e-01 5.570000e+01
      vertex   4.317184e+01 6.725152e-01 3.370000e+01
      vertex   4.543158e+01 2.994299e-01 5.570000e+01
    endloop
  endfacet
  facet normal -1.628955e-01 -9.866433e-01 -0.000000e+00
    outer loop
      vertex   4.543158e+01 2.994299e-01 5.570000e+01
      vertex   4.317184e+01 6.725152e-01 3.370000e+01
      vertex   4.543158e+01 2.994299e-01 3.370000e+01
    endloop
  endfacet
  facet normal -9.801714e-02 -9.951847e-01 -0.000000e+00
    outer loop
      vertex   4.543158e+01 2.994299e-01 5.570000e+01
      vertex   4.543158e+01 2.994299e-01 3.370000e+01
      vertex   4.771089e+01 7.493769e-02 5.570000e+01
    endloop
  endfacet
  facet normal -9.801714e-02 -9.951847e-01 -0.000000e+00
    outer loop
      vertex   4.771089e+01 7.493769e-02 5.570000e+01
      vertex   4.543158e+01 2.994299e-01 3.370000e+01
      vertex   4.771089e+01 7.493769e-02 3.370000e+01
    endloop
  endfacet
  facet normal -3.271908e-02 -9.994646e-01 -0.000000e+00
    outer loop
      vertex   4.771089e+01 7.493769e-02 5.570000e+01
      vertex   4.771089e+01 7.493769e-02 3.370000e+01
      vertex   5.000000e+01 0.000000e+00 5.570000e+01
    endloop
  endfacet
  facet normal -3.271908e-02 -9.994646e-01 -0.000000e+00
    outer loop
      vertex   5.000000e+01 0.000000e+00 5.570000e+01
      vertex   4.771089e+01 7.493769e-02 3.370000e+01
      vertex   5.000000e+01 0.000000e+00 3.370000e+01
    endloop
  endfacet
  facet normal 3.271908e-02 -9.994646e-01 0.000000e+00
    outer loop
      vertex   5.000000e+01 0.000000e+00 5.570000e+01
      vertex   5.000000e+01 0.000000e+00 3.370000e+01
      vertex   5.228911e+01 7.493769e-02 5.570000e+01
    endloop
  endfacet
  facet normal 3.271908e-02 -9.994646e-01 0.000000e+00
    outer loop
      vertex   5.228911e+01 7.493769e-02 5.570000e+01
      vertex   5.000000e+01 0.000000e+00 3.370000e+01
      vertex   5.228911e+01 7.493769e-02 3.370000e+01
    endloop
  endfacet
  facet normal 9.801714e-02 -9.951847e-01 0.000000e+00
    outer loop
      vertex   5.228911e+01 7.493769e-02 5.570000e+01
      vertex   5.228911e+01 7.493769e-02 3.370000e+01
      vertex   5.456842e+01 2.994299e-01 5.570000e+01
    endloop
  endfacet
  facet normal 9.801714e-02 -9.951847e-01 0.000000e+00
    outer loop
      vertex   5.456842e+01 2.994299e-01 5.570000e+01
      vertex   5.228911e+01 7.493769e-02 3.370000e+01
      vertex   5.456842e+01 2.994299e-01 3.370000e+01
    endloop
  endfacet
  facet normal 1.628955e-01 -9.866433e-01 0.000000e+00
    outer loop
      vertex   5.456842e+01 2.994299e-01 5.570000e+01
      vertex   5.456842e+01 2.994299e-01 3.370000e+01
      vertex   5.682816e+01 6.725152e-01 5.570000e+01
    endloop
  endfacet
  facet normal 1.628955e-01 -9.866433e-01 0.000000e+00
    outer loop
      vertex   5.682816e+01 6.725152e-01 5.570000e+01
      vertex   5.456842e+01 2.994299e-01 3.370000e+01
      vertex   5.682816e+01 6.725152e-01 3.370000e+01
    endloop
  endfacet
  facet normal 2.270763e-01 -9.738770e-01 0.000000e+00
    outer loop
      vertex   5.682816e+01 6.725152e-01 5.570000e+01
      vertex   5.682816e+01 6.725152e-01 3.370000e+01
      vertex   5.905867e+01 1.192596e+00 5.570000e+01
    endloop
  endfacet
  facet normal 2.270763e-01 -9.738770e-01 0.000000e+00
    outer loop
      vertex   5.905867e+01 1.192596e+00 5.570000e+01
      vertex   5.682816e+01 6.725152e-01 3.370000e+01
      vertex   5.905867e+01 1.192596e+00 3.370000e+01
    endloop
  endfacet
  facet normal 2.902847e-01 -9.569403e-01 0.000000e+00
    outer loop
      vertex   5.905867e+01 1.192596e+00 5.570000e+01
      vertex   5.905867e+01 1.192596e+00 3.370000e+01
      vertex   6.125038e+01 1.857445e+00 5.570000e+01
    endloop
  endfacet
  facet normal 2.902847e-01 -9.569403e-01 0.000000e+00
    outer loop
      vertex   6.125038e+01 1.857445e+00 5.570000e+01
      vertex   5.905867e+01 1.192596e+00 3.370000e+01
      vertex   6.125038e+01 1.857445e+00 3.370000e+01
    endloop
  endfacet
  facet normal 3.522500e-01 -9.359059e-01 0.000000e+00
    outer loop
      vertex   6.125038e+01 1.857445e+00 5.570000e+01
      vertex   6.125038e+01 1.857445e+00 3.370000e+01
      vertex   6.339392e+01 2.664216e+00 5.570000e+01
    endloop
  endfacet
  facet normal 3.522500e-01 -9.359059e-01 0.000000e+00
    outer loop
      vertex   6.339392e+01 2.664216e+00 5.570000e+01
      vertex   6.125038e+01 1.857445e+00 3.370000e+01
      vertex   6.339392e+01 2.664216e+00 3.370000e+01
    endloop
  endfacet
  facet normal 4.127070e-01 -9.108638e-01 0.000000e+00
    outer loop
      vertex   6.339392e+01 2.664216e+00 5.570000e+01
      vertex   6.339392e+01 2.664216e+00 3.370000e+01
      vertex   6.548010e+01 3.609454e+00 5.570000e+01
    endloop
  endfacet
  facet normal 4.127070e-01 -9.108638e-01 0.000000e+00
    outer loop
      vertex   6.548010e+01 3.609454e+00 5.570000e+01
      vertex   6.339392e+01 2.664216e+00 3.370000e+01
      vertex   6.548010e+01 3.609454e+00 3.370000e+01
    endloop
  endfacet
  facet normal 4.713967e-01 -8.819213e-01 0.000000e+00
    outer loop
      vertex   6.548010e+01 3.609454e+00 5.570000e+01
      vertex   6.548010e+01 3.609454e+00 3.370000e+01
      vertex   6.750000e+01 4.689111e+00 5.570000e+01
    endloop
  endfacet
  facet normal 4.713967e-01 -8.819213e-01 0.000000e+00
    outer loop
      vertex   6.750000e+01 4.689111e+00 5.570000e+01
      vertex   6.548010e+01 3.609454e+00 3.370000e+01
      vertex   6.750000e+01 4.689111e+00 3.370000e+01
    endloop
  endfacet
  facet normal 5.280679e-01 -8.492022e-01 0.000000e+00
    outer loop
      vertex   6.750000e+01 4.689111e+00 5.570000e+01
      vertex   6.750000e+01 4.689111e+00 3.370000e+01
      vertex   6.944496e+01 5.898564e+00 5.570000e+01
    endloop
  endfacet
  facet normal 5.280679e-01 -8.492022e-01 0.000000e+00
    outer loop
      vertex   6.944496e+01 5.898564e+00 5.570000e+01
      vertex   6.750000e+01 4.689111e+00 3.370000e+01
      vertex   6.944496e+01 5.898564e+00 3.370000e+01
    endloop
  endfacet
  facet normal 5.824777e-01 -8.128467e-01 0.000000e+00
    outer loop
      vertex   6.944496e+01 5.898564e+00 5.570000e+01
      vertex   6.944496e+01 5.898564e+00 3.370000e+01
      vertex   7.130665e+01 7.232633e+00 5.570000e+01
    endloop
  endfacet
  facet normal 5.824777e-01 -8.128467e-01 0.000000e+00
    outer loop
      vertex   7.130665e+01 7.232633e+00 5.570000e+01
      vertex   6.944496e+01 5.898564e+00 3.370000e+01
      vertex   7.130665e+01 7.232633e+00 3.370000e+01
    endloop
  endfacet
  facet normal 6.343933e-01 -7.730105e-01 0.000000e+00
    outer loop
      vertex   7.130665e+01 7.232633e+00 5.570000e+01
      vertex   7.130665e+01 7.232633e+00 3.370000e+01
      vertex   7.307710e+01 8.685607e+00 5.570000e+01
    endloop
  endfacet
  facet normal 6.343933e-01 -7.730105e-01 0.000000e+00
    outer loop
      vertex   7.307710e+01 8.685607e+00 5.570000e+01
      vertex   7.130665e+01 7.232633e+00 3.370000e+01
      vertex   7.307710e+01 8.685607e+00 3.370000e+01
    endloop
  endfacet
  facet normal 6.835923e-01 -7.298641e-01 0.000000e+00
    outer loop
      vertex   7.307710e+01 8.685607e+00 5.570000e+01
      vertex   7.307710e+01 8.685607e+00 3.370000e+01
      vertex   7.474874e+01 1.025126e+01 5.570000e+01
    endloop
  endfacet
  facet normal 6.835923e-01 -7.298641e-01 0.000000e+00
    outer loop
      vertex   7.474874e+01 1.025126e+01 5.570000e+01
      vertex   7.307710e+01 8.685607e+00 3.370000e+01
      vertex   7.474874e+01 1.025126e+01 3.370000e+01
    endloop
  endfacet
  facet normal 7.298641e-01 -6.835923e-01 0.000000e+00
    outer loop
      vertex   7.474874e+01 1.025126e+01 5.570000e+01
      vertex   7.474874e+01 1.025126e+01 3.370000e+01
      vertex   7.631439e+01 1.192290e+01 5.570000e+01
    endloop
  endfacet
  facet normal 7.298641e-01 -6.835923e-01 0.000000e+00
    outer loop
      vertex   7.631439e+01 1.192290e+01 5.570000e+01
      vertex   7.474874e+01 1.025126e+01 3.370000e+01
      vertex   7.631439e+01 1.192290e+01 3.370000e+01
    endloop
  endfacet
  facet normal 7.730105e-01 -6.343933e-01 0.000000e+00
    outer loop
      vertex   7.631439e+01 1.192290e+01 5.570000e+01
      vertex   7.631439e+01 1.192290e+01 3.370000e+01
      vertex   7.776737e+01 1.369335e+01 5.570000e+01
    endloop
  endfacet
  facet normal 7.730105e-01 -6.343933e-01 0.000000e+00
    outer loop
      vertex   7.776737e+01 1.369335e+01 5.570000e+01
      vertex   7.631439e+01 1.192290e+01 3.370000e+01
      vertex   7.776737e+01 1.369335e+01 3.370000e+01
    endloop
  endfacet
  facet normal 8.128467e-01 -5.824777e-01 0.000000e+00
    outer loop
      vertex   7.776737e+01 1.369335e+01 5.570000e+01
      vertex   7.776737e+01 1.369335e+01 3.370000e+01
      vertex   7.910144e+01 1.555504e+01 5.570000e+01
    endloop
  endfacet
  facet normal 8.128467e-01 -5.824777e-01 0.000000e+00
    outer loop
      vertex   7.910144e+01 1.555504e+01 5.570000e+01
      vertex   7.776737e+01 1.369335e+01 3.370000e+01
      vertex   7.910144e+01 1.555504e+01 3.370000e+01
    endloop
  endfacet
  facet normal 8.492022e-01 -5.280679e-01 0.000000e+00
    outer loop
      vertex   7.910144e+01 1.555504e+01 5.570000e+01
      vertex   7.910144e+01 1.555504e+01 3.370000e+01
      vertex   8.031089e+01 1.750000e+01 5.570000e+01
    endloop
  endfacet
  facet normal 8.492022e-01 -5.280679e-01 0.000000e+00
    outer loop
      vertex   8.031089e+01 1.750000e+01 5.570000e+01
      vertex   7.910144e+01 1.555504e+01 3.370000e+01
      vertex   8.031089e+01 1.750000e+01 3.370000e+01
    endloop
  endfacet
  facet normal 8.819213e-01 -4.713967e-01 0.000000e+00
    outer loop
      vertex   8.031089e+01 1.750000e+01 5.570000e+01
      vertex   8.031089e+01 1.750000e+01 3.370000e+01
      vertex   8.139055e+01 1.951990e+01 5.570000e+01
    endloop
  endfacet
  facet normal 8.819213e-01 -4.713967e-01 0.000000e+00
    outer loop
      vertex   8.139055e+01 1.951990e+01 5.570000e+01
      vertex   8.031089e+01 1.750000e+01 3.370000e+01
      vertex   8.139055e+01 1.951990e+01 3.370000e+01
    endloop
  endfacet
  facet normal 9.108638e-01 -4.127070e-01 0.000000e+00
    outer loop
      vertex   8.139055e+01 1.951990e+01 5.570000e+01
      vertex   8.139055e+01 1.951990e+01 3.370000e+01
      vertex   8.233578e+01 2.160608e+01 5.570000e+01
    endloop
  endfacet
  facet normal 9.108638e-01 -4.127070e-01 0.000000e+00
    outer loop
      vertex   8.233578e+01 2.160608e+01 5.570000e+01
      vertex   8.139055e+01 1.951990e+01 3.370000e+01
      vertex   8.233578e+01 2.160608e+01 3.370000e+01
    endloop
  endfacet
  facet normal 9.359059e-01 -3.522500e-01 0.000000e+00
    outer loop
      vertex   8.233578e+01 2.160608e+01 5.570000e+01
      vertex   8.233578e+01 2.160608e+01 3.370000e+01
      vertex   8.314255e+01 2.374962e+01 5.570000e+01
    endloop
  endfacet
  facet normal 9.359059e-01 -3.522500e-01 0.000000e+00
    outer loop
      vertex   8.314255e+01 2.374962e+01 5.570000e+01
      vertex   8.233578e+01 2.160608e+01 3.370000e+01
      vertex   8.314255e+01 2.374962e+01 3.370000e+01
    endloop
  endfacet
  facet normal 9.569403e-01 -2.902847e-01 0.000000e+00
    outer loop
      vertex   8.314255e+01 2.374962e+01 5.570000e+01
      vertex   8.314255e+01 2.374962e+01 3.370000e+01
      vertex   8.380740e+01 2.594133e+01 5.570000e+01
    endloop
  endfacet
  facet normal 9.569403e-01 -2.902847e-01 0.000000e+00
    outer loop
      vertex   8.380740e+01 2.594133e+01 5.570000e+01
      vertex   8.314255e+01 2.374962e+01 3.370000e+01
      vertex   8.380740e+01 2.594133e+01 3.370000e+01
    endloop
  endfacet
  facet normal 9.738770e-01 -2.270763e-01 0.000000e+00
    outer loop
      vertex   8.380740e+01 2.594133e+01 5.570000e+01
      vertex   8.380740e+01 2.594133e+01 3.370000e+01
      vertex   8.432748e+01 2.817184e+01 5.570000e+01
    endloop
  endfacet
  facet normal 9.738770e-01 -2.270763e-01 0.000000e+00
    outer loop
      vertex   8.432748e+01 2.817184e+01 5.570000e+01
      vertex   8.380740e+01 2.594133e+01 3.370000e+01
      vertex   8.432748e+01 2.817184e+01 3.370000e+01
    endloop
  endfacet
  facet normal 9.866433e-01 -1.628955e-01 0.000000e+00
    outer loop
      vertex   8.432748e+01 2.817184e+01 5.570000e+01
      vertex   8.432748e+01 2.817184e+01 3.370000e+01
      vertex   8.470057e+01 3.043158e+01 5.570000e+01
    endloop
  endfacet
  facet normal 9.866433e-01 -1.628955e-01 0.000000e+00
    outer loop
      vertex   8.470057e+01 3.043158e+01 5.570000e+01
      vertex   8.432748e+01 2.817184e+01 3.370000e+01
      vertex   8.470057e+01 3.043158e+01 3.370000e+01
    endloop
  endfacet
  facet normal 9.951847e-01 -9.801714e-02 0.000000e+00
    outer loop
      vertex   8.470057e+01 3.043158e+01 5.570000e+01
      vertex   8.470057e+01 3.043158e+01 3.370000e+01
      vertex   8.492506e+01 3.271089e+01 5.570000e+01
    endloop
  endfacet
  facet normal 9.951847e-01 -9.801714e-02 0.000000e+00
    outer loop
      vertex   8.492506e+01 3.271089e+01 5.570000e+01
      vertex   8.470057e+01 3.043158e+01 3.370000e+01
      vertex   8.492506e+01 3.271089e+01 3.370000e+01
    endloop
  endfacet
  facet normal 9.994646e-01 -3.271908e-02 0.000000e+00
    outer loop
      vertex   8.492506e+01 3.271089e+01 5.570000e+01
      vertex   8.492506e+01 3.271089e+01 3.370000e+01
      vertex   8.500000e+01 3.500000e+01 5.570000e+01
    endloop
  endfacet
  facet normal 9.994646e-01 -3.271908e-02 0.000000e+00
    outer loop
      vertex   8.500000e+01 3.500000e+01 5.570000e+01
      vertex   8.492506e+01 3.271089e+01 3.370000e+01
      vertex   8.500000e+01 3.500000e+01 3.370000e+01
    endloop
  endfacet
  facet normal 9.994646e-01 3.271908e-02 0.000000e+00
    outer loop
      vertex   8.500000e+01 3.500000e+01 5.570000e+01
      vertex   8.500000e+01 3.500000e+01 3.370000e+01
      vertex   8.492506e+01 3.728911e+01 5.570000e+01
    endloop
  endfacet
  facet normal 9.994646e-01 3.271908e-02 0.000000e+00
    outer loop
      vertex   8.492506e+01 3.728911e+01 5.570000e+01
      vertex   8.500000e+01 3.500000e+01 3.370000e+01
      vertex   8.492506e+01 3.728911e+01 3.370000e+01
    endloop
  endfacet
  facet normal 9.951847e-01 9.801714e-02 0.000000e+00
    outer loop
      vertex   8.492506e+01 3.728911e+01 5.570000e+01
      vertex   8.492506e+01 3.728911e+01 3.370000e+01
      vertex   8.470057e+01 3.956842e+01 5.570000e+01
    endloop
  endfacet
  facet normal 9.951847e-01 9.801714e-02 0.000000e+00
    outer loop
      vertex   8.470057e+01 3.956842e+01 5.570000e+01
      vertex   8.492506e+01 3.728911e+01 3.370000e+01
      vertex   8.470057e+01 3.956842e+01 3.370000e+01
    endloop
  endfacet
  facet normal 9.866433e-01 1.628955e-01 0.000000e+00
    outer loop
      vertex   8.470057e+01 3.956842e+01 5.570000e+01
      vertex   8.470057e+01 3.956842e+01 3.370000e+01
      vertex   8.432748e+01 4.182816e+01 5.570000e+01
    endloop
  endfacet
  facet normal 9.866433e-01 1.628955e-01 0.000000e+00
    outer loop
      vertex   8.432748e+01 4.182816e+01 5.570000e+01
      vertex   8.470057e+01 3.956842e+01 3.370000e+01
      vertex   8.432748e+01 4.182816e+01 3.370000e+01
    endloop
  endfacet
  facet normal 9.738770e-01 2.270763e-01 0.000000e+00
    outer loop
      vertex   8.432748e+01 4.182816e+01 5.570000e+01
      vertex   8.432748e+01 4.182816e+01 3.370000e+01
      vertex   8.380740e+01 4.405867e+01 5.570000e+01
    endloop
  endfacet
  facet normal 9.738770e-01 2.270763e-01 0.000000e+00
    outer loop
      vertex   8.380740e+01 4.405867e+01 5.570000e+01
      vertex   8.432748e+01 4.182816e+01 3.370000e+01
      vertex   8.380740e+01 4.405867e+01 3.370000e+01
    endloop
  endfacet
  facet normal 9.569403e-01 2.902847e-01 0.000000e+00
    outer loop
      vertex   8.380740e+01 4.405867e+01 5.570000e+01
      vertex   8.380740e+01 4.405867e+01 3.370000e+01
      vertex   8.314255e+01 4.625038e+01 5.570000e+01
    endloop
  endfacet
  facet normal 9.569403e-01 2.902847e-01 0.000000e+00
    outer loop
      vertex   8.314255e+01 4.625038e+01 5.570000e+01
      vertex   8.380740e+01 4.405867e+01 3.370000e+01
      vertex   8.314255e+01 4.625038e+01 3.370000e+01
    endloop
  endfacet
  facet normal 9.359059e-01 3.522500e-01 0.000000e+00
    outer loop
      vertex   8.314255e+01 4.625038e+01 5.570000e+01
      vertex   8.314255e+01 4.625038e+01 3.370000e+01
      vertex   8.233578e+01 4.839392e+01 5.570000e+01
    endloop
  endfacet
  facet normal 9.359059e-01 3.522500e-01 0.000000e+00
    outer loop
      vertex   8.233578e+01 4.839392e+01 5.570000e+01
      vertex   8.314255e+01 4.625038e+01 3.370000e+01
      vertex   8.233578e+01 4.839392e+01 3.370000e+01
    endloop
  endfacet
  facet normal 9.108638e-01 4.127070e-01 0.000000e+00
    outer loop
      vertex   8.233578e+01 4.839392e+01 5.570000e+01
      vertex   8.233578e+01 4.839392e+01 3.370000e+01
      vertex   8.139055e+01 5.048010e+01 5.570000e+01
    endloop
  endfacet
  facet normal 9.108638e-01 4.127070e-01 0.000000e+00
    outer loop
      vertex   8.139055e+01 5.048010e+01 5.570000e+01
      vertex   8.233578e+01 4.839392e+01 3.370000e+01
      vertex   8.139055e+01 5.048010e+01 3.370000e+01
    endloop
  endfacet
  facet normal 8.819213e-01 4.713967e-01 0.000000e+00
    outer loop
      vertex   8.139055e+01 5.048010e+01 5.570000e+01
      vertex   8.139055e+01 5.048010e+01 3.370000e+01
      vertex   8.031089e+01 5.250000e+01 5.570000e+01
    endloop
  endfacet
  facet normal 8.819213e-01 4.713967e-01 0.000000e+00
    outer loop
      vertex   8.031089e+01 5.250000e+01 5.570000e+01
      vertex   8.139055e+01 5.048010e+01 3.370000e+01
      vertex   8.031089e+01 5.250000e+01 3.370000e+01
    endloop
  endfacet
  facet normal 8.492022e-01 5.280679e-01 0.000000e+00
    outer loop
      vertex   8.031089e+01 5.250000e+01 5.570000e+01
      vertex   8.031089e+01 5.250000e+01 3.370000e+01
      vertex   7.910144e+01 5.444496e+01 5.570000e+01
    endloop
  endfacet
  facet normal 8.492022e-01 5.280679e-01 0.000000e+00
    outer loop
      vertex   7.910144e+01 5.444496e+01 5.570000e+01
      vertex   8.031089e+01 5.250000e+01 3.370000e+01
      vertex   7.910144e+01 5.444496e+01 3.370000e+01
    endloop
  endfacet
  facet normal 8.128467e-01 5.824777e-01 0.000000e+00
    outer loop
      vertex   7.910144e+01 5.444496e+01 5.570000e+01
      vertex   7.910144e+01 5.444496e+01 3.370000e+01
      vertex   7.776737e+01 5.630665e+01 5.570000e+01
    endloop
  endfacet
  facet normal 8.128467e-01 5.824777e-01 0.000000e+00
    outer loop
      vertex   7.776737e+01 5.630665e+01 5.570000e+01
      vertex   7.910144e+01 5.444496e+01 3.370000e+01
      vertex   7.776737e+01 5.630665e+01 3.370000e+01
    endloop
  endfacet
  facet normal 7.730105e-01 6.343933e-01 0.000000e+00
    outer loop
      vertex   7.776737e+01 5.630665e+01 5.570000e+01
      vertex   7.776737e+01 5.630665e+01 3.370000e+01
      vertex   7.631439e+01 5.807710e+01 5.570000e+01
    endloop
  endfacet
  facet normal 7.730105e-01 6.343933e-01 0.000000e+00
    outer loop
      vertex   7.631439e+01 5.807710e+01 5.570000e+01
      vertex   7.776737e+01 5.630665e+01 3.370000e+01
      vertex   7.631439e+01 5.807710e+01 3.370000e+01
    endloop
  endfacet
  facet normal 7.298641e-01 6.835923e-01 0.000000e+00
    outer loop
      vertex   7.631439e+01 5.807710e+01 5.570000e+01
      vertex   7.631439e+01 5.807710e+01 3.370000e+01
      vertex   7.474874e+01 5.974874e+01 5.570000e+01
    endloop
  endfacet
  facet normal 7.298641e-01 6.835923e-01 0.000000e+00
    outer loop
      vertex   7.474874e+01 5.974874e+01 5.570000e+01
      vertex   7.631439e+01 5.807710e+01 3.370000e+01
      vertex   7.474874e+01 5.974874e+01 3.370000e+01
    endloop
  endfacet
  facet normal 6.835923e-01 7.298641e-01 0.000000e+00
    outer loop
      vertex   7.474874e+01 5.974874e+01 5.570000e+01
      vertex   7.474874e+01 5.974874e+01 3.370000e+01
      vertex   7.307710e+01 6.131439e+01 5.570000e+01
    endloop
  endfacet
  facet normal 6.835923e-01 7.298641e-01 0.000000e+00
    outer loop
      vertex   7.307710e+01 6.131439e+01 5.570000e+01
      vertex   7.474874e+01 5.974874e+01 3.370000e+01
      vertex   7.307710e+01 6.131439e+01 3.370000e+01
    endloop
  endfacet
  facet normal 6.343933e-01 7.730105e-01 0.000000e+00
    outer loop
      vertex   7.307710e+01 6.131439e+01 5.570000e+01
      vertex   7.307710e+01 6.131439e+01 3.370000e+01
      vertex   7.130665e+01 6.276737e+01 5.570000e+01
    endloop
  endfacet
  facet normal 6.343933e-01 7.730105e-01 0.000000e+00
    outer loop
      vertex   7.130665e+01 6.276737e+01 5.570000e+01
      vertex   7.307710e+01 6.131439e+01 3.370000e+01
      vertex   7.130665e+01 6.276737e+01 3.370000e+01
    endloop
  endfacet
  facet normal 5.824777e-01 8.128467e-01 0.000000e+00
    outer loop
      vertex   7.130665e+01 6.276737e+01 5.570000e+01
      vertex   7.130665e+01 6.276737e+01 3.370000e+01
      vertex   6.944496e+01 6.410144e+01 5.570000e+01
    endloop
  endfacet
  facet normal 5.824777e-01 8.128467e-01 0.000000e+00
    outer loop
      vertex   6.944496e+01 6.410144e+01 5.570000e+01
      vertex   7.130665e+01 6.276737e+01 3.370000e+01
      vertex   6.944496e+01 6.410144e+01 3.370000e+01
    endloop
  endfacet
  facet normal 5.280679e-01 8.492022e-01 0.000000e+00
    outer loop
      vertex   6.944496e+01 6.410144e+01 5.570000e+01
      vertex   6.944496e+01 6.410144e+01 3.370000e+01
      vertex   6.750000e+01 6.531089e+01 5.570000e+01
    endloop
  endfacet
  facet normal 5.280679e-01 8.492022e-01 0.000000e+00
    outer loop
      vertex   6.750000e+01 6.531089e+01 5.570000e+01
      vertex   6.944496e+01 6.410144e+01 3.370000e+01
      vertex   6.750000e+01 6.531089e+01 3.370000e+01
    endloop
  endfacet
  facet normal 4.713967e-01 8.819213e-01 0.000000e+00
    outer loop
      vertex   6.750000e+01 6.531089e+01 5.570000e+01
      vertex   6.750000e+01 6.531089e+01 3.370000e+01
      vertex   6.548010e+01 6.639055e+01 5.570000e+01
    endloop
  endfacet
  facet normal 4.713967e-01 8.819213e-01 0.000000e+00
    outer loop
      vertex   6.548010e+01 6.639055e+01 5.570000e+01
      vertex   6.750000e+01 6.531089e+01 3.370000e+01
      vertex   6.548010e+01 6.639055e+01 3.370000e+01
    endloop
  endfacet
  facet normal 4.127070e-01 9.108638e-01 0.000000e+00
    outer loop
      vertex   6.548010e+01 6.639055e+01 5.570000e+01
      vertex   6.548010e+01 6.639055e+01 3.370000e+01
      vertex   6.339392e+01 6.733578e+01 5.570000e+01
    endloop
  endfacet
  facet normal 4.127070e-01 9.108638e-01 0.000000e+00
    outer loop
      vertex   6.339392e+01 6.733578e+01 5.570000e+01
      vertex   6.548010e+01 6.639055e+01 3.370000e+01
      vertex   6.339392e+01 6.733578e+01 3.370000e+01
    endloop
  endfacet
  facet normal 3.522500e-01 9.359059e-01 0.000000e+00
    outer loop
      vertex   6.339392e+01 6.733578e+01 5.570000e+01
      vertex   6.339392e+01 6.733578e+01 3.370000e+01
      vertex   6.125038e+01 6.814255e+01 5.570000e+01
    endloop
  endfacet
  facet normal 3.522500e-01 9.359059e-01 0.000000e+00
    outer loop
      vertex   6.125038e+01 6.814255e+01 5.570000e+01
      vertex   6.339392e+01 6.733578e+01 3.370000e+01
      vertex   6.125038e+01 6.814255e+01 3.370000e+01
    endloop
  endfacet
  facet normal 2.902847e-01 9.569403e-01 0.000000e+00
    outer loop
      vertex   6.125038e+01 6.814255e+01 5.570000e+01
      vertex   6.125038e+01 6.814255e+01 3.370000e+01
      vertex   5.905867e+01 6.880740e+01 5.570000e+01
    endloop
  endfacet
  facet normal 2.902847e-01 9.569403e-01 0.000000e+00
    outer loop
      vertex   5.905867e+01 6.880740e+01 5.570000e+01
      vertex   6.125038e+01 6.814255e+01 3.370000e+01
      vertex   5.905867e+01 6.880740e+01 3.370000e+01
    endloop
  endfacet
  facet normal 2.270763e-01 9.738770e-01 0.000000e+00
    outer loop
      vertex   5.905867e+01 6.880740e+01 5.570000e+01
      vertex   5.905867e+01 6.880740e+01 3.370000e+01
      vertex   5.682816e+01 6.932748e+01 5.570000e+01
    endloop
  endfacet
  facet normal 2.270763e-01 9.738770e-01 0.000000e+00
    outer loop
      vertex   5.682816e+01 6.932748e+01 5.570000e+01
      vertex   5.905867e+01 6.880740e+01 3.370000e+01
      vertex   5.682816e+01 6.932748e+01 3.370000e+01
    endloop
  endfacet
  facet normal 1.628955e-01 9.866433e-01 0.000000e+00
    outer loop
      vertex   5.682816e+01 6.932748e+01 5.570000e+01
      vertex   5.682816e+01 6.932748e+01 3.370000e+01
      vertex   5.456842e+01 6.970057e+01 5.570000e+01
    endloop
  endfacet
  facet normal 1.628955e-01 9.866433e-01 0.000000e+00
    outer loop
      vertex   5.456842e+01 6.970057e+01 5.570000e+01
      vertex   5.682816e+01 6.932748e+01 3.370000e+01
      vertex   5.456842e+01 6.970057e+01 3.370000e+01
    endloop
  endfacet
  facet normal 9.801714e-02 9.951847e-01 0.000000e+00
    outer loop
      vertex   5.456842e+01 6.970057e+01 5.570000e+01
      vertex   5.456842e+01 6.970057e+01 3.370000e+01
      vertex   5.228911e+01 6.992506e+01 5.570000e+01
    endloop
  endfacet
  facet normal 9.801714e-02 9.951847e-01 0.000000e+00
    outer loop
      vertex   5.228911e+01 6.992506e+01 5.570000e+01
      vertex   5.456842e+01 6.970057e+01 3.370000e+01
      vertex   5.228911e+01 6.992506e+01 3.370000e+01
    endloop
  endfacet
  facet normal 3.271908e-02 9.994646e-01 0.000000e+00
    outer loop
      vertex   5.228911e+01 6.992506e+01 5.570000e+01
      vertex   5.228911e+01 6.992506e+01 3.370000e+01
      vertex   5.000000e+01 7.000000e+01 5.570000e+01
    endloop
  endfacet
  facet normal 3.271908e-02 9.994646e-01 0.000000e+00
    outer loop
      vertex   5.000000e+01 7.000000e+01 5.570000e+01
      vertex   5.228911e+01 6.992506e+01 3.370000e+01
      vertex   5.000000e+01 7.000000e+01 3.370000e+01
    endloop
  endfacet
  facet normal -3.271908e-02 9.994646e-01 0.000000e+00
    outer loop
      vertex   5.000000e+01 7.000000e+01 5.570000e+01
      vertex   5.000000e+01 7.000000e+01 3.370000e+01
      vertex   4.771089e+01 6.992506e+01 5.570000e+01
    endloop
  endfacet
  facet normal -3.271908e-02 9.994646e-01 0.000000e+00
    outer loop
      vertex   4.771089e+01 6.992506e+01 5.570000e+01
      vertex   5.000000e+01 7.000000e+01 3.370000e+01
      vertex   4.771089e+01 6.992506e+01 3.370000e+01
    endloop
  endfacet
  facet normal -9.801714e-02 9.951847e-01 0.000000e+00
    outer loop
      vertex   4.771089e+01 6.992506e+01 5.570000e+01
      vertex   4.771089e+01 6.992506e+01 3.370000e+01
      vertex   4.543158e+01 6.970057e+01 5.570000e+01
    endloop
  endfacet
  facet normal -9.801714e-02 9.951847e-01 0.000000e+00
    outer loop
      vertex   4.543158e+01 6.970057e+01 5.570000e+01
      vertex   4.771089e+01 6.992506e+01 3.370000e+01
      vertex   4.543158e+01 6.970057e+01 3.370000e+01
    endloop
  endfacet
  facet normal -1.628955e-01 9.866433e-01 0.000000e+00
    outer loop
      vertex   4.543158e+01 6.970057e+01 5.570000e+01
      vertex   4.543158e+01 6.970057e+01 3.370000e+01
      vertex   4.317184e+01 6.932748e+01 5.570000e+01
    endloop
  endfacet
  facet normal -1.628955e-01 9.866433e-01 0.000000e+00
    outer loop
      vertex   4.317184e+01 6.932748e+01 5.570000e+01
      vertex   4.543158e+01 6.970057e+01 3.370000e+01
      vertex   4.317184e+01 6.932748e+01 3.370000e+01
    endloop
  endfacet
  facet normal -2.270763e-01 9.738770e-01 0.000000e+00
    outer loop
      vertex   4.317184e+01 6.932748e+01 5.570000e+01
      vertex   4.317184e+01 6.932748e+01 3.370000e+01
      vertex   4.094133e+01 6.880740e+01 5.570000e+01
    endloop
  endfacet
  facet normal -2.270763e-01 9.738770e-01 0.000000e+00
    outer loop
      vertex   4.094133e+01 6.880740e+01 5.570000e+01
      vertex   4.317184e+01 6.932748e+01 3.370000e+01
      vertex   4.094133e+01 6.880740e+01 3.370000e+01
    endloop
  endfacet
  facet normal -2.902847e-01 9.569403e-01 0.000000e+00
    outer loop
      vertex   4.094133e+01 6.880740e+01 5.570000e+01
      vertex   4.094133e+01 6.880740e+01 3.370000e+01
      vertex   3.874962e+01 6.814255e+01 5.570000e+01
    endloop
  endfacet
  facet normal -2.902847e-01 9.569403e-01 0.000000e+00
    outer loop
      vertex   3.874962e+01 6.814255e+01 5.570000e+01
      vertex   4.094133e+01 6.880740e+01 3.370000e+01
      vertex   3.874962e+01 6.814255e+01 3.370000e+01
    endloop
  endfacet
  facet normal -3.522500e-01 9.359059e-01 0.000000e+00
    outer loop
      vertex   3.874962e+01 6.814255e+01 5.570000e+01
      vertex   3.874962e+01 6.814255e+01 3.370000e+01
      vertex   3.660608e+01 6.733578e+01 5.570000e+01
    endloop
  endfacet
  facet normal -3.522500e-01 9.359059e-01 0.000000e+00
    outer loop
      vertex   3.660608e+01 6.733578e+01 5.570000e+01
      vertex   3.874962e+01 6.814255e+01 3.370000e+01
      vertex   3.660608e+01 6.733578e+01 3.370000e+01
    endloop
  endfacet
  facet normal -4.127070e-01 9.108638e-01 0.000000e+00
    outer loop
      vertex   3.660608e+01 6.733578e+01 5.570000e+01
      vertex   3.660608e+01 6.733578e+01 3.370000e+01
      vertex   3.451990e+01 6.639055e+01 5.570000e+01
    endloop
  endfacet
  facet normal -4.127070e-01 9.108638e-01 0.000000e+00
    outer loop
      vertex   3.451990e+01 6.639055e+01 5.570000e+01
      vertex   3.660608e+01 6.733578e+01 3.370000e+01
      vertex   3.451990e+01 6.639055e+01 3.370000e+01
    endloop
  endfacet
  facet normal -4.713967e-01 8.819213e-01 0.000000e+00
    outer loop
      vertex   3.451990e+01 6.639055e+01 5.570000e+01
      vertex   3.451990e+01 6.639055e+01 3.370000e+01
      vertex   3.250000e+01 6.531089e+01 5.570000e+01
    endloop
  endfacet
  facet normal -4.713967e-01 8.819213e-01 0.000000e+00
    outer loop
      vertex   3.250000e+01 6.531089e+01 5.570000e+01
      vertex   3.451990e+01 6.639055e+01 3.370000e+01
      vertex   3.250000e+01 6.531089e+01 3.370000e+01
    endloop
  endfacet
  facet normal -5.280679e-01 8.492022e-01 0.000000e+00
    outer loop
      vertex   3.250000e+01 6.531089e+01 5.570000e+01
      vertex   3.250000e+01 6.531089e+01 3.370000e+01
      vertex   3.055504e+01 6.410144e+01 5.570000e+01
    endloop
  endfacet
  facet normal -5.280679e-01 8.492022e-01 0.000000e+00
    outer loop
      vertex   3.055504e+01 6.410144e+01 5.570000e+01
      vertex   3.250000e+01 6.531089e+01 3.370000e+01
      vertex   3.055504e+01 6.410144e+01 3.370000e+01
    endloop
  endfacet
  facet normal -5.824777e-01 8.128467e-01 0.000000e+00
    outer loop
      vertex   3.055504e+01 6.410144e+01 5.570000e+01
      vertex   3.055504e+01 6.410144e+01 3.370000e+01
      vertex   2.869335e+01 6.276737e+01 5.570000e+01
    endloop
  endfacet
  facet normal -5.824777e-01 8.128467e-01 0.000000e+00
    outer loop
      vertex   2.869335e+01 6.276737e+01 5.570000e+01
      vertex   3.055504e+01 6.410144e+01 3.370000e+01
      vertex   2.869335e+01 6.276737e+01 3.370000e+01
    endloop
  endfacet
  facet normal -6.343933e-01 7.730105e-01 0.000000e+00
    outer loop
      vertex   2.869335e+01 6.276737e+01 5.570000e+01
      vertex   2.869335e+01 6.276737e+01 3.370000e+01
      vertex   2.692290e+01 6.131439e+01 5.570000e+01
    endloop
  endfacet
  facet normal -6.343933e-01 7.730105e-01 0.000000e+00
    outer loop
      vertex   2.692290e+01 6.131439e+01 5.570000e+01
      vertex   2.869335e+01 6.276737e+01 3.370000e+01
      vertex   2.692290e+01 6.131439e+01 3.370000e+01
    endloop
  endfacet
  facet normal -6.835923e-01 7.298641e-01 0.000000e+00
    outer loop
      vertex   2.692290e+01 6.131439e+01 5.570000e+01
      vertex   2.692290e+01 6.131439e+01 3.370000e+01
      vertex   2.525126e+01 5.974874e+01 5.570000e+01
    endloop
  endfacet
  facet normal -6.835923e-01 7.298641e-01 0.000000e+00
    outer loop
      vertex   2.525126e+01 5.974874e+01 5.570000e+01
      vertex   2.692290e+01 6.131439e+01 3.370000e+01
      vertex   2.525126e+01 5.974874e+01 3.370000e+01
    endloop
  endfacet
  facet normal -7.298641e-01 6.835923e-01 0.000000e+00
    outer loop
      vertex   2.525126e+01 5.974874e+01 5.570000e+01
      vertex   2.525126e+01 5.974874e+01 3.370000e+01
      vertex   2.368561e+01 5.807710e+01 5.570000e+01
    endloop
  endfacet
  facet normal -7.298641e-01 6.835923e-01 0.000000e+00
    outer loop
      vertex   2.368561e+01 5.807710e+01 5.570000e+01
      vertex   2.525126e+01 5.974874e+01 3.370000e+01
      vertex   2.368561e+01 5.807710e+01 3.370000e+01
    endloop
  endfacet
  facet normal -7.730105e-01 6.343933e-01 0.000000e+00
    outer loop
      vertex   2.368561e+01 5.807710e+01 5.570000e+01
      vertex   2.368561e+01 5.807710e+01 3.370000e+01
      vertex   2.223263e+01 5.630665e+01 5.570000e+01
    endloop
  endfacet
  facet normal -7.730105e-01 6.343933e-01 0.000000e+00
    outer loop
      vertex   2.223263e+01 5.630665e+01 5.570000e+01
      vertex   2.368561e+01 5.807710e+01 3.370000e+01
      vertex   2.223263e+01 5.630665e+01 3.370000e+01
    endloop
  endfacet
  facet normal -8.128467e-01 5.824777e-01 0.000000e+00
    outer loop
      vertex   2.223263e+01 5.630665e+01 5.570000e+01
      vertex   2.223263e+01 5.630665e+01 3.370000e+01
      vertex   2.089856e+01 5.444496e+01 5.570000e+01
    endloop
  endfacet
  facet normal -8.128467e-01 5.824777e-01 0.000000e+00
    outer loop
      vertex   2.089856e+01 5.444496e+01 5.570000e+01
      vertex   2.223263e+01 5.630665e+01 3.370000e+01
      vertex   2.089856e+01 5.444496e+01 3.370000e+01
    endloop
  endfacet
  facet normal -8.492022e-01 5.280679e-01 0.000000e+00
    outer loop
      vertex   2.089856e+01 5.444496e+01 5.570000e+01
      vertex   2.089856e+01 5.444496e+01 3.370000e+01
      vertex   1.968911e+01 5.250000e+01 5.570000e+01
    endloop
  endfacet
  facet normal -8.492022e-01 5.280679e-01 0.000000e+00
    outer loop
      vertex   1.968911e+01 5.250000e+01 5.570000e+01
      vertex   2.089856e+01 5.444496e+01 3.370000e+01
      vertex   1.968911e+01 5.250000e+01 3.370000e+01
    endloop
  endfacet
  facet normal -8.819213e-01 4.713967e-01 0.000000e+00
    outer loop
      vertex   1.968911e+01 5.250000e+01 5.570000e+01
      vertex   1.968911e+01 5.250000e+01 3.370000e+01
      vertex   1.860945e+01 5.048010e+01 5.570000e+01
    endloop
  endfacet
  facet normal -8.819213e-01 4.713967e-01 0.000000e+00
    outer loop
      vertex   1.860945e+01 5.048010e+01 5.570000e+01
      vertex   1.968911e+01 5.250000e+01 3.370000e+01
      vertex   1.860945e+01 5.048010e+01 3.370000e+01
    endloop
  endfacet
  facet normal -9.108638e-01 4.127070e-01 0.000000e+00
    outer loop
      vertex   1.860945e+01 5.048010e+01 5.570000e+01
      vertex   1.860945e+01 5.048010e+01 3.370000e+01
      vertex   1.766422e+01 4.839392e+01 5.570000e+01
    endloop
  endfacet
  facet normal -9.108638e-01 4.127070e-01 0.000000e+00
    outer loop
      vertex   1.766422e+01 4.839392e+01 5.570000e+01
      vertex   1.860945e+01 5.048010e+01 3.370000e+01
      vertex   1.766422e+01 4.839392e+01 3.370000e+01
    endloop
  endfacet
  facet normal -9.359059e-01 3.522500e-01 0.000000e+00
    outer loop
      vertex   1.766422e+01 4.839392e+01 5.570000e+01
      vertex   1.766422e+01 4.839392e+01 3.370000e+01
      vertex   1.685745e+01 4.625038e+01 5.570000e+01
    endloop
  endfacet
  facet normal -9.359059e-01 3.522500e-01 0.000000e+00
    outer loop
      vertex   1.685745e+01 4.625038e+01 5.570000e+01
      vertex   1.766422e+01 4.839392e+01 3.370000e+01
      vertex   1.685745e+01 4.625038e+01 3.370000e+01
    endloop
  endfacet
  facet normal -9.569403e-01 2.902847e-01 0.000000e+00
    outer loop
      vertex   1.685745e+01 4.625038e+01 5.570000e+01
      vertex   1.685745e+01 4.625038e+01 3.370000e+01
      vertex   1.619260e+01 4.405867e+01 5.570000e+01
    endloop
  endfacet
  facet normal -9.569403e-01 2.902847e-01 0.000000e+00
    outer loop
      vertex   1.619260e+01 4.405867e+01 5.570000e+01
      vertex   1.685745e+01 4.625038e+01 3.370000e+01
      vertex   1.619260e+01 4.405867e+01 3.370000e+01
    endloop
  endfacet
  facet normal -9.738770e-01 2.270763e-01 0.000000e+00
    outer loop
      vertex   1.619260e+01 4.405867e+01 5.570000e+01
      vertex   1.619260e+01 4.405867e+01 3.370000e+01
      vertex   1.567252e+01 4.182816e+01 5.570000e+01
    endloop
  endfacet
  facet normal -9.738770e-01 2.270763e-01 0.000000e+00
    outer loop
      vertex   1.567252e+01 4.182816e+01 5.570000e+01
      vertex   1.619260e+01 4.405867e+01 3.370000e+01
      vertex   1.567252e+01 4.182816e+01 3.370000e+01
    endloop
  endfacet
  facet normal -9.866433e-01 1.628955e-01 0.000000e+00
    outer loop
      vertex   1.567252e+01 4.182816e+01 5.570000e+01
      vertex   1.567252e+01 4.182816e+01 3.370000e+01
      vertex   1.529943e+01 3.956842e+01 5.570000e+01
    endloop
  endfacet
  facet normal -9.866433e-01 1.628955e-01 0.000000e+00
    outer loop
      vertex   1.529943e+01 3.956842e+01 5.570000e+01
      vertex   1.567252e+01 4.182816e+01 3.370000e+01
      vertex   1.529943e+01 3.956842e+01 3.370000e+01
    endloop
  endfacet
  facet normal -9.951847e-01 9.801714e-02 0.000000e+00
    outer loop
      vertex   1.529943e+01 3.956842e+01 5.570000e+01
      vertex   1.529943e+01 3.956842e+01 3.370000e+01
      vertex   1.507494e+01 3.728911e+01 5.570000e+01
    endloop
  endfacet
  facet normal -9.951847e-01 9.801714e-02 0.000000e+00
    outer loop
      vertex   1.507494e+01 3.728911e+01 5.570000e+01
      vertex   1.529943e+01 3.956842e+01 3.370000e+01
      vertex   1.507494e+01 3.728911e+01 3.370000e+01
    endloop
  endfacet
  facet normal -0.000000e+00 0.000000e+00 1.000000e+00
    outer loop
      vertex   5.135230e+01 1.078393e+01 5.570000e+01
      vertex   6.339392e+01 2.664216e+00 5.570000e+01
      vertex   5.140000e+01 1.114628e+01 5.570000e+01
    endloop
  endfacet
  facet normal 0.000000e+00 0.000000e+00 1.000000e+00
    outer loop
      vertex   5.140000e+01 1.114628e+01 5.570000e+01
      vertex   6.339392e+01 2.664216e+00 5.570000e+01
      vertex   6.548010e+01 3.609454e+00 5.570000e+01
    endloop
  endfacet
  facet normal -0.000000e+00 -0.000000e+00 1.000000e+00
    outer loop
      vertex   5.140000e+01 1.114628e+01 5.570000e+01
      vertex   6.548010e+01 3.609454e+00 5.570000e+01
      vertex   5.135230e+01 1.150863e+01 5.570000e+01
    endloop
  endfacet
  facet normal 0.000000e+00 0.000000e+00 1.000000e+00
    outer loop
      vertex   5.135230e+01 1.150863e+01 5.570000e+01
      vertex   6.548010e+01 3.609454e+00 5.570000e+01
      vertex   6.750000e+01 4.689111e+00 5.570000e+01
    endloop
  endfacet
  facet normal 0.000000e+00 0.000000e+00 1.000000e+00
    outer loop
      vertex   5.135230e+01 1.150863e+01 5.570000e+01
      vertex   6.750000e+01 4.689111e+00 5.570000e+01
      vertex   6.944496e+01 5.898564e+00 5.570000e+01
    endloop
  endfacet
  facet normal -0.000000e+00 0.000000e+00 1.000000e+00
    outer loop
      vertex   5.121244e+01 1.044628e+01 5.570000e+01
      vertex   5.905867e+01 1.192596e+00 5.570000e+01
      vertex   5.135230e+01 1.078393e+01 5.570000e+01
    endloop
  endfacet
  facet normal 0.000000e+00 0.000000e+00 1.000000e+00
    outer loop
      vertex   5.135230e+01 1.078393e+01 5.570000e+01
      vertex   5.905867e+01 1.192596e+00 5.570000e+01
      vertex   6.125038e+01 1.857445e+00 5.570000e+01
    endloop
  endfacet
  facet normal 0.000000e+00 0.000000e+00 1.000000e+00
    outer loop
      vertex   5.135230e+01 1.078393e+01 5.570000e+01
      vertex   6.125038e+01 1.857445e+00 5.570000e+01
      vertex   6.339392e+01 2.664216e+00 5.570000e+01
    endloop
  endfacet
  facet normal 0.000000e+00 0.000000e+00 1.000000e+00
    outer loop
      vertex   5.905867e+01 1.192596e+00 5.570000e+01
      vertex   5.121244e+01 1.044628e+01 5.570000e+01
      vertex   5.682816e+01 6.725152e-01 5.570000e+01
    endloop
  endfacet
  facet normal 0.000000e+00 0.000000e+00 1.000000e+00
    outer loop
      vertex   5.682816e+01 6.725152e-01 5.570000e+01
      vertex   5.121244e+01 1.044628e+01 5.570000e+01
      vertex   5.098995e+01 1.015633e+01 5.570000e+01
    endloop
  endfacet
  facet normal 0.000000e+00 0.000000e+00 1.000000e+00
    outer loop
      vertex   5.682816e+01 6.725152e-01 5.570000e+01
      vertex   5.098995e+01 1.015633e+01 5.570000e+01
      vertex   5.456842e+01 2.994299e-01 5.570000e+01
    endloop
  endfacet
  facet normal 0.000000e+00 0.000000e+00 1.000000e+00
    outer loop
      vertex   5.456842e+01 2.994299e-01 5.570000e+01
      vertex   5.098995e+01 1.015633e+01 5.570000e+01
      vertex   5.070000e+01 9.933844e+00 5.570000e+01
    endloop
  endfacet
  facet normal 0.000000e+00 0.000000e+00 1.000000e+00
    outer loop
      vertex   5.456842e+01 2.994299e-01 5.570000e+01
      vertex   5.070000e+01 9.933844e+00 5.570000e+01
      vertex   5.228911e+01 7.493769e-02 5.570000e+01
    endloop
  endfacet
  facet normal 0.000000e+00 0.000000e+00 1.000000e+00
    outer loop
      vertex   5.228911e+01 7.493769e-02 5.570000e+01
      vertex   5.070000e+01 9.933844e+00 5.570000e+01
      vertex   5.036235e+01 9.793984e+00 5.570000e+01
    endloop
  endfacet
  facet normal 0.000000e+00 0.000000e+00 1.000000e+00
    outer loop
      vertex   5.228911e+01 7.493769e-02 5.570000e+01
      vertex   5.036235e+01 9.793984e+00 5.570000e+01
      vertex   5.000000e+01 0.000000e+00 5.570000e+01
    endloop
  endfacet
  facet normal 0.000000e+00 0.000000e+00 1.000000e+00
    outer loop
      vertex   5.000000e+01 0.000000e+00 5.570000e+01
      vertex   5.036235e+01 9.793984e+00 5.570000e+01
      vertex   5.000000e+01 9.746280e+00 5.570000e+01
    endloop
  endfacet
  facet normal 0.000000e+00 -0.000000e+00 1.000000e+00
    outer loop
      vertex   5.000000e+01 0.000000e+00 5.570000e+01
      vertex   5.000000e+01 9.746280e+00 5.570000e+01
      vertex   4.963765e+01 9.793984e+00 5.570000e+01
    endloop
  endfacet
  facet normal 0.000000e+00 0.000000e+00 1.000000e+00
    outer loop
      vertex   5.000000e+01 0.000000e+00 5.570000e+01
      vertex   4.963765e+01 9.793984e+00 5.570000e+01
      vertex   4.771089e+01 7.493769e-02 5.570000e+01
    endloop
  endfacet
  facet normal 0.000000e+00 0.000000e+00 1.000000e+00
    outer loop
      vertex   4.771089e+01 7.493769e-02 5.570000e+01
      vertex   4.963765e+01 9.793984e+00 5.570000e+01
      vertex   4.930000e+01 9.933844e+00 5.570000e+01
    endloop
  endfacet
  facet normal 0.000000e+00 -0.000000e+00 1.000000e+00
    outer loop
      vertex   4.771089e+01 7.493769e-02 5.570000e+01
      vertex   4.930000e+01 9.933844e+00 5.570000e+01
      vertex   4.543158e+01 2.994299e-01 5.570000e+01
    endloop
  endfacet
  facet normal 0.000000e+00 0.000000e+00 1.000000e+00
    outer loop
      vertex   4.543158e+01 2.994299e-01 5.570000e+01
      vertex   4.930000e+01 9.933844e+00 5.570000e+01
      vertex   4.901005e+01 1.015633e+01 5.570000e+01
    endloop
  endfacet
  facet normal 0.000000e+00 -0.000000e+00 1.000000e+00
    outer loop
      vertex   4.543158e+01 2.994299e-01 5.570000e+01
      vertex   4.901005e+01 1.015633e+01 5.570000e+01
      vertex   4.317184e+01 6.725152e-01 5.570000e+01
    endloop
  endfacet
  facet normal 0.000000e+00 0.000000e+00 1.000000e+00
    outer loop
      vertex   4.317184e+01 6.725152e-01 5.570000e+01
      vertex   4.901005e+01 1.015633e+01 5.570000e+01
      vertex   4.878756e+01 1.044628e+01 5.570000e+01
    endloop
  endfacet
  facet normal 0.000000e+00 -0.000000e+00 1.000000e+00
    outer loop
      vertex   4.317184e+01 6.725152e-01 5.570000e+01
      vertex   4.878756e+01 1.044628e+01 5.570000e+01
      vertex   4.094133e+01 1.192596e+00 5.570000e+01
    endloop
  endfacet
  facet normal 0.000000e+00 0.000000e+00 1.000000e+00
    outer loop
      vertex   4.094133e+01 1.192596e+00 5.570000e+01
      vertex   4.878756e+01 1.044628e+01 5.570000e+01
      vertex   4.864770e+01 1.078393e+01 5.570000e+01
    endloop
  endfacet
  facet normal 0.000000e+00 -0.000000e+00 1.000000e+00
    outer loop
      vertex   4.094133e+01 1.192596e+00 5.570000e+01
      vertex   4.864770e+01 1.078393e+01 5.570000e+01
      vertex   3.874962e+01 1.857445e+00 5.570000e+01
    endloop
  endfacet
  facet normal 0.000000e+00 -0.000000e+00 1.000000e+00
    outer loop
      vertex   3.874962e+01 1.857445e+00 5.570000e+01
      vertex   4.864770e+01 1.078393e+01 5.570000e+01
      vertex   3.660608e+01 2.664216e+00 5.570000e+01
    endloop
  endfacet
  facet normal 0.000000e+00 0.000000e+00 1.000000e+00
    outer loop
      vertex   3.660608e+01 2.664216e+00 5.570000e+01
      vertex   4.864770e+01 1.078393e+01 5.570000e+01
      vertex   4.860000e+01 1.114628e+01 5.570000e+01
    endloop
  endfacet
  facet normal 0.000000e+00 -0.000000e+00 1.000000e+00
    outer loop
      vertex   3.660608e+01 2.664216e+00 5.570000e+01
      vertex   4.860000e+01 1.114628e+01 5.570000e+01
      vertex   3.451990e+01 3.609454e+00 5.570000e+01
    endloop
  endfacet
  facet normal 0.000000e+00 0.000000e+00 1.000000e+00
    outer loop
      vertex   3.451990e+01 3.609454e+00 5.570000e+01
      vertex   4.860000e+01 1.114628e+01 5.570000e+01
      vertex   4.864770e+01 1.150863e+01 5.570000e+01
    endloop
  endfacet
  facet normal 0.000000e+00 -0.000000e+00 1.000000e+00
    outer loop
      vertex   3.451990e+01 3.609454e+00 5.570000e+01
      vertex   4.864770e+01 1.150863e+01 5.570000e+01
      vertex   3.250000e+01 4.689111e+00 5.570000e+01
    endloop
  endfacet
  facet normal 0.000000e+00 -0.000000e+00 1.000000e+00
    outer loop
      vertex   3.250000e+01 4.689111e+00 5.570000e+01
      vertex   4.864770e+01 1.150863e+01 5.570000e+01
      vertex   3.055504e+01 5.898564e+00 5.570000e+01
    endloop
  endfacet
  facet normal 0.000000e+00 0.000000e+00 1.000000e+00
    outer loop
      vertex   3.055504e+01 5.898564e+00 5.570000e+01
      vertex   4.864770e+01 1.150863e+01 5.570000e+01
      vertex   4.878756e+01 1.184628e+01 5.570000e+01
    endloop
  endfacet
  facet normal 0.000000e+00 -0.000000e+00 1.000000e+00
    outer loop
      vertex   3.055504e+01 5.898564e+00 5.570000e+01
      vertex   4.878756e+01 1.184628e+01 5.570000e+01
      vertex   2.869335e+01 7.232633e+00 5.570000e+01
    endloop
  endfacet
  facet normal 0.000000e+00 -0.000000e+00 1.000000e+00
    outer loop
      vertex   2.869335e+01 7.232633e+00 5.570000e+01
      vertex   4.878756e+01 1.184628e+01 5.570000e+01
      vertex   2.692290e+01 8.685607e+00 5.570000e+01
    endloop
  endfacet
  facet normal 0.000000e+00 -0.000000e+00 1.000000e+00
    outer loop
      vertex   2.692290e+01 8.685607e+00 5.570000e+01
      vertex   4.878756e+01 1.184628e+01 5.570000e+01
      vertex   2.525126e+01 1.025126e+01 5.570000e+01
    endloop
  endfacet
  facet normal 0.000000e+00 0.000000e+00 1.000000e+00
    outer loop
      vertex   2.525126e+01 1.025126e+01 5.570000e+01
      vertex   4.878756e+01 1.184628e+01 5.570000e+01
      vertex   2.684628e+01 3.378756e+01 5.570000e+01
    endloop
  endfacet
  facet normal 0.000000e+00 -0.000000e+00 1.000000e+00
    outer loop
      vertex   2.525126e+01 1.025126e+01 5.570000e+01
      vertex   2.684628e+01 3.378756e+01 5.570000e+01
      vertex   2.368561e+01 1.192290e+01 5.570000e+01
    endloop
  endfacet
  facet normal 0.000000e+00 -0.000000e+00 1.000000e+00
    outer loop
      vertex   2.368561e+01 1.192290e+01 5.570000e+01
      vertex   2.684628e+01 3.378756e+01 5.570000e+01
      vertex   2.223263e+01 1.369335e+01 5.570000e+01
    endloop
  endfacet
  facet normal 0.000000e+00 -0.000000e+00 1.000000e+00
    outer loop
      vertex   2.223263e+01 1.369335e+01 5.570000e+01
      vertex   2.684628e+01 3.378756e+01 5.570000e+01
      vertex   2.089856e+01 1.555504e+01 5.570000e+01
    endloop
  endfacet
  facet normal 0.000000e+00 0.000000e+00 1.000000e+00
    outer loop
      vertex   2.089856e+01 1.555504e+01 5.570000e+01
      vertex   2.684628e+01 3.378756e+01 5.570000e+01
      vertex   2.650863e+01 3.364770e+01 5.570000e+01
    endloop
  endfacet
  facet normal 0.000000e+00 -0.000000e+00 1.000000e+00
    outer loop
      vertex   2.089856e+01 1.555504e+01 5.570000e+01
      vertex   2.650863e+01 3.364770e+01 5.570000e+01
      vertex   1.968911e+01 1.750000e+01 5.570000e+01
    endloop
  endfacet
  facet normal 0.000000e+00 -0.000000e+00 1.000000e+00
    outer loop
      vertex   1.968911e+01 1.750000e+01 5.570000e+01
      vertex   2.650863e+01 3.364770e+01 5.570000e+01
      vertex   1.860945e+01 1.951990e+01 5.570000e+01
    endloop
  endfacet
  facet normal 0.000000e+00 0.000000e+00 1.000000e+00
    outer loop
      vertex   1.860945e+01 1.951990e+01 5.570000e+01
      vertex   2.650863e+01 3.364770e+01 5.570000e+01
      vertex   2.614628e+01 3.360000e+01 5.570000e+01
    endloop
  endfacet
  facet normal 0.000000e+00 -0.000000e+00 1.000000e+00
    outer loop
      vertex   1.860945e+01 1.951990e+01 5.570000e+01
      vertex   2.614628e+01 3.360000e+01 5.570000e+01
      vertex   1.766422e+01 2.160608e+01 5.570000e+01
    endloop
  endfacet
  facet normal 0.000000e+00 0.000000e+00 1.000000e+00
    outer loop
      vertex   1.766422e+01 2.160608e+01 5.570000e+01
      vertex   2.614628e+01 3.360000e+01 5.570000e+01
      vertex   2.578393e+01 3.364770e+01 5.570000e+01
    endloop
  endfacet
  facet normal 0.000000e+00 -0.000000e+00 1.000000e+00
    outer loop
      vertex   1.766422e+01 2.160608e+01 5.570000e+01
      vertex   2.578393e+01 3.364770e+01 5.570000e+01
      vertex   1.685745e+01 2.374962e+01 5.570000e+01
    endloop
  endfacet
  facet normal 0.000000e+00 -0.000000e+00 1.000000e+00
    outer loop
      vertex   1.685745e+01 2.374962e+01 5.570000e+01
      vertex   2.578393e+01 3.364770e+01 5.570000e+01
      vertex   1.619260e+01 2.594133e+01 5.570000e+01
    endloop
  endfacet
  facet normal 0.000000e+00 0.000000e+00 1.000000e+00
    outer loop
      vertex   1.619260e+01 2.594133e+01 5.570000e+01
      vertex   2.578393e+01 3.364770e+01 5.570000e+01
      vertex   2.544628e+01 3.378756e+01 5.570000e+01
    endloop
  endfacet
  facet normal 0.000000e+00 -0.000000e+00 1.000000e+00
    outer loop
      vertex   1.619260e+01 2.594133e+01 5.570000e+01
      vertex   2.544628e+01 3.378756e+01 5.570000e+01
      vertex   1.567252e+01 2.817184e+01 5.570000e+01
    endloop
  endfacet
  facet normal 0.000000e+00 0.000000e+00 1.000000e+00
    outer loop
      vertex   1.567252e+01 2.817184e+01 5.570000e+01
      vertex   2.544628e+01 3.378756e+01 5.570000e+01
      vertex   2.515633e+01 3.401005e+01 5.570000e+01
    endloop
  endfacet
  facet normal 0.000000e+00 -0.000000e+00 1.000000e+00
    outer loop
      vertex   1.567252e+01 2.817184e+01 5.570000e+01
      vertex   2.515633e+01 3.401005e+01 5.570000e+01
      vertex   1.529943e+01 3.043158e+01 5.570000e+01
    endloop
  endfacet
  facet normal 0.000000e+00 0.000000e+00 1.000000e+00
    outer loop
      vertex   1.529943e+01 3.043158e+01 5.570000e+01
      vertex   2.515633e+01 3.401005e+01 5.570000e+01
      vertex   2.493384e+01 3.430000e+01 5.570000e+01
    endloop
  endfacet
  facet normal 0.000000e+00 -0.000000e+00 1.000000e+00
    outer loop
      vertex   1.529943e+01 3.043158e+01 5.570000e+01
      vertex   2.493384e+01 3.430000e+01 5.570000e+01
      vertex   1.507494e+01 3.271089e+01 5.570000e+01
    endloop
  endfacet
  facet normal 0.000000e+00 0.000000e+00 1.000000e+00
    outer loop
      vertex   1.507494e+01 3.271089e+01 5.570000e+01
      vertex   2.493384e+01 3.430000e+01 5.570000e+01
      vertex   2.479398e+01 3.463765e+01 5.570000e+01
    endloop
  endfacet
  facet normal 0.000000e+00 -0.000000e+00 1.000000e+00
    outer loop
      vertex   1.507494e+01 3.271089e+01 5.570000e+01
      vertex   2.479398e+01 3.463765e+01 5.570000e+01
      vertex   1.500000e+01 3.500000e+01 5.570000e+01
    endloop
  endfacet
  facet normal -0.000000e+00 0.000000e+00 1.000000e+00
    outer loop
      vertex   1.500000e+01 3.500000e+01 5.570000e+01
      vertex   2.479398e+01 3.463765e+01 5.570000e+01
      vertex   2.474628e+01 3.500000e+01 5.570000e+01
    endloop
  endfacet
  facet normal 0.000000e+00 0.000000e+00 1.000000e+00
    outer loop
      vertex   1.500000e+01 3.500000e+01 5.570000e+01
      vertex   2.474628e+01 3.500000e+01 5.570000e+01
      vertex   2.479398e+01 3.536235e+01 5.570000e+01
    endloop
  endfacet
  facet normal 0.000000e+00 -0.000000e+00 1.000000e+00
    outer loop
      vertex   4.878756e+01 1.184628e+01 5.570000e+01
      vertex   4.901005e+01 1.213623e+01 5.570000e+01
      vertex   2.684628e+01 3.378756e+01 5.570000e+01
    endloop
  endfacet
  facet normal -0.000000e+00 0.000000e+00 1.000000e+00
    outer loop
      vertex   2.684628e+01 3.378756e+01 5.570000e+01
      vertex   4.901005e+01 1.213623e+01 5.570000e+01
      vertex   2.713623e+01 3.401005e+01 5.570000e+01
    endloop
  endfacet
  facet normal 0.000000e+00 0.000000e+00 1.000000e+00
    outer loop
      vertex   2.713623e+01 3.401005e+01 5.570000e+01
      vertex   4.901005e+01 1.213623e+01 5.570000e+01
      vertex   4.930000e+01 1.235872e+01 5.570000e+01
    endloop
  endfacet
  facet normal -0.000000e+00 0.000000e+00 1.000000e+00
    outer loop
      vertex   2.713623e+01 3.401005e+01 5.570000e+01
      vertex   4.930000e+01 1.235872e+01 5.570000e+01
      vertex   2.735872e+01 3.430000e+01 5.570000e+01
    endloop
  endfacet
  facet normal 0.000000e+00 0.000000e+00 1.000000e+00
    outer loop
      vertex   2.735872e+01 3.430000e+01 5.570000e+01
      vertex   4.930000e+01 1.235872e+01 5.570000e+01
      vertex   4.963765e+01 1.249858e+01 5.570000e+01
    endloop
  endfacet
  facet normal -0.000000e+00 0.000000e+00 1.000000e+00
    outer loop
      vertex   2.735872e+01 3.430000e+01 5.570000e+01
      vertex   4.963765e+01 1.249858e+01 5.570000e+01
      vertex   2.749858e+01 3.463765e+01 5.570000e+01
    endloop
  endfacet
  facet normal 0.000000e+00 0.000000e+00 1.000000e+00
    outer loop
      vertex   2.749858e+01 3.463765e+01 5.570000e+01
      vertex   4.963765e+01 1.249858e+01 5.570000e+01
      vertex   5.000000e+01 1.254628e+01 5.570000e+01
    endloop
  endfacet
  facet normal -0.000000e+00 0.000000e+00 1.000000e+00
    outer loop
      vertex   2.749858e+01 3.463765e+01 5.570000e+01
      vertex   5.000000e+01 1.254628e+01 5.570000e+01
      vertex   2.754628e+01 3.500000e+01 5.570000e+01
    endloop
  endfacet
  facet normal -0.000000e+00 0.000000e+00 1.000000e+00
    outer loop
      vertex   2.754628e+01 3.500000e+01 5.570000e+01
      vertex   5.000000e+01 1.254628e+01 5.570000e+01
      vertex   7.245372e+01 3.500000e+01 5.570000e+01
    endloop
  endfacet
  facet normal 0.000000e+00 0.000000e+00 1.000000e+00
    outer loop
      vertex   2.754628e+01 3.500000e+01 5.570000e+01
      vertex   7.245372e+01 3.500000e+01 5.570000e+01
      vertex   5.000000e+01 5.745372e+01 5.570000e+01
    endloop
  endfacet
  facet normal 0.000000e+00 0.000000e+00 1.000000e+00
    outer loop
      vertex   5.000000e+01 5.745372e+01 5.570000e+01
      vertex   7.245372e+01 3.500000e+01 5.570000e+01
      vertex   7.250142e+01 3.536235e+01 5.570000e+01
    endloop
  endfacet
  facet normal -0.000000e+00 0.000000e+00 1.000000e+00
    outer loop
      vertex   5.000000e+01 5.745372e+01 5.570000e+01
      vertex   7.250142e+01 3.536235e+01 5.570000e+01
      vertex   5.036235e+01 5.750142e+01 5.570000e+01
    endloop
  endfacet
  facet normal 0.000000e+00 0.000000e+00 1.000000e+00
    outer loop
      vertex   5.036235e+01 5.750142e+01 5.570000e+01
      vertex   7.250142e+01 3.536235e+01 5.570000e+01
      vertex   7.264128e+01 3.570000e+01 5.570000e+01
    endloop
  endfacet
  facet normal -0.000000e+00 0.000000e+00 1.000000e+00
    outer loop
      vertex   5.036235e+01 5.750142e+01 5.570000e+01
      vertex   7.264128e+01 3.570000e+01 5.570000e+01
      vertex   5.070000e+01 5.764128e+01 5.570000e+01
    endloop
  endfacet
  facet normal 0.000000e+00 0.000000e+00 1.000000e+00
    outer loop
      vertex   5.070000e+01 5.764128e+01 5.570000e+01
      vertex   7.264128e+01 3.570000e+01 5.570000e+01
      vertex   7.286377e+01 3.598995e+01 5.570000e+01
    endloop
  endfacet
  facet normal -0.000000e+00 0.000000e+00 1.000000e+00
    outer loop
      vertex   5.070000e+01 5.764128e+01 5.570000e+01
      vertex   7.286377e+01 3.598995e+01 5.570000e+01
      vertex   5.098995e+01 5.786377e+01 5.570000e+01
    endloop
  endfacet
  facet normal 0.000000e+00 0.000000e+00 1.000000e+00
    outer loop
      vertex   5.098995e+01 5.786377e+01 5.570000e+01
      vertex   7.286377e+01 3.598995e+01 5.570000e+01
      vertex   7.315372e+01 3.621244e+01 5.570000e+01
    endloop
  endfacet
  facet normal -0.000000e+00 0.000000e+00 1.000000e+00
    outer loop
      vertex   5.098995e+01 5.786377e+01 5.570000e+01
      vertex   7.315372e+01 3.621244e+01 5.570000e+01
      vertex   5.121244e+01 5.815372e+01 5.570000e+01
    endloop
  endfacet
  facet normal -0.000000e+00 0.000000e+00 1.000000e+00
    outer loop
      vertex   5.121244e+01 5.815372e+01 5.570000e+01
      vertex   7.315372e+01 3.621244e+01 5.570000e+01
      vertex   7.474874e+01 5.974874e+01 5.570000e+01
    endloop
  endfacet
  facet normal 0.000000e+00 0.000000e+00 1.000000e+00
    outer loop
      vertex   5.121244e+01 5.815372e+01 5.570000e+01
      vertex   7.474874e+01 5.974874e+01 5.570000e+01
      vertex   7.307710e+01 6.131439e+01 5.570000e+01
    endloop
  endfacet
  facet normal 0.000000e+00 0.000000e+00 1.000000e+00
    outer loop
      vertex   7.245372e+01 3.500000e+01 5.570000e+01
      vertex   5.000000e+01 1.254628e+01 5.570000e+01
      vertex   7.250142e+01 3.463765e+01 5.570000e+01
    endloop
  endfacet
  facet normal 0.000000e+00 0.000000e+00 1.000000e+00
    outer loop
      vertex   7.250142e+01 3.463765e+01 5.570000e+01
      vertex   5.000000e+01 1.254628e+01 5.570000e+01
      vertex   5.036235e+01 1.249858e+01 5.570000e+01
    endloop
  endfacet
  facet normal 0.000000e+00 0.000000e+00 1.000000e+00
    outer loop
      vertex   7.250142e+01 3.463765e+01 5.570000e+01
      vertex   5.036235e+01 1.249858e+01 5.570000e+01
      vertex   7.264128e+01 3.430000e+01 5.570000e+01
    endloop
  endfacet
  facet normal 0.000000e+00 0.000000e+00 1.000000e+00
    outer loop
      vertex   7.264128e+01 3.430000e+01 5.570000e+01
      vertex   5.036235e+01 1.249858e+01 5.570000e+01
      vertex   5.070000e+01 1.235872e+01 5.570000e+01
    endloop
  endfacet
  facet normal 0.000000e+00 0.000000e+00 1.000000e+00
    outer loop
      vertex   7.264128e+01 3.430000e+01 5.570000e+01
      vertex   5.070000e+01 1.235872e+01 5.570000e+01
      vertex   7.286377e+01 3.401005e+01 5.570000e+01
    endloop
  endfacet
  facet normal 0.000000e+00 0.000000e+00 1.000000e+00
    outer loop
      vertex   7.286377e+01 3.401005e+01 5.570000e+01
      vertex   5.070000e+01 1.235872e+01 5.570000e+01
      vertex   5.098995e+01 1.213623e+01 5.570000e+01
    endloop
  endfacet
  facet normal 0.000000e+00 0.000000e+00 1.000000e+00
    outer loop
      vertex   7.286377e+01 3.401005e+01 5.570000e+01
      vertex   5.098995e+01 1.213623e+01 5.570000e+01
      vertex   7.315372e+01 3.378756e+01 5.570000e+01
    endloop
  endfacet
  facet normal 0.000000e+00 0.000000e+00 1.000000e+00
    outer loop
      vertex   7.315372e+01 3.378756e+01 5.570000e+01
      vertex   5.098995e+01 1.213623e+01 5.570000e+01
      vertex   5.121244e+01 1.184628e+01 5.570000e+01
    endloop
  endfacet
  facet normal 0.000000e+00 0.000000e+00 1.000000e+00
    outer loop
      vertex   7.315372e+01 3.378756e+01 5.570000e+01
      vertex   5.121244e+01 1.184628e+01 5.570000e+01
      vertex   7.474874e+01 1.025126e+01 5.570000e+01
    endloop
  endfacet
  facet normal 0.000000e+00 0.000000e+00 1.000000e+00
    outer loop
      vertex   7.474874e+01 1.025126e+01 5.570000e+01
      vertex   5.121244e+01 1.184628e+01 5.570000e+01
      vertex   7.307710e+01 8.685607e+00 5.570000e+01
    endloop
  endfacet
  facet normal 0.000000e+00 0.000000e+00 1.000000e+00
    outer loop
      vertex   7.307710e+01 8.685607e+00 5.570000e+01
      vertex   5.121244e+01 1.184628e+01 5.570000e+01
      vertex   7.130665e+01 7.232633e+00 5.570000e+01
    endloop
  endfacet
  facet normal 0.000000e+00 0.000000e+00 1.000000e+00
    outer loop
      vertex   7.130665e+01 7.232633e+00 5.570000e+01
      vertex   5.121244e+01 1.184628e+01 5.570000e+01
      vertex   6.944496e+01 5.898564e+00 5.570000e+01
    endloop
  endfacet
  facet normal 0.000000e+00 0.000000e+00 1.000000e+00
    outer loop
      vertex   6.944496e+01 5.898564e+00 5.570000e+01
      vertex   5.121244e+01 1.184628e+01 5.570000e+01
      vertex   5.135230e+01 1.150863e+01 5.570000e+01
    endloop
  endfacet
  facet normal 0.000000e+00 0.000000e+00 1.000000e+00
    outer loop
      vertex   5.135230e+01 5.849137e+01 5.570000e+01
      vertex   6.548010e+01 6.639055e+01 5.570000e+01
      vertex   5.140000e+01 5.885372e+01 5.570000e+01
    endloop
  endfacet
  facet normal 0.000000e+00 0.000000e+00 1.000000e+00
    outer loop
      vertex   5.140000e+01 5.885372e+01 5.570000e+01
      vertex   6.548010e+01 6.639055e+01 5.570000e+01
      vertex   6.339392e+01 6.733578e+01 5.570000e+01
    endloop
  endfacet
  facet normal 0.000000e+00 -0.000000e+00 1.000000e+00
    outer loop
      vertex   5.140000e+01 5.885372e+01 5.570000e+01
      vertex   6.339392e+01 6.733578e+01 5.570000e+01
      vertex   5.135230e+01 5.921607e+01 5.570000e+01
    endloop
  endfacet
  facet normal 0.000000e+00 0.000000e+00 1.000000e+00
    outer loop
      vertex   5.135230e+01 5.921607e+01 5.570000e+01
      vertex   6.339392e+01 6.733578e+01 5.570000e+01
      vertex   6.125038e+01 6.814255e+01 5.570000e+01
    endloop
  endfacet
  facet normal 0.000000e+00 0.000000e+00 1.000000e+00
    outer loop
      vertex   5.135230e+01 5.921607e+01 5.570000e+01
      vertex   6.125038e+01 6.814255e+01 5.570000e+01
      vertex   5.905867e+01 6.880740e+01 5.570000e+01
    endloop
  endfacet
  facet normal 0.000000e+00 0.000000e+00 1.000000e+00
    outer loop
      vertex   5.121244e+01 5.815372e+01 5.570000e+01
      vertex   6.944496e+01 6.410144e+01 5.570000e+01
      vertex   5.135230e+01 5.849137e+01 5.570000e+01
    endloop
  endfacet
  facet normal 0.000000e+00 0.000000e+00 1.000000e+00
    outer loop
      vertex   5.135230e+01 5.849137e+01 5.570000e+01
      vertex   6.944496e+01 6.410144e+01 5.570000e+01
      vertex   6.750000e+01 6.531089e+01 5.570000e+01
    endloop
  endfacet
  facet normal 0.000000e+00 0.000000e+00 1.000000e+00
    outer loop
      vertex   5.135230e+01 5.849137e+01 5.570000e+01
      vertex   6.750000e+01 6.531089e+01 5.570000e+01
      vertex   6.548010e+01 6.639055e+01 5.570000e+01
    endloop
  endfacet
  facet normal 0.000000e+00 -0.000000e+00 1.000000e+00
    outer loop
      vertex   2.754628e+01 3.500000e+01 5.570000e+01
      vertex   5.000000e+01 5.745372e+01 5.570000e+01
      vertex   2.749858e+01 3.536235e+01 5.570000e+01
    endloop
  endfacet
  facet normal 0.000000e+00 0.000000e+00 1.000000e+00
    outer loop
      vertex   2.749858e+01 3.536235e+01 5.570000e+01
      vertex   5.000000e+01 5.745372e+01 5.570000e+01
      vertex   4.963765e+01 5.750142e+01 5.570000e+01
    endloop
  endfacet
  facet normal 0.000000e+00 -0.000000e+00 1.000000e+00
    outer loop
      vertex   2.749858e+01 3.536235e+01 5.570000e+01
      vertex   4.963765e+01 5.750142e+01 5.570000e+01
      vertex   2.735872e+01 3.570000e+01 5.570000e+01
    endloop
  endfacet
  facet normal 0.000000e+00 0.000000e+00 1.000000e+00
    outer loop
      vertex   2.735872e+01 3.570000e+01 5.570000e+01
      vertex   4.963765e+01 5.750142e+01 5.570000e+01
      vertex   4.930000e+01 5.764128e+01 5.570000e+01
    endloop
  endfacet
  facet normal 0.000000e+00 -0.000000e+00 1.000000e+00
    outer loop
      vertex   2.735872e+01 3.570000e+01 5.570000e+01
      vertex   4.930000e+01 5.764128e+01 5.570000e+01
      vertex   2.713623e+01 3.598995e+01 5.570000e+01
    endloop
  endfacet
  facet normal 0.000000e+00 0.000000e+00 1.000000e+00
    outer loop
      vertex   2.713623e+01 3.598995e+01 5.570000e+01
      vertex   4.930000e+01 5.764128e+01 5.570000e+01
      vertex   4.901005e+01 5.786377e+01 5.570000e+01
    endloop
  endfacet
  facet normal 0.000000e+00 -0.000000e+00 1.000000e+00
    outer loop
      vertex   2.713623e+01 3.598995e+01 5.570000e+01
      vertex   4.901005e+01 5.786377e+01 5.570000e+01
      vertex   2.684628e+01 3.621244e+01 5.570000e+01
    endloop
  endfacet
  facet normal 0.000000e+00 0.000000e+00 1.000000e+00
    outer loop
      vertex   2.684628e+01 3.621244e+01 5.570000e+01
      vertex   4.901005e+01 5.786377e+01 5.570000e+01
      vertex   4.878756e+01 5.815372e+01 5.570000e+01
    endloop
  endfacet
  facet normal 0.000000e+00 -0.000000e+00 1.000000e+00
    outer loop
      vertex   2.684628e+01 3.621244e+01 5.570000e+01
      vertex   4.878756e+01 5.815372e+01 5.570000e+01
      vertex   2.525126e+01 5.974874e+01 5.570000e+01
    endloop
  endfacet
  facet normal -0.000000e+00 0.000000e+00 1.000000e+00
    outer loop
      vertex   2.525126e+01 5.974874e+01 5.570000e+01
      vertex   4.878756e+01 5.815372e+01 5.570000e+01
      vertex   2.692290e+01 6.131439e+01 5.570000e+01
    endloop
  endfacet
  facet normal -0.000000e+00 0.000000e+00 1.000000e+00
    outer loop
      vertex   2.692290e+01 6.131439e+01 5.570000e+01
      vertex   4.878756e+01 5.815372e+01 5.570000e+01
      vertex   2.869335e+01 6.276737e+01 5.570000e+01
    endloop
  endfacet
  facet normal -0.000000e+00 0.000000e+00 1.000000e+00
    outer loop
      vertex   2.869335e+01 6.276737e+01 5.570000e+01
      vertex   4.878756e+01 5.815372e+01 5.570000e+01
      vertex   3.055504e+01 6.410144e+01 5.570000e+01
    endloop
  endfacet
  facet normal 0.000000e+00 0.000000e+00 1.000000e+00
    outer loop
      vertex   3.055504e+01 6.410144e+01 5.570000e+01
      vertex   4.878756e+01 5.815372e+01 5.570000e+01
      vertex   4.864770e+01 5.849137e+01 5.570000e+01
    endloop
  endfacet
  facet normal -0.000000e+00 0.000000e+00 1.000000e+00
    outer loop
      vertex   3.055504e+01 6.410144e+01 5.570000e+01
      vertex   4.864770e+01 5.849137e+01 5.570000e+01
      vertex   3.250000e+01 6.531089e+01 5.570000e+01
    endloop
  endfacet
  facet normal -0.000000e+00 0.000000e+00 1.000000e+00
    outer loop
      vertex   3.250000e+01 6.531089e+01 5.570000e+01
      vertex   4.864770e+01 5.849137e+01 5.570000e+01
      vertex   3.451990e+01 6.639055e+01 5.570000e+01
    endloop
  endfacet
  facet normal 0.000000e+00 0.000000e+00 1.000000e+00
    outer loop
      vertex   3.451990e+01 6.639055e+01 5.570000e+01
      vertex   4.864770e+01 5.849137e+01 5.570000e+01
      vertex   4.860000e+01 5.885372e+01 5.570000e+01
    endloop
  endfacet
  facet normal -0.000000e+00 0.000000e+00 1.000000e+00
    outer loop
      vertex   3.451990e+01 6.639055e+01 5.570000e+01
      vertex   4.860000e+01 5.885372e+01 5.570000e+01
      vertex   3.660608e+01 6.733578e+01 5.570000e+01
    endloop
  endfacet
  facet normal 0.000000e+00 0.000000e+00 1.000000e+00
    outer loop
      vertex   3.660608e+01 6.733578e+01 5.570000e+01
      vertex   4.860000e+01 5.885372e+01 5.570000e+01
      vertex   4.864770e+01 5.921607e+01 5.570000e+01
    endloop
  endfacet
  facet normal -0.000000e+00 0.000000e+00 1.000000e+00
    outer loop
      vertex   3.660608e+01 6.733578e+01 5.570000e+01
      vertex   4.864770e+01 5.921607e+01 5.570000e+01
      vertex   3.874962e+01 6.814255e+01 5.570000e+01
    endloop
  endfacet
  facet normal -0.000000e+00 0.000000e+00 1.000000e+00
    outer loop
      vertex   3.874962e+01 6.814255e+01 5.570000e+01
      vertex   4.864770e+01 5.921607e+01 5.570000e+01
      vertex   4.094133e+01 6.880740e+01 5.570000e+01
    endloop
  endfacet
  facet normal 0.000000e+00 0.000000e+00 1.000000e+00
    outer loop
      vertex   4.094133e+01 6.880740e+01 5.570000e+01
      vertex   4.864770e+01 5.921607e+01 5.570000e+01
      vertex   4.878756e+01 5.955372e+01 5.570000e+01
    endloop
  endfacet
  facet normal -0.000000e+00 0.000000e+00 1.000000e+00
    outer loop
      vertex   4.094133e+01 6.880740e+01 5.570000e+01
      vertex   4.878756e+01 5.955372e+01 5.570000e+01
      vertex   4.317184e+01 6.932748e+01 5.570000e+01
    endloop
  endfacet
  facet normal 0.000000e+00 0.000000e+00 1.000000e+00
    outer loop
      vertex   4.317184e+01 6.932748e+01 5.570000e+01
      vertex   4.878756e+01 5.955372e+01 5.570000e+01
      vertex   4.901005e+01 5.984367e+01 5.570000e+01
    endloop
  endfacet
  facet normal -0.000000e+00 0.000000e+00 1.000000e+00
    outer loop
      vertex   4.317184e+01 6.932748e+01 5.570000e+01
      vertex   4.901005e+01 5.984367e+01 5.570000e+01
      vertex   4.543158e+01 6.970057e+01 5.570000e+01
    endloop
  endfacet
  facet normal 0.000000e+00 0.000000e+00 1.000000e+00
    outer loop
      vertex   4.543158e+01 6.970057e+01 5.570000e+01
      vertex   4.901005e+01 5.984367e+01 5.570000e+01
      vertex   4.930000e+01 6.006616e+01 5.570000e+01
    endloop
  endfacet
  facet normal -0.000000e+00 0.000000e+00 1.000000e+00
    outer loop
      vertex   4.543158e+01 6.970057e+01 5.570000e+01
      vertex   4.930000e+01 6.006616e+01 5.570000e+01
      vertex   4.771089e+01 6.992506e+01 5.570000e+01
    endloop
  endfacet
  facet normal 0.000000e+00 0.000000e+00 1.000000e+00
    outer loop
      vertex   4.771089e+01 6.992506e+01 5.570000e+01
      vertex   4.930000e+01 6.006616e+01 5.570000e+01
      vertex   4.963765e+01 6.020602e+01 5.570000e+01
    endloop
  endfacet
  facet normal -0.000000e+00 0.000000e+00 1.000000e+00
    outer loop
      vertex   4.771089e+01 6.992506e+01 5.570000e+01
      vertex   4.963765e+01 6.020602e+01 5.570000e+01
      vertex   5.000000e+01 7.000000e+01 5.570000e+01
    endloop
  endfacet
  facet normal 0.000000e+00 0.000000e+00 1.000000e+00
    outer loop
      vertex   5.000000e+01 7.000000e+01 5.570000e+01
      vertex   4.963765e+01 6.020602e+01 5.570000e+01
      vertex   5.000000e+01 6.025372e+01 5.570000e+01
    endloop
  endfacet
  facet normal 0.000000e+00 0.000000e+00 1.000000e+00
    outer loop
      vertex   5.000000e+01 7.000000e+01 5.570000e+01
      vertex   5.000000e+01 6.025372e+01 5.570000e+01
      vertex   5.036235e+01 6.020602e+01 5.570000e+01
    endloop
  endfacet
  facet normal 0.000000e+00 0.000000e+00 1.000000e+00
    outer loop
      vertex   5.000000e+01 7.000000e+01 5.570000e+01
      vertex   5.036235e+01 6.020602e+01 5.570000e+01
      vertex   5.228911e+01 6.992506e+01 5.570000e+01
    endloop
  endfacet
  facet normal 0.000000e+00 0.000000e+00 1.000000e+00
    outer loop
      vertex   5.228911e+01 6.992506e+01 5.570000e+01
      vertex   5.036235e+01 6.020602e+01 5.570000e+01
      vertex   5.070000e+01 6.006616e+01 5.570000e+01
    endloop
  endfacet
  facet normal 0.000000e+00 0.000000e+00 1.000000e+00
    outer loop
      vertex   5.228911e+01 6.992506e+01 5.570000e+01
      vertex   5.070000e+01 6.006616e+01 5.570000e+01
      vertex   5.456842e+01 6.970057e+01 5.570000e+01
    endloop
  endfacet
  facet normal 0.000000e+00 0.000000e+00 1.000000e+00
    outer loop
      vertex   5.456842e+01 6.970057e+01 5.570000e+01
      vertex   5.070000e+01 6.006616e+01 5.570000e+01
      vertex   5.098995e+01 5.984367e+01 5.570000e+01
    endloop
  endfacet
  facet normal 0.000000e+00 0.000000e+00 1.000000e+00
    outer loop
      vertex   5.456842e+01 6.970057e+01 5.570000e+01
      vertex   5.098995e+01 5.984367e+01 5.570000e+01
      vertex   5.682816e+01 6.932748e+01 5.570000e+01
    endloop
  endfacet
  facet normal 0.000000e+00 0.000000e+00 1.000000e+00
    outer loop
      vertex   5.682816e+01 6.932748e+01 5.570000e+01
      vertex   5.098995e+01 5.984367e+01 5.570000e+01
      vertex   5.121244e+01 5.955372e+01 5.570000e+01
    endloop
  endfacet
  facet normal 0.000000e+00 0.000000e+00 1.000000e+00
    outer loop
      vertex   5.682816e+01 6.932748e+01 5.570000e+01
      vertex   5.121244e+01 5.955372e+01 5.570000e+01
      vertex   5.905867e+01 6.880740e+01 5.570000e+01
    endloop
  endfacet
  facet normal 0.000000e+00 0.000000e+00 1.000000e+00
    outer loop
      vertex   5.905867e+01 6.880740e+01 5.570000e+01
      vertex   5.121244e+01 5.955372e+01 5.570000e+01
      vertex   5.135230e+01 5.921607e+01 5.570000e+01
    endloop
  endfacet
  facet normal 0.000000e+00 0.000000e+00 1.000000e+00
    outer loop
      vertex   1.500000e+01 3.500000e+01 5.570000e+01
      vertex   2.479398e+01 3.536235e+01 5.570000e+01
      vertex   1.507494e+01 3.728911e+01 5.570000e+01
    endloop
  endfacet
  facet normal 0.000000e+00 0.000000e+00 1.000000e+00
    outer loop
      vertex   1.507494e+01 3.728911e+01 5.570000e+01
      vertex   2.479398e+01 3.536235e+01 5.570000e+01
      vertex   2.493384e+01 3.570000e+01 5.570000e+01
    endloop
  endfacet
  facet normal -0.000000e+00 0.000000e+00 1.000000e+00
    outer loop
      vertex   1.507494e+01 3.728911e+01 5.570000e+01
      vertex   2.493384e+01 3.570000e+01 5.570000e+01
      vertex   1.529943e+01 3.956842e+01 5.570000e+01
    endloop
  endfacet
  facet normal 0.000000e+00 0.000000e+00 1.000000e+00
    outer loop
      vertex   1.529943e+01 3.956842e+01 5.570000e+01
      vertex   2.493384e+01 3.570000e+01 5.570000e+01
      vertex   2.515633e+01 3.598995e+01 5.570000e+01
    endloop
  endfacet
  facet normal -0.000000e+00 0.000000e+00 1.000000e+00
    outer loop
      vertex   1.529943e+01 3.956842e+01 5.570000e+01
      vertex   2.515633e+01 3.598995e+01 5.570000e+01
      vertex   1.567252e+01 4.182816e+01 5.570000e+01
    endloop
  endfacet
  facet normal 0.000000e+00 0.000000e+00 1.000000e+00
    outer loop
      vertex   1.567252e+01 4.182816e+01 5.570000e+01
      vertex   2.515633e+01 3.598995e+01 5.570000e+01
      vertex   2.544628e+01 3.621244e+01 5.570000e+01
    endloop
  endfacet
  facet normal -0.000000e+00 0.000000e+00 1.000000e+00
    outer loop
      vertex   1.567252e+01 4.182816e+01 5.570000e+01
      vertex   2.544628e+01 3.621244e+01 5.570000e+01
      vertex   1.619260e+01 4.405867e+01 5.570000e+01
    endloop
  endfacet
  facet normal 0.000000e+00 0.000000e+00 1.000000e+00
    outer loop
      vertex   1.619260e+01 4.405867e+01 5.570000e+01
      vertex   2.544628e+01 3.621244e+01 5.570000e+01
      vertex   2.578393e+01 3.635230e+01 5.570000e+01
    endloop
  endfacet
  facet normal -0.000000e+00 0.000000e+00 1.000000e+00
    outer loop
      vertex   1.619260e+01 4.405867e+01 5.570000e+01
      vertex   2.578393e+01 3.635230e+01 5.570000e+01
      vertex   1.685745e+01 4.625038e+01 5.570000e+01
    endloop
  endfacet
  facet normal -0.000000e+00 0.000000e+00 1.000000e+00
    outer loop
      vertex   1.685745e+01 4.625038e+01 5.570000e+01
      vertex   2.578393e+01 3.635230e+01 5.570000e+01
      vertex   1.766422e+01 4.839392e+01 5.570000e+01
    endloop
  endfacet
  facet normal 0.000000e+00 0.000000e+00 1.000000e+00
    outer loop
      vertex   1.766422e+01 4.839392e+01 5.570000e+01
      vertex   2.578393e+01 3.635230e+01 5.570000e+01
      vertex   2.614628e+01 3.640000e+01 5.570000e+01
    endloop
  endfacet
  facet normal -0.000000e+00 0.000000e+00 1.000000e+00
    outer loop
      vertex   1.766422e+01 4.839392e+01 5.570000e+01
      vertex   2.614628e+01 3.640000e+01 5.570000e+01
      vertex   1.860945e+01 5.048010e+01 5.570000e+01
    endloop
  endfacet
  facet normal 0.000000e+00 0.000000e+00 1.000000e+00
    outer loop
      vertex   1.860945e+01 5.048010e+01 5.570000e+01
      vertex   2.614628e+01 3.640000e+01 5.570000e+01
      vertex   2.650863e+01 3.635230e+01 5.570000e+01
    endloop
  endfacet
  facet normal -0.000000e+00 0.000000e+00 1.000000e+00
    outer loop
      vertex   1.860945e+01 5.048010e+01 5.570000e+01
      vertex   2.650863e+01 3.635230e+01 5.570000e+01
      vertex   1.968911e+01 5.250000e+01 5.570000e+01
    endloop
  endfacet
  facet normal -0.000000e+00 0.000000e+00 1.000000e+00
    outer loop
      vertex   1.968911e+01 5.250000e+01 5.570000e+01
      vertex   2.650863e+01 3.635230e+01 5.570000e+01
      vertex   2.089856e+01 5.444496e+01 5.570000e+01
    endloop
  endfacet
  facet normal 0.000000e+00 0.000000e+00 1.000000e+00
    outer loop
      vertex   2.089856e+01 5.444496e+01 5.570000e+01
      vertex   2.650863e+01 3.635230e+01 5.570000e+01
      vertex   2.684628e+01 3.621244e+01 5.570000e+01
    endloop
  endfacet
  facet normal -0.000000e+00 0.000000e+00 1.000000e+00
    outer loop
      vertex   2.089856e+01 5.444496e+01 5.570000e+01
      vertex   2.684628e+01 3.621244e+01 5.570000e+01
      vertex   2.223263e+01 5.630665e+01 5.570000e+01
    endloop
  endfacet
  facet normal -0.000000e+00 0.000000e+00 1.000000e+00
    outer loop
      vertex   2.223263e+01 5.630665e+01 5.570000e+01
      vertex   2.684628e+01 3.621244e+01 5.570000e+01
      vertex   2.368561e+01 5.807710e+01 5.570000e+01
    endloop
  endfacet
  facet normal -0.000000e+00 0.000000e+00 1.000000e+00
    outer loop
      vertex   2.368561e+01 5.807710e+01 5.570000e+01
      vertex   2.684628e+01 3.621244e+01 5.570000e+01
      vertex   2.525126e+01 5.974874e+01 5.570000e+01
    endloop
  endfacet
  facet normal 0.000000e+00 0.000000e+00 1.000000e+00
    outer loop
      vertex   7.520602e+01 3.536235e+01 5.570000e+01
      vertex   7.525372e+01 3.500000e+01 5.570000e+01
      vertex   8.500000e+01 3.500000e+01 5.570000e+01
    endloop
  endfacet
  facet normal 0.000000e+00 0.000000e+00 1.000000e+00
    outer loop
      vertex   8.500000e+01 3.500000e+01 5.570000e+01
      vertex   7.525372e+01 3.500000e+01 5.570000e+01
      vertex   7.520602e+01 3.463765e+01 5.570000e+01
    endloop
  endfacet
  facet normal 0.000000e+00 0.000000e+00 1.000000e+00
    outer loop
      vertex   8.500000e+01 3.500000e+01 5.570000e+01
      vertex   7.520602e+01 3.463765e+01 5.570000e+01
      vertex   8.492506e+01 3.271089e+01 5.570000e+01
    endloop
  endfacet
  facet normal 0.000000e+00 0.000000e+00 1.000000e+00
    outer loop
      vertex   8.492506e+01 3.271089e+01 5.570000e+01
      vertex   7.520602e+01 3.463765e+01 5.570000e+01
      vertex   7.506616e+01 3.430000e+01 5.570000e+01
    endloop
  endfacet
  facet normal 0.000000e+00 0.000000e+00 1.000000e+00
    outer loop
      vertex   8.492506e+01 3.271089e+01 5.570000e+01
      vertex   7.506616e+01 3.430000e+01 5.570000e+01
      vertex   8.470057e+01 3.043158e+01 5.570000e+01
    endloop
  endfacet
  facet normal 0.000000e+00 0.000000e+00 1.000000e+00
    outer loop
      vertex   8.470057e+01 3.043158e+01 5.570000e+01
      vertex   7.506616e+01 3.430000e+01 5.570000e+01
      vertex   7.484367e+01 3.401005e+01 5.570000e+01
    endloop
  endfacet
  facet normal 0.000000e+00 0.000000e+00 1.000000e+00
    outer loop
      vertex   8.470057e+01 3.043158e+01 5.570000e+01
      vertex   7.484367e+01 3.401005e+01 5.570000e+01
      vertex   8.432748e+01 2.817184e+01 5.570000e+01
    endloop
  endfacet
  facet normal 0.000000e+00 0.000000e+00 1.000000e+00
    outer loop
      vertex   8.432748e+01 2.817184e+01 5.570000e+01
      vertex   7.484367e+01 3.401005e+01 5.570000e+01
      vertex   7.455372e+01 3.378756e+01 5.570000e+01
    endloop
  endfacet
  facet normal 0.000000e+00 0.000000e+00 1.000000e+00
    outer loop
      vertex   8.432748e+01 2.817184e+01 5.570000e+01
      vertex   7.455372e+01 3.378756e+01 5.570000e+01
      vertex   8.380740e+01 2.594133e+01 5.570000e+01
    endloop
  endfacet
  facet normal 0.000000e+00 0.000000e+00 1.000000e+00
    outer loop
      vertex   8.380740e+01 2.594133e+01 5.570000e+01
      vertex   7.455372e+01 3.378756e+01 5.570000e+01
      vertex   7.421607e+01 3.364770e+01 5.570000e+01
    endloop
  endfacet
  facet normal 0.000000e+00 0.000000e+00 1.000000e+00
    outer loop
      vertex   8.380740e+01 2.594133e+01 5.570000e+01
      vertex   7.421607e+01 3.364770e+01 5.570000e+01
      vertex   8.314255e+01 2.374962e+01 5.570000e+01
    endloop
  endfacet
  facet normal 0.000000e+00 0.000000e+00 1.000000e+00
    outer loop
      vertex   8.314255e+01 2.374962e+01 5.570000e+01
      vertex   7.421607e+01 3.364770e+01 5.570000e+01
      vertex   8.233578e+01 2.160608e+01 5.570000e+01
    endloop
  endfacet
  facet normal 0.000000e+00 0.000000e+00 1.000000e+00
    outer loop
      vertex   8.233578e+01 2.160608e+01 5.570000e+01
      vertex   7.421607e+01 3.364770e+01 5.570000e+01
      vertex   7.385372e+01 3.360000e+01 5.570000e+01
    endloop
  endfacet
  facet normal 0.000000e+00 0.000000e+00 1.000000e+00
    outer loop
      vertex   8.233578e+01 2.160608e+01 5.570000e+01
      vertex   7.385372e+01 3.360000e+01 5.570000e+01
      vertex   8.139055e+01 1.951990e+01 5.570000e+01
    endloop
  endfacet
  facet normal 0.000000e+00 0.000000e+00 1.000000e+00
    outer loop
      vertex   8.139055e+01 1.951990e+01 5.570000e+01
      vertex   7.385372e+01 3.360000e+01 5.570000e+01
      vertex   7.349137e+01 3.364770e+01 5.570000e+01
    endloop
  endfacet
  facet normal 0.000000e+00 0.000000e+00 1.000000e+00
    outer loop
      vertex   8.139055e+01 1.951990e+01 5.570000e+01
      vertex   7.349137e+01 3.364770e+01 5.570000e+01
      vertex   8.031089e+01 1.750000e+01 5.570000e+01
    endloop
  endfacet
  facet normal 0.000000e+00 0.000000e+00 1.000000e+00
    outer loop
      vertex   8.031089e+01 1.750000e+01 5.570000e+01
      vertex   7.349137e+01 3.364770e+01 5.570000e+01
      vertex   7.910144e+01 1.555504e+01 5.570000e+01
    endloop
  endfacet
  facet normal 0.000000e+00 0.000000e+00 1.000000e+00
    outer loop
      vertex   7.910144e+01 1.555504e+01 5.570000e+01
      vertex   7.349137e+01 3.364770e+01 5.570000e+01
      vertex   7.315372e+01 3.378756e+01 5.570000e+01
    endloop
  endfacet
  facet normal 0.000000e+00 0.000000e+00 1.000000e+00
    outer loop
      vertex   7.910144e+01 1.555504e+01 5.570000e+01
      vertex   7.315372e+01 3.378756e+01 5.570000e+01
      vertex   7.776737e+01 1.369335e+01 5.570000e+01
    endloop
  endfacet
  facet normal 0.000000e+00 0.000000e+00 1.000000e+00
    outer loop
      vertex   7.776737e+01 1.369335e+01 5.570000e+01
      vertex   7.315372e+01 3.378756e+01 5.570000e+01
      vertex   7.631439e+01 1.192290e+01 5.570000e+01
    endloop
  endfacet
  facet normal 0.000000e+00 0.000000e+00 1.000000e+00
    outer loop
      vertex   7.631439e+01 1.192290e+01 5.570000e+01
      vertex   7.315372e+01 3.378756e+01 5.570000e+01
      vertex   7.474874e+01 1.025126e+01 5.570000e+01
    endloop
  endfacet
  facet normal 0.000000e+00 -0.000000e+00 1.000000e+00
    outer loop
      vertex   7.349137e+01 3.635230e+01 5.570000e+01
      vertex   7.910144e+01 5.444496e+01 5.570000e+01
      vertex   7.315372e+01 3.621244e+01 5.570000e+01
    endloop
  endfacet
  facet normal 0.000000e+00 0.000000e+00 1.000000e+00
    outer loop
      vertex   7.315372e+01 3.621244e+01 5.570000e+01
      vertex   7.910144e+01 5.444496e+01 5.570000e+01
      vertex   7.776737e+01 5.630665e+01 5.570000e+01
    endloop
  endfacet
  facet normal 0.000000e+00 0.000000e+00 1.000000e+00
    outer loop
      vertex   7.315372e+01 3.621244e+01 5.570000e+01
      vertex   7.776737e+01 5.630665e+01 5.570000e+01
      vertex   7.631439e+01 5.807710e+01 5.570000e+01
    endloop
  endfacet
  facet normal 0.000000e+00 -0.000000e+00 1.000000e+00
    outer loop
      vertex   7.385372e+01 3.640000e+01 5.570000e+01
      vertex   8.139055e+01 5.048010e+01 5.570000e+01
      vertex   7.349137e+01 3.635230e+01 5.570000e+01
    endloop
  endfacet
  facet normal 0.000000e+00 0.000000e+00 1.000000e+00
    outer loop
      vertex   7.349137e+01 3.635230e+01 5.570000e+01
      vertex   8.139055e+01 5.048010e+01 5.570000e+01
      vertex   8.031089e+01 5.250000e+01 5.570000e+01
    endloop
  endfacet
  facet normal 0.000000e+00 0.000000e+00 1.000000e+00
    outer loop
      vertex   7.349137e+01 3.635230e+01 5.570000e+01
      vertex   8.031089e+01 5.250000e+01 5.570000e+01
      vertex   7.910144e+01 5.444496e+01 5.570000e+01
    endloop
  endfacet
  facet normal 0.000000e+00 0.000000e+00 1.000000e+00
    outer loop
      vertex   8.139055e+01 5.048010e+01 5.570000e+01
      vertex   7.385372e+01 3.640000e+01 5.570000e+01
      vertex   8.233578e+01 4.839392e+01 5.570000e+01
    endloop
  endfacet
  facet normal 0.000000e+00 0.000000e+00 1.000000e+00
    outer loop
      vertex   8.233578e+01 4.839392e+01 5.570000e+01
      vertex   7.385372e+01 3.640000e+01 5.570000e+01
      vertex   7.421607e+01 3.635230e+01 5.570000e+01
    endloop
  endfacet
  facet normal 0.000000e+00 0.000000e+00 1.000000e+00
    outer loop
      vertex   8.233578e+01 4.839392e+01 5.570000e+01
      vertex   7.421607e+01 3.635230e+01 5.570000e+01
      vertex   8.314255e+01 4.625038e+01 5.570000e+01
    endloop
  endfacet
  facet normal 0.000000e+00 0.000000e+00 1.000000e+00
    outer loop
      vertex   8.314255e+01 4.625038e+01 5.570000e+01
      vertex   7.421607e+01 3.635230e+01 5.570000e+01
      vertex   8.380740e+01 4.405867e+01 5.570000e+01
    endloop
  endfacet
  facet normal 0.000000e+00 0.000000e+00 1.000000e+00
    outer loop
      vertex   8.380740e+01 4.405867e+01 5.570000e+01
      vertex   7.421607e+01 3.635230e+01 5.570000e+01
      vertex   7.455372e+01 3.621244e+01 5.570000e+01
    endloop
  endfacet
  facet normal 0.000000e+00 0.000000e+00 1.000000e+00
    outer loop
      vertex   8.380740e+01 4.405867e+01 5.570000e+01
      vertex   7.455372e+01 3.621244e+01 5.570000e+01
      vertex   8.432748e+01 4.182816e+01 5.570000e+01
    endloop
  endfacet
  facet normal 0.000000e+00 0.000000e+00 1.000000e+00
    outer loop
      vertex   8.432748e+01 4.182816e+01 5.570000e+01
      vertex   7.455372e+01 3.621244e+01 5.570000e+01
      vertex   7.484367e+01 3.598995e+01 5.570000e+01
    endloop
  endfacet
  facet normal 0.000000e+00 0.000000e+00 1.000000e+00
    outer loop
      vertex   8.432748e+01 4.182816e+01 5.570000e+01
      vertex   7.484367e+01 3.598995e+01 5.570000e+01
      vertex   8.470057e+01 3.956842e+01 5.570000e+01
    endloop
  endfacet
  facet normal 0.000000e+00 0.000000e+00 1.000000e+00
    outer loop
      vertex   8.470057e+01 3.956842e+01 5.570000e+01
      vertex   7.484367e+01 3.598995e+01 5.570000e+01
      vertex   7.506616e+01 3.570000e+01 5.570000e+01
    endloop
  endfacet
  facet normal 0.000000e+00 0.000000e+00 1.000000e+00
    outer loop
      vertex   8.470057e+01 3.956842e+01 5.570000e+01
      vertex   7.506616e+01 3.570000e+01 5.570000e+01
      vertex   8.492506e+01 3.728911e+01 5.570000e+01
    endloop
  endfacet
  facet normal 0.000000e+00 0.000000e+00 1.000000e+00
    outer loop
      vertex   8.492506e+01 3.728911e+01 5.570000e+01
      vertex   7.506616e+01 3.570000e+01 5.570000e+01
      vertex   7.520602e+01 3.536235e+01 5.570000e+01
    endloop
  endfacet
  facet normal 0.000000e+00 0.000000e+00 1.000000e+00
    outer loop
      vertex   8.492506e+01 3.728911e+01 5.570000e+01
      vertex   7.520602e+01 3.536235e+01 5.570000e+01
      vertex   8.500000e+01 3.500000e+01 5.570000e+01
    endloop
  endfacet
  facet normal 0.000000e+00 0.000000e+00 1.000000e+00
    outer loop
      vertex   7.631439e+01 5.807710e+01 5.570000e+01
      vertex   7.474874e+01 5.974874e+01 5.570000e+01
      vertex   7.315372e+01 3.621244e+01 5.570000e+01
    endloop
  endfacet
  facet normal 0.000000e+00 0.000000e+00 1.000000e+00
    outer loop
      vertex   7.307710e+01 6.131439e+01 5.570000e+01
      vertex   7.130665e+01 6.276737e+01 5.570000e+01
      vertex   5.121244e+01 5.815372e+01 5.570000e+01
    endloop
  endfacet
  facet normal 0.000000e+00 0.000000e+00 1.000000e+00
    outer loop
      vertex   5.121244e+01 5.815372e+01 5.570000e+01
      vertex   7.130665e+01 6.276737e+01 5.570000e+01
      vertex   6.944496e+01 6.410144e+01 5.570000e+01
    endloop
  endfacet
  facet normal 0.000000e+00 -0.000000e+00 -1.000000e+00
    outer loop
      vertex   1.507494e+01 3.728911e+01 3.370000e+01
      vertex   2.371893e+01 3.559829e+01 3.370000e+01
      vertex   1.500000e+01 3.500000e+01 3.370000e+01
    endloop
  endfacet
  facet normal 0.000000e+00 0.000000e+00 -1.000000e+00
    outer loop
      vertex   1.500000e+01 3.500000e+01 3.370000e+01
      vertex   2.371893e+01 3.559829e+01 3.370000e+01
      vertex   2.364628e+01 3.500000e+01 3.370000e+01
    endloop
  endfacet
  facet normal 0.000000e+00 0.000000e+00 -1.000000e+00
    outer loop
      vertex   1.500000e+01 3.500000e+01 3.370000e+01
      vertex   2.364628e+01 3.500000e+01 3.370000e+01
      vertex   2.371893e+01 3.440171e+01 3.370000e+01
    endloop
  endfacet
  facet normal 0.000000e+00 0.000000e+00 -1.000000e+00
    outer loop
      vertex   2.371893e+01 3.559829e+01 3.370000e+01
      vertex   1.507494e+01 3.728911e+01 3.370000e+01
      vertex   2.393264e+01 3.616181e+01 3.370000e+01
    endloop
  endfacet
  facet normal 0.000000e+00 0.000000e+00 -1.000000e+00
    outer loop
      vertex   2.393264e+01 3.616181e+01 3.370000e+01
      vertex   1.507494e+01 3.728911e+01 3.370000e+01
      vertex   1.529943e+01 3.956842e+01 3.370000e+01
    endloop
  endfacet
  facet normal 0.000000e+00 0.000000e+00 -1.000000e+00
    outer loop
      vertex   2.393264e+01 3.616181e+01 3.370000e+01
      vertex   1.529943e+01 3.956842e+01 3.370000e+01
      vertex   2.427500e+01 3.665781e+01 3.370000e+01
    endloop
  endfacet
  facet normal 0.000000e+00 0.000000e+00 -1.000000e+00
    outer loop
      vertex   2.427500e+01 3.665781e+01 3.370000e+01
      vertex   1.529943e+01 3.956842e+01 3.370000e+01
      vertex   1.567252e+01 4.182816e+01 3.370000e+01
    endloop
  endfacet
  facet normal 0.000000e+00 0.000000e+00 -1.000000e+00
    outer loop
      vertex   2.427500e+01 3.665781e+01 3.370000e+01
      vertex   1.567252e+01 4.182816e+01 3.370000e+01
      vertex   2.472612e+01 3.705746e+01 3.370000e+01
    endloop
  endfacet
  facet normal 0.000000e+00 0.000000e+00 -1.000000e+00
    outer loop
      vertex   2.472612e+01 3.705746e+01 3.370000e+01
      vertex   1.567252e+01 4.182816e+01 3.370000e+01
      vertex   1.619260e+01 4.405867e+01 3.370000e+01
    endloop
  endfacet
  facet normal 0.000000e+00 0.000000e+00 -1.000000e+00
    outer loop
      vertex   2.472612e+01 3.705746e+01 3.370000e+01
      vertex   1.619260e+01 4.405867e+01 3.370000e+01
      vertex   2.525977e+01 3.733754e+01 3.370000e+01
    endloop
  endfacet
  facet normal 0.000000e+00 0.000000e+00 -1.000000e+00
    outer loop
      vertex   2.525977e+01 3.733754e+01 3.370000e+01
      vertex   1.619260e+01 4.405867e+01 3.370000e+01
      vertex   1.685745e+01 4.625038e+01 3.370000e+01
    endloop
  endfacet
  facet normal 0.000000e+00 0.000000e+00 -1.000000e+00
    outer loop
      vertex   2.525977e+01 3.733754e+01 3.370000e+01
      vertex   1.685745e+01 4.625038e+01 3.370000e+01
      vertex   2.584494e+01 3.748177e+01 3.370000e+01
    endloop
  endfacet
  facet normal 0.000000e+00 0.000000e+00 -1.000000e+00
    outer loop
      vertex   2.584494e+01 3.748177e+01 3.370000e+01
      vertex   1.685745e+01 4.625038e+01 3.370000e+01
      vertex   1.766422e+01 4.839392e+01 3.370000e+01
    endloop
  endfacet
  facet normal 0.000000e+00 0.000000e+00 -1.000000e+00
    outer loop
      vertex   2.584494e+01 3.748177e+01 3.370000e+01
      vertex   1.766422e+01 4.839392e+01 3.370000e+01
      vertex   1.860945e+01 5.048010e+01 3.370000e+01
    endloop
  endfacet
  facet normal 0.000000e+00 0.000000e+00 -1.000000e+00
    outer loop
      vertex   2.584494e+01 3.748177e+01 3.370000e+01
      vertex   1.860945e+01 5.048010e+01 3.370000e+01
      vertex   2.644762e+01 3.748177e+01 3.370000e+01
    endloop
  endfacet
  facet normal 0.000000e+00 0.000000e+00 -1.000000e+00
    outer loop
      vertex   2.644762e+01 3.748177e+01 3.370000e+01
      vertex   1.860945e+01 5.048010e+01 3.370000e+01
      vertex   1.968911e+01 5.250000e+01 3.370000e+01
    endloop
  endfacet
  facet normal 0.000000e+00 0.000000e+00 -1.000000e+00
    outer loop
      vertex   2.644762e+01 3.748177e+01 3.370000e+01
      vertex   1.968911e+01 5.250000e+01 3.370000e+01
      vertex   2.703279e+01 3.733754e+01 3.370000e+01
    endloop
  endfacet
  facet normal 0.000000e+00 0.000000e+00 -1.000000e+00
    outer loop
      vertex   2.703279e+01 3.733754e+01 3.370000e+01
      vertex   1.968911e+01 5.250000e+01 3.370000e+01
      vertex   3.830866e+01 4.175000e+01 3.370000e+01
    endloop
  endfacet
  facet normal 0.000000e+00 0.000000e+00 -1.000000e+00
    outer loop
      vertex   2.703279e+01 3.733754e+01 3.370000e+01
      vertex   3.830866e+01 4.175000e+01 3.370000e+01
      vertex   3.766714e+01 4.049094e+01 3.370000e+01
    endloop
  endfacet
  facet normal 0.000000e+00 0.000000e+00 -1.000000e+00
    outer loop
      vertex   1.968911e+01 5.250000e+01 3.370000e+01
      vertex   2.089856e+01 5.444496e+01 3.370000e+01
      vertex   3.830866e+01 4.175000e+01 3.370000e+01
    endloop
  endfacet
  facet normal 0.000000e+00 0.000000e+00 -1.000000e+00
    outer loop
      vertex   3.830866e+01 4.175000e+01 3.370000e+01
      vertex   2.089856e+01 5.444496e+01 3.370000e+01
      vertex   3.907827e+01 4.293510e+01 3.370000e+01
    endloop
  endfacet
  facet normal 0.000000e+00 0.000000e+00 -1.000000e+00
    outer loop
      vertex   3.907827e+01 4.293510e+01 3.370000e+01
      vertex   2.089856e+01 5.444496e+01 3.370000e+01
      vertex   2.223263e+01 5.630665e+01 3.370000e+01
    endloop
  endfacet
  facet normal 0.000000e+00 0.000000e+00 -1.000000e+00
    outer loop
      vertex   3.907827e+01 4.293510e+01 3.370000e+01
      vertex   2.223263e+01 5.630665e+01 3.370000e+01
      vertex   3.996754e+01 4.403326e+01 3.370000e+01
    endloop
  endfacet
  facet normal 0.000000e+00 0.000000e+00 -1.000000e+00
    outer loop
      vertex   3.996754e+01 4.403326e+01 3.370000e+01
      vertex   2.223263e+01 5.630665e+01 3.370000e+01
      vertex   2.368561e+01 5.807710e+01 3.370000e+01
    endloop
  endfacet
  facet normal 0.000000e+00 0.000000e+00 -1.000000e+00
    outer loop
      vertex   3.996754e+01 4.403326e+01 3.370000e+01
      vertex   2.368561e+01 5.807710e+01 3.370000e+01
      vertex   2.525126e+01 5.974874e+01 3.370000e+01
    endloop
  endfacet
  facet normal 0.000000e+00 0.000000e+00 -1.000000e+00
    outer loop
      vertex   3.996754e+01 4.403326e+01 3.370000e+01
      vertex   2.525126e+01 5.974874e+01 3.370000e+01
      vertex   4.096674e+01 4.503246e+01 3.370000e+01
    endloop
  endfacet
  facet normal 0.000000e+00 0.000000e+00 -1.000000e+00
    outer loop
      vertex   4.096674e+01 4.503246e+01 3.370000e+01
      vertex   2.525126e+01 5.974874e+01 3.370000e+01
      vertex   2.692290e+01 6.131439e+01 3.370000e+01
    endloop
  endfacet
  facet normal 0.000000e+00 0.000000e+00 -1.000000e+00
    outer loop
      vertex   4.096674e+01 4.503246e+01 3.370000e+01
      vertex   2.692290e+01 6.131439e+01 3.370000e+01
      vertex   2.869335e+01 6.276737e+01 3.370000e+01
    endloop
  endfacet
  facet normal 0.000000e+00 0.000000e+00 -1.000000e+00
    outer loop
      vertex   4.096674e+01 4.503246e+01 3.370000e+01
      vertex   2.869335e+01 6.276737e+01 3.370000e+01
      vertex   4.206490e+01 4.592173e+01 3.370000e+01
    endloop
  endfacet
  facet normal 0.000000e+00 0.000000e+00 -1.000000e+00
    outer loop
      vertex   4.206490e+01 4.592173e+01 3.370000e+01
      vertex   2.869335e+01 6.276737e+01 3.370000e+01
      vertex   3.055504e+01 6.410144e+01 3.370000e+01
    endloop
  endfacet
  facet normal 0.000000e+00 0.000000e+00 -1.000000e+00
    outer loop
      vertex   4.206490e+01 4.592173e+01 3.370000e+01
      vertex   3.055504e+01 6.410144e+01 3.370000e+01
      vertex   4.325000e+01 4.669134e+01 3.370000e+01
    endloop
  endfacet
  facet normal 0.000000e+00 0.000000e+00 -1.000000e+00
    outer loop
      vertex   4.325000e+01 4.669134e+01 3.370000e+01
      vertex   3.055504e+01 6.410144e+01 3.370000e+01
      vertex   3.250000e+01 6.531089e+01 3.370000e+01
    endloop
  endfacet
  facet normal 0.000000e+00 0.000000e+00 -1.000000e+00
    outer loop
      vertex   4.325000e+01 4.669134e+01 3.370000e+01
      vertex   3.250000e+01 6.531089e+01 3.370000e+01
      vertex   4.757265e+01 5.825543e+01 3.370000e+01
    endloop
  endfacet
  facet normal 0.000000e+00 0.000000e+00 -1.000000e+00
    outer loop
      vertex   4.757265e+01 5.825543e+01 3.370000e+01
      vertex   3.250000e+01 6.531089e+01 3.370000e+01
      vertex   4.750000e+01 5.885372e+01 3.370000e+01
    endloop
  endfacet
  facet normal 0.000000e+00 0.000000e+00 -1.000000e+00
    outer loop
      vertex   4.750000e+01 5.885372e+01 3.370000e+01
      vertex   3.250000e+01 6.531089e+01 3.370000e+01
      vertex   3.451990e+01 6.639055e+01 3.370000e+01
    endloop
  endfacet
  facet normal 0.000000e+00 0.000000e+00 -1.000000e+00
    outer loop
      vertex   4.750000e+01 5.885372e+01 3.370000e+01
      vertex   3.451990e+01 6.639055e+01 3.370000e+01
      vertex   3.660608e+01 6.733578e+01 3.370000e+01
    endloop
  endfacet
  facet normal 0.000000e+00 0.000000e+00 -1.000000e+00
    outer loop
      vertex   4.750000e+01 5.885372e+01 3.370000e+01
      vertex   3.660608e+01 6.733578e+01 3.370000e+01
      vertex   4.757265e+01 5.945201e+01 3.370000e+01
    endloop
  endfacet
  facet normal 0.000000e+00 0.000000e+00 -1.000000e+00
    outer loop
      vertex   4.757265e+01 5.945201e+01 3.370000e+01
      vertex   3.660608e+01 6.733578e+01 3.370000e+01
      vertex   3.874962e+01 6.814255e+01 3.370000e+01
    endloop
  endfacet
  facet normal 0.000000e+00 0.000000e+00 -1.000000e+00
    outer loop
      vertex   4.757265e+01 5.945201e+01 3.370000e+01
      vertex   3.874962e+01 6.814255e+01 3.370000e+01
      vertex   4.778636e+01 6.001553e+01 3.370000e+01
    endloop
  endfacet
  facet normal 0.000000e+00 0.000000e+00 -1.000000e+00
    outer loop
      vertex   4.778636e+01 6.001553e+01 3.370000e+01
      vertex   3.874962e+01 6.814255e+01 3.370000e+01
      vertex   4.094133e+01 6.880740e+01 3.370000e+01
    endloop
  endfacet
  facet normal 0.000000e+00 0.000000e+00 -1.000000e+00
    outer loop
      vertex   4.778636e+01 6.001553e+01 3.370000e+01
      vertex   4.094133e+01 6.880740e+01 3.370000e+01
      vertex   4.812872e+01 6.051153e+01 3.370000e+01
    endloop
  endfacet
  facet normal 0.000000e+00 0.000000e+00 -1.000000e+00
    outer loop
      vertex   4.812872e+01 6.051153e+01 3.370000e+01
      vertex   4.094133e+01 6.880740e+01 3.370000e+01
      vertex   4.317184e+01 6.932748e+01 3.370000e+01
    endloop
  endfacet
  facet normal 0.000000e+00 0.000000e+00 -1.000000e+00
    outer loop
      vertex   4.812872e+01 6.051153e+01 3.370000e+01
      vertex   4.317184e+01 6.932748e+01 3.370000e+01
      vertex   4.857984e+01 6.091118e+01 3.370000e+01
    endloop
  endfacet
  facet normal 0.000000e+00 0.000000e+00 -1.000000e+00
    outer loop
      vertex   4.857984e+01 6.091118e+01 3.370000e+01
      vertex   4.317184e+01 6.932748e+01 3.370000e+01
      vertex   4.543158e+01 6.970057e+01 3.370000e+01
    endloop
  endfacet
  facet normal 0.000000e+00 0.000000e+00 -1.000000e+00
    outer loop
      vertex   4.857984e+01 6.091118e+01 3.370000e+01
      vertex   4.543158e+01 6.970057e+01 3.370000e+01
      vertex   4.911349e+01 6.119126e+01 3.370000e+01
    endloop
  endfacet
  facet normal 0.000000e+00 0.000000e+00 -1.000000e+00
    outer loop
      vertex   4.911349e+01 6.119126e+01 3.370000e+01
      vertex   4.543158e+01 6.970057e+01 3.370000e+01
      vertex   4.771089e+01 6.992506e+01 3.370000e+01
    endloop
  endfacet
  facet normal 0.000000e+00 0.000000e+00 -1.000000e+00
    outer loop
      vertex   4.911349e+01 6.119126e+01 3.370000e+01
      vertex   4.771089e+01 6.992506e+01 3.370000e+01
      vertex   4.969866e+01 6.133549e+01 3.370000e+01
    endloop
  endfacet
  facet normal 0.000000e+00 0.000000e+00 -1.000000e+00
    outer loop
      vertex   4.969866e+01 6.133549e+01 3.370000e+01
      vertex   4.771089e+01 6.992506e+01 3.370000e+01
      vertex   5.000000e+01 7.000000e+01 3.370000e+01
    endloop
  endfacet
  facet normal 0.000000e+00 0.000000e+00 -1.000000e+00
    outer loop
      vertex   4.969866e+01 6.133549e+01 3.370000e+01
      vertex   5.000000e+01 7.000000e+01 3.370000e+01
      vertex   5.030134e+01 6.133549e+01 3.370000e+01
    endloop
  endfacet
  facet normal 0.000000e+00 0.000000e+00 -1.000000e+00
    outer loop
      vertex   5.030134e+01 6.133549e+01 3.370000e+01
      vertex   5.000000e+01 7.000000e+01 3.370000e+01
      vertex   5.228911e+01 6.992506e+01 3.370000e+01
    endloop
  endfacet
  facet normal 0.000000e+00 0.000000e+00 -1.000000e+00
    outer loop
      vertex   5.030134e+01 6.133549e+01 3.370000e+01
      vertex   5.228911e+01 6.992506e+01 3.370000e+01
      vertex   5.088651e+01 6.119126e+01 3.370000e+01
    endloop
  endfacet
  facet normal 0.000000e+00 0.000000e+00 -1.000000e+00
    outer loop
      vertex   5.088651e+01 6.119126e+01 3.370000e+01
      vertex   5.228911e+01 6.992506e+01 3.370000e+01
      vertex   5.456842e+01 6.970057e+01 3.370000e+01
    endloop
  endfacet
  facet normal 0.000000e+00 0.000000e+00 -1.000000e+00
    outer loop
      vertex   5.088651e+01 6.119126e+01 3.370000e+01
      vertex   5.456842e+01 6.970057e+01 3.370000e+01
      vertex   5.142016e+01 6.091118e+01 3.370000e+01
    endloop
  endfacet
  facet normal 0.000000e+00 0.000000e+00 -1.000000e+00
    outer loop
      vertex   5.142016e+01 6.091118e+01 3.370000e+01
      vertex   5.456842e+01 6.970057e+01 3.370000e+01
      vertex   5.682816e+01 6.932748e+01 3.370000e+01
    endloop
  endfacet
  facet normal 0.000000e+00 0.000000e+00 -1.000000e+00
    outer loop
      vertex   5.142016e+01 6.091118e+01 3.370000e+01
      vertex   5.682816e+01 6.932748e+01 3.370000e+01
      vertex   5.187128e+01 6.051153e+01 3.370000e+01
    endloop
  endfacet
  facet normal 0.000000e+00 0.000000e+00 -1.000000e+00
    outer loop
      vertex   5.187128e+01 6.051153e+01 3.370000e+01
      vertex   5.682816e+01 6.932748e+01 3.370000e+01
      vertex   5.905867e+01 6.880740e+01 3.370000e+01
    endloop
  endfacet
  facet normal 0.000000e+00 0.000000e+00 -1.000000e+00
    outer loop
      vertex   5.187128e+01 6.051153e+01 3.370000e+01
      vertex   5.905867e+01 6.880740e+01 3.370000e+01
      vertex   5.221364e+01 6.001553e+01 3.370000e+01
    endloop
  endfacet
  facet normal 0.000000e+00 0.000000e+00 -1.000000e+00
    outer loop
      vertex   5.221364e+01 6.001553e+01 3.370000e+01
      vertex   5.905867e+01 6.880740e+01 3.370000e+01
      vertex   6.125038e+01 6.814255e+01 3.370000e+01
    endloop
  endfacet
  facet normal 0.000000e+00 0.000000e+00 -1.000000e+00
    outer loop
      vertex   5.221364e+01 6.001553e+01 3.370000e+01
      vertex   6.125038e+01 6.814255e+01 3.370000e+01
      vertex   5.242735e+01 5.945201e+01 3.370000e+01
    endloop
  endfacet
  facet normal 0.000000e+00 0.000000e+00 -1.000000e+00
    outer loop
      vertex   5.242735e+01 5.945201e+01 3.370000e+01
      vertex   6.125038e+01 6.814255e+01 3.370000e+01
      vertex   6.339392e+01 6.733578e+01 3.370000e+01
    endloop
  endfacet
  facet normal 0.000000e+00 0.000000e+00 -1.000000e+00
    outer loop
      vertex   5.242735e+01 5.945201e+01 3.370000e+01
      vertex   6.339392e+01 6.733578e+01 3.370000e+01
      vertex   5.250000e+01 5.885372e+01 3.370000e+01
    endloop
  endfacet
  facet normal 0.000000e+00 0.000000e+00 -1.000000e+00
    outer loop
      vertex   5.250000e+01 5.885372e+01 3.370000e+01
      vertex   6.339392e+01 6.733578e+01 3.370000e+01
      vertex   6.548010e+01 6.639055e+01 3.370000e+01
    endloop
  endfacet
  facet normal 0.000000e+00 0.000000e+00 -1.000000e+00
    outer loop
      vertex   5.250000e+01 5.885372e+01 3.370000e+01
      vertex   6.548010e+01 6.639055e+01 3.370000e+01
      vertex   6.750000e+01 6.531089e+01 3.370000e+01
    endloop
  endfacet
  facet normal -0.000000e+00 0.000000e+00 -1.000000e+00
    outer loop
      vertex   6.944496e+01 6.410144e+01 3.370000e+01
      vertex   5.675000e+01 4.669134e+01 3.370000e+01
      vertex   6.750000e+01 6.531089e+01 3.370000e+01
    endloop
  endfacet
  facet normal 0.000000e+00 0.000000e+00 -1.000000e+00
    outer loop
      vertex   6.750000e+01 6.531089e+01 3.370000e+01
      vertex   5.675000e+01 4.669134e+01 3.370000e+01
      vertex   5.242735e+01 5.825543e+01 3.370000e+01
    endloop
  endfacet
  facet normal 0.000000e+00 0.000000e+00 -1.000000e+00
    outer loop
      vertex   6.750000e+01 6.531089e+01 3.370000e+01
      vertex   5.242735e+01 5.825543e+01 3.370000e+01
      vertex   5.250000e+01 5.885372e+01 3.370000e+01
    endloop
  endfacet
  facet normal 0.000000e+00 0.000000e+00 -1.000000e+00
    outer loop
      vertex   5.675000e+01 4.669134e+01 3.370000e+01
      vertex   6.944496e+01 6.410144e+01 3.370000e+01
      vertex   5.793510e+01 4.592173e+01 3.370000e+01
    endloop
  endfacet
  facet normal 0.000000e+00 0.000000e+00 -1.000000e+00
    outer loop
      vertex   5.793510e+01 4.592173e+01 3.370000e+01
      vertex   6.944496e+01 6.410144e+01 3.370000e+01
      vertex   7.130665e+01 6.276737e+01 3.370000e+01
    endloop
  endfacet
  facet normal 0.000000e+00 0.000000e+00 -1.000000e+00
    outer loop
      vertex   5.793510e+01 4.592173e+01 3.370000e+01
      vertex   7.130665e+01 6.276737e+01 3.370000e+01
      vertex   5.903326e+01 4.503246e+01 3.370000e+01
    endloop
  endfacet
  facet normal 0.000000e+00 0.000000e+00 -1.000000e+00
    outer loop
      vertex   5.903326e+01 4.503246e+01 3.370000e+01
      vertex   7.130665e+01 6.276737e+01 3.370000e+01
      vertex   7.307710e+01 6.131439e+01 3.370000e+01
    endloop
  endfacet
  facet normal 0.000000e+00 0.000000e+00 -1.000000e+00
    outer loop
      vertex   5.903326e+01 4.503246e+01 3.370000e+01
      vertex   7.307710e+01 6.131439e+01 3.370000e+01
      vertex   7.474874e+01 5.974874e+01 3.370000e+01
    endloop
  endfacet
  facet normal 0.000000e+00 0.000000e+00 -1.000000e+00
    outer loop
      vertex   5.903326e+01 4.503246e+01 3.370000e+01
      vertex   7.474874e+01 5.974874e+01 3.370000e+01
      vertex   6.003246e+01 4.403326e+01 3.370000e+01
    endloop
  endfacet
  facet normal 0.000000e+00 0.000000e+00 -1.000000e+00
    outer loop
      vertex   6.003246e+01 4.403326e+01 3.370000e+01
      vertex   7.474874e+01 5.974874e+01 3.370000e+01
      vertex   7.631439e+01 5.807710e+01 3.370000e+01
    endloop
  endfacet
  facet normal 0.000000e+00 0.000000e+00 -1.000000e+00
    outer loop
      vertex   6.003246e+01 4.403326e+01 3.370000e+01
      vertex   7.631439e+01 5.807710e+01 3.370000e+01
      vertex   7.776737e+01 5.630665e+01 3.370000e+01
    endloop
  endfacet
  facet normal 0.000000e+00 0.000000e+00 -1.000000e+00
    outer loop
      vertex   6.003246e+01 4.403326e+01 3.370000e+01
      vertex   7.776737e+01 5.630665e+01 3.370000e+01
      vertex   6.092173e+01 4.293510e+01 3.370000e+01
    endloop
  endfacet
  facet normal 0.000000e+00 0.000000e+00 -1.000000e+00
    outer loop
      vertex   6.092173e+01 4.293510e+01 3.370000e+01
      vertex   7.776737e+01 5.630665e+01 3.370000e+01
      vertex   7.910144e+01 5.444496e+01 3.370000e+01
    endloop
  endfacet
  facet normal 0.000000e+00 0.000000e+00 -1.000000e+00
    outer loop
      vertex   6.092173e+01 4.293510e+01 3.370000e+01
      vertex   7.910144e+01 5.444496e+01 3.370000e+01
      vertex   6.169134e+01 4.175000e+01 3.370000e+01
    endloop
  endfacet
  facet normal 0.000000e+00 0.000000e+00 -1.000000e+00
    outer loop
      vertex   6.169134e+01 4.175000e+01 3.370000e+01
      vertex   7.910144e+01 5.444496e+01 3.370000e+01
      vertex   8.031089e+01 5.250000e+01 3.370000e+01
    endloop
  endfacet
  facet normal 0.000000e+00 0.000000e+00 -1.000000e+00
    outer loop
      vertex   6.169134e+01 4.175000e+01 3.370000e+01
      vertex   8.031089e+01 5.250000e+01 3.370000e+01
      vertex   7.296721e+01 3.733754e+01 3.370000e+01
    endloop
  endfacet
  facet normal 0.000000e+00 0.000000e+00 -1.000000e+00
    outer loop
      vertex   7.296721e+01 3.733754e+01 3.370000e+01
      vertex   8.031089e+01 5.250000e+01 3.370000e+01
      vertex   7.355238e+01 3.748177e+01 3.370000e+01
    endloop
  endfacet
  facet normal 0.000000e+00 0.000000e+00 -1.000000e+00
    outer loop
      vertex   7.355238e+01 3.748177e+01 3.370000e+01
      vertex   8.031089e+01 5.250000e+01 3.370000e+01
      vertex   8.139055e+01 5.048010e+01 3.370000e+01
    endloop
  endfacet
  facet normal 0.000000e+00 0.000000e+00 -1.000000e+00
    outer loop
      vertex   7.355238e+01 3.748177e+01 3.370000e+01
      vertex   8.139055e+01 5.048010e+01 3.370000e+01
      vertex   7.415506e+01 3.748177e+01 3.370000e+01
    endloop
  endfacet
  facet normal 0.000000e+00 0.000000e+00 -1.000000e+00
    outer loop
      vertex   7.415506e+01 3.748177e+01 3.370000e+01
      vertex   8.139055e+01 5.048010e+01 3.370000e+01
      vertex   8.233578e+01 4.839392e+01 3.370000e+01
    endloop
  endfacet
  facet normal 0.000000e+00 0.000000e+00 -1.000000e+00
    outer loop
      vertex   7.415506e+01 3.748177e+01 3.370000e+01
      vertex   8.233578e+01 4.839392e+01 3.370000e+01
      vertex   8.314255e+01 4.625038e+01 3.370000e+01
    endloop
  endfacet
  facet normal 0.000000e+00 0.000000e+00 -1.000000e+00
    outer loop
      vertex   7.415506e+01 3.748177e+01 3.370000e+01
      vertex   8.314255e+01 4.625038e+01 3.370000e+01
      vertex   7.474023e+01 3.733754e+01 3.370000e+01
    endloop
  endfacet
  facet normal 0.000000e+00 0.000000e+00 -1.000000e+00
    outer loop
      vertex   7.474023e+01 3.733754e+01 3.370000e+01
      vertex   8.314255e+01 4.625038e+01 3.370000e+01
      vertex   8.380740e+01 4.405867e+01 3.370000e+01
    endloop
  endfacet
  facet normal 0.000000e+00 0.000000e+00 -1.000000e+00
    outer loop
      vertex   7.474023e+01 3.733754e+01 3.370000e+01
      vertex   8.380740e+01 4.405867e+01 3.370000e+01
      vertex   7.527388e+01 3.705746e+01 3.370000e+01
    endloop
  endfacet
  facet normal 0.000000e+00 0.000000e+00 -1.000000e+00
    outer loop
      vertex   7.527388e+01 3.705746e+01 3.370000e+01
      vertex   8.380740e+01 4.405867e+01 3.370000e+01
      vertex   8.432748e+01 4.182816e+01 3.370000e+01
    endloop
  endfacet
  facet normal 0.000000e+00 0.000000e+00 -1.000000e+00
    outer loop
      vertex   7.527388e+01 3.705746e+01 3.370000e+01
      vertex   8.432748e+01 4.182816e+01 3.370000e+01
      vertex   7.572500e+01 3.665781e+01 3.370000e+01
    endloop
  endfacet
  facet normal 0.000000e+00 0.000000e+00 -1.000000e+00
    outer loop
      vertex   7.572500e+01 3.665781e+01 3.370000e+01
      vertex   8.432748e+01 4.182816e+01 3.370000e+01
      vertex   8.470057e+01 3.956842e+01 3.370000e+01
    endloop
  endfacet
  facet normal 0.000000e+00 0.000000e+00 -1.000000e+00
    outer loop
      vertex   7.572500e+01 3.665781e+01 3.370000e+01
      vertex   8.470057e+01 3.956842e+01 3.370000e+01
      vertex   7.606736e+01 3.616181e+01 3.370000e+01
    endloop
  endfacet
  facet normal 0.000000e+00 0.000000e+00 -1.000000e+00
    outer loop
      vertex   7.606736e+01 3.616181e+01 3.370000e+01
      vertex   8.470057e+01 3.956842e+01 3.370000e+01
      vertex   8.492506e+01 3.728911e+01 3.370000e+01
    endloop
  endfacet
  facet normal 0.000000e+00 0.000000e+00 -1.000000e+00
    outer loop
      vertex   7.606736e+01 3.616181e+01 3.370000e+01
      vertex   8.492506e+01 3.728911e+01 3.370000e+01
      vertex   7.628107e+01 3.559829e+01 3.370000e+01
    endloop
  endfacet
  facet normal 0.000000e+00 0.000000e+00 -1.000000e+00
    outer loop
      vertex   7.628107e+01 3.559829e+01 3.370000e+01
      vertex   8.492506e+01 3.728911e+01 3.370000e+01
      vertex   8.500000e+01 3.500000e+01 3.370000e+01
    endloop
  endfacet
  facet normal 0.000000e+00 0.000000e+00 -1.000000e+00
    outer loop
      vertex   7.628107e+01 3.559829e+01 3.370000e+01
      vertex   8.500000e+01 3.500000e+01 3.370000e+01
      vertex   7.635372e+01 3.500000e+01 3.370000e+01
    endloop
  endfacet
  facet normal 0.000000e+00 -0.000000e+00 -1.000000e+00
    outer loop
      vertex   7.635372e+01 3.500000e+01 3.370000e+01
      vertex   8.500000e+01 3.500000e+01 3.370000e+01
      vertex   7.628107e+01 3.440171e+01 3.370000e+01
    endloop
  endfacet
  facet normal 0.000000e+00 0.000000e+00 -1.000000e+00
    outer loop
      vertex   7.628107e+01 3.440171e+01 3.370000e+01
      vertex   8.500000e+01 3.500000e+01 3.370000e+01
      vertex   8.492506e+01 3.271089e+01 3.370000e+01
    endloop
  endfacet
  facet normal 0.000000e+00 -0.000000e+00 -1.000000e+00
    outer loop
      vertex   7.628107e+01 3.440171e+01 3.370000e+01
      vertex   8.492506e+01 3.271089e+01 3.370000e+01
      vertex   7.606736e+01 3.383819e+01 3.370000e+01
    endloop
  endfacet
  facet normal 0.000000e+00 0.000000e+00 -1.000000e+00
    outer loop
      vertex   7.606736e+01 3.383819e+01 3.370000e+01
      vertex   8.492506e+01 3.271089e+01 3.370000e+01
      vertex   8.470057e+01 3.043158e+01 3.370000e+01
    endloop
  endfacet
  facet normal 0.000000e+00 -0.000000e+00 -1.000000e+00
    outer loop
      vertex   7.606736e+01 3.383819e+01 3.370000e+01
      vertex   8.470057e+01 3.043158e+01 3.370000e+01
      vertex   7.572500e+01 3.334219e+01 3.370000e+01
    endloop
  endfacet
  facet normal 0.000000e+00 0.000000e+00 -1.000000e+00
    outer loop
      vertex   7.572500e+01 3.334219e+01 3.370000e+01
      vertex   8.470057e+01 3.043158e+01 3.370000e+01
      vertex   8.432748e+01 2.817184e+01 3.370000e+01
    endloop
  endfacet
  facet normal 0.000000e+00 -0.000000e+00 -1.000000e+00
    outer loop
      vertex   7.572500e+01 3.334219e+01 3.370000e+01
      vertex   8.432748e+01 2.817184e+01 3.370000e+01
      vertex   7.527388e+01 3.294254e+01 3.370000e+01
    endloop
  endfacet
  facet normal 0.000000e+00 0.000000e+00 -1.000000e+00
    outer loop
      vertex   7.527388e+01 3.294254e+01 3.370000e+01
      vertex   8.432748e+01 2.817184e+01 3.370000e+01
      vertex   8.380740e+01 2.594133e+01 3.370000e+01
    endloop
  endfacet
  facet normal 0.000000e+00 -0.000000e+00 -1.000000e+00
    outer loop
      vertex   7.527388e+01 3.294254e+01 3.370000e+01
      vertex   8.380740e+01 2.594133e+01 3.370000e+01
      vertex   7.474023e+01 3.266246e+01 3.370000e+01
    endloop
  endfacet
  facet normal 0.000000e+00 0.000000e+00 -1.000000e+00
    outer loop
      vertex   7.474023e+01 3.266246e+01 3.370000e+01
      vertex   8.380740e+01 2.594133e+01 3.370000e+01
      vertex   8.314255e+01 2.374962e+01 3.370000e+01
    endloop
  endfacet
  facet normal 0.000000e+00 -0.000000e+00 -1.000000e+00
    outer loop
      vertex   7.474023e+01 3.266246e+01 3.370000e+01
      vertex   8.314255e+01 2.374962e+01 3.370000e+01
      vertex   7.415506e+01 3.251823e+01 3.370000e+01
    endloop
  endfacet
  facet normal 0.000000e+00 0.000000e+00 -1.000000e+00
    outer loop
      vertex   7.415506e+01 3.251823e+01 3.370000e+01
      vertex   8.314255e+01 2.374962e+01 3.370000e+01
      vertex   8.233578e+01 2.160608e+01 3.370000e+01
    endloop
  endfacet
  facet normal 0.000000e+00 0.000000e+00 -1.000000e+00
    outer loop
      vertex   7.415506e+01 3.251823e+01 3.370000e+01
      vertex   8.233578e+01 2.160608e+01 3.370000e+01
      vertex   8.139055e+01 1.951990e+01 3.370000e+01
    endloop
  endfacet
  facet normal -0.000000e+00 -0.000000e+00 -1.000000e+00
    outer loop
      vertex   7.415506e+01 3.251823e+01 3.370000e+01
      vertex   8.139055e+01 1.951990e+01 3.370000e+01
      vertex   7.355238e+01 3.251823e+01 3.370000e+01
    endloop
  endfacet
  facet normal 0.000000e+00 0.000000e+00 -1.000000e+00
    outer loop
      vertex   7.355238e+01 3.251823e+01 3.370000e+01
      vertex   8.139055e+01 1.951990e+01 3.370000e+01
      vertex   8.031089e+01 1.750000e+01 3.370000e+01
    endloop
  endfacet
  facet normal -0.000000e+00 -0.000000e+00 -1.000000e+00
    outer loop
      vertex   7.355238e+01 3.251823e+01 3.370000e+01
      vertex   8.031089e+01 1.750000e+01 3.370000e+01
      vertex   7.296721e+01 3.266246e+01 3.370000e+01
    endloop
  endfacet
  facet normal 0.000000e+00 -0.000000e+00 -1.000000e+00
    outer loop
      vertex   7.296721e+01 3.266246e+01 3.370000e+01
      vertex   8.031089e+01 1.750000e+01 3.370000e+01
      vertex   6.169134e+01 2.825000e+01 3.370000e+01
    endloop
  endfacet
  facet normal 0.000000e+00 0.000000e+00 -1.000000e+00
    outer loop
      vertex   7.296721e+01 3.266246e+01 3.370000e+01
      vertex   6.169134e+01 2.825000e+01 3.370000e+01
      vertex   6.233286e+01 2.950906e+01 3.370000e+01
    endloop
  endfacet
  facet normal -0.000000e+00 0.000000e+00 -1.000000e+00
    outer loop
      vertex   8.031089e+01 1.750000e+01 3.370000e+01
      vertex   7.910144e+01 1.555504e+01 3.370000e+01
      vertex   6.169134e+01 2.825000e+01 3.370000e+01
    endloop
  endfacet
  facet normal 0.000000e+00 -0.000000e+00 -1.000000e+00
    outer loop
      vertex   6.169134e+01 2.825000e+01 3.370000e+01
      vertex   7.910144e+01 1.555504e+01 3.370000e+01
      vertex   6.092173e+01 2.706490e+01 3.370000e+01
    endloop
  endfacet
  facet normal 0.000000e+00 0.000000e+00 -1.000000e+00
    outer loop
      vertex   6.092173e+01 2.706490e+01 3.370000e+01
      vertex   7.910144e+01 1.555504e+01 3.370000e+01
      vertex   7.776737e+01 1.369335e+01 3.370000e+01
    endloop
  endfacet
  facet normal 0.000000e+00 -0.000000e+00 -1.000000e+00
    outer loop
      vertex   6.092173e+01 2.706490e+01 3.370000e+01
      vertex   7.776737e+01 1.369335e+01 3.370000e+01
      vertex   6.003246e+01 2.596674e+01 3.370000e+01
    endloop
  endfacet
  facet normal 0.000000e+00 0.000000e+00 -1.000000e+00
    outer loop
      vertex   6.003246e+01 2.596674e+01 3.370000e+01
      vertex   7.776737e+01 1.369335e+01 3.370000e+01
      vertex   7.631439e+01 1.192290e+01 3.370000e+01
    endloop
  endfacet
  facet normal 0.000000e+00 0.000000e+00 -1.000000e+00
    outer loop
      vertex   6.003246e+01 2.596674e+01 3.370000e+01
      vertex   7.631439e+01 1.192290e+01 3.370000e+01
      vertex   7.474874e+01 1.025126e+01 3.370000e+01
    endloop
  endfacet
  facet normal 0.000000e+00 -0.000000e+00 -1.000000e+00
    outer loop
      vertex   6.003246e+01 2.596674e+01 3.370000e+01
      vertex   7.474874e+01 1.025126e+01 3.370000e+01
      vertex   5.903326e+01 2.496754e+01 3.370000e+01
    endloop
  endfacet
  facet normal 0.000000e+00 0.000000e+00 -1.000000e+00
    outer loop
      vertex   5.903326e+01 2.496754e+01 3.370000e+01
      vertex   7.474874e+01 1.025126e+01 3.370000e+01
      vertex   7.307710e+01 8.685607e+00 3.370000e+01
    endloop
  endfacet
  facet normal 0.000000e+00 0.000000e+00 -1.000000e+00
    outer loop
      vertex   5.903326e+01 2.496754e+01 3.370000e+01
      vertex   7.307710e+01 8.685607e+00 3.370000e+01
      vertex   7.130665e+01 7.232633e+00 3.370000e+01
    endloop
  endfacet
  facet normal 0.000000e+00 -0.000000e+00 -1.000000e+00
    outer loop
      vertex   5.903326e+01 2.496754e+01 3.370000e+01
      vertex   7.130665e+01 7.232633e+00 3.370000e+01
      vertex   5.793510e+01 2.407827e+01 3.370000e+01
    endloop
  endfacet
  facet normal 0.000000e+00 0.000000e+00 -1.000000e+00
    outer loop
      vertex   5.793510e+01 2.407827e+01 3.370000e+01
      vertex   7.130665e+01 7.232633e+00 3.370000e+01
      vertex   6.944496e+01 5.898564e+00 3.370000e+01
    endloop
  endfacet
  facet normal 0.000000e+00 -0.000000e+00 -1.000000e+00
    outer loop
      vertex   5.793510e+01 2.407827e+01 3.370000e+01
      vertex   6.944496e+01 5.898564e+00 3.370000e+01
      vertex   5.675000e+01 2.330866e+01 3.370000e+01
    endloop
  endfacet
  facet normal 0.000000e+00 0.000000e+00 -1.000000e+00
    outer loop
      vertex   5.675000e+01 2.330866e+01 3.370000e+01
      vertex   6.944496e+01 5.898564e+00 3.370000e+01
      vertex   6.750000e+01 4.689111e+00 3.370000e+01
    endloop
  endfacet
  facet normal 0.000000e+00 -0.000000e+00 -1.000000e+00
    outer loop
      vertex   5.675000e+01 2.330866e+01 3.370000e+01
      vertex   6.750000e+01 4.689111e+00 3.370000e+01
      vertex   5.242735e+01 1.174457e+01 3.370000e+01
    endloop
  endfacet
  facet normal 0.000000e+00 0.000000e+00 -1.000000e+00
    outer loop
      vertex   5.242735e+01 1.174457e+01 3.370000e+01
      vertex   6.750000e+01 4.689111e+00 3.370000e+01
      vertex   5.250000e+01 1.114628e+01 3.370000e+01
    endloop
  endfacet
  facet normal 0.000000e+00 -0.000000e+00 -1.000000e+00
    outer loop
      vertex   5.250000e+01 1.114628e+01 3.370000e+01
      vertex   6.750000e+01 4.689111e+00 3.370000e+01
      vertex   5.242735e+01 1.054799e+01 3.370000e+01
    endloop
  endfacet
  facet normal 0.000000e+00 -0.000000e+00 -1.000000e+00
    outer loop
      vertex   5.242735e+01 1.054799e+01 3.370000e+01
      vertex   6.750000e+01 4.689111e+00 3.370000e+01
      vertex   5.221364e+01 9.984472e+00 3.370000e+01
    endloop
  endfacet
  facet normal 0.000000e+00 -0.000000e+00 -1.000000e+00
    outer loop
      vertex   5.221364e+01 9.984472e+00 3.370000e+01
      vertex   6.750000e+01 4.689111e+00 3.370000e+01
      vertex   5.187128e+01 9.488473e+00 3.370000e+01
    endloop
  endfacet
  facet normal 0.000000e+00 -0.000000e+00 -1.000000e+00
    outer loop
      vertex   5.187128e+01 9.488473e+00 3.370000e+01
      vertex   6.750000e+01 4.689111e+00 3.370000e+01
      vertex   5.142016e+01 9.088820e+00 3.370000e+01
    endloop
  endfacet
  facet normal 0.000000e+00 0.000000e+00 -1.000000e+00
    outer loop
      vertex   5.142016e+01 9.088820e+00 3.370000e+01
      vertex   6.750000e+01 4.689111e+00 3.370000e+01
      vertex   6.548010e+01 3.609454e+00 3.370000e+01
    endloop
  endfacet
  facet normal 0.000000e+00 0.000000e+00 -1.000000e+00
    outer loop
      vertex   5.142016e+01 9.088820e+00 3.370000e+01
      vertex   6.548010e+01 3.609454e+00 3.370000e+01
      vertex   6.339392e+01 2.664216e+00 3.370000e+01
    endloop
  endfacet
  facet normal -0.000000e+00 0.000000e+00 -1.000000e+00
    outer loop
      vertex   6.339392e+01 2.664216e+00 3.370000e+01
      vertex   6.125038e+01 1.857445e+00 3.370000e+01
      vertex   5.142016e+01 9.088820e+00 3.370000e+01
    endloop
  endfacet
  facet normal 0.000000e+00 0.000000e+00 -1.000000e+00
    outer loop
      vertex   5.142016e+01 9.088820e+00 3.370000e+01
      vertex   6.125038e+01 1.857445e+00 3.370000e+01
      vertex   5.905867e+01 1.192596e+00 3.370000e+01
    endloop
  endfacet
  facet normal 0.000000e+00 -0.000000e+00 -1.000000e+00
    outer loop
      vertex   5.142016e+01 9.088820e+00 3.370000e+01
      vertex   5.905867e+01 1.192596e+00 3.370000e+01
      vertex   5.088651e+01 8.808739e+00 3.370000e+01
    endloop
  endfacet
  facet normal 0.000000e+00 0.000000e+00 -1.000000e+00
    outer loop
      vertex   5.088651e+01 8.808739e+00 3.370000e+01
      vertex   5.905867e+01 1.192596e+00 3.370000e+01
      vertex   5.682816e+01 6.725152e-01 3.370000e+01
    endloop
  endfacet
  facet normal 0.000000e+00 0.000000e+00 -1.000000e+00
    outer loop
      vertex   5.088651e+01 8.808739e+00 3.370000e+01
      vertex   5.682816e+01 6.725152e-01 3.370000e+01
      vertex   5.456842e+01 2.994299e-01 3.370000e+01
    endloop
  endfacet
  facet normal -0.000000e+00 0.000000e+00 -1.000000e+00
    outer loop
      vertex   5.456842e+01 2.994299e-01 3.370000e+01
      vertex   5.228911e+01 7.493769e-02 3.370000e+01
      vertex   5.088651e+01 8.808739e+00 3.370000e+01
    endloop
  endfacet
  facet normal 0.000000e+00 -0.000000e+00 -1.000000e+00
    outer loop
      vertex   5.088651e+01 8.808739e+00 3.370000e+01
      vertex   5.228911e+01 7.493769e-02 3.370000e+01
      vertex   5.030134e+01 8.664507e+00 3.370000e+01
    endloop
  endfacet
  facet normal 0.000000e+00 -0.000000e+00 -1.000000e+00
    outer loop
      vertex   5.030134e+01 8.664507e+00 3.370000e+01
      vertex   5.228911e+01 7.493769e-02 3.370000e+01
      vertex   5.000000e+01 0.000000e+00 3.370000e+01
    endloop
  endfacet
  facet normal -0.000000e+00 0.000000e+00 -1.000000e+00
    outer loop
      vertex   5.030134e+01 8.664507e+00 3.370000e+01
      vertex   5.000000e+01 0.000000e+00 3.370000e+01
      vertex   4.969866e+01 8.664507e+00 3.370000e+01
    endloop
  endfacet
  facet normal 0.000000e+00 -0.000000e+00 -1.000000e+00
    outer loop
      vertex   4.969866e+01 8.664507e+00 3.370000e+01
      vertex   5.000000e+01 0.000000e+00 3.370000e+01
      vertex   4.771089e+01 7.493769e-02 3.370000e+01
    endloop
  endfacet
  facet normal -0.000000e+00 0.000000e+00 -1.000000e+00
    outer loop
      vertex   4.969866e+01 8.664507e+00 3.370000e+01
      vertex   4.771089e+01 7.493769e-02 3.370000e+01
      vertex   4.911349e+01 8.808739e+00 3.370000e+01
    endloop
  endfacet
  facet normal 0.000000e+00 0.000000e+00 -1.000000e+00
    outer loop
      vertex   4.911349e+01 8.808739e+00 3.370000e+01
      vertex   4.771089e+01 7.493769e-02 3.370000e+01
      vertex   4.543158e+01 2.994299e-01 3.370000e+01
    endloop
  endfacet
  facet normal -0.000000e+00 0.000000e+00 -1.000000e+00
    outer loop
      vertex   4.911349e+01 8.808739e+00 3.370000e+01
      vertex   4.543158e+01 2.994299e-01 3.370000e+01
      vertex   4.857984e+01 9.088820e+00 3.370000e+01
    endloop
  endfacet
  facet normal 0.000000e+00 0.000000e+00 -1.000000e+00
    outer loop
      vertex   4.857984e+01 9.088820e+00 3.370000e+01
      vertex   4.543158e+01 2.994299e-01 3.370000e+01
      vertex   4.317184e+01 6.725152e-01 3.370000e+01
    endloop
  endfacet
  facet normal -0.000000e+00 0.000000e+00 -1.000000e+00
    outer loop
      vertex   4.857984e+01 9.088820e+00 3.370000e+01
      vertex   4.317184e+01 6.725152e-01 3.370000e+01
      vertex   4.812872e+01 9.488473e+00 3.370000e+01
    endloop
  endfacet
  facet normal 0.000000e+00 0.000000e+00 -1.000000e+00
    outer loop
      vertex   4.812872e+01 9.488473e+00 3.370000e+01
      vertex   4.317184e+01 6.725152e-01 3.370000e+01
      vertex   4.094133e+01 1.192596e+00 3.370000e+01
    endloop
  endfacet
  facet normal -0.000000e+00 0.000000e+00 -1.000000e+00
    outer loop
      vertex   4.812872e+01 9.488473e+00 3.370000e+01
      vertex   4.094133e+01 1.192596e+00 3.370000e+01
      vertex   4.778636e+01 9.984472e+00 3.370000e+01
    endloop
  endfacet
  facet normal 0.000000e+00 0.000000e+00 -1.000000e+00
    outer loop
      vertex   4.778636e+01 9.984472e+00 3.370000e+01
      vertex   4.094133e+01 1.192596e+00 3.370000e+01
      vertex   3.874962e+01 1.857445e+00 3.370000e+01
    endloop
  endfacet
  facet normal -0.000000e+00 0.000000e+00 -1.000000e+00
    outer loop
      vertex   4.778636e+01 9.984472e+00 3.370000e+01
      vertex   3.874962e+01 1.857445e+00 3.370000e+01
      vertex   4.757265e+01 1.054799e+01 3.370000e+01
    endloop
  endfacet
  facet normal 0.000000e+00 0.000000e+00 -1.000000e+00
    outer loop
      vertex   4.757265e+01 1.054799e+01 3.370000e+01
      vertex   3.874962e+01 1.857445e+00 3.370000e+01
      vertex   3.660608e+01 2.664216e+00 3.370000e+01
    endloop
  endfacet
  facet normal -0.000000e+00 0.000000e+00 -1.000000e+00
    outer loop
      vertex   4.757265e+01 1.054799e+01 3.370000e+01
      vertex   3.660608e+01 2.664216e+00 3.370000e+01
      vertex   4.750000e+01 1.114628e+01 3.370000e+01
    endloop
  endfacet
  facet normal 0.000000e+00 0.000000e+00 -1.000000e+00
    outer loop
      vertex   4.750000e+01 1.114628e+01 3.370000e+01
      vertex   3.660608e+01 2.664216e+00 3.370000e+01
      vertex   3.451990e+01 3.609454e+00 3.370000e+01
    endloop
  endfacet
  facet normal 0.000000e+00 0.000000e+00 -1.000000e+00
    outer loop
      vertex   4.750000e+01 1.114628e+01 3.370000e+01
      vertex   3.451990e+01 3.609454e+00 3.370000e+01
      vertex   3.250000e+01 4.689111e+00 3.370000e+01
    endloop
  endfacet
  facet normal 0.000000e+00 0.000000e+00 -1.000000e+00
    outer loop
      vertex   3.055504e+01 5.898564e+00 3.370000e+01
      vertex   4.325000e+01 2.330866e+01 3.370000e+01
      vertex   3.250000e+01 4.689111e+00 3.370000e+01
    endloop
  endfacet
  facet normal 0.000000e+00 0.000000e+00 -1.000000e+00
    outer loop
      vertex   3.250000e+01 4.689111e+00 3.370000e+01
      vertex   4.325000e+01 2.330866e+01 3.370000e+01
      vertex   4.757265e+01 1.174457e+01 3.370000e+01
    endloop
  endfacet
  facet normal 0.000000e+00 0.000000e+00 -1.000000e+00
    outer loop
      vertex   3.250000e+01 4.689111e+00 3.370000e+01
      vertex   4.757265e+01 1.174457e+01 3.370000e+01
      vertex   4.750000e+01 1.114628e+01 3.370000e+01
    endloop
  endfacet
  facet normal -0.000000e+00 0.000000e+00 -1.000000e+00
    outer loop
      vertex   4.325000e+01 2.330866e+01 3.370000e+01
      vertex   3.055504e+01 5.898564e+00 3.370000e+01
      vertex   4.206490e+01 2.407827e+01 3.370000e+01
    endloop
  endfacet
  facet normal 0.000000e+00 0.000000e+00 -1.000000e+00
    outer loop
      vertex   4.206490e+01 2.407827e+01 3.370000e+01
      vertex   3.055504e+01 5.898564e+00 3.370000e+01
      vertex   2.869335e+01 7.232633e+00 3.370000e+01
    endloop
  endfacet
  facet normal -0.000000e+00 0.000000e+00 -1.000000e+00
    outer loop
      vertex   4.206490e+01 2.407827e+01 3.370000e+01
      vertex   2.869335e+01 7.232633e+00 3.370000e+01
      vertex   4.096674e+01 2.496754e+01 3.370000e+01
    endloop
  endfacet
  facet normal 0.000000e+00 0.000000e+00 -1.000000e+00
    outer loop
      vertex   4.096674e+01 2.496754e+01 3.370000e+01
      vertex   2.869335e+01 7.232633e+00 3.370000e+01
      vertex   2.692290e+01 8.685607e+00 3.370000e+01
    endloop
  endfacet
  facet normal 0.000000e+00 0.000000e+00 -1.000000e+00
    outer loop
      vertex   4.096674e+01 2.496754e+01 3.370000e+01
      vertex   2.692290e+01 8.685607e+00 3.370000e+01
      vertex   2.525126e+01 1.025126e+01 3.370000e+01
    endloop
  endfacet
  facet normal -0.000000e+00 0.000000e+00 -1.000000e+00
    outer loop
      vertex   4.096674e+01 2.496754e+01 3.370000e+01
      vertex   2.525126e+01 1.025126e+01 3.370000e+01
      vertex   3.996754e+01 2.596674e+01 3.370000e+01
    endloop
  endfacet
  facet normal 0.000000e+00 0.000000e+00 -1.000000e+00
    outer loop
      vertex   3.996754e+01 2.596674e+01 3.370000e+01
      vertex   2.525126e+01 1.025126e+01 3.370000e+01
      vertex   2.368561e+01 1.192290e+01 3.370000e+01
    endloop
  endfacet
  facet normal 0.000000e+00 0.000000e+00 -1.000000e+00
    outer loop
      vertex   3.996754e+01 2.596674e+01 3.370000e+01
      vertex   2.368561e+01 1.192290e+01 3.370000e+01
      vertex   2.223263e+01 1.369335e+01 3.370000e+01
    endloop
  endfacet
  facet normal -0.000000e+00 0.000000e+00 -1.000000e+00
    outer loop
      vertex   3.996754e+01 2.596674e+01 3.370000e+01
      vertex   2.223263e+01 1.369335e+01 3.370000e+01
      vertex   3.907827e+01 2.706490e+01 3.370000e+01
    endloop
  endfacet
  facet normal 0.000000e+00 0.000000e+00 -1.000000e+00
    outer loop
      vertex   3.907827e+01 2.706490e+01 3.370000e+01
      vertex   2.223263e+01 1.369335e+01 3.370000e+01
      vertex   2.089856e+01 1.555504e+01 3.370000e+01
    endloop
  endfacet
  facet normal -0.000000e+00 0.000000e+00 -1.000000e+00
    outer loop
      vertex   3.907827e+01 2.706490e+01 3.370000e+01
      vertex   2.089856e+01 1.555504e+01 3.370000e+01
      vertex   3.830866e+01 2.825000e+01 3.370000e+01
    endloop
  endfacet
  facet normal 0.000000e+00 0.000000e+00 -1.000000e+00
    outer loop
      vertex   3.830866e+01 2.825000e+01 3.370000e+01
      vertex   2.089856e+01 1.555504e+01 3.370000e+01
      vertex   1.968911e+01 1.750000e+01 3.370000e+01
    endloop
  endfacet
  facet normal -0.000000e+00 0.000000e+00 -1.000000e+00
    outer loop
      vertex   3.830866e+01 2.825000e+01 3.370000e+01
      vertex   1.968911e+01 1.750000e+01 3.370000e+01
      vertex   2.703279e+01 3.266246e+01 3.370000e+01
    endloop
  endfacet
  facet normal 0.000000e+00 0.000000e+00 -1.000000e+00
    outer loop
      vertex   2.703279e+01 3.266246e+01 3.370000e+01
      vertex   1.968911e+01 1.750000e+01 3.370000e+01
      vertex   2.644762e+01 3.251823e+01 3.370000e+01
    endloop
  endfacet
  facet normal 0.000000e+00 0.000000e+00 -1.000000e+00
    outer loop
      vertex   2.644762e+01 3.251823e+01 3.370000e+01
      vertex   1.968911e+01 1.750000e+01 3.370000e+01
      vertex   1.860945e+01 1.951990e+01 3.370000e+01
    endloop
  endfacet
  facet normal -0.000000e+00 0.000000e+00 -1.000000e+00
    outer loop
      vertex   2.644762e+01 3.251823e+01 3.370000e+01
      vertex   1.860945e+01 1.951990e+01 3.370000e+01
      vertex   2.584494e+01 3.251823e+01 3.370000e+01
    endloop
  endfacet
  facet normal 0.000000e+00 0.000000e+00 -1.000000e+00
    outer loop
      vertex   2.584494e+01 3.251823e+01 3.370000e+01
      vertex   1.860945e+01 1.951990e+01 3.370000e+01
      vertex   1.766422e+01 2.160608e+01 3.370000e+01
    endloop
  endfacet
  facet normal 0.000000e+00 0.000000e+00 -1.000000e+00
    outer loop
      vertex   2.584494e+01 3.251823e+01 3.370000e+01
      vertex   1.766422e+01 2.160608e+01 3.370000e+01
      vertex   1.685745e+01 2.374962e+01 3.370000e+01
    endloop
  endfacet
  facet normal -0.000000e+00 0.000000e+00 -1.000000e+00
    outer loop
      vertex   2.584494e+01 3.251823e+01 3.370000e+01
      vertex   1.685745e+01 2.374962e+01 3.370000e+01
      vertex   2.525977e+01 3.266246e+01 3.370000e+01
    endloop
  endfacet
  facet normal 0.000000e+00 0.000000e+00 -1.000000e+00
    outer loop
      vertex   2.525977e+01 3.266246e+01 3.370000e+01
      vertex   1.685745e+01 2.374962e+01 3.370000e+01
      vertex   1.619260e+01 2.594133e+01 3.370000e+01
    endloop
  endfacet
  facet normal -0.000000e+00 0.000000e+00 -1.000000e+00
    outer loop
      vertex   2.525977e+01 3.266246e+01 3.370000e+01
      vertex   1.619260e+01 2.594133e+01 3.370000e+01
      vertex   2.472612e+01 3.294254e+01 3.370000e+01
    endloop
  endfacet
  facet normal 0.000000e+00 0.000000e+00 -1.000000e+00
    outer loop
      vertex   2.472612e+01 3.294254e+01 3.370000e+01
      vertex   1.619260e+01 2.594133e+01 3.370000e+01
      vertex   1.567252e+01 2.817184e+01 3.370000e+01
    endloop
  endfacet
  facet normal -0.000000e+00 0.000000e+00 -1.000000e+00
    outer loop
      vertex   2.472612e+01 3.294254e+01 3.370000e+01
      vertex   1.567252e+01 2.817184e+01 3.370000e+01
      vertex   2.427500e+01 3.334219e+01 3.370000e+01
    endloop
  endfacet
  facet normal 0.000000e+00 0.000000e+00 -1.000000e+00
    outer loop
      vertex   2.427500e+01 3.334219e+01 3.370000e+01
      vertex   1.567252e+01 2.817184e+01 3.370000e+01
      vertex   1.529943e+01 3.043158e+01 3.370000e+01
    endloop
  endfacet
  facet normal -0.000000e+00 0.000000e+00 -1.000000e+00
    outer loop
      vertex   2.427500e+01 3.334219e+01 3.370000e+01
      vertex   1.529943e+01 3.043158e+01 3.370000e+01
      vertex   2.393264e+01 3.383819e+01 3.370000e+01
    endloop
  endfacet
  facet normal 0.000000e+00 0.000000e+00 -1.000000e+00
    outer loop
      vertex   2.393264e+01 3.383819e+01 3.370000e+01
      vertex   1.529943e+01 3.043158e+01 3.370000e+01
      vertex   1.507494e+01 3.271089e+01 3.370000e+01
    endloop
  endfacet
  facet normal -0.000000e+00 0.000000e+00 -1.000000e+00
    outer loop
      vertex   2.393264e+01 3.383819e+01 3.370000e+01
      vertex   1.507494e+01 3.271089e+01 3.370000e+01
      vertex   2.371893e+01 3.440171e+01 3.370000e+01
    endloop
  endfacet
  facet normal -0.000000e+00 0.000000e+00 -1.000000e+00
    outer loop
      vertex   2.371893e+01 3.440171e+01 3.370000e+01
      vertex   1.507494e+01 3.271089e+01 3.370000e+01
      vertex   1.500000e+01 3.500000e+01 3.370000e+01
    endloop
  endfacet
  facet normal 0.000000e+00 0.000000e+00 -1.000000e+00
    outer loop
      vertex   3.657395e+01 3.358887e+01 3.370000e+01
      vertex   2.857363e+01 3.440171e+01 3.370000e+01
      vertex   3.650000e+01 3.500000e+01 3.370000e+01
    endloop
  endfacet
  facet normal -0.000000e+00 0.000000e+00 -1.000000e+00
    outer loop
      vertex   3.650000e+01 3.500000e+01 3.370000e+01
      vertex   2.857363e+01 3.440171e+01 3.370000e+01
      vertex   2.864628e+01 3.500000e+01 3.370000e+01
    endloop
  endfacet
  facet normal 0.000000e+00 0.000000e+00 -1.000000e+00
    outer loop
      vertex   3.650000e+01 3.500000e+01 3.370000e+01
      vertex   2.864628e+01 3.500000e+01 3.370000e+01
      vertex   2.857363e+01 3.559829e+01 3.370000e+01
    endloop
  endfacet
  facet normal 0.000000e+00 -0.000000e+00 -1.000000e+00
    outer loop
      vertex   2.857363e+01 3.440171e+01 3.370000e+01
      vertex   3.657395e+01 3.358887e+01 3.370000e+01
      vertex   2.835992e+01 3.383819e+01 3.370000e+01
    endloop
  endfacet
  facet normal 0.000000e+00 0.000000e+00 -1.000000e+00
    outer loop
      vertex   2.835992e+01 3.383819e+01 3.370000e+01
      vertex   3.657395e+01 3.358887e+01 3.370000e+01
      vertex   3.679501e+01 3.219319e+01 3.370000e+01
    endloop
  endfacet
  facet normal 0.000000e+00 -0.000000e+00 -1.000000e+00
    outer loop
      vertex   2.835992e+01 3.383819e+01 3.370000e+01
      vertex   3.679501e+01 3.219319e+01 3.370000e+01
      vertex   2.801756e+01 3.334219e+01 3.370000e+01
    endloop
  endfacet
  facet normal 0.000000e+00 0.000000e+00 -1.000000e+00
    outer loop
      vertex   2.801756e+01 3.334219e+01 3.370000e+01
      vertex   3.679501e+01 3.219319e+01 3.370000e+01
      vertex   3.716074e+01 3.082827e+01 3.370000e+01
    endloop
  endfacet
  facet normal 0.000000e+00 -0.000000e+00 -1.000000e+00
    outer loop
      vertex   2.801756e+01 3.334219e+01 3.370000e+01
      vertex   3.716074e+01 3.082827e+01 3.370000e+01
      vertex   2.756644e+01 3.294254e+01 3.370000e+01
    endloop
  endfacet
  facet normal 0.000000e+00 0.000000e+00 -1.000000e+00
    outer loop
      vertex   2.756644e+01 3.294254e+01 3.370000e+01
      vertex   3.716074e+01 3.082827e+01 3.370000e+01
      vertex   3.766714e+01 2.950906e+01 3.370000e+01
    endloop
  endfacet
  facet normal 0.000000e+00 -0.000000e+00 -1.000000e+00
    outer loop
      vertex   2.756644e+01 3.294254e+01 3.370000e+01
      vertex   3.766714e+01 2.950906e+01 3.370000e+01
      vertex   2.703279e+01 3.266246e+01 3.370000e+01
    endloop
  endfacet
  facet normal 0.000000e+00 0.000000e+00 -1.000000e+00
    outer loop
      vertex   2.703279e+01 3.266246e+01 3.370000e+01
      vertex   3.766714e+01 2.950906e+01 3.370000e+01
      vertex   3.830866e+01 2.825000e+01 3.370000e+01
    endloop
  endfacet
  facet normal 0.000000e+00 0.000000e+00 -1.000000e+00
    outer loop
      vertex   4.757265e+01 1.174457e+01 3.370000e+01
      vertex   4.325000e+01 2.330866e+01 3.370000e+01
      vertex   4.778636e+01 1.230809e+01 3.370000e+01
    endloop
  endfacet
  facet normal 0.000000e+00 0.000000e+00 -1.000000e+00
    outer loop
      vertex   4.778636e+01 1.230809e+01 3.370000e+01
      vertex   4.325000e+01 2.330866e+01 3.370000e+01
      vertex   4.450906e+01 2.266714e+01 3.370000e+01
    endloop
  endfacet
  facet normal 0.000000e+00 0.000000e+00 -1.000000e+00
    outer loop
      vertex   4.778636e+01 1.230809e+01 3.370000e+01
      vertex   4.450906e+01 2.266714e+01 3.370000e+01
      vertex   4.812872e+01 1.280409e+01 3.370000e+01
    endloop
  endfacet
  facet normal 0.000000e+00 0.000000e+00 -1.000000e+00
    outer loop
      vertex   4.812872e+01 1.280409e+01 3.370000e+01
      vertex   4.450906e+01 2.266714e+01 3.370000e+01
      vertex   4.582827e+01 2.216074e+01 3.370000e+01
    endloop
  endfacet
  facet normal 0.000000e+00 0.000000e+00 -1.000000e+00
    outer loop
      vertex   4.812872e+01 1.280409e+01 3.370000e+01
      vertex   4.582827e+01 2.216074e+01 3.370000e+01
      vertex   4.857984e+01 1.320374e+01 3.370000e+01
    endloop
  endfacet
  facet normal 0.000000e+00 0.000000e+00 -1.000000e+00
    outer loop
      vertex   4.857984e+01 1.320374e+01 3.370000e+01
      vertex   4.582827e+01 2.216074e+01 3.370000e+01
      vertex   4.719319e+01 2.179501e+01 3.370000e+01
    endloop
  endfacet
  facet normal 0.000000e+00 0.000000e+00 -1.000000e+00
    outer loop
      vertex   4.857984e+01 1.320374e+01 3.370000e+01
      vertex   4.719319e+01 2.179501e+01 3.370000e+01
      vertex   4.911349e+01 1.348382e+01 3.370000e+01
    endloop
  endfacet
  facet normal 0.000000e+00 0.000000e+00 -1.000000e+00
    outer loop
      vertex   4.911349e+01 1.348382e+01 3.370000e+01
      vertex   4.719319e+01 2.179501e+01 3.370000e+01
      vertex   4.858887e+01 2.157395e+01 3.370000e+01
    endloop
  endfacet
  facet normal 0.000000e+00 0.000000e+00 -1.000000e+00
    outer loop
      vertex   4.911349e+01 1.348382e+01 3.370000e+01
      vertex   4.858887e+01 2.157395e+01 3.370000e+01
      vertex   4.969866e+01 1.362805e+01 3.370000e+01
    endloop
  endfacet
  facet normal 0.000000e+00 0.000000e+00 -1.000000e+00
    outer loop
      vertex   4.969866e+01 1.362805e+01 3.370000e+01
      vertex   4.858887e+01 2.157395e+01 3.370000e+01
      vertex   5.000000e+01 2.150000e+01 3.370000e+01
    endloop
  endfacet
  facet normal 0.000000e+00 0.000000e+00 -1.000000e+00
    outer loop
      vertex   4.969866e+01 1.362805e+01 3.370000e+01
      vertex   5.000000e+01 2.150000e+01 3.370000e+01
      vertex   5.030134e+01 1.362805e+01 3.370000e+01
    endloop
  endfacet
  facet normal 0.000000e+00 0.000000e+00 -1.000000e+00
    outer loop
      vertex   5.030134e+01 1.362805e+01 3.370000e+01
      vertex   5.000000e+01 2.150000e+01 3.370000e+01
      vertex   5.141113e+01 2.157395e+01 3.370000e+01
    endloop
  endfacet
  facet normal 0.000000e+00 0.000000e+00 -1.000000e+00
    outer loop
      vertex   5.030134e+01 1.362805e+01 3.370000e+01
      vertex   5.141113e+01 2.157395e+01 3.370000e+01
      vertex   5.088651e+01 1.348382e+01 3.370000e+01
    endloop
  endfacet
  facet normal 0.000000e+00 0.000000e+00 -1.000000e+00
    outer loop
      vertex   5.088651e+01 1.348382e+01 3.370000e+01
      vertex   5.141113e+01 2.157395e+01 3.370000e+01
      vertex   5.280681e+01 2.179501e+01 3.370000e+01
    endloop
  endfacet
  facet normal 0.000000e+00 0.000000e+00 -1.000000e+00
    outer loop
      vertex   5.088651e+01 1.348382e+01 3.370000e+01
      vertex   5.280681e+01 2.179501e+01 3.370000e+01
      vertex   5.142016e+01 1.320374e+01 3.370000e+01
    endloop
  endfacet
  facet normal 0.000000e+00 0.000000e+00 -1.000000e+00
    outer loop
      vertex   5.142016e+01 1.320374e+01 3.370000e+01
      vertex   5.280681e+01 2.179501e+01 3.370000e+01
      vertex   5.417173e+01 2.216074e+01 3.370000e+01
    endloop
  endfacet
  facet normal 0.000000e+00 0.000000e+00 -1.000000e+00
    outer loop
      vertex   5.142016e+01 1.320374e+01 3.370000e+01
      vertex   5.417173e+01 2.216074e+01 3.370000e+01
      vertex   5.187128e+01 1.280409e+01 3.370000e+01
    endloop
  endfacet
  facet normal 0.000000e+00 0.000000e+00 -1.000000e+00
    outer loop
      vertex   5.187128e+01 1.280409e+01 3.370000e+01
      vertex   5.417173e+01 2.216074e+01 3.370000e+01
      vertex   5.549094e+01 2.266714e+01 3.370000e+01
    endloop
  endfacet
  facet normal 0.000000e+00 0.000000e+00 -1.000000e+00
    outer loop
      vertex   5.187128e+01 1.280409e+01 3.370000e+01
      vertex   5.549094e+01 2.266714e+01 3.370000e+01
      vertex   5.221364e+01 1.230809e+01 3.370000e+01
    endloop
  endfacet
  facet normal 0.000000e+00 0.000000e+00 -1.000000e+00
    outer loop
      vertex   5.221364e+01 1.230809e+01 3.370000e+01
      vertex   5.549094e+01 2.266714e+01 3.370000e+01
      vertex   5.675000e+01 2.330866e+01 3.370000e+01
    endloop
  endfacet
  facet normal 0.000000e+00 0.000000e+00 -1.000000e+00
    outer loop
      vertex   5.221364e+01 1.230809e+01 3.370000e+01
      vertex   5.675000e+01 2.330866e+01 3.370000e+01
      vertex   5.242735e+01 1.174457e+01 3.370000e+01
    endloop
  endfacet
  facet normal -0.000000e+00 0.000000e+00 -1.000000e+00
    outer loop
      vertex   7.296721e+01 3.266246e+01 3.370000e+01
      vertex   6.233286e+01 2.950906e+01 3.370000e+01
      vertex   7.243356e+01 3.294254e+01 3.370000e+01
    endloop
  endfacet
  facet normal 0.000000e+00 0.000000e+00 -1.000000e+00
    outer loop
      vertex   7.243356e+01 3.294254e+01 3.370000e+01
      vertex   6.233286e+01 2.950906e+01 3.370000e+01
      vertex   6.283926e+01 3.082827e+01 3.370000e+01
    endloop
  endfacet
  facet normal -0.000000e+00 0.000000e+00 -1.000000e+00
    outer loop
      vertex   7.243356e+01 3.294254e+01 3.370000e+01
      vertex   6.283926e+01 3.082827e+01 3.370000e+01
      vertex   7.198244e+01 3.334219e+01 3.370000e+01
    endloop
  endfacet
  facet normal 0.000000e+00 0.000000e+00 -1.000000e+00
    outer loop
      vertex   7.198244e+01 3.334219e+01 3.370000e+01
      vertex   6.283926e+01 3.082827e+01 3.370000e+01
      vertex   6.320499e+01 3.219319e+01 3.370000e+01
    endloop
  endfacet
  facet normal -0.000000e+00 0.000000e+00 -1.000000e+00
    outer loop
      vertex   7.198244e+01 3.334219e+01 3.370000e+01
      vertex   6.320499e+01 3.219319e+01 3.370000e+01
      vertex   7.164008e+01 3.383819e+01 3.370000e+01
    endloop
  endfacet
  facet normal 0.000000e+00 0.000000e+00 -1.000000e+00
    outer loop
      vertex   7.164008e+01 3.383819e+01 3.370000e+01
      vertex   6.320499e+01 3.219319e+01 3.370000e+01
      vertex   6.342605e+01 3.358887e+01 3.370000e+01
    endloop
  endfacet
  facet normal -0.000000e+00 0.000000e+00 -1.000000e+00
    outer loop
      vertex   7.164008e+01 3.383819e+01 3.370000e+01
      vertex   6.342605e+01 3.358887e+01 3.370000e+01
      vertex   7.142637e+01 3.440171e+01 3.370000e+01
    endloop
  endfacet
  facet normal -0.000000e+00 0.000000e+00 -1.000000e+00
    outer loop
      vertex   7.142637e+01 3.440171e+01 3.370000e+01
      vertex   6.342605e+01 3.358887e+01 3.370000e+01
      vertex   6.350000e+01 3.500000e+01 3.370000e+01
    endloop
  endfacet
  facet normal 0.000000e+00 0.000000e+00 -1.000000e+00
    outer loop
      vertex   7.142637e+01 3.440171e+01 3.370000e+01
      vertex   6.350000e+01 3.500000e+01 3.370000e+01
      vertex   7.135372e+01 3.500000e+01 3.370000e+01
    endloop
  endfacet
  facet normal 0.000000e+00 0.000000e+00 -1.000000e+00
    outer loop
      vertex   7.135372e+01 3.500000e+01 3.370000e+01
      vertex   6.350000e+01 3.500000e+01 3.370000e+01
      vertex   7.142637e+01 3.559829e+01 3.370000e+01
    endloop
  endfacet
  facet normal -0.000000e+00 0.000000e+00 -1.000000e+00
    outer loop
      vertex   7.142637e+01 3.559829e+01 3.370000e+01
      vertex   6.350000e+01 3.500000e+01 3.370000e+01
      vertex   6.342605e+01 3.641113e+01 3.370000e+01
    endloop
  endfacet
  facet normal 0.000000e+00 0.000000e+00 -1.000000e+00
    outer loop
      vertex   7.142637e+01 3.559829e+01 3.370000e+01
      vertex   6.342605e+01 3.641113e+01 3.370000e+01
      vertex   7.164008e+01 3.616181e+01 3.370000e+01
    endloop
  endfacet
  facet normal 0.000000e+00 0.000000e+00 -1.000000e+00
    outer loop
      vertex   7.164008e+01 3.616181e+01 3.370000e+01
      vertex   6.342605e+01 3.641113e+01 3.370000e+01
      vertex   6.320499e+01 3.780681e+01 3.370000e+01
    endloop
  endfacet
  facet normal 0.000000e+00 0.000000e+00 -1.000000e+00
    outer loop
      vertex   7.164008e+01 3.616181e+01 3.370000e+01
      vertex   6.320499e+01 3.780681e+01 3.370000e+01
      vertex   7.198244e+01 3.665781e+01 3.370000e+01
    endloop
  endfacet
  facet normal 0.000000e+00 0.000000e+00 -1.000000e+00
    outer loop
      vertex   7.198244e+01 3.665781e+01 3.370000e+01
      vertex   6.320499e+01 3.780681e+01 3.370000e+01
      vertex   6.283926e+01 3.917173e+01 3.370000e+01
    endloop
  endfacet
  facet normal 0.000000e+00 0.000000e+00 -1.000000e+00
    outer loop
      vertex   7.198244e+01 3.665781e+01 3.370000e+01
      vertex   6.283926e+01 3.917173e+01 3.370000e+01
      vertex   7.243356e+01 3.705746e+01 3.370000e+01
    endloop
  endfacet
  facet normal 0.000000e+00 0.000000e+00 -1.000000e+00
    outer loop
      vertex   7.243356e+01 3.705746e+01 3.370000e+01
      vertex   6.283926e+01 3.917173e+01 3.370000e+01
      vertex   6.233286e+01 4.049094e+01 3.370000e+01
    endloop
  endfacet
  facet normal 0.000000e+00 0.000000e+00 -1.000000e+00
    outer loop
      vertex   7.243356e+01 3.705746e+01 3.370000e+01
      vertex   6.233286e+01 4.049094e+01 3.370000e+01
      vertex   7.296721e+01 3.733754e+01 3.370000e+01
    endloop
  endfacet
  facet normal 0.000000e+00 0.000000e+00 -1.000000e+00
    outer loop
      vertex   7.296721e+01 3.733754e+01 3.370000e+01
      vertex   6.233286e+01 4.049094e+01 3.370000e+01
      vertex   6.169134e+01 4.175000e+01 3.370000e+01
    endloop
  endfacet
  facet normal 0.000000e+00 -0.000000e+00 -1.000000e+00
    outer loop
      vertex   5.242735e+01 5.825543e+01 3.370000e+01
      vertex   5.675000e+01 4.669134e+01 3.370000e+01
      vertex   5.221364e+01 5.769191e+01 3.370000e+01
    endloop
  endfacet
  facet normal 0.000000e+00 0.000000e+00 -1.000000e+00
    outer loop
      vertex   5.221364e+01 5.769191e+01 3.370000e+01
      vertex   5.675000e+01 4.669134e+01 3.370000e+01
      vertex   5.549094e+01 4.733286e+01 3.370000e+01
    endloop
  endfacet
  facet normal 0.000000e+00 -0.000000e+00 -1.000000e+00
    outer loop
      vertex   5.221364e+01 5.769191e+01 3.370000e+01
      vertex   5.549094e+01 4.733286e+01 3.370000e+01
      vertex   5.187128e+01 5.719591e+01 3.370000e+01
    endloop
  endfacet
  facet normal 0.000000e+00 0.000000e+00 -1.000000e+00
    outer loop
      vertex   5.187128e+01 5.719591e+01 3.370000e+01
      vertex   5.549094e+01 4.733286e+01 3.370000e+01
      vertex   5.417173e+01 4.783926e+01 3.370000e+01
    endloop
  endfacet
  facet normal 0.000000e+00 -0.000000e+00 -1.000000e+00
    outer loop
      vertex   5.187128e+01 5.719591e+01 3.370000e+01
      vertex   5.417173e+01 4.783926e+01 3.370000e+01
      vertex   5.142016e+01 5.679626e+01 3.370000e+01
    endloop
  endfacet
  facet normal 0.000000e+00 0.000000e+00 -1.000000e+00
    outer loop
      vertex   5.142016e+01 5.679626e+01 3.370000e+01
      vertex   5.417173e+01 4.783926e+01 3.370000e+01
      vertex   5.280681e+01 4.820499e+01 3.370000e+01
    endloop
  endfacet
  facet normal 0.000000e+00 -0.000000e+00 -1.000000e+00
    outer loop
      vertex   5.142016e+01 5.679626e+01 3.370000e+01
      vertex   5.280681e+01 4.820499e+01 3.370000e+01
      vertex   5.088651e+01 5.651618e+01 3.370000e+01
    endloop
  endfacet
  facet normal 0.000000e+00 0.000000e+00 -1.000000e+00
    outer loop
      vertex   5.088651e+01 5.651618e+01 3.370000e+01
      vertex   5.280681e+01 4.820499e+01 3.370000e+01
      vertex   5.141113e+01 4.842605e+01 3.370000e+01
    endloop
  endfacet
  facet normal 0.000000e+00 -0.000000e+00 -1.000000e+00
    outer loop
      vertex   5.088651e+01 5.651618e+01 3.370000e+01
      vertex   5.141113e+01 4.842605e+01 3.370000e+01
      vertex   5.030134e+01 5.637195e+01 3.370000e+01
    endloop
  endfacet
  facet normal 0.000000e+00 -0.000000e+00 -1.000000e+00
    outer loop
      vertex   5.030134e+01 5.637195e+01 3.370000e+01
      vertex   5.141113e+01 4.842605e+01 3.370000e+01
      vertex   5.000000e+01 4.850000e+01 3.370000e+01
    endloop
  endfacet
  facet normal -0.000000e+00 0.000000e+00 -1.000000e+00
    outer loop
      vertex   5.030134e+01 5.637195e+01 3.370000e+01
      vertex   5.000000e+01 4.850000e+01 3.370000e+01
      vertex   4.969866e+01 5.637195e+01 3.370000e+01
    endloop
  endfacet
  facet normal 0.000000e+00 -0.000000e+00 -1.000000e+00
    outer loop
      vertex   4.969866e+01 5.637195e+01 3.370000e+01
      vertex   5.000000e+01 4.850000e+01 3.370000e+01
      vertex   4.858887e+01 4.842605e+01 3.370000e+01
    endloop
  endfacet
  facet normal -0.000000e+00 0.000000e+00 -1.000000e+00
    outer loop
      vertex   4.969866e+01 5.637195e+01 3.370000e+01
      vertex   4.858887e+01 4.842605e+01 3.370000e+01
      vertex   4.911349e+01 5.651618e+01 3.370000e+01
    endloop
  endfacet
  facet normal 0.000000e+00 0.000000e+00 -1.000000e+00
    outer loop
      vertex   4.911349e+01 5.651618e+01 3.370000e+01
      vertex   4.858887e+01 4.842605e+01 3.370000e+01
      vertex   4.719319e+01 4.820499e+01 3.370000e+01
    endloop
  endfacet
  facet normal -0.000000e+00 0.000000e+00 -1.000000e+00
    outer loop
      vertex   4.911349e+01 5.651618e+01 3.370000e+01
      vertex   4.719319e+01 4.820499e+01 3.370000e+01
      vertex   4.857984e+01 5.679626e+01 3.370000e+01
    endloop
  endfacet
  facet normal 0.000000e+00 0.000000e+00 -1.000000e+00
    outer loop
      vertex   4.857984e+01 5.679626e+01 3.370000e+01
      vertex   4.719319e+01 4.820499e+01 3.370000e+01
      vertex   4.582827e+01 4.783926e+01 3.370000e+01
    endloop
  endfacet
  facet normal -0.000000e+00 0.000000e+00 -1.000000e+00
    outer loop
      vertex   4.857984e+01 5.679626e+01 3.370000e+01
      vertex   4.582827e+01 4.783926e+01 3.370000e+01
      vertex   4.812872e+01 5.719591e+01 3.370000e+01
    endloop
  endfacet
  facet normal 0.000000e+00 0.000000e+00 -1.000000e+00
    outer loop
      vertex   4.812872e+01 5.719591e+01 3.370000e+01
      vertex   4.582827e+01 4.783926e+01 3.370000e+01
      vertex   4.450906e+01 4.733286e+01 3.370000e+01
    endloop
  endfacet
  facet normal -0.000000e+00 0.000000e+00 -1.000000e+00
    outer loop
      vertex   4.812872e+01 5.719591e+01 3.370000e+01
      vertex   4.450906e+01 4.733286e+01 3.370000e+01
      vertex   4.778636e+01 5.769191e+01 3.370000e+01
    endloop
  endfacet
  facet normal 0.000000e+00 0.000000e+00 -1.000000e+00
    outer loop
      vertex   4.778636e+01 5.769191e+01 3.370000e+01
      vertex   4.450906e+01 4.733286e+01 3.370000e+01
      vertex   4.325000e+01 4.669134e+01 3.370000e+01
    endloop
  endfacet
  facet normal -0.000000e+00 0.000000e+00 -1.000000e+00
    outer loop
      vertex   4.778636e+01 5.769191e+01 3.370000e+01
      vertex   4.325000e+01 4.669134e+01 3.370000e+01
      vertex   4.757265e+01 5.825543e+01 3.370000e+01
    endloop
  endfacet
  facet normal 0.000000e+00 0.000000e+00 -1.000000e+00
    outer loop
      vertex   2.703279e+01 3.733754e+01 3.370000e+01
      vertex   3.766714e+01 4.049094e+01 3.370000e+01
      vertex   2.756644e+01 3.705746e+01 3.370000e+01
    endloop
  endfacet
  facet normal 0.000000e+00 0.000000e+00 -1.000000e+00
    outer loop
      vertex   2.756644e+01 3.705746e+01 3.370000e+01
      vertex   3.766714e+01 4.049094e+01 3.370000e+01
      vertex   3.716074e+01 3.917173e+01 3.370000e+01
    endloop
  endfacet
  facet normal 0.000000e+00 0.000000e+00 -1.000000e+00
    outer loop
      vertex   2.756644e+01 3.705746e+01 3.370000e+01
      vertex   3.716074e+01 3.917173e+01 3.370000e+01
      vertex   2.801756e+01 3.665781e+01 3.370000e+01
    endloop
  endfacet
  facet normal 0.000000e+00 0.000000e+00 -1.000000e+00
    outer loop
      vertex   2.801756e+01 3.665781e+01 3.370000e+01
      vertex   3.716074e+01 3.917173e+01 3.370000e+01
      vertex   3.679501e+01 3.780681e+01 3.370000e+01
    endloop
  endfacet
  facet normal 0.000000e+00 0.000000e+00 -1.000000e+00
    outer loop
      vertex   2.801756e+01 3.665781e+01 3.370000e+01
      vertex   3.679501e+01 3.780681e+01 3.370000e+01
      vertex   2.835992e+01 3.616181e+01 3.370000e+01
    endloop
  endfacet
  facet normal 0.000000e+00 0.000000e+00 -1.000000e+00
    outer loop
      vertex   2.835992e+01 3.616181e+01 3.370000e+01
      vertex   3.679501e+01 3.780681e+01 3.370000e+01
      vertex   3.657395e+01 3.641113e+01 3.370000e+01
    endloop
  endfacet
  facet normal 0.000000e+00 0.000000e+00 -1.000000e+00
    outer loop
      vertex   2.835992e+01 3.616181e+01 3.370000e+01
      vertex   3.657395e+01 3.641113e+01 3.370000e+01
      vertex   2.857363e+01 3.559829e+01 3.370000e+01
    endloop
  endfacet
  facet normal 0.000000e+00 0.000000e+00 -1.000000e+00
    outer loop
      vertex   2.857363e+01 3.559829e+01 3.370000e+01
      vertex   3.657395e+01 3.641113e+01 3.370000e+01
      vertex   3.650000e+01 3.500000e+01 3.370000e+01
    endloop
  endfacet
  facet normal -9.986295e-01 -5.233596e-02 0.000000e+00
    outer loop
      vertex   3.657395e+01 3.358887e+01 -1.000000e+01
      vertex   3.657395e+01 3.358887e+01 1.185000e+01
      vertex   3.650000e+01 3.500000e+01 -1.000000e+01
    endloop
  endfacet
  facet normal -9.986295e-01 -5.233596e-02 0.000000e+00
    outer loop
      vertex   3.650000e+01 3.500000e+01 -1.000000e+01
      vertex   3.657395e+01 3.358887e+01 1.185000e+01
      vertex   3.650000e+01 3.500000e+01 1.185000e+01
    endloop
  endfacet
  facet normal -9.986295e-01 5.233596e-02 0.000000e+00
    outer loop
      vertex   3.650000e+01 3.500000e+01 -1.000000e+01
      vertex   3.650000e+01 3.500000e+01 1.185000e+01
      vertex   3.657395e+01 3.641113e+01 -1.000000e+01
    endloop
  endfacet
  facet normal -9.986295e-01 5.233596e-02 0.000000e+00
    outer loop
      vertex   3.657395e+01 3.641113e+01 -1.000000e+01
      vertex   3.650000e+01 3.500000e+01 1.185000e+01
      vertex   3.657395e+01 3.641113e+01 1.185000e+01
    endloop
  endfacet
  facet normal -9.876883e-01 1.564345e-01 0.000000e+00
    outer loop
      vertex   3.657395e+01 3.641113e+01 -1.000000e+01
      vertex   3.657395e+01 3.641113e+01 1.185000e+01
      vertex   3.679501e+01 3.780681e+01 -1.000000e+01
    endloop
  endfacet
  facet normal -9.876883e-01 1.564345e-01 2.194453e-16
    outer loop
      vertex   3.679501e+01 3.780681e+01 -1.000000e+01
      vertex   3.657395e+01 3.641113e+01 1.185000e+01
      vertex   3.679501e+01 3.780681e+01 1.185000e+01
    endloop
  endfacet
  facet normal -9.659258e-01 2.588190e-01 1.457792e-16
    outer loop
      vertex   3.679501e+01 3.780681e+01 -1.000000e+01
      vertex   3.679501e+01 3.780681e+01 1.185000e+01
      vertex   3.716074e+01 3.917173e+01 -1.000000e+01
    endloop
  endfacet
  facet normal -9.659258e-01 2.588190e-01 0.000000e+00
    outer loop
      vertex   3.716074e+01 3.917173e+01 -1.000000e+01
      vertex   3.679501e+01 3.780681e+01 1.185000e+01
      vertex   3.716074e+01 3.917173e+01 1.185000e+01
    endloop
  endfacet
  facet normal -9.335804e-01 3.583679e-01 0.000000e+00
    outer loop
      vertex   3.716074e+01 3.917173e+01 -1.000000e+01
      vertex   3.716074e+01 3.917173e+01 1.185000e+01
      vertex   3.766714e+01 4.049094e+01 -1.000000e+01
    endloop
  endfacet
  facet normal -9.335804e-01 3.583679e-01 7.051593e-17
    outer loop
      vertex   3.766714e+01 4.049094e+01 -1.000000e+01
      vertex   3.716074e+01 3.917173e+01 1.185000e+01
      vertex   3.766714e+01 4.049094e+01 1.185000e+01
    endloop
  endfacet
  facet normal -8.910065e-01 4.539905e-01 -5.519950e-18
    outer loop
      vertex   3.766714e+01 4.049094e+01 -1.000000e+01
      vertex   3.766714e+01 4.049094e+01 1.185000e+01
      vertex   3.830866e+01 4.175000e+01 -1.000000e+01
    endloop
  endfacet
  facet normal -8.910065e-01 4.539905e-01 1.421138e-16
    outer loop
      vertex   3.830866e+01 4.175000e+01 -1.000000e+01
      vertex   3.766714e+01 4.049094e+01 1.185000e+01
      vertex   3.830866e+01 4.175000e+01 1.185000e+01
    endloop
  endfacet
  facet normal -8.386706e-01 5.446390e-01 9.561646e-17
    outer loop
      vertex   3.830866e+01 4.175000e+01 -1.000000e+01
      vertex   3.830866e+01 4.175000e+01 1.185000e+01
      vertex   3.907827e+01 4.293510e+01 -1.000000e+01
    endloop
  endfacet
  facet normal -8.386706e-01 5.446390e-01 0.000000e+00
    outer loop
      vertex   3.907827e+01 4.293510e+01 -1.000000e+01
      vertex   3.830866e+01 4.175000e+01 1.185000e+01
      vertex   3.907827e+01 4.293510e+01 1.185000e+01
    endloop
  endfacet
  facet normal -7.771460e-01 6.293204e-01 0.000000e+00
    outer loop
      vertex   3.907827e+01 4.293510e+01 -1.000000e+01
      vertex   3.907827e+01 4.293510e+01 1.185000e+01
      vertex   3.996754e+01 4.403326e+01 -1.000000e+01
    endloop
  endfacet
  facet normal -7.771460e-01 6.293204e-01 2.527210e-16
    outer loop
      vertex   3.996754e+01 4.403326e+01 -1.000000e+01
      vertex   3.907827e+01 4.293510e+01 1.185000e+01
      vertex   3.996754e+01 4.403326e+01 1.185000e+01
    endloop
  endfacet
  facet normal -7.071068e-01 7.071068e-01 2.299449e-16
    outer loop
      vertex   3.996754e+01 4.403326e+01 -1.000000e+01
      vertex   3.996754e+01 4.403326e+01 1.185000e+01
      vertex   4.096674e+01 4.503246e+01 -1.000000e+01
    endloop
  endfacet
  facet normal -7.071068e-01 7.071068e-01 0.000000e+00
    outer loop
      vertex   4.096674e+01 4.503246e+01 -1.000000e+01
      vertex   3.996754e+01 4.403326e+01 1.185000e+01
      vertex   4.096674e+01 4.503246e+01 1.185000e+01
    endloop
  endfacet
  facet normal -6.293204e-01 7.771460e-01 0.000000e+00
    outer loop
      vertex   4.096674e+01 4.503246e+01 -1.000000e+01
      vertex   4.096674e+01 4.503246e+01 1.185000e+01
      vertex   4.206490e+01 4.592173e+01 -1.000000e+01
    endloop
  endfacet
  facet normal -6.293204e-01 7.771460e-01 0.000000e+00
    outer loop
      vertex   4.206490e+01 4.592173e+01 -1.000000e+01
      vertex   4.096674e+01 4.503246e+01 1.185000e+01
      vertex   4.206490e+01 4.592173e+01 1.185000e+01
    endloop
  endfacet
  facet normal -5.446390e-01 8.386706e-01 0.000000e+00
    outer loop
      vertex   4.206490e+01 4.592173e+01 -1.000000e+01
      vertex   4.206490e+01 4.592173e+01 1.185000e+01
      vertex   4.325000e+01 4.669134e+01 -1.000000e+01
    endloop
  endfacet
  facet normal -5.446390e-01 8.386706e-01 8.149535e-17
    outer loop
      vertex   4.325000e+01 4.669134e+01 -1.000000e+01
      vertex   4.206490e+01 4.592173e+01 1.185000e+01
      vertex   4.325000e+01 4.669134e+01 1.185000e+01
    endloop
  endfacet
  facet normal -4.539905e-01 8.910065e-01 5.519950e-18
    outer loop
      vertex   4.325000e+01 4.669134e+01 -1.000000e+01
      vertex   4.325000e+01 4.669134e+01 1.185000e+01
      vertex   4.450906e+01 4.733286e+01 -1.000000e+01
    endloop
  endfacet
  facet normal -4.539905e-01 8.910065e-01 1.476337e-16
    outer loop
      vertex   4.450906e+01 4.733286e+01 -1.000000e+01
      vertex   4.325000e+01 4.669134e+01 1.185000e+01
      vertex   4.450906e+01 4.733286e+01 1.185000e+01
    endloop
  endfacet
  facet normal -3.583679e-01 9.335804e-01 1.165381e-16
    outer loop
      vertex   4.450906e+01 4.733286e+01 -1.000000e+01
      vertex   4.450906e+01 4.733286e+01 1.185000e+01
      vertex   4.582827e+01 4.783926e+01 -1.000000e+01
    endloop
  endfacet
  facet normal -3.583679e-01 9.335804e-01 0.000000e+00
    outer loop
      vertex   4.582827e+01 4.783926e+01 -1.000000e+01
      vertex   4.450906e+01 4.733286e+01 1.185000e+01
      vertex   4.582827e+01 4.783926e+01 1.185000e+01
    endloop
  endfacet
  facet normal -2.588190e-01 9.659258e-01 0.000000e+00
    outer loop
      vertex   4.582827e+01 4.783926e+01 -1.000000e+01
      vertex   4.582827e+01 4.783926e+01 1.185000e+01
      vertex   4.719319e+01 4.820499e+01 -1.000000e+01
    endloop
  endfacet
  facet normal -2.588190e-01 9.659258e-01 8.416567e-17
    outer loop
      vertex   4.719319e+01 4.820499e+01 -1.000000e+01
      vertex   4.582827e+01 4.783926e+01 1.185000e+01
      vertex   4.719319e+01 4.820499e+01 1.185000e+01
    endloop
  endfacet
  facet normal -1.564345e-01 9.876883e-01 5.087111e-17
    outer loop
      vertex   4.719319e+01 4.820499e+01 -1.000000e+01
      vertex   4.719319e+01 4.820499e+01 1.185000e+01
      vertex   4.858887e+01 4.842605e+01 -1.000000e+01
    endloop
  endfacet
  facet normal -1.564345e-01 9.876883e-01 0.000000e+00
    outer loop
      vertex   4.858887e+01 4.842605e+01 -1.000000e+01
      vertex   4.719319e+01 4.820499e+01 1.185000e+01
      vertex   4.858887e+01 4.842605e+01 1.185000e+01
    endloop
  endfacet
  facet normal -5.233596e-02 9.986295e-01 0.000000e+00
    outer loop
      vertex   4.858887e+01 4.842605e+01 -1.000000e+01
      vertex   4.858887e+01 4.842605e+01 1.185000e+01
      vertex   5.000000e+01 4.850000e+01 -1.000000e+01
    endloop
  endfacet
  facet normal -5.233596e-02 9.986295e-01 0.000000e+00
    outer loop
      vertex   5.000000e+01 4.850000e+01 -1.000000e+01
      vertex   4.858887e+01 4.842605e+01 1.185000e+01
      vertex   5.000000e+01 4.850000e+01 1.185000e+01
    endloop
  endfacet
  facet normal 5.233596e-02 9.986295e-01 -0.000000e+00
    outer loop
      vertex   5.000000e+01 4.850000e+01 -1.000000e+01
      vertex   5.000000e+01 4.850000e+01 1.185000e+01
      vertex   5.141113e+01 4.842605e+01 -1.000000e+01
    endloop
  endfacet
  facet normal 5.233596e-02 9.986295e-01 -1.701919e-17
    outer loop
      vertex   5.141113e+01 4.842605e+01 -1.000000e+01
      vertex   5.000000e+01 4.850000e+01 1.185000e+01
      vertex   5.141113e+01 4.842605e+01 1.185000e+01
    endloop
  endfacet
  facet normal 1.564345e-01 9.876883e-01 -5.087111e-17
    outer loop
      vertex   5.141113e+01 4.842605e+01 -1.000000e+01
      vertex   5.141113e+01 4.842605e+01 1.185000e+01
      vertex   5.280681e+01 4.820499e+01 -1.000000e+01
    endloop
  endfacet
  facet normal 1.564345e-01 9.876883e-01 -1.017422e-16
    outer loop
      vertex   5.280681e+01 4.820499e+01 -1.000000e+01
      vertex   5.141113e+01 4.842605e+01 1.185000e+01
      vertex   5.280681e+01 4.820499e+01 1.185000e+01
    endloop
  endfacet
  facet normal 2.588190e-01 9.659258e-01 -1.683313e-16
    outer loop
      vertex   5.280681e+01 4.820499e+01 -1.000000e+01
      vertex   5.280681e+01 4.820499e+01 1.185000e+01
      vertex   5.417173e+01 4.783926e+01 -1.000000e+01
    endloop
  endfacet
  facet normal 2.588190e-01 9.659258e-01 -0.000000e+00
    outer loop
      vertex   5.417173e+01 4.783926e+01 -1.000000e+01
      vertex   5.280681e+01 4.820499e+01 1.185000e+01
      vertex   5.417173e+01 4.783926e+01 1.185000e+01
    endloop
  endfacet
  facet normal 3.583679e-01 9.335804e-01 -0.000000e+00
    outer loop
      vertex   5.417173e+01 4.783926e+01 -1.000000e+01
      vertex   5.417173e+01 4.783926e+01 1.185000e+01
      vertex   5.549094e+01 4.733286e+01 -1.000000e+01
    endloop
  endfacet
  facet normal 3.583679e-01 9.335804e-01 3.741081e-16
    outer loop
      vertex   5.549094e+01 4.733286e+01 -1.000000e+01
      vertex   5.417173e+01 4.783926e+01 1.185000e+01
      vertex   5.549094e+01 4.733286e+01 1.185000e+01
    endloop
  endfacet
  facet normal 4.539905e-01 8.910065e-01 2.842275e-16
    outer loop
      vertex   5.549094e+01 4.733286e+01 -1.000000e+01
      vertex   5.549094e+01 4.733286e+01 1.185000e+01
      vertex   5.675000e+01 4.669134e+01 -1.000000e+01
    endloop
  endfacet
  facet normal 4.539905e-01 8.910065e-01 4.318612e-16
    outer loop
      vertex   5.675000e+01 4.669134e+01 -1.000000e+01
      vertex   5.549094e+01 4.733286e+01 1.185000e+01
      vertex   5.675000e+01 4.669134e+01 1.185000e+01
    endloop
  endfacet
  facet normal 5.446390e-01 8.386706e-01 3.683447e-16
    outer loop
      vertex   5.675000e+01 4.669134e+01 -1.000000e+01
      vertex   5.675000e+01 4.669134e+01 1.185000e+01
      vertex   5.793510e+01 4.592173e+01 -1.000000e+01
    endloop
  endfacet
  facet normal 5.446390e-01 8.386706e-01 -0.000000e+00
    outer loop
      vertex   5.793510e+01 4.592173e+01 -1.000000e+01
      vertex   5.675000e+01 4.669134e+01 1.185000e+01
      vertex   5.793510e+01 4.592173e+01 1.185000e+01
    endloop
  endfacet
  facet normal 6.293204e-01 7.771460e-01 -0.000000e+00
    outer loop
      vertex   5.793510e+01 4.592173e+01 -1.000000e+01
      vertex   5.793510e+01 4.592173e+01 1.185000e+01
      vertex   5.903326e+01 4.503246e+01 -1.000000e+01
    endloop
  endfacet
  facet normal 6.293204e-01 7.771460e-01 -0.000000e+00
    outer loop
      vertex   5.903326e+01 4.503246e+01 -1.000000e+01
      vertex   5.793510e+01 4.592173e+01 1.185000e+01
      vertex   5.903326e+01 4.503246e+01 1.185000e+01
    endloop
  endfacet
  facet normal 7.071068e-01 7.071068e-01 -0.000000e+00
    outer loop
      vertex   5.903326e+01 4.503246e+01 -1.000000e+01
      vertex   5.903326e+01 4.503246e+01 1.185000e+01
      vertex   6.003246e+01 4.403326e+01 -1.000000e+01
    endloop
  endfacet
  facet normal 7.071068e-01 7.071068e-01 -0.000000e+00
    outer loop
      vertex   6.003246e+01 4.403326e+01 -1.000000e+01
      vertex   5.903326e+01 4.503246e+01 1.185000e+01
      vertex   6.003246e+01 4.403326e+01 1.185000e+01
    endloop
  endfacet
  facet normal 7.771460e-01 6.293204e-01 -0.000000e+00
    outer loop
      vertex   6.003246e+01 4.403326e+01 -1.000000e+01
      vertex   6.003246e+01 4.403326e+01 1.185000e+01
      vertex   6.092173e+01 4.293510e+01 -1.000000e+01
    endloop
  endfacet
  facet normal 7.771460e-01 6.293204e-01 -0.000000e+00
    outer loop
      vertex   6.092173e+01 4.293510e+01 -1.000000e+01
      vertex   6.003246e+01 4.403326e+01 1.185000e+01
      vertex   6.092173e+01 4.293510e+01 1.185000e+01
    endloop
  endfacet
  facet normal 8.386706e-01 5.446390e-01 -0.000000e+00
    outer loop
      vertex   6.092173e+01 4.293510e+01 -1.000000e+01
      vertex   6.092173e+01 4.293510e+01 1.185000e+01
      vertex   6.169134e+01 4.175000e+01 -1.000000e+01
    endloop
  endfacet
  facet normal 8.386706e-01 5.446390e-01 -5.454565e-16
    outer loop
      vertex   6.169134e+01 4.175000e+01 -1.000000e+01
      vertex   6.092173e+01 4.293510e+01 1.185000e+01
      vertex   6.169134e+01 4.175000e+01 1.185000e+01
    endloop
  endfacet
  facet normal 8.910065e-01 4.539905e-01 -5.794949e-16
    outer loop
      vertex   6.169134e+01 4.175000e+01 -1.000000e+01
      vertex   6.169134e+01 4.175000e+01 1.185000e+01
      vertex   6.233286e+01 4.049094e+01 -1.000000e+01
    endloop
  endfacet
  facet normal 8.910065e-01 4.539905e-01 1.476337e-16
    outer loop
      vertex   6.233286e+01 4.049094e+01 -1.000000e+01
      vertex   6.169134e+01 4.175000e+01 1.185000e+01
      vertex   6.233286e+01 4.049094e+01 1.185000e+01
    endloop
  endfacet
  facet normal 9.335804e-01 3.583679e-01 1.165381e-16
    outer loop
      vertex   6.233286e+01 4.049094e+01 -1.000000e+01
      vertex   6.233286e+01 4.049094e+01 1.185000e+01
      vertex   6.283926e+01 3.917173e+01 -1.000000e+01
    endloop
  endfacet
  facet normal 9.335804e-01 3.583679e-01 -0.000000e+00
    outer loop
      vertex   6.283926e+01 3.917173e+01 -1.000000e+01
      vertex   6.233286e+01 4.049094e+01 1.185000e+01
      vertex   6.283926e+01 3.917173e+01 1.185000e+01
    endloop
  endfacet
  facet normal 9.659258e-01 2.588190e-01 -0.000000e+00
    outer loop
      vertex   6.283926e+01 3.917173e+01 -1.000000e+01
      vertex   6.283926e+01 3.917173e+01 1.185000e+01
      vertex   6.320499e+01 3.780681e+01 -1.000000e+01
    endloop
  endfacet
  facet normal 9.659258e-01 2.588190e-01 -0.000000e+00
    outer loop
      vertex   6.320499e+01 3.780681e+01 -1.000000e+01
      vertex   6.283926e+01 3.917173e+01 1.185000e+01
      vertex   6.320499e+01 3.780681e+01 1.185000e+01
    endloop
  endfacet
  facet normal 9.876883e-01 1.564345e-01 -0.000000e+00
    outer loop
      vertex   6.320499e+01 3.780681e+01 -1.000000e+01
      vertex   6.320499e+01 3.780681e+01 1.185000e+01
      vertex   6.342605e+01 3.641113e+01 -1.000000e+01
    endloop
  endfacet
  facet normal 9.876883e-01 1.564345e-01 -0.000000e+00
    outer loop
      vertex   6.342605e+01 3.641113e+01 -1.000000e+01
      vertex   6.320499e+01 3.780681e+01 1.185000e+01
      vertex   6.342605e+01 3.641113e+01 1.185000e+01
    endloop
  endfacet
  facet normal 9.986295e-01 5.233596e-02 -0.000000e+00
    outer loop
      vertex   6.342605e+01 3.641113e+01 -1.000000e+01
      vertex   6.342605e+01 3.641113e+01 1.185000e+01
      vertex   6.350000e+01 3.500000e+01 -1.000000e+01
    endloop
  endfacet
  facet normal 9.986295e-01 5.233596e-02 -0.000000e+00
    outer loop
      vertex   6.350000e+01 3.500000e+01 -1.000000e+01
      vertex   6.342605e+01 3.641113e+01 1.185000e+01
      vertex   6.350000e+01 3.500000e+01 1.185000e+01
    endloop
  endfacet
  facet normal 9.986295e-01 -5.233596e-02 0.000000e+00
    outer loop
      vertex   6.350000e+01 3.500000e+01 -1.000000e+01
      vertex   6.350000e+01 3.500000e+01 1.185000e+01
      vertex   6.342605e+01 3.358887e+01 -1.000000e+01
    endloop
  endfacet
  facet normal 9.986295e-01 -5.233596e-02 0.000000e+00
    outer loop
      vertex   6.342605e+01 3.358887e+01 -1.000000e+01
      vertex   6.350000e+01 3.500000e+01 1.185000e+01
      vertex   6.342605e+01 3.358887e+01 1.185000e+01
    endloop
  endfacet
  facet normal 9.876883e-01 -1.564345e-01 0.000000e+00
    outer loop
      vertex   6.342605e+01 3.358887e+01 -1.000000e+01
      vertex   6.342605e+01 3.358887e+01 1.185000e+01
      vertex   6.320499e+01 3.219319e+01 -1.000000e+01
    endloop
  endfacet
  facet normal 9.876883e-01 -1.564345e-01 -5.087111e-17
    outer loop
      vertex   6.320499e+01 3.219319e+01 -1.000000e+01
      vertex   6.342605e+01 3.358887e+01 1.185000e+01
      vertex   6.320499e+01 3.219319e+01 1.185000e+01
    endloop
  endfacet
  facet normal 9.659258e-01 -2.588190e-01 -8.416567e-17
    outer loop
      vertex   6.320499e+01 3.219319e+01 -1.000000e+01
      vertex   6.320499e+01 3.219319e+01 1.185000e+01
      vertex   6.283926e+01 3.082827e+01 -1.000000e+01
    endloop
  endfacet
  facet normal 9.659258e-01 -2.588190e-01 0.000000e+00
    outer loop
      vertex   6.283926e+01 3.082827e+01 -1.000000e+01
      vertex   6.320499e+01 3.219319e+01 1.185000e+01
      vertex   6.283926e+01 3.082827e+01 1.185000e+01
    endloop
  endfacet
  facet normal 9.335804e-01 -3.583679e-01 0.000000e+00
    outer loop
      vertex   6.283926e+01 3.082827e+01 -1.000000e+01
      vertex   6.283926e+01 3.082827e+01 1.185000e+01
      vertex   6.233286e+01 2.950906e+01 -1.000000e+01
    endloop
  endfacet
  facet normal 9.335804e-01 -3.583679e-01 -5.826905e-17
    outer loop
      vertex   6.233286e+01 2.950906e+01 -1.000000e+01
      vertex   6.283926e+01 3.082827e+01 1.185000e+01
      vertex   6.233286e+01 2.950906e+01 1.185000e+01
    endloop
  endfacet
  facet normal 8.910065e-01 -4.539905e-01 -7.381685e-17
    outer loop
      vertex   6.233286e+01 2.950906e+01 -1.000000e+01
      vertex   6.233286e+01 2.950906e+01 1.185000e+01
      vertex   6.169134e+01 2.825000e+01 -1.000000e+01
    endloop
  endfacet
  facet normal 8.910065e-01 -4.539905e-01 5.056781e-16
    outer loop
      vertex   6.169134e+01 2.825000e+01 -1.000000e+01
      vertex   6.233286e+01 2.950906e+01 1.185000e+01
      vertex   6.169134e+01 2.825000e+01 1.185000e+01
    endloop
  endfacet
  facet normal 8.386706e-01 -5.446390e-01 4.569006e-16
    outer loop
      vertex   6.169134e+01 2.825000e+01 -1.000000e+01
      vertex   6.169134e+01 2.825000e+01 1.185000e+01
      vertex   6.092173e+01 2.706490e+01 -1.000000e+01
    endloop
  endfacet
  facet normal 8.386706e-01 -5.446390e-01 0.000000e+00
    outer loop
      vertex   6.092173e+01 2.706490e+01 -1.000000e+01
      vertex   6.169134e+01 2.825000e+01 1.185000e+01
      vertex   6.092173e+01 2.706490e+01 1.185000e+01
    endloop
  endfacet
  facet normal 7.771460e-01 -6.293204e-01 0.000000e+00
    outer loop
      vertex   6.092173e+01 2.706490e+01 -1.000000e+01
      vertex   6.092173e+01 2.706490e+01 1.185000e+01
      vertex   6.003246e+01 2.596674e+01 -1.000000e+01
    endloop
  endfacet
  facet normal 7.771460e-01 -6.293204e-01 0.000000e+00
    outer loop
      vertex   6.003246e+01 2.596674e+01 -1.000000e+01
      vertex   6.092173e+01 2.706490e+01 1.185000e+01
      vertex   6.003246e+01 2.596674e+01 1.185000e+01
    endloop
  endfacet
  facet normal 7.071068e-01 -7.071068e-01 0.000000e+00
    outer loop
      vertex   6.003246e+01 2.596674e+01 -1.000000e+01
      vertex   6.003246e+01 2.596674e+01 1.185000e+01
      vertex   5.903326e+01 2.496754e+01 -1.000000e+01
    endloop
  endfacet
  facet normal 7.071068e-01 -7.071068e-01 -1.149724e-16
    outer loop
      vertex   5.903326e+01 2.496754e+01 -1.000000e+01
      vertex   6.003246e+01 2.596674e+01 1.185000e+01
      vertex   5.903326e+01 2.496754e+01 1.185000e+01
    endloop
  endfacet
  facet normal 6.293204e-01 -7.771460e-01 -1.263605e-16
    outer loop
      vertex   5.903326e+01 2.496754e+01 -1.000000e+01
      vertex   5.903326e+01 2.496754e+01 1.185000e+01
      vertex   5.793510e+01 2.407827e+01 -1.000000e+01
    endloop
  endfacet
  facet normal 6.293204e-01 -7.771460e-01 0.000000e+00
    outer loop
      vertex   5.793510e+01 2.407827e+01 -1.000000e+01
      vertex   5.903326e+01 2.496754e+01 1.185000e+01
      vertex   5.793510e+01 2.407827e+01 1.185000e+01
    endloop
  endfacet
  facet normal 5.446390e-01 -8.386706e-01 0.000000e+00
    outer loop
      vertex   5.793510e+01 2.407827e+01 -1.000000e+01
      vertex   5.793510e+01 2.407827e+01 1.185000e+01
      vertex   5.675000e+01 2.330866e+01 -1.000000e+01
    endloop
  endfacet
  facet normal 5.446390e-01 -8.386706e-01 0.000000e+00
    outer loop
      vertex   5.675000e+01 2.330866e+01 -1.000000e+01
      vertex   5.793510e+01 2.407827e+01 1.185000e+01
      vertex   5.675000e+01 2.330866e+01 1.185000e+01
    endloop
  endfacet
  facet normal 4.539905e-01 -8.910065e-01 0.000000e+00
    outer loop
      vertex   5.675000e+01 2.330866e+01 -1.000000e+01
      vertex   5.675000e+01 2.330866e+01 1.185000e+01
      vertex   5.549094e+01 2.266714e+01 -1.000000e+01
    endloop
  endfacet
  facet normal 4.539905e-01 -8.910065e-01 0.000000e+00
    outer loop
      vertex   5.549094e+01 2.266714e+01 -1.000000e+01
      vertex   5.675000e+01 2.330866e+01 1.185000e+01
      vertex   5.549094e+01 2.266714e+01 1.185000e+01
    endloop
  endfacet
  facet normal 3.583679e-01 -9.335804e-01 0.000000e+00
    outer loop
      vertex   5.549094e+01 2.266714e+01 -1.000000e+01
      vertex   5.549094e+01 2.266714e+01 1.185000e+01
      vertex   5.417173e+01 2.216074e+01 -1.000000e+01
    endloop
  endfacet
  facet normal 3.583679e-01 -9.335804e-01 0.000000e+00
    outer loop
      vertex   5.417173e+01 2.216074e+01 -1.000000e+01
      vertex   5.549094e+01 2.266714e+01 1.185000e+01
      vertex   5.417173e+01 2.216074e+01 1.185000e+01
    endloop
  endfacet
  facet normal 2.588190e-01 -9.659258e-01 0.000000e+00
    outer loop
      vertex   5.417173e+01 2.216074e+01 -1.000000e+01
      vertex   5.417173e+01 2.216074e+01 1.185000e+01
      vertex   5.280681e+01 2.179501e+01 -1.000000e+01
    endloop
  endfacet
  facet normal 2.588190e-01 -9.659258e-01 1.683313e-16
    outer loop
      vertex   5.280681e+01 2.179501e+01 -1.000000e+01
      vertex   5.417173e+01 2.216074e+01 1.185000e+01
      vertex   5.280681e+01 2.179501e+01 1.185000e+01
    endloop
  endfacet
  facet normal 1.564345e-01 -9.876883e-01 1.017422e-16
    outer loop
      vertex   5.280681e+01 2.179501e+01 -1.000000e+01
      vertex   5.280681e+01 2.179501e+01 1.185000e+01
      vertex   5.141113e+01 2.157395e+01 -1.000000e+01
    endloop
  endfacet
  facet normal 1.564345e-01 -9.876883e-01 0.000000e+00
    outer loop
      vertex   5.141113e+01 2.157395e+01 -1.000000e+01
      vertex   5.280681e+01 2.179501e+01 1.185000e+01
      vertex   5.141113e+01 2.157395e+01 1.185000e+01
    endloop
  endfacet
  facet normal 5.233596e-02 -9.986295e-01 0.000000e+00
    outer loop
      vertex   5.141113e+01 2.157395e+01 -1.000000e+01
      vertex   5.141113e+01 2.157395e+01 1.185000e+01
      vertex   5.000000e+01 2.150000e+01 -1.000000e+01
    endloop
  endfacet
  facet normal 5.233596e-02 -9.986295e-01 0.000000e+00
    outer loop
      vertex   5.000000e+01 2.150000e+01 -1.000000e+01
      vertex   5.141113e+01 2.157395e+01 1.185000e+01
      vertex   5.000000e+01 2.150000e+01 1.185000e+01
    endloop
  endfacet
  facet normal -5.233596e-02 -9.986295e-01 0.000000e+00
    outer loop
      vertex   5.000000e+01 2.150000e+01 -1.000000e+01
      vertex   5.000000e+01 2.150000e+01 1.185000e+01
      vertex   4.858887e+01 2.157395e+01 -1.000000e+01
    endloop
  endfacet
  facet normal -5.233596e-02 -9.986295e-01 -1.701919e-17
    outer loop
      vertex   4.858887e+01 2.157395e+01 -1.000000e+01
      vertex   5.000000e+01 2.150000e+01 1.185000e+01
      vertex   4.858887e+01 2.157395e+01 1.185000e+01
    endloop
  endfacet
  facet normal -1.564345e-01 -9.876883e-01 -5.087111e-17
    outer loop
      vertex   4.858887e+01 2.157395e+01 -1.000000e+01
      vertex   4.858887e+01 2.157395e+01 1.185000e+01
      vertex   4.719319e+01 2.179501e+01 -1.000000e+01
    endloop
  endfacet
  facet normal -1.564345e-01 -9.876883e-01 0.000000e+00
    outer loop
      vertex   4.719319e+01 2.179501e+01 -1.000000e+01
      vertex   4.858887e+01 2.157395e+01 1.185000e+01
      vertex   4.719319e+01 2.179501e+01 1.185000e+01
    endloop
  endfacet
  facet normal -2.588190e-01 -9.659258e-01 0.000000e+00
    outer loop
      vertex   4.719319e+01 2.179501e+01 -1.000000e+01
      vertex   4.719319e+01 2.179501e+01 1.185000e+01
      vertex   4.582827e+01 2.216074e+01 -1.000000e+01
    endloop
  endfacet
  facet normal -2.588190e-01 -9.659258e-01 0.000000e+00
    outer loop
      vertex   4.582827e+01 2.216074e+01 -1.000000e+01
      vertex   4.719319e+01 2.179501e+01 1.185000e+01
      vertex   4.582827e+01 2.216074e+01 1.185000e+01
    endloop
  endfacet
  facet normal -3.583679e-01 -9.335804e-01 0.000000e+00
    outer loop
      vertex   4.582827e+01 2.216074e+01 -1.000000e+01
      vertex   4.582827e+01 2.216074e+01 1.185000e+01
      vertex   4.450906e+01 2.266714e+01 -1.000000e+01
    endloop
  endfacet
  facet normal -3.583679e-01 -9.335804e-01 0.000000e+00
    outer loop
      vertex   4.450906e+01 2.266714e+01 -1.000000e+01
      vertex   4.582827e+01 2.216074e+01 1.185000e+01
      vertex   4.450906e+01 2.266714e+01 1.185000e+01
    endloop
  endfacet
  facet normal -4.539905e-01 -8.910065e-01 0.000000e+00
    outer loop
      vertex   4.450906e+01 2.266714e+01 -1.000000e+01
      vertex   4.450906e+01 2.266714e+01 1.185000e+01
      vertex   4.325000e+01 2.330866e+01 -1.000000e+01
    endloop
  endfacet
  facet normal -4.539905e-01 -8.910065e-01 0.000000e+00
    outer loop
      vertex   4.325000e+01 2.330866e+01 -1.000000e+01
      vertex   4.450906e+01 2.266714e+01 1.185000e+01
      vertex   4.325000e+01 2.330866e+01 1.185000e+01
    endloop
  endfacet
  facet normal -5.446390e-01 -8.386706e-01 0.000000e+00
    outer loop
      vertex   4.325000e+01 2.330866e+01 -1.000000e+01
      vertex   4.325000e+01 2.330866e+01 1.185000e+01
      vertex   4.206490e+01 2.407827e+01 -1.000000e+01
    endloop
  endfacet
  facet normal -5.446390e-01 -8.386706e-01 0.000000e+00
    outer loop
      vertex   4.206490e+01 2.407827e+01 -1.000000e+01
      vertex   4.325000e+01 2.330866e+01 1.185000e+01
      vertex   4.206490e+01 2.407827e+01 1.185000e+01
    endloop
  endfacet
  facet normal -6.293204e-01 -7.771460e-01 0.000000e+00
    outer loop
      vertex   4.206490e+01 2.407827e+01 -1.000000e+01
      vertex   4.206490e+01 2.407827e+01 1.185000e+01
      vertex   4.096674e+01 2.496754e+01 -1.000000e+01
    endloop
  endfacet
  facet normal -6.293204e-01 -7.771460e-01 0.000000e+00
    outer loop
      vertex   4.096674e+01 2.496754e+01 -1.000000e+01
      vertex   4.206490e+01 2.407827e+01 1.185000e+01
      vertex   4.096674e+01 2.496754e+01 1.185000e+01
    endloop
  endfacet
  facet normal -7.071068e-01 -7.071068e-01 0.000000e+00
    outer loop
      vertex   4.096674e+01 2.496754e+01 -1.000000e+01
      vertex   4.096674e+01 2.496754e+01 1.185000e+01
      vertex   3.996754e+01 2.596674e+01 -1.000000e+01
    endloop
  endfacet
  facet normal -7.071068e-01 -7.071068e-01 1.149724e-16
    outer loop
      vertex   3.996754e+01 2.596674e+01 -1.000000e+01
      vertex   4.096674e+01 2.496754e+01 1.185000e+01
      vertex   3.996754e+01 2.596674e+01 1.185000e+01
    endloop
  endfacet
  facet normal -7.771460e-01 -6.293204e-01 1.023247e-16
    outer loop
      vertex   3.996754e+01 2.596674e+01 -1.000000e+01
      vertex   3.996754e+01 2.596674e+01 1.185000e+01
      vertex   3.907827e+01 2.706490e+01 -1.000000e+01
    endloop
  endfacet
  facet normal -7.771460e-01 -6.293204e-01 0.000000e+00
    outer loop
      vertex   3.907827e+01 2.706490e+01 -1.000000e+01
      vertex   3.996754e+01 2.596674e+01 1.185000e+01
      vertex   3.907827e+01 2.706490e+01 1.185000e+01
    endloop
  endfacet
  facet normal -8.386706e-01 -5.446390e-01 0.000000e+00
    outer loop
      vertex   3.907827e+01 2.706490e+01 -1.000000e+01
      vertex   3.907827e+01 2.706490e+01 1.185000e+01
      vertex   3.830866e+01 2.825000e+01 -1.000000e+01
    endloop
  endfacet
  facet normal -8.386706e-01 -5.446390e-01 0.000000e+00
    outer loop
      vertex   3.830866e+01 2.825000e+01 -1.000000e+01
      vertex   3.907827e+01 2.706490e+01 1.185000e+01
      vertex   3.830866e+01 2.825000e+01 1.185000e+01
    endloop
  endfacet
  facet normal -8.910065e-01 -4.539905e-01 0.000000e+00
    outer loop
      vertex   3.830866e+01 2.825000e+01 -1.000000e+01
      vertex   3.830866e+01 2.825000e+01 1.185000e+01
      vertex   3.766714e+01 2.950906e+01 -1.000000e+01
    endloop
  endfacet
  facet normal -8.910065e-01 -4.539905e-01 0.000000e+00
    outer loop
      vertex   3.766714e+01 2.950906e+01 -1.000000e+01
      vertex   3.830866e+01 2.825000e+01 1.185000e+01
      vertex   3.766714e+01 2.950906e+01 1.185000e+01
    endloop
  endfacet
  facet normal -9.335804e-01 -3.583679e-01 0.000000e+00
    outer loop
      vertex   3.766714e+01 2.950906e+01 -1.000000e+01
      vertex   3.766714e+01 2.950906e+01 1.185000e+01
      vertex   3.716074e+01 3.082827e+01 -1.000000e+01
    endloop
  endfacet
  facet normal -9.335804e-01 -3.583679e-01 0.000000e+00
    outer loop
      vertex   3.716074e+01 3.082827e+01 -1.000000e+01
      vertex   3.766714e+01 2.950906e+01 1.185000e+01
      vertex   3.716074e+01 3.082827e+01 1.185000e+01
    endloop
  endfacet
  facet normal -9.659258e-01 -2.588190e-01 0.000000e+00
    outer loop
      vertex   3.716074e+01 3.082827e+01 -1.000000e+01
      vertex   3.716074e+01 3.082827e+01 1.185000e+01
      vertex   3.679501e+01 3.219319e+01 -1.000000e+01
    endloop
  endfacet
  facet normal -9.659258e-01 -2.588190e-01 0.000000e+00
    outer loop
      vertex   3.679501e+01 3.219319e+01 -1.000000e+01
      vertex   3.716074e+01 3.082827e+01 1.185000e+01
      vertex   3.679501e+01 3.219319e+01 1.185000e+01
    endloop
  endfacet
  facet normal -9.876883e-01 -1.564345e-01 0.000000e+00
    outer loop
      vertex   3.679501e+01 3.219319e+01 -1.000000e+01
      vertex   3.679501e+01 3.219319e+01 1.185000e+01
      vertex   3.657395e+01 3.358887e+01 -1.000000e+01
    endloop
  endfacet
  facet normal -9.876883e-01 -1.564345e-01 0.000000e+00
    outer loop
      vertex   3.657395e+01 3.358887e+01 -1.000000e+01
      vertex   3.679501e+01 3.219319e+01 1.185000e+01
      vertex   3.657395e+01 3.358887e+01 1.185000e+01
    endloop
  endfacet
  facet normal -9.986295e-01 5.233596e-02 0.000000e+00
    outer loop
      vertex   3.657395e+01 3.641113e+01 3.370000e+01
      vertex   3.657395e+01 3.641113e+01 1.185000e+01
      vertex   3.650000e+01 3.500000e+01 3.370000e+01
    endloop
  endfacet
  facet normal -9.986295e-01 5.233596e-02 0.000000e+00
    outer loop
      vertex   3.650000e+01 3.500000e+01 3.370000e+01
      vertex   3.657395e+01 3.641113e+01 1.185000e+01
      vertex   3.650000e+01 3.500000e+01 1.185000e+01
    endloop
  endfacet
  facet normal -9.986295e-01 -5.233596e-02 -0.000000e+00
    outer loop
      vertex   3.650000e+01 3.500000e+01 3.370000e+01
      vertex   3.650000e+01 3.500000e+01 1.185000e+01
      vertex   3.657395e+01 3.358887e+01 3.370000e+01
    endloop
  endfacet
  facet normal -9.986295e-01 -5.233596e-02 -0.000000e+00
    outer loop
      vertex   3.657395e+01 3.358887e+01 3.370000e+01
      vertex   3.650000e+01 3.500000e+01 1.185000e+01
      vertex   3.657395e+01 3.358887e+01 1.185000e+01
    endloop
  endfacet
  facet normal -9.876883e-01 -1.564345e-01 -0.000000e+00
    outer loop
      vertex   3.657395e+01 3.358887e+01 3.370000e+01
      vertex   3.657395e+01 3.358887e+01 1.185000e+01
      vertex   3.679501e+01 3.219319e+01 3.370000e+01
    endloop
  endfacet
  facet normal -9.876883e-01 -1.564345e-01 -2.194453e-16
    outer loop
      vertex   3.679501e+01 3.219319e+01 3.370000e+01
      vertex   3.657395e+01 3.358887e+01 1.185000e+01
      vertex   3.679501e+01 3.219319e+01 1.185000e+01
    endloop
  endfacet
  facet normal -9.659258e-01 -2.588190e-01 -1.457792e-16
    outer loop
      vertex   3.679501e+01 3.219319e+01 3.370000e+01
      vertex   3.679501e+01 3.219319e+01 1.185000e+01
      vertex   3.716074e+01 3.082827e+01 3.370000e+01
    endloop
  endfacet
  facet normal -9.659258e-01 -2.588190e-01 -0.000000e+00
    outer loop
      vertex   3.716074e+01 3.082827e+01 3.370000e+01
      vertex   3.679501e+01 3.219319e+01 1.185000e+01
      vertex   3.716074e+01 3.082827e+01 1.185000e+01
    endloop
  endfacet
  facet normal -9.335804e-01 -3.583679e-01 -0.000000e+00
    outer loop
      vertex   3.716074e+01 3.082827e+01 3.370000e+01
      vertex   3.716074e+01 3.082827e+01 1.185000e+01
      vertex   3.766714e+01 2.950906e+01 3.370000e+01
    endloop
  endfacet
  facet normal -9.335804e-01 -3.583679e-01 -1.870540e-16
    outer loop
      vertex   3.766714e+01 2.950906e+01 3.370000e+01
      vertex   3.716074e+01 3.082827e+01 1.185000e+01
      vertex   3.766714e+01 2.950906e+01 1.185000e+01
    endloop
  endfacet
  facet normal -8.910065e-01 -4.539905e-01 -1.421138e-16
    outer loop
      vertex   3.766714e+01 2.950906e+01 3.370000e+01
      vertex   3.766714e+01 2.950906e+01 1.185000e+01
      vertex   3.830866e+01 2.825000e+01 3.370000e+01
    endloop
  endfacet
  facet normal -8.910065e-01 -4.539905e-01 -2.159306e-16
    outer loop
      vertex   3.830866e+01 2.825000e+01 3.370000e+01
      vertex   3.766714e+01 2.950906e+01 1.185000e+01
      vertex   3.830866e+01 2.825000e+01 1.185000e+01
    endloop
  endfacet
  facet normal -8.386706e-01 -5.446390e-01 -1.841724e-16
    outer loop
      vertex   3.830866e+01 2.825000e+01 3.370000e+01
      vertex   3.830866e+01 2.825000e+01 1.185000e+01
      vertex   3.907827e+01 2.706490e+01 3.370000e+01
    endloop
  endfacet
  facet normal -8.386706e-01 -5.446390e-01 -0.000000e+00
    outer loop
      vertex   3.907827e+01 2.706490e+01 3.370000e+01
      vertex   3.830866e+01 2.825000e+01 1.185000e+01
      vertex   3.907827e+01 2.706490e+01 1.185000e+01
    endloop
  endfacet
  facet normal -7.771460e-01 -6.293204e-01 -0.000000e+00
    outer loop
      vertex   3.907827e+01 2.706490e+01 3.370000e+01
      vertex   3.907827e+01 2.706490e+01 1.185000e+01
      vertex   3.996754e+01 2.596674e+01 3.370000e+01
    endloop
  endfacet
  facet normal -7.771460e-01 -6.293204e-01 -1.503963e-16
    outer loop
      vertex   3.996754e+01 2.596674e+01 3.370000e+01
      vertex   3.907827e+01 2.706490e+01 1.185000e+01
      vertex   3.996754e+01 2.596674e+01 1.185000e+01
    endloop
  endfacet
  facet normal -7.071068e-01 -7.071068e-01 -1.149724e-16
    outer loop
      vertex   3.996754e+01 2.596674e+01 3.370000e+01
      vertex   3.996754e+01 2.596674e+01 1.185000e+01
      vertex   4.096674e+01 2.496754e+01 3.370000e+01
    endloop
  endfacet
  facet normal -7.071068e-01 -7.071068e-01 -0.000000e+00
    outer loop
      vertex   4.096674e+01 2.496754e+01 3.370000e+01
      vertex   3.996754e+01 2.596674e+01 1.185000e+01
      vertex   4.096674e+01 2.496754e+01 1.185000e+01
    endloop
  endfacet
  facet normal -6.293204e-01 -7.771460e-01 -0.000000e+00
    outer loop
      vertex   4.096674e+01 2.496754e+01 3.370000e+01
      vertex   4.096674e+01 2.496754e+01 1.185000e+01
      vertex   4.206490e+01 2.407827e+01 3.370000e+01
    endloop
  endfacet
  facet normal -6.293204e-01 -7.771460e-01 -0.000000e+00
    outer loop
      vertex   4.206490e+01 2.407827e+01 3.370000e+01
      vertex   4.096674e+01 2.496754e+01 1.185000e+01
      vertex   4.206490e+01 2.407827e+01 1.185000e+01
    endloop
  endfacet
  facet normal -5.446390e-01 -8.386706e-01 -0.000000e+00
    outer loop
      vertex   4.206490e+01 2.407827e+01 3.370000e+01
      vertex   4.206490e+01 2.407827e+01 1.185000e+01
      vertex   4.325000e+01 2.330866e+01 3.370000e+01
    endloop
  endfacet
  facet normal -5.446390e-01 -8.386706e-01 -2.178595e-16
    outer loop
      vertex   4.325000e+01 2.330866e+01 3.370000e+01
      vertex   4.206490e+01 2.407827e+01 1.185000e+01
      vertex   4.325000e+01 2.330866e+01 1.185000e+01
    endloop
  endfacet
  facet normal -4.539905e-01 -8.910065e-01 -1.503937e-16
    outer loop
      vertex   4.325000e+01 2.330866e+01 3.370000e+01
      vertex   4.325000e+01 2.330866e+01 1.185000e+01
      vertex   4.450906e+01 2.266714e+01 3.370000e+01
    endloop
  endfacet
  facet normal -4.539905e-01 -8.910065e-01 -2.759975e-18
    outer loop
      vertex   4.450906e+01 2.266714e+01 3.370000e+01
      vertex   4.325000e+01 2.330866e+01 1.185000e+01
      vertex   4.450906e+01 2.266714e+01 1.185000e+01
    endloop
  endfacet
  facet normal -3.583679e-01 -9.335804e-01 3.525796e-17
    outer loop
      vertex   4.450906e+01 2.266714e+01 3.370000e+01
      vertex   4.450906e+01 2.266714e+01 1.185000e+01
      vertex   4.582827e+01 2.216074e+01 3.370000e+01
    endloop
  endfacet
  facet normal -3.583679e-01 -9.335804e-01 -0.000000e+00
    outer loop
      vertex   4.582827e+01 2.216074e+01 3.370000e+01
      vertex   4.450906e+01 2.266714e+01 1.185000e+01
      vertex   4.582827e+01 2.216074e+01 1.185000e+01
    endloop
  endfacet
  facet normal -2.588190e-01 -9.659258e-01 -0.000000e+00
    outer loop
      vertex   4.582827e+01 2.216074e+01 3.370000e+01
      vertex   4.582827e+01 2.216074e+01 1.185000e+01
      vertex   4.719319e+01 2.179501e+01 3.370000e+01
    endloop
  endfacet
  facet normal -2.588190e-01 -9.659258e-01 -8.416567e-17
    outer loop
      vertex   4.719319e+01 2.179501e+01 3.370000e+01
      vertex   4.582827e+01 2.216074e+01 1.185000e+01
      vertex   4.719319e+01 2.179501e+01 1.185000e+01
    endloop
  endfacet
  facet normal -1.564345e-01 -9.876883e-01 -5.087111e-17
    outer loop
      vertex   4.719319e+01 2.179501e+01 3.370000e+01
      vertex   4.719319e+01 2.179501e+01 1.185000e+01
      vertex   4.858887e+01 2.157395e+01 3.370000e+01
    endloop
  endfacet
  facet normal -1.564345e-01 -9.876883e-01 -0.000000e+00
    outer loop
      vertex   4.858887e+01 2.157395e+01 3.370000e+01
      vertex   4.719319e+01 2.179501e+01 1.185000e+01
      vertex   4.858887e+01 2.157395e+01 1.185000e+01
    endloop
  endfacet
  facet normal -5.233596e-02 -9.986295e-01 -0.000000e+00
    outer loop
      vertex   4.858887e+01 2.157395e+01 3.370000e+01
      vertex   4.858887e+01 2.157395e+01 1.185000e+01
      vertex   5.000000e+01 2.150000e+01 3.370000e+01
    endloop
  endfacet
  facet normal -5.233596e-02 -9.986295e-01 -0.000000e+00
    outer loop
      vertex   5.000000e+01 2.150000e+01 3.370000e+01
      vertex   4.858887e+01 2.157395e+01 1.185000e+01
      vertex   5.000000e+01 2.150000e+01 1.185000e+01
    endloop
  endfacet
  facet normal 5.233596e-02 -9.986295e-01 0.000000e+00
    outer loop
      vertex   5.000000e+01 2.150000e+01 3.370000e+01
      vertex   5.000000e+01 2.150000e+01 1.185000e+01
      vertex   5.141113e+01 2.157395e+01 3.370000e+01
    endloop
  endfacet
  facet normal 5.233596e-02 -9.986295e-01 1.701919e-17
    outer loop
      vertex   5.141113e+01 2.157395e+01 3.370000e+01
      vertex   5.000000e+01 2.150000e+01 1.185000e+01
      vertex   5.141113e+01 2.157395e+01 1.185000e+01
    endloop
  endfacet
  facet normal 1.564345e-01 -9.876883e-01 5.087111e-17
    outer loop
      vertex   5.141113e+01 2.157395e+01 3.370000e+01
      vertex   5.141113e+01 2.157395e+01 1.185000e+01
      vertex   5.280681e+01 2.179501e+01 3.370000e+01
    endloop
  endfacet
  facet normal 1.564345e-01 -9.876883e-01 -1.605938e-16
    outer loop
      vertex   5.280681e+01 2.179501e+01 3.370000e+01
      vertex   5.141113e+01 2.157395e+01 1.185000e+01
      vertex   5.280681e+01 2.179501e+01 1.185000e+01
    endloop
  endfacet
  facet normal 2.588190e-01 -9.659258e-01 -1.570553e-16
    outer loop
      vertex   5.280681e+01 2.179501e+01 3.370000e+01
      vertex   5.280681e+01 2.179501e+01 1.185000e+01
      vertex   5.417173e+01 2.216074e+01 3.370000e+01
    endloop
  endfacet
  facet normal 2.588190e-01 -9.659258e-01 0.000000e+00
    outer loop
      vertex   5.417173e+01 2.216074e+01 3.370000e+01
      vertex   5.280681e+01 2.179501e+01 1.185000e+01
      vertex   5.417173e+01 2.216074e+01 1.185000e+01
    endloop
  endfacet
  facet normal 3.583679e-01 -9.335804e-01 0.000000e+00
    outer loop
      vertex   5.417173e+01 2.216074e+01 3.370000e+01
      vertex   5.417173e+01 2.216074e+01 1.185000e+01
      vertex   5.549094e+01 2.266714e+01 3.370000e+01
    endloop
  endfacet
  facet normal 3.583679e-01 -9.335804e-01 -7.051593e-17
    outer loop
      vertex   5.549094e+01 2.266714e+01 3.370000e+01
      vertex   5.417173e+01 2.216074e+01 1.185000e+01
      vertex   5.549094e+01 2.266714e+01 1.185000e+01
    endloop
  endfacet
  facet normal 4.539905e-01 -8.910065e-01 5.519950e-18
    outer loop
      vertex   5.549094e+01 2.266714e+01 3.370000e+01
      vertex   5.549094e+01 2.266714e+01 1.185000e+01
      vertex   5.675000e+01 2.330866e+01 3.370000e+01
    endloop
  endfacet
  facet normal 4.539905e-01 -8.910065e-01 -1.421138e-16
    outer loop
      vertex   5.675000e+01 2.330866e+01 3.370000e+01
      vertex   5.549094e+01 2.266714e+01 1.185000e+01
      vertex   5.675000e+01 2.330866e+01 1.185000e+01
    endloop
  endfacet
  facet normal 5.446390e-01 -8.386706e-01 -9.561646e-17
    outer loop
      vertex   5.675000e+01 2.330866e+01 3.370000e+01
      vertex   5.675000e+01 2.330866e+01 1.185000e+01
      vertex   5.793510e+01 2.407827e+01 3.370000e+01
    endloop
  endfacet
  facet normal 5.446390e-01 -8.386706e-01 0.000000e+00
    outer loop
      vertex   5.793510e+01 2.407827e+01 3.370000e+01
      vertex   5.675000e+01 2.330866e+01 1.185000e+01
      vertex   5.793510e+01 2.407827e+01 1.185000e+01
    endloop
  endfacet
  facet normal 6.293204e-01 -7.771460e-01 0.000000e+00
    outer loop
      vertex   5.793510e+01 2.407827e+01 3.370000e+01
      vertex   5.793510e+01 2.407827e+01 1.185000e+01
      vertex   5.903326e+01 2.496754e+01 3.370000e+01
    endloop
  endfacet
  facet normal 6.293204e-01 -7.771460e-01 0.000000e+00
    outer loop
      vertex   5.903326e+01 2.496754e+01 3.370000e+01
      vertex   5.793510e+01 2.407827e+01 1.185000e+01
      vertex   5.903326e+01 2.496754e+01 1.185000e+01
    endloop
  endfacet
  facet normal 7.071068e-01 -7.071068e-01 0.000000e+00
    outer loop
      vertex   5.903326e+01 2.496754e+01 3.370000e+01
      vertex   5.903326e+01 2.496754e+01 1.185000e+01
      vertex   6.003246e+01 2.596674e+01 3.370000e+01
    endloop
  endfacet
  facet normal 7.071068e-01 -7.071068e-01 0.000000e+00
    outer loop
      vertex   6.003246e+01 2.596674e+01 3.370000e+01
      vertex   5.903326e+01 2.496754e+01 1.185000e+01
      vertex   6.003246e+01 2.596674e+01 1.185000e+01
    endloop
  endfacet
  facet normal 7.771460e-01 -6.293204e-01 0.000000e+00
    outer loop
      vertex   6.003246e+01 2.596674e+01 3.370000e+01
      vertex   6.003246e+01 2.596674e+01 1.185000e+01
      vertex   6.092173e+01 2.706490e+01 3.370000e+01
    endloop
  endfacet
  facet normal 7.771460e-01 -6.293204e-01 0.000000e+00
    outer loop
      vertex   6.092173e+01 2.706490e+01 3.370000e+01
      vertex   6.003246e+01 2.596674e+01 1.185000e+01
      vertex   6.092173e+01 2.706490e+01 1.185000e+01
    endloop
  endfacet
  facet normal 8.386706e-01 -5.446390e-01 0.000000e+00
    outer loop
      vertex   6.092173e+01 2.706490e+01 3.370000e+01
      vertex   6.092173e+01 2.706490e+01 1.185000e+01
      vertex   6.169134e+01 2.825000e+01 3.370000e+01
    endloop
  endfacet
  facet normal 8.386706e-01 -5.446390e-01 0.000000e+00
    outer loop
      vertex   6.169134e+01 2.825000e+01 3.370000e+01
      vertex   6.092173e+01 2.706490e+01 1.185000e+01
      vertex   6.169134e+01 2.825000e+01 1.185000e+01
    endloop
  endfacet
  facet normal 8.910065e-01 -4.539905e-01 0.000000e+00
    outer loop
      vertex   6.169134e+01 2.825000e+01 3.370000e+01
      vertex   6.169134e+01 2.825000e+01 1.185000e+01
      vertex   6.233286e+01 2.950906e+01 3.370000e+01
    endloop
  endfacet
  facet normal 8.910065e-01 -4.539905e-01 -7.381685e-17
    outer loop
      vertex   6.233286e+01 2.950906e+01 3.370000e+01
      vertex   6.169134e+01 2.825000e+01 1.185000e+01
      vertex   6.233286e+01 2.950906e+01 1.185000e+01
    endloop
  endfacet
  facet normal 9.335804e-01 -3.583679e-01 -5.826905e-17
    outer loop
      vertex   6.233286e+01 2.950906e+01 3.370000e+01
      vertex   6.233286e+01 2.950906e+01 1.185000e+01
      vertex   6.283926e+01 3.082827e+01 3.370000e+01
    endloop
  endfacet
  facet normal 9.335804e-01 -3.583679e-01 0.000000e+00
    outer loop
      vertex   6.283926e+01 3.082827e+01 3.370000e+01
      vertex   6.233286e+01 2.950906e+01 1.185000e+01
      vertex   6.283926e+01 3.082827e+01 1.185000e+01
    endloop
  endfacet
  facet normal 9.659258e-01 -2.588190e-01 0.000000e+00
    outer loop
      vertex   6.283926e+01 3.082827e+01 3.370000e+01
      vertex   6.283926e+01 3.082827e+01 1.185000e+01
      vertex   6.320499e+01 3.219319e+01 3.370000e+01
    endloop
  endfacet
  facet normal 9.659258e-01 -2.588190e-01 0.000000e+00
    outer loop
      vertex   6.320499e+01 3.219319e+01 3.370000e+01
      vertex   6.283926e+01 3.082827e+01 1.185000e+01
      vertex   6.320499e+01 3.219319e+01 1.185000e+01
    endloop
  endfacet
  facet normal 9.876883e-01 -1.564345e-01 0.000000e+00
    outer loop
      vertex   6.320499e+01 3.219319e+01 3.370000e+01
      vertex   6.320499e+01 3.219319e+01 1.185000e+01
      vertex   6.342605e+01 3.358887e+01 3.370000e+01
    endloop
  endfacet
  facet normal 9.876883e-01 -1.564345e-01 0.000000e+00
    outer loop
      vertex   6.342605e+01 3.358887e+01 3.370000e+01
      vertex   6.320499e+01 3.219319e+01 1.185000e+01
      vertex   6.342605e+01 3.358887e+01 1.185000e+01
    endloop
  endfacet
  facet normal 9.986295e-01 -5.233596e-02 0.000000e+00
    outer loop
      vertex   6.342605e+01 3.358887e+01 3.370000e+01
      vertex   6.342605e+01 3.358887e+01 1.185000e+01
      vertex   6.350000e+01 3.500000e+01 3.370000e+01
    endloop
  endfacet
  facet normal 9.986295e-01 -5.233596e-02 0.000000e+00
    outer loop
      vertex   6.350000e+01 3.500000e+01 3.370000e+01
      vertex   6.342605e+01 3.358887e+01 1.185000e+01
      vertex   6.350000e+01 3.500000e+01 1.185000e+01
    endloop
  endfacet
  facet normal 9.986295e-01 5.233596e-02 0.000000e+00
    outer loop
      vertex   6.350000e+01 3.500000e+01 3.370000e+01
      vertex   6.350000e+01 3.500000e+01 1.185000e+01
      vertex   6.342605e+01 3.641113e+01 3.370000e+01
    endloop
  endfacet
  facet normal 9.986295e-01 5.233596e-02 0.000000e+00
    outer loop
      vertex   6.342605e+01 3.641113e+01 3.370000e+01
      vertex   6.350000e+01 3.500000e+01 1.185000e+01
      vertex   6.342605e+01 3.641113e+01 1.185000e+01
    endloop
  endfacet
  facet normal 9.876883e-01 1.564345e-01 0.000000e+00
    outer loop
      vertex   6.342605e+01 3.641113e+01 3.370000e+01
      vertex   6.342605e+01 3.641113e+01 1.185000e+01
      vertex   6.320499e+01 3.780681e+01 3.370000e+01
    endloop
  endfacet
  facet normal 9.876883e-01 1.564345e-01 5.087111e-17
    outer loop
      vertex   6.320499e+01 3.780681e+01 3.370000e+01
      vertex   6.342605e+01 3.641113e+01 1.185000e+01
      vertex   6.320499e+01 3.780681e+01 1.185000e+01
    endloop
  endfacet
  facet normal 9.659258e-01 2.588190e-01 8.416567e-17
    outer loop
      vertex   6.320499e+01 3.780681e+01 3.370000e+01
      vertex   6.320499e+01 3.780681e+01 1.185000e+01
      vertex   6.283926e+01 3.917173e+01 3.370000e+01
    endloop
  endfacet
  facet normal 9.659258e-01 2.588190e-01 0.000000e+00
    outer loop
      vertex   6.283926e+01 3.917173e+01 3.370000e+01
      vertex   6.320499e+01 3.780681e+01 1.185000e+01
      vertex   6.283926e+01 3.917173e+01 1.185000e+01
    endloop
  endfacet
  facet normal 9.335804e-01 3.583679e-01 0.000000e+00
    outer loop
      vertex   6.283926e+01 3.917173e+01 3.370000e+01
      vertex   6.283926e+01 3.917173e+01 1.185000e+01
      vertex   6.233286e+01 4.049094e+01 3.370000e+01
    endloop
  endfacet
  facet normal 9.335804e-01 3.583679e-01 0.000000e+00
    outer loop
      vertex   6.233286e+01 4.049094e+01 3.370000e+01
      vertex   6.283926e+01 3.917173e+01 1.185000e+01
      vertex   6.233286e+01 4.049094e+01 1.185000e+01
    endloop
  endfacet
  facet normal 8.910065e-01 4.539905e-01 0.000000e+00
    outer loop
      vertex   6.233286e+01 4.049094e+01 3.370000e+01
      vertex   6.233286e+01 4.049094e+01 1.185000e+01
      vertex   6.169134e+01 4.175000e+01 3.370000e+01
    endloop
  endfacet
  facet normal 8.910065e-01 4.539905e-01 0.000000e+00
    outer loop
      vertex   6.169134e+01 4.175000e+01 3.370000e+01
      vertex   6.233286e+01 4.049094e+01 1.185000e+01
      vertex   6.169134e+01 4.175000e+01 1.185000e+01
    endloop
  endfacet
  facet normal 8.386706e-01 5.446390e-01 0.000000e+00
    outer loop
      vertex   6.169134e+01 4.175000e+01 3.370000e+01
      vertex   6.169134e+01 4.175000e+01 1.185000e+01
      vertex   6.092173e+01 4.293510e+01 3.370000e+01
    endloop
  endfacet
  facet normal 8.386706e-01 5.446390e-01 0.000000e+00
    outer loop
      vertex   6.092173e+01 4.293510e+01 3.370000e+01
      vertex   6.169134e+01 4.175000e+01 1.185000e+01
      vertex   6.092173e+01 4.293510e+01 1.185000e+01
    endloop
  endfacet
  facet normal 7.771460e-01 6.293204e-01 0.000000e+00
    outer loop
      vertex   6.092173e+01 4.293510e+01 3.370000e+01
      vertex   6.092173e+01 4.293510e+01 1.185000e+01
      vertex   6.003246e+01 4.403326e+01 3.370000e+01
    endloop
  endfacet
  facet normal 7.771460e-01 6.293204e-01 0.000000e+00
    outer loop
      vertex   6.003246e+01 4.403326e+01 3.370000e+01
      vertex   6.092173e+01 4.293510e+01 1.185000e+01
      vertex   6.003246e+01 4.403326e+01 1.185000e+01
    endloop
  endfacet
  facet normal 7.071068e-01 7.071068e-01 0.000000e+00
    outer loop
      vertex   6.003246e+01 4.403326e+01 3.370000e+01
      vertex   6.003246e+01 4.403326e+01 1.185000e+01
      vertex   5.903326e+01 4.503246e+01 3.370000e+01
    endloop
  endfacet
  facet normal 7.071068e-01 7.071068e-01 0.000000e+00
    outer loop
      vertex   5.903326e+01 4.503246e+01 3.370000e+01
      vertex   6.003246e+01 4.403326e+01 1.185000e+01
      vertex   5.903326e+01 4.503246e+01 1.185000e+01
    endloop
  endfacet
  facet normal 6.293204e-01 7.771460e-01 0.000000e+00
    outer loop
      vertex   5.903326e+01 4.503246e+01 3.370000e+01
      vertex   5.903326e+01 4.503246e+01 1.185000e+01
      vertex   5.793510e+01 4.592173e+01 3.370000e+01
    endloop
  endfacet
  facet normal 6.293204e-01 7.771460e-01 0.000000e+00
    outer loop
      vertex   5.793510e+01 4.592173e+01 3.370000e+01
      vertex   5.903326e+01 4.503246e+01 1.185000e+01
      vertex   5.793510e+01 4.592173e+01 1.185000e+01
    endloop
  endfacet
  facet normal 5.446390e-01 8.386706e-01 0.000000e+00
    outer loop
      vertex   5.793510e+01 4.592173e+01 3.370000e+01
      vertex   5.793510e+01 4.592173e+01 1.185000e+01
      vertex   5.675000e+01 4.669134e+01 3.370000e+01
    endloop
  endfacet
  facet normal 5.446390e-01 8.386706e-01 0.000000e+00
    outer loop
      vertex   5.675000e+01 4.669134e+01 3.370000e+01
      vertex   5.793510e+01 4.592173e+01 1.185000e+01
      vertex   5.675000e+01 4.669134e+01 1.185000e+01
    endloop
  endfacet
  facet normal 4.539905e-01 8.910065e-01 0.000000e+00
    outer loop
      vertex   5.675000e+01 4.669134e+01 3.370000e+01
      vertex   5.675000e+01 4.669134e+01 1.185000e+01
      vertex   5.549094e+01 4.733286e+01 3.370000e+01
    endloop
  endfacet
  facet normal 4.539905e-01 8.910065e-01 0.000000e+00
    outer loop
      vertex   5.549094e+01 4.733286e+01 3.370000e+01
      vertex   5.675000e+01 4.669134e+01 1.185000e+01
      vertex   5.549094e+01 4.733286e+01 1.185000e+01
    endloop
  endfacet
  facet normal 3.583679e-01 9.335804e-01 0.000000e+00
    outer loop
      vertex   5.549094e+01 4.733286e+01 3.370000e+01
      vertex   5.549094e+01 4.733286e+01 1.185000e+01
      vertex   5.417173e+01 4.783926e+01 3.370000e+01
    endloop
  endfacet
  facet normal 3.583679e-01 9.335804e-01 0.000000e+00
    outer loop
      vertex   5.417173e+01 4.783926e+01 3.370000e+01
      vertex   5.549094e+01 4.733286e+01 1.185000e+01
      vertex   5.417173e+01 4.783926e+01 1.185000e+01
    endloop
  endfacet
  facet normal 2.588190e-01 9.659258e-01 0.000000e+00
    outer loop
      vertex   5.417173e+01 4.783926e+01 3.370000e+01
      vertex   5.417173e+01 4.783926e+01 1.185000e+01
      vertex   5.280681e+01 4.820499e+01 3.370000e+01
    endloop
  endfacet
  facet normal 2.588190e-01 9.659258e-01 0.000000e+00
    outer loop
      vertex   5.280681e+01 4.820499e+01 3.370000e+01
      vertex   5.417173e+01 4.783926e+01 1.185000e+01
      vertex   5.280681e+01 4.820499e+01 1.185000e+01
    endloop
  endfacet
  facet normal 1.564345e-01 9.876883e-01 0.000000e+00
    outer loop
      vertex   5.280681e+01 4.820499e+01 3.370000e+01
      vertex   5.280681e+01 4.820499e+01 1.185000e+01
      vertex   5.141113e+01 4.842605e+01 3.370000e+01
    endloop
  endfacet
  facet normal 1.564345e-01 9.876883e-01 0.000000e+00
    outer loop
      vertex   5.141113e+01 4.842605e+01 3.370000e+01
      vertex   5.280681e+01 4.820499e+01 1.185000e+01
      vertex   5.141113e+01 4.842605e+01 1.185000e+01
    endloop
  endfacet
  facet normal 5.233596e-02 9.986295e-01 0.000000e+00
    outer loop
      vertex   5.141113e+01 4.842605e+01 3.370000e+01
      vertex   5.141113e+01 4.842605e+01 1.185000e+01
      vertex   5.000000e+01 4.850000e+01 3.370000e+01
    endloop
  endfacet
  facet normal 5.233596e-02 9.986295e-01 0.000000e+00
    outer loop
      vertex   5.000000e+01 4.850000e+01 3.370000e+01
      vertex   5.141113e+01 4.842605e+01 1.185000e+01
      vertex   5.000000e+01 4.850000e+01 1.185000e+01
    endloop
  endfacet
  facet normal -5.233596e-02 9.986295e-01 0.000000e+00
    outer loop
      vertex   5.000000e+01 4.850000e+01 3.370000e+01
      vertex   5.000000e+01 4.850000e+01 1.185000e+01
      vertex   4.858887e+01 4.842605e+01 3.370000e+01
    endloop
  endfacet
  facet normal -5.233596e-02 9.986295e-01 1.701919e-17
    outer loop
      vertex   4.858887e+01 4.842605e+01 3.370000e+01
      vertex   5.000000e+01 4.850000e+01 1.185000e+01
      vertex   4.858887e+01 4.842605e+01 1.185000e+01
    endloop
  endfacet
  facet normal -1.564345e-01 9.876883e-01 5.087111e-17
    outer loop
      vertex   4.858887e+01 4.842605e+01 3.370000e+01
      vertex   4.858887e+01 4.842605e+01 1.185000e+01
      vertex   4.719319e+01 4.820499e+01 3.370000e+01
    endloop
  endfacet
  facet normal -1.564345e-01 9.876883e-01 0.000000e+00
    outer loop
      vertex   4.719319e+01 4.820499e+01 3.370000e+01
      vertex   4.858887e+01 4.842605e+01 1.185000e+01
      vertex   4.719319e+01 4.820499e+01 1.185000e+01
    endloop
  endfacet
  facet normal -2.588190e-01 9.659258e-01 0.000000e+00
    outer loop
      vertex   4.719319e+01 4.820499e+01 3.370000e+01
      vertex   4.719319e+01 4.820499e+01 1.185000e+01
      vertex   4.582827e+01 4.783926e+01 3.370000e+01
    endloop
  endfacet
  facet normal -2.588190e-01 9.659258e-01 0.000000e+00
    outer loop
      vertex   4.582827e+01 4.783926e+01 3.370000e+01
      vertex   4.719319e+01 4.820499e+01 1.185000e+01
      vertex   4.582827e+01 4.783926e+01 1.185000e+01
    endloop
  endfacet
  facet normal -3.583679e-01 9.335804e-01 0.000000e+00
    outer loop
      vertex   4.582827e+01 4.783926e+01 3.370000e+01
      vertex   4.582827e+01 4.783926e+01 1.185000e+01
      vertex   4.450906e+01 4.733286e+01 3.370000e+01
    endloop
  endfacet
  facet normal -3.583679e-01 9.335804e-01 0.000000e+00
    outer loop
      vertex   4.450906e+01 4.733286e+01 3.370000e+01
      vertex   4.582827e+01 4.783926e+01 1.185000e+01
      vertex   4.450906e+01 4.733286e+01 1.185000e+01
    endloop
  endfacet
  facet normal -4.539905e-01 8.910065e-01 0.000000e+00
    outer loop
      vertex   4.450906e+01 4.733286e+01 3.370000e+01
      vertex   4.450906e+01 4.733286e+01 1.185000e+01
      vertex   4.325000e+01 4.669134e+01 3.370000e+01
    endloop
  endfacet
  facet normal -4.539905e-01 8.910065e-01 0.000000e+00
    outer loop
      vertex   4.325000e+01 4.669134e+01 3.370000e+01
      vertex   4.450906e+01 4.733286e+01 1.185000e+01
      vertex   4.325000e+01 4.669134e+01 1.185000e+01
    endloop
  endfacet
  facet normal -5.446390e-01 8.386706e-01 0.000000e+00
    outer loop
      vertex   4.325000e+01 4.669134e+01 3.370000e+01
      vertex   4.325000e+01 4.669134e+01 1.185000e+01
      vertex   4.206490e+01 4.592173e+01 3.370000e+01
    endloop
  endfacet
  facet normal -5.446390e-01 8.386706e-01 0.000000e+00
    outer loop
      vertex   4.206490e+01 4.592173e+01 3.370000e+01
      vertex   4.325000e+01 4.669134e+01 1.185000e+01
      vertex   4.206490e+01 4.592173e+01 1.185000e+01
    endloop
  endfacet
  facet normal -6.293204e-01 7.771460e-01 0.000000e+00
    outer loop
      vertex   4.206490e+01 4.592173e+01 3.370000e+01
      vertex   4.206490e+01 4.592173e+01 1.185000e+01
      vertex   4.096674e+01 4.503246e+01 3.370000e+01
    endloop
  endfacet
  facet normal -6.293204e-01 7.771460e-01 0.000000e+00
    outer loop
      vertex   4.096674e+01 4.503246e+01 3.370000e+01
      vertex   4.206490e+01 4.592173e+01 1.185000e+01
      vertex   4.096674e+01 4.503246e+01 1.185000e+01
    endloop
  endfacet
  facet normal -7.071068e-01 7.071068e-01 0.000000e+00
    outer loop
      vertex   4.096674e+01 4.503246e+01 3.370000e+01
      vertex   4.096674e+01 4.503246e+01 1.185000e+01
      vertex   3.996754e+01 4.403326e+01 3.370000e+01
    endloop
  endfacet
  facet normal -7.071068e-01 7.071068e-01 -2.299449e-16
    outer loop
      vertex   3.996754e+01 4.403326e+01 3.370000e+01
      vertex   4.096674e+01 4.503246e+01 1.185000e+01
      vertex   3.996754e+01 4.403326e+01 1.185000e+01
    endloop
  endfacet
  facet normal -7.771460e-01 6.293204e-01 -2.046494e-16
    outer loop
      vertex   3.996754e+01 4.403326e+01 3.370000e+01
      vertex   3.996754e+01 4.403326e+01 1.185000e+01
      vertex   3.907827e+01 4.293510e+01 3.370000e+01
    endloop
  endfacet
  facet normal -7.771460e-01 6.293204e-01 0.000000e+00
    outer loop
      vertex   3.907827e+01 4.293510e+01 3.370000e+01
      vertex   3.996754e+01 4.403326e+01 1.185000e+01
      vertex   3.907827e+01 4.293510e+01 1.185000e+01
    endloop
  endfacet
  facet normal -8.386706e-01 5.446390e-01 0.000000e+00
    outer loop
      vertex   3.907827e+01 4.293510e+01 3.370000e+01
      vertex   3.907827e+01 4.293510e+01 1.185000e+01
      vertex   3.830866e+01 4.175000e+01 3.370000e+01
    endloop
  endfacet
  facet normal -8.386706e-01 5.446390e-01 0.000000e+00
    outer loop
      vertex   3.830866e+01 4.175000e+01 3.370000e+01
      vertex   3.907827e+01 4.293510e+01 1.185000e+01
      vertex   3.830866e+01 4.175000e+01 1.185000e+01
    endloop
  endfacet
  facet normal -8.910065e-01 4.539905e-01 0.000000e+00
    outer loop
      vertex   3.830866e+01 4.175000e+01 3.370000e+01
      vertex   3.830866e+01 4.175000e+01 1.185000e+01
      vertex   3.766714e+01 4.049094e+01 3.370000e+01
    endloop
  endfacet
  facet normal -8.910065e-01 4.539905e-01 0.000000e+00
    outer loop
      vertex   3.766714e+01 4.049094e+01 3.370000e+01
      vertex   3.830866e+01 4.175000e+01 1.185000e+01
      vertex   3.766714e+01 4.049094e+01 1.185000e+01
    endloop
  endfacet
  facet normal -9.335804e-01 3.583679e-01 0.000000e+00
    outer loop
      vertex   3.766714e+01 4.049094e+01 3.370000e+01
      vertex   3.766714e+01 4.049094e+01 1.185000e+01
      vertex   3.716074e+01 3.917173e+01 3.370000e+01
    endloop
  endfacet
  facet normal -9.335804e-01 3.583679e-01 0.000000e+00
    outer loop
      vertex   3.716074e+01 3.917173e+01 3.370000e+01
      vertex   3.766714e+01 4.049094e+01 1.185000e+01
      vertex   3.716074e+01 3.917173e+01 1.185000e+01
    endloop
  endfacet
  facet normal -9.659258e-01 2.588190e-01 0.000000e+00
    outer loop
      vertex   3.716074e+01 3.917173e+01 3.370000e+01
      vertex   3.716074e+01 3.917173e+01 1.185000e+01
      vertex   3.679501e+01 3.780681e+01 3.370000e+01
    endloop
  endfacet
  facet normal -9.659258e-01 2.588190e-01 0.000000e+00
    outer loop
      vertex   3.679501e+01 3.780681e+01 3.370000e+01
      vertex   3.716074e+01 3.917173e+01 1.185000e+01
      vertex   3.679501e+01 3.780681e+01 1.185000e+01
    endloop
  endfacet
  facet normal -9.876883e-01 1.564345e-01 0.000000e+00
    outer loop
      vertex   3.679501e+01 3.780681e+01 3.370000e+01
      vertex   3.679501e+01 3.780681e+01 1.185000e+01
      vertex   3.657395e+01 3.641113e+01 3.370000e+01
    endloop
  endfacet
  facet normal -9.876883e-01 1.564345e-01 0.000000e+00
    outer loop
      vertex   3.657395e+01 3.641113e+01 3.370000e+01
      vertex   3.679501e+01 3.780681e+01 1.185000e+01
      vertex   3.657395e+01 3.641113e+01 1.185000e+01
    endloop
  endfacet
endsolid
