solid ASCII
  facet normal -9.414889e-17 -7.667342e-01 6.419647e-01
    outer loop
      vertex   -1.559909e+02 3.180512e+01 -9.522985e+01
      vertex   -1.269141e+02 3.199796e+01 -9.499953e+01
      vertex   -1.559295e+02 3.219280e+01 -9.476682e+01
    endloop
  endfacet
  facet normal -4.688274e-17 -7.667342e-01 6.419647e-01
    outer loop
      vertex   -1.559295e+02 3.219280e+01 -9.476682e+01
      vertex   -1.269141e+02 3.199796e+01 -9.499953e+01
      vertex   -1.269141e+02 3.238764e+01 -9.453412e+01
    endloop
  endfacet
  facet normal 2.057035e-16 -7.667342e-01 6.419647e-01
    outer loop
      vertex   -1.559295e+02 3.219280e+01 -9.476682e+01
      vertex   -1.269141e+02 3.238764e+01 -9.453412e+01
      vertex   -1.559909e+02 3.258048e+01 -9.430380e+01
    endloop
  endfacet
  facet normal 2.735456e-16 -7.667342e-01 6.419647e-01
    outer loop
      vertex   -1.559909e+02 3.258048e+01 -9.430380e+01
      vertex   -1.269141e+02 3.238764e+01 -9.453412e+01
      vertex   -1.267919e+02 3.276934e+01 -9.407823e+01
    endloop
  endfacet
  facet normal 1.267961e-16 -7.667342e-01 6.419647e-01
    outer loop
      vertex   -1.559909e+02 3.258048e+01 -9.430380e+01
      vertex   -1.267919e+02 3.276934e+01 -9.407823e+01
      vertex   -1.561726e+02 3.295228e+01 -9.385973e+01
    endloop
  endfacet
  facet normal 8.810103e-17 -7.667342e-01 6.419647e-01
    outer loop
      vertex   -1.561726e+02 3.295228e+01 -9.385973e+01
      vertex   -1.267919e+02 3.276934e+01 -9.407823e+01
      vertex   -1.509295e+02 4.481457e+01 -7.969194e+01
    endloop
  endfacet
  facet normal -1.835513e-15 -7.667342e-01 6.419647e-01
    outer loop
      vertex   -1.561726e+02 3.295228e+01 -9.385973e+01
      vertex   -1.509295e+02 4.481457e+01 -7.969194e+01
      vertex   -1.564672e+02 3.329300e+01 -9.345279e+01
    endloop
  endfacet
  facet normal -5.800442e-15 -7.667342e-01 6.419647e-01
    outer loop
      vertex   -1.564672e+02 3.329300e+01 -9.345279e+01
      vertex   -1.509295e+02 4.481457e+01 -7.969194e+01
      vertex   -1.568626e+02 3.358867e+01 -9.309965e+01
    endloop
  endfacet
  facet normal 8.464208e-15 -7.667342e-01 6.419647e-01
    outer loop
      vertex   -1.568626e+02 3.358867e+01 -9.309965e+01
      vertex   -1.509295e+02 4.481457e+01 -7.969194e+01
      vertex   -1.573426e+02 3.382720e+01 -9.281477e+01
    endloop
  endfacet
  facet normal -1.648980e-15 -7.667342e-01 6.419647e-01
    outer loop
      vertex   -1.573426e+02 3.382720e+01 -9.281477e+01
      vertex   -1.509295e+02 4.481457e+01 -7.969194e+01
      vertex   -1.578875e+02 3.399881e+01 -9.260980e+01
    endloop
  endfacet
  facet normal -9.502562e-15 -7.667342e-01 6.419647e-01
    outer loop
      vertex   -1.578875e+02 3.399881e+01 -9.260980e+01
      vertex   -1.509295e+02 4.481457e+01 -7.969194e+01
      vertex   -1.584752e+02 3.409648e+01 -9.249315e+01
    endloop
  endfacet
  facet normal 3.034665e-15 -7.667342e-01 6.419647e-01
    outer loop
      vertex   -1.584752e+02 3.409648e+01 -9.249315e+01
      vertex   -1.509295e+02 4.481457e+01 -7.969194e+01
      vertex   -1.590814e+02 3.411622e+01 -9.246957e+01
    endloop
  endfacet
  facet normal 1.164251e-15 -7.667342e-01 6.419647e-01
    outer loop
      vertex   -1.590814e+02 3.411622e+01 -9.246957e+01
      vertex   -1.509295e+02 4.481457e+01 -7.969194e+01
      vertex   -1.596814e+02 3.405721e+01 -9.254005e+01
    endloop
  endfacet
  facet normal -1.347843e-14 -7.667342e-01 6.419647e-01
    outer loop
      vertex   -1.596814e+02 3.405721e+01 -9.254005e+01
      vertex   -1.509295e+02 4.481457e+01 -7.969194e+01
      vertex   -1.602506e+02 3.392187e+01 -9.270169e+01
    endloop
  endfacet
  facet normal 2.059322e-16 -7.667342e-01 6.419647e-01
    outer loop
      vertex   -1.602506e+02 3.392187e+01 -9.270169e+01
      vertex   -1.509295e+02 4.481457e+01 -7.969194e+01
      vertex   -1.602506e+02 5.293248e+01 -6.999626e+01
    endloop
  endfacet
  facet normal 1.374060e-14 -7.667342e-01 6.419647e-01
    outer loop
      vertex   -1.602506e+02 3.392187e+01 -9.270169e+01
      vertex   -1.602506e+02 5.293248e+01 -6.999626e+01
      vertex   -1.607658e+02 3.371575e+01 -9.294788e+01
    endloop
  endfacet
  facet normal 1.458870e-14 -7.667342e-01 6.419647e-01
    outer loop
      vertex   -1.607658e+02 3.371575e+01 -9.294788e+01
      vertex   -1.602506e+02 5.293248e+01 -6.999626e+01
      vertex   -1.607658e+02 5.313861e+01 -6.975007e+01
    endloop
  endfacet
  facet normal 8.006997e-16 -7.667342e-01 6.419647e-01
    outer loop
      vertex   -1.607658e+02 3.371575e+01 -9.294788e+01
      vertex   -1.607658e+02 5.313861e+01 -6.975007e+01
      vertex   -1.612057e+02 3.344727e+01 -9.326854e+01
    endloop
  endfacet
  facet normal -8.311036e-15 -7.667342e-01 6.419647e-01
    outer loop
      vertex   -1.612057e+02 3.344727e+01 -9.326854e+01
      vertex   -1.607658e+02 5.313861e+01 -6.975007e+01
      vertex   -1.612057e+02 5.340709e+01 -6.942942e+01
    endloop
  endfacet
  facet normal 8.485085e-15 -7.667342e-01 6.419647e-01
    outer loop
      vertex   -1.612057e+02 3.344727e+01 -9.326854e+01
      vertex   -1.612057e+02 5.340709e+01 -6.942942e+01
      vertex   -1.615525e+02 3.312744e+01 -9.365053e+01
    endloop
  endfacet
  facet normal 5.108568e-15 -7.667342e-01 6.419647e-01
    outer loop
      vertex   -1.615525e+02 3.312744e+01 -9.365053e+01
      vertex   -1.612057e+02 5.340709e+01 -6.942942e+01
      vertex   -1.615525e+02 5.372692e+01 -6.904742e+01
    endloop
  endfacet
  facet normal -2.960131e-14 -7.667342e-01 6.419647e-01
    outer loop
      vertex   -1.615525e+02 3.312744e+01 -9.365053e+01
      vertex   -1.615525e+02 5.372692e+01 -6.904742e+01
      vertex   -1.617919e+02 5.408502e+01 -6.861972e+01
    endloop
  endfacet
  facet normal -7.209108e-18 -7.667342e-01 6.419647e-01
    outer loop
      vertex   -1.269141e+02 3.199796e+01 -9.499953e+01
      vertex   -1.559909e+02 3.180512e+01 -9.522985e+01
      vertex   -1.267919e+02 3.161625e+01 -9.545542e+01
    endloop
  endfacet
  facet normal 1.386576e-16 -7.667342e-01 6.419647e-01
    outer loop
      vertex   -1.267919e+02 3.161625e+01 -9.545542e+01
      vertex   -1.559909e+02 3.180512e+01 -9.522985e+01
      vertex   -1.561726e+02 3.143331e+01 -9.567392e+01
    endloop
  endfacet
  facet normal 2.664709e-16 -7.667342e-01 6.419647e-01
    outer loop
      vertex   -1.267919e+02 3.161625e+01 -9.545542e+01
      vertex   -1.561726e+02 3.143331e+01 -9.567392e+01
      vertex   -1.265525e+02 3.125816e+01 -9.588312e+01
    endloop
  endfacet
  facet normal 1.633626e-16 -7.667342e-01 6.419647e-01
    outer loop
      vertex   -1.265525e+02 3.125816e+01 -9.588312e+01
      vertex   -1.561726e+02 3.143331e+01 -9.567392e+01
      vertex   -1.564672e+02 3.109259e+01 -9.608086e+01
    endloop
  endfacet
  facet normal -1.767899e-16 -7.667342e-01 6.419647e-01
    outer loop
      vertex   -1.265525e+02 3.125816e+01 -9.588312e+01
      vertex   -1.564672e+02 3.109259e+01 -9.608086e+01
      vertex   -1.262057e+02 3.093832e+01 -9.626511e+01
    endloop
  endfacet
  facet normal -3.552857e-16 -7.667342e-01 6.419647e-01
    outer loop
      vertex   -1.262057e+02 3.093832e+01 -9.626511e+01
      vertex   -1.564672e+02 3.109259e+01 -9.608086e+01
      vertex   -1.568626e+02 3.079692e+01 -9.643399e+01
    endloop
  endfacet
  facet normal -3.002690e-16 -7.667342e-01 6.419647e-01
    outer loop
      vertex   -1.262057e+02 3.093832e+01 -9.626511e+01
      vertex   -1.568626e+02 3.079692e+01 -9.643399e+01
      vertex   -1.257658e+02 3.066985e+01 -9.658577e+01
    endloop
  endfacet
  facet normal -1.429574e-16 -7.667342e-01 6.419647e-01
    outer loop
      vertex   -1.257658e+02 3.066985e+01 -9.658577e+01
      vertex   -1.568626e+02 3.079692e+01 -9.643399e+01
      vertex   -1.573426e+02 3.055840e+01 -9.671888e+01
    endloop
  endfacet
  facet normal 4.070406e-17 -7.667342e-01 6.419647e-01
    outer loop
      vertex   -1.257658e+02 3.066985e+01 -9.658577e+01
      vertex   -1.573426e+02 3.055840e+01 -9.671888e+01
      vertex   -1.252506e+02 3.046372e+01 -9.683196e+01
    endloop
  endfacet
  facet normal 1.288126e-16 -7.667342e-01 6.419647e-01
    outer loop
      vertex   -1.252506e+02 3.046372e+01 -9.683196e+01
      vertex   -1.573426e+02 3.055840e+01 -9.671888e+01
      vertex   -1.578875e+02 3.038678e+01 -9.692384e+01
    endloop
  endfacet
  facet normal -1.997190e-18 -7.667342e-01 6.419647e-01
    outer loop
      vertex   -1.252506e+02 3.046372e+01 -9.683196e+01
      vertex   -1.578875e+02 3.038678e+01 -9.692384e+01
      vertex   -1.246814e+02 3.032838e+01 -9.699360e+01
    endloop
  endfacet
  facet normal -1.337460e-16 -7.667342e-01 6.419647e-01
    outer loop
      vertex   -1.246814e+02 3.032838e+01 -9.699360e+01
      vertex   -1.578875e+02 3.038678e+01 -9.692384e+01
      vertex   -1.649295e+02 2.834101e+01 -9.936723e+01
    endloop
  endfacet
  facet normal 0.000000e+00 -7.667342e-01 6.419647e-01
    outer loop
      vertex   -1.246814e+02 3.032838e+01 -9.699360e+01
      vertex   -1.649295e+02 2.834101e+01 -9.936723e+01
      vertex   -1.179295e+02 2.834101e+01 -9.936723e+01
    endloop
  endfacet
  facet normal -2.799057e-14 -7.667342e-01 6.419647e-01
    outer loop
      vertex   -1.578875e+02 3.038678e+01 -9.692384e+01
      vertex   -1.584752e+02 3.028911e+01 -9.704050e+01
      vertex   -1.649295e+02 2.834101e+01 -9.936723e+01
    endloop
  endfacet
  facet normal 6.493992e-15 -7.667342e-01 6.419647e-01
    outer loop
      vertex   -1.649295e+02 2.834101e+01 -9.936723e+01
      vertex   -1.584752e+02 3.028911e+01 -9.704050e+01
      vertex   -1.590814e+02 3.026937e+01 -9.706407e+01
    endloop
  endfacet
  facet normal 1.024873e-14 -7.667342e-01 6.419647e-01
    outer loop
      vertex   -1.649295e+02 2.834101e+01 -9.936723e+01
      vertex   -1.590814e+02 3.026937e+01 -9.706407e+01
      vertex   -1.596814e+02 3.032838e+01 -9.699360e+01
    endloop
  endfacet
  facet normal -1.133999e-14 -7.667342e-01 6.419647e-01
    outer loop
      vertex   -1.596814e+02 3.032838e+01 -9.699360e+01
      vertex   -1.602506e+02 3.046372e+01 -9.683196e+01
      vertex   -1.649295e+02 2.834101e+01 -9.936723e+01
    endloop
  endfacet
  facet normal 2.770670e-15 -7.667342e-01 6.419647e-01
    outer loop
      vertex   -1.649295e+02 2.834101e+01 -9.936723e+01
      vertex   -1.602506e+02 3.046372e+01 -9.683196e+01
      vertex   -1.607658e+02 3.066985e+01 -9.658577e+01
    endloop
  endfacet
  facet normal -5.322720e-16 -7.667342e-01 6.419647e-01
    outer loop
      vertex   -1.649295e+02 2.834101e+01 -9.936723e+01
      vertex   -1.607658e+02 3.066985e+01 -9.658577e+01
      vertex   -1.612057e+02 3.093832e+01 -9.626511e+01
    endloop
  endfacet
  facet normal -1.942274e-14 -7.667342e-01 6.419647e-01
    outer loop
      vertex   -1.612057e+02 3.093832e+01 -9.626511e+01
      vertex   -1.615525e+02 3.125816e+01 -9.588312e+01
      vertex   -1.649295e+02 2.834101e+01 -9.936723e+01
    endloop
  endfacet
  facet normal 5.978021e-16 -7.667342e-01 6.419647e-01
    outer loop
      vertex   -1.649295e+02 2.834101e+01 -9.936723e+01
      vertex   -1.615525e+02 3.125816e+01 -9.588312e+01
      vertex   -1.617919e+02 3.161625e+01 -9.545542e+01
    endloop
  endfacet
  facet normal 1.427388e-15 -7.667342e-01 6.419647e-01
    outer loop
      vertex   -1.649295e+02 2.834101e+01 -9.936723e+01
      vertex   -1.617919e+02 3.161625e+01 -9.545542e+01
      vertex   -1.619141e+02 3.199796e+01 -9.499953e+01
    endloop
  endfacet
  facet normal -2.171469e-14 -7.667342e-01 6.419647e-01
    outer loop
      vertex   -1.619141e+02 3.199796e+01 -9.499953e+01
      vertex   -1.619141e+02 3.238764e+01 -9.453412e+01
      vertex   -1.649295e+02 2.834101e+01 -9.936723e+01
    endloop
  endfacet
  facet normal 2.431751e-14 -7.667342e-01 6.419647e-01
    outer loop
      vertex   -1.649295e+02 2.834101e+01 -9.936723e+01
      vertex   -1.619141e+02 3.238764e+01 -9.453412e+01
      vertex   -1.617919e+02 3.276934e+01 -9.407823e+01
    endloop
  endfacet
  facet normal -7.911613e-15 -7.667342e-01 6.419647e-01
    outer loop
      vertex   -1.649295e+02 2.834101e+01 -9.936723e+01
      vertex   -1.617919e+02 3.276934e+01 -9.407823e+01
      vertex   -1.617919e+02 5.408502e+01 -6.861972e+01
    endloop
  endfacet
  facet normal -1.430336e-14 -7.667342e-01 6.419647e-01
    outer loop
      vertex   -1.617919e+02 5.408502e+01 -6.861972e+01
      vertex   -1.617919e+02 3.276934e+01 -9.407823e+01
      vertex   -1.615525e+02 3.312744e+01 -9.365053e+01
    endloop
  endfacet
  facet normal -1.283290e-14 -7.667342e-01 6.419647e-01
    outer loop
      vertex   -1.209909e+02 5.504924e+01 -6.746810e+01
      vertex   -1.209295e+02 5.466156e+01 -6.793113e+01
      vertex   -1.179295e+02 5.851335e+01 -6.333072e+01
    endloop
  endfacet
  facet normal 4.923296e-15 -7.667342e-01 6.419647e-01
    outer loop
      vertex   -1.179295e+02 5.851335e+01 -6.333072e+01
      vertex   -1.209295e+02 5.466156e+01 -6.793113e+01
      vertex   -1.209909e+02 5.427388e+01 -6.839416e+01
    endloop
  endfacet
  facet normal -3.099845e-14 -7.667342e-01 6.419647e-01
    outer loop
      vertex   -1.179295e+02 5.851335e+01 -6.333072e+01
      vertex   -1.209909e+02 5.427388e+01 -6.839416e+01
      vertex   -1.211726e+02 5.390207e+01 -6.883823e+01
    endloop
  endfacet
  facet normal -2.753215e-14 -7.667342e-01 6.419647e-01
    outer loop
      vertex   -1.214672e+02 5.356136e+01 -6.924516e+01
      vertex   -1.211726e+02 3.295228e+01 -9.385973e+01
      vertex   -1.211726e+02 5.390207e+01 -6.883823e+01
    endloop
  endfacet
  facet normal 8.593454e-15 -7.667342e-01 6.419647e-01
    outer loop
      vertex   -1.211726e+02 5.390207e+01 -6.883823e+01
      vertex   -1.211726e+02 3.295228e+01 -9.385973e+01
      vertex   -1.179295e+02 2.834101e+01 -9.936723e+01
    endloop
  endfacet
  facet normal 1.118767e-15 -7.667342e-01 6.419647e-01
    outer loop
      vertex   -1.211726e+02 5.390207e+01 -6.883823e+01
      vertex   -1.179295e+02 2.834101e+01 -9.936723e+01
      vertex   -1.179295e+02 5.851335e+01 -6.333072e+01
    endloop
  endfacet
  facet normal -3.055870e-15 -7.667342e-01 6.419647e-01
    outer loop
      vertex   -1.211726e+02 3.295228e+01 -9.385973e+01
      vertex   -1.214672e+02 5.356136e+01 -6.924516e+01
      vertex   -1.214672e+02 3.329300e+01 -9.345279e+01
    endloop
  endfacet
  facet normal 9.107046e-15 -7.667342e-01 6.419647e-01
    outer loop
      vertex   -1.214672e+02 3.329300e+01 -9.345279e+01
      vertex   -1.214672e+02 5.356136e+01 -6.924516e+01
      vertex   -1.218626e+02 5.326569e+01 -6.959830e+01
    endloop
  endfacet
  facet normal -8.134856e-15 -7.667342e-01 6.419647e-01
    outer loop
      vertex   -1.214672e+02 3.329300e+01 -9.345279e+01
      vertex   -1.218626e+02 5.326569e+01 -6.959830e+01
      vertex   -1.218626e+02 3.358867e+01 -9.309965e+01
    endloop
  endfacet
  facet normal -7.727036e-15 -7.667342e-01 6.419647e-01
    outer loop
      vertex   -1.218626e+02 3.358867e+01 -9.309965e+01
      vertex   -1.218626e+02 5.326569e+01 -6.959830e+01
      vertex   -1.223426e+02 5.302716e+01 -6.988318e+01
    endloop
  endfacet
  facet normal 1.076492e-14 -7.667342e-01 6.419647e-01
    outer loop
      vertex   -1.218626e+02 3.358867e+01 -9.309965e+01
      vertex   -1.223426e+02 5.302716e+01 -6.988318e+01
      vertex   -1.223426e+02 3.382720e+01 -9.281477e+01
    endloop
  endfacet
  facet normal 1.046248e-14 -7.667342e-01 6.419647e-01
    outer loop
      vertex   -1.223426e+02 3.382720e+01 -9.281477e+01
      vertex   -1.223426e+02 5.302716e+01 -6.988318e+01
      vertex   -1.228875e+02 5.285555e+01 -7.008815e+01
    endloop
  endfacet
  facet normal -2.136131e-15 -7.667342e-01 6.419647e-01
    outer loop
      vertex   -1.223426e+02 3.382720e+01 -9.281477e+01
      vertex   -1.228875e+02 5.285555e+01 -7.008815e+01
      vertex   -1.228875e+02 3.399881e+01 -9.260980e+01
    endloop
  endfacet
  facet normal -2.140249e-16 -7.667342e-01 6.419647e-01
    outer loop
      vertex   -1.228875e+02 3.399881e+01 -9.260980e+01
      vertex   -1.228875e+02 5.285555e+01 -7.008815e+01
      vertex   -1.319295e+02 4.481457e+01 -7.969194e+01
    endloop
  endfacet
  facet normal -1.226829e-14 -7.667342e-01 6.419647e-01
    outer loop
      vertex   -1.228875e+02 3.399881e+01 -9.260980e+01
      vertex   -1.319295e+02 4.481457e+01 -7.969194e+01
      vertex   -1.234752e+02 3.409648e+01 -9.249315e+01
    endloop
  endfacet
  facet normal 3.174781e-15 -7.667342e-01 6.419647e-01
    outer loop
      vertex   -1.234752e+02 3.409648e+01 -9.249315e+01
      vertex   -1.319295e+02 4.481457e+01 -7.969194e+01
      vertex   -1.240814e+02 3.411622e+01 -9.246957e+01
    endloop
  endfacet
  facet normal 1.035602e-15 -7.667342e-01 6.419647e-01
    outer loop
      vertex   -1.240814e+02 3.411622e+01 -9.246957e+01
      vertex   -1.319295e+02 4.481457e+01 -7.969194e+01
      vertex   -1.246814e+02 3.405721e+01 -9.254005e+01
    endloop
  endfacet
  facet normal -9.289918e-15 -7.667342e-01 6.419647e-01
    outer loop
      vertex   -1.246814e+02 3.405721e+01 -9.254005e+01
      vertex   -1.319295e+02 4.481457e+01 -7.969194e+01
      vertex   -1.252506e+02 3.392187e+01 -9.270169e+01
    endloop
  endfacet
  facet normal 1.113776e-14 -7.667342e-01 6.419647e-01
    outer loop
      vertex   -1.252506e+02 3.392187e+01 -9.270169e+01
      vertex   -1.319295e+02 4.481457e+01 -7.969194e+01
      vertex   -1.257658e+02 3.371575e+01 -9.294788e+01
    endloop
  endfacet
  facet normal 3.924573e-16 -7.667342e-01 6.419647e-01
    outer loop
      vertex   -1.257658e+02 3.371575e+01 -9.294788e+01
      vertex   -1.319295e+02 4.481457e+01 -7.969194e+01
      vertex   -1.262057e+02 3.344727e+01 -9.326854e+01
    endloop
  endfacet
  facet normal 5.630249e-15 -7.667342e-01 6.419647e-01
    outer loop
      vertex   -1.262057e+02 3.344727e+01 -9.326854e+01
      vertex   -1.319295e+02 4.481457e+01 -7.969194e+01
      vertex   -1.265525e+02 3.312744e+01 -9.365053e+01
    endloop
  endfacet
  facet normal -6.156762e-15 -7.667342e-01 6.419647e-01
    outer loop
      vertex   -1.265525e+02 3.312744e+01 -9.365053e+01
      vertex   -1.319295e+02 4.481457e+01 -7.969194e+01
      vertex   -1.267919e+02 3.276934e+01 -9.407823e+01
    endloop
  endfacet
  facet normal -2.391740e-16 -7.667342e-01 6.419647e-01
    outer loop
      vertex   -1.267919e+02 3.276934e+01 -9.407823e+01
      vertex   -1.319295e+02 4.481457e+01 -7.969194e+01
      vertex   -1.509295e+02 4.481457e+01 -7.969194e+01
    endloop
  endfacet
  facet normal -6.029057e-15 -7.667342e-01 6.419647e-01
    outer loop
      vertex   -1.228875e+02 5.285555e+01 -7.008815e+01
      vertex   -1.234752e+02 5.275788e+01 -7.020481e+01
      vertex   -1.319295e+02 4.481457e+01 -7.969194e+01
    endloop
  endfacet
  facet normal 7.849961e-15 -7.667342e-01 6.419647e-01
    outer loop
      vertex   -1.319295e+02 4.481457e+01 -7.969194e+01
      vertex   -1.234752e+02 5.275788e+01 -7.020481e+01
      vertex   -1.240814e+02 5.273814e+01 -7.022838e+01
    endloop
  endfacet
  facet normal -1.049143e-14 -7.667342e-01 6.419647e-01
    outer loop
      vertex   -1.319295e+02 4.481457e+01 -7.969194e+01
      vertex   -1.240814e+02 5.273814e+01 -7.022838e+01
      vertex   -1.246814e+02 5.279715e+01 -7.015790e+01
    endloop
  endfacet
  facet normal 9.030289e-15 -7.667342e-01 6.419647e-01
    outer loop
      vertex   -1.246814e+02 5.279715e+01 -7.015790e+01
      vertex   -1.252506e+02 5.293248e+01 -6.999626e+01
      vertex   -1.319295e+02 4.481457e+01 -7.969194e+01
    endloop
  endfacet
  facet normal 1.148871e-14 -7.667342e-01 6.419647e-01
    outer loop
      vertex   -1.319295e+02 4.481457e+01 -7.969194e+01
      vertex   -1.252506e+02 5.293248e+01 -6.999626e+01
      vertex   -1.257658e+02 5.313861e+01 -6.975007e+01
    endloop
  endfacet
  facet normal -6.863147e-15 -7.667342e-01 6.419647e-01
    outer loop
      vertex   -1.319295e+02 4.481457e+01 -7.969194e+01
      vertex   -1.257658e+02 5.313861e+01 -6.975007e+01
      vertex   -1.262057e+02 5.340709e+01 -6.942942e+01
    endloop
  endfacet
  facet normal 1.185346e-15 -7.667342e-01 6.419647e-01
    outer loop
      vertex   -1.262057e+02 5.340709e+01 -6.942942e+01
      vertex   -1.265525e+02 5.372692e+01 -6.904742e+01
      vertex   -1.319295e+02 4.481457e+01 -7.969194e+01
    endloop
  endfacet
  facet normal -1.348572e-14 -7.667342e-01 6.419647e-01
    outer loop
      vertex   -1.319295e+02 4.481457e+01 -7.969194e+01
      vertex   -1.265525e+02 5.372692e+01 -6.904742e+01
      vertex   -1.267919e+02 5.408502e+01 -6.861972e+01
    endloop
  endfacet
  facet normal 5.185022e-16 -7.667342e-01 6.419647e-01
    outer loop
      vertex   -1.319295e+02 4.481457e+01 -7.969194e+01
      vertex   -1.267919e+02 5.408502e+01 -6.861972e+01
      vertex   -1.319295e+02 5.851335e+01 -6.333072e+01
    endloop
  endfacet
  facet normal 9.637321e-15 -7.667342e-01 6.419647e-01
    outer loop
      vertex   -1.319295e+02 5.851335e+01 -6.333072e+01
      vertex   -1.267919e+02 5.408502e+01 -6.861972e+01
      vertex   -1.269141e+02 5.446672e+01 -6.816384e+01
    endloop
  endfacet
  facet normal -2.217242e-14 -7.667342e-01 6.419647e-01
    outer loop
      vertex   -1.319295e+02 5.851335e+01 -6.333072e+01
      vertex   -1.269141e+02 5.446672e+01 -6.816384e+01
      vertex   -1.269141e+02 5.485640e+01 -6.769842e+01
    endloop
  endfacet
  facet normal 3.984347e-15 -7.667342e-01 6.419647e-01
    outer loop
      vertex   -1.269141e+02 5.485640e+01 -6.769842e+01
      vertex   -1.267919e+02 5.523810e+01 -6.724253e+01
      vertex   -1.319295e+02 5.851335e+01 -6.333072e+01
    endloop
  endfacet
  facet normal 1.303872e-15 -7.667342e-01 6.419647e-01
    outer loop
      vertex   -1.319295e+02 5.851335e+01 -6.333072e+01
      vertex   -1.267919e+02 5.523810e+01 -6.724253e+01
      vertex   -1.265525e+02 5.559620e+01 -6.681483e+01
    endloop
  endfacet
  facet normal 5.010175e-15 -7.667342e-01 6.419647e-01
    outer loop
      vertex   -1.319295e+02 5.851335e+01 -6.333072e+01
      vertex   -1.265525e+02 5.559620e+01 -6.681483e+01
      vertex   -1.262057e+02 5.591604e+01 -6.643284e+01
    endloop
  endfacet
  facet normal 4.176241e-15 -7.667342e-01 6.419647e-01
    outer loop
      vertex   -1.262057e+02 5.591604e+01 -6.643284e+01
      vertex   -1.257658e+02 5.618451e+01 -6.611218e+01
      vertex   -1.319295e+02 5.851335e+01 -6.333072e+01
    endloop
  endfacet
  facet normal -6.463143e-15 -7.667342e-01 6.419647e-01
    outer loop
      vertex   -1.319295e+02 5.851335e+01 -6.333072e+01
      vertex   -1.257658e+02 5.618451e+01 -6.611218e+01
      vertex   -1.252506e+02 5.639064e+01 -6.586600e+01
    endloop
  endfacet
  facet normal -6.208764e-15 -7.667342e-01 6.419647e-01
    outer loop
      vertex   -1.319295e+02 5.851335e+01 -6.333072e+01
      vertex   -1.252506e+02 5.639064e+01 -6.586600e+01
      vertex   -1.246814e+02 5.652598e+01 -6.570435e+01
    endloop
  endfacet
  facet normal 6.048837e-16 -7.667342e-01 6.419647e-01
    outer loop
      vertex   -1.246814e+02 5.652598e+01 -6.570435e+01
      vertex   -1.240814e+02 5.658498e+01 -6.563388e+01
      vertex   -1.319295e+02 5.851335e+01 -6.333072e+01
    endloop
  endfacet
  facet normal -3.258167e-16 -7.667342e-01 6.419647e-01
    outer loop
      vertex   -1.319295e+02 5.851335e+01 -6.333072e+01
      vertex   -1.240814e+02 5.658498e+01 -6.563388e+01
      vertex   -1.179295e+02 5.851335e+01 -6.333072e+01
    endloop
  endfacet
  facet normal 2.651060e-15 -7.667342e-01 6.419647e-01
    outer loop
      vertex   -1.179295e+02 5.851335e+01 -6.333072e+01
      vertex   -1.240814e+02 5.658498e+01 -6.563388e+01
      vertex   -1.234752e+02 5.656525e+01 -6.565745e+01
    endloop
  endfacet
  facet normal 3.380962e-15 -7.667342e-01 6.419647e-01
    outer loop
      vertex   -1.179295e+02 5.851335e+01 -6.333072e+01
      vertex   -1.234752e+02 5.656525e+01 -6.565745e+01
      vertex   -1.228875e+02 5.646757e+01 -6.577411e+01
    endloop
  endfacet
  facet normal -5.438515e-15 -7.667342e-01 6.419647e-01
    outer loop
      vertex   -1.228875e+02 5.646757e+01 -6.577411e+01
      vertex   -1.223426e+02 5.629596e+01 -6.597907e+01
      vertex   -1.179295e+02 5.851335e+01 -6.333072e+01
    endloop
  endfacet
  facet normal -2.693333e-16 -7.667342e-01 6.419647e-01
    outer loop
      vertex   -1.179295e+02 5.851335e+01 -6.333072e+01
      vertex   -1.223426e+02 5.629596e+01 -6.597907e+01
      vertex   -1.218626e+02 5.605744e+01 -6.626396e+01
    endloop
  endfacet
  facet normal -3.740719e-15 -7.667342e-01 6.419647e-01
    outer loop
      vertex   -1.179295e+02 5.851335e+01 -6.333072e+01
      vertex   -1.218626e+02 5.605744e+01 -6.626396e+01
      vertex   -1.214672e+02 5.576176e+01 -6.661710e+01
    endloop
  endfacet
  facet normal 1.180850e-14 -7.667342e-01 6.419647e-01
    outer loop
      vertex   -1.214672e+02 5.576176e+01 -6.661710e+01
      vertex   -1.211726e+02 5.542105e+01 -6.702403e+01
      vertex   -1.179295e+02 5.851335e+01 -6.333072e+01
    endloop
  endfacet
  facet normal 4.515652e-15 -7.667342e-01 6.419647e-01
    outer loop
      vertex   -1.179295e+02 5.851335e+01 -6.333072e+01
      vertex   -1.211726e+02 5.542105e+01 -6.702403e+01
      vertex   -1.209909e+02 5.504924e+01 -6.746810e+01
    endloop
  endfacet
  facet normal -3.384766e-14 -7.667342e-01 6.419647e-01
    outer loop
      vertex   -1.209909e+02 3.258048e+01 -9.430380e+01
      vertex   -1.209295e+02 3.219280e+01 -9.476682e+01
      vertex   -1.179295e+02 2.834101e+01 -9.936723e+01
    endloop
  endfacet
  facet normal 1.059224e-14 -7.667342e-01 6.419647e-01
    outer loop
      vertex   -1.179295e+02 2.834101e+01 -9.936723e+01
      vertex   -1.209295e+02 3.219280e+01 -9.476682e+01
      vertex   -1.209909e+02 3.180512e+01 -9.522985e+01
    endloop
  endfacet
  facet normal 1.483714e-14 -7.667342e-01 6.419647e-01
    outer loop
      vertex   -1.179295e+02 2.834101e+01 -9.936723e+01
      vertex   -1.209909e+02 3.180512e+01 -9.522985e+01
      vertex   -1.211726e+02 3.143331e+01 -9.567392e+01
    endloop
  endfacet
  facet normal -7.919471e-15 -7.667342e-01 6.419647e-01
    outer loop
      vertex   -1.211726e+02 3.143331e+01 -9.567392e+01
      vertex   -1.214672e+02 3.109259e+01 -9.608086e+01
      vertex   -1.179295e+02 2.834101e+01 -9.936723e+01
    endloop
  endfacet
  facet normal 3.206331e-15 -7.667342e-01 6.419647e-01
    outer loop
      vertex   -1.179295e+02 2.834101e+01 -9.936723e+01
      vertex   -1.214672e+02 3.109259e+01 -9.608086e+01
      vertex   -1.218626e+02 3.079692e+01 -9.643399e+01
    endloop
  endfacet
  facet normal 9.965333e-15 -7.667342e-01 6.419647e-01
    outer loop
      vertex   -1.179295e+02 2.834101e+01 -9.936723e+01
      vertex   -1.218626e+02 3.079692e+01 -9.643399e+01
      vertex   -1.223426e+02 3.055840e+01 -9.671888e+01
    endloop
  endfacet
  facet normal 3.589420e-15 -7.667342e-01 6.419647e-01
    outer loop
      vertex   -1.223426e+02 3.055840e+01 -9.671888e+01
      vertex   -1.228875e+02 3.038678e+01 -9.692384e+01
      vertex   -1.179295e+02 2.834101e+01 -9.936723e+01
    endloop
  endfacet
  facet normal -8.452404e-15 -7.667342e-01 6.419647e-01
    outer loop
      vertex   -1.179295e+02 2.834101e+01 -9.936723e+01
      vertex   -1.228875e+02 3.038678e+01 -9.692384e+01
      vertex   -1.234752e+02 3.028911e+01 -9.704050e+01
    endloop
  endfacet
  facet normal 5.302121e-15 -7.667342e-01 6.419647e-01
    outer loop
      vertex   -1.179295e+02 2.834101e+01 -9.936723e+01
      vertex   -1.234752e+02 3.028911e+01 -9.704050e+01
      vertex   -1.240814e+02 3.026937e+01 -9.706407e+01
    endloop
  endfacet
  facet normal 1.889470e-14 -7.667342e-01 6.419647e-01
    outer loop
      vertex   -1.240814e+02 3.026937e+01 -9.706407e+01
      vertex   -1.246814e+02 3.032838e+01 -9.699360e+01
      vertex   -1.179295e+02 2.834101e+01 -9.936723e+01
    endloop
  endfacet
  facet normal 5.889705e-14 -7.667342e-01 6.419647e-01
    outer loop
      vertex   -1.211726e+02 3.295228e+01 -9.385973e+01
      vertex   -1.209909e+02 3.258048e+01 -9.430380e+01
      vertex   -1.179295e+02 2.834101e+01 -9.936723e+01
    endloop
  endfacet
  facet normal -7.471529e-15 -7.667342e-01 6.419647e-01
    outer loop
      vertex   -1.559909e+02 5.504924e+01 -6.746810e+01
      vertex   -1.559295e+02 5.466156e+01 -6.793113e+01
      vertex   -1.509295e+02 5.851335e+01 -6.333072e+01
    endloop
  endfacet
  facet normal 2.680265e-15 -7.667342e-01 6.419647e-01
    outer loop
      vertex   -1.509295e+02 5.851335e+01 -6.333072e+01
      vertex   -1.559295e+02 5.466156e+01 -6.793113e+01
      vertex   -1.559909e+02 5.427388e+01 -6.839416e+01
    endloop
  endfacet
  facet normal 5.263054e-16 -7.667342e-01 6.419647e-01
    outer loop
      vertex   -1.509295e+02 5.851335e+01 -6.333072e+01
      vertex   -1.559909e+02 5.427388e+01 -6.839416e+01
      vertex   -1.509295e+02 4.481457e+01 -7.969194e+01
    endloop
  endfacet
  facet normal 7.600731e-15 -7.667342e-01 6.419647e-01
    outer loop
      vertex   -1.509295e+02 4.481457e+01 -7.969194e+01
      vertex   -1.559909e+02 5.427388e+01 -6.839416e+01
      vertex   -1.561726e+02 5.390207e+01 -6.883823e+01
    endloop
  endfacet
  facet normal -1.635129e-14 -7.667342e-01 6.419647e-01
    outer loop
      vertex   -1.509295e+02 4.481457e+01 -7.969194e+01
      vertex   -1.561726e+02 5.390207e+01 -6.883823e+01
      vertex   -1.564672e+02 5.356136e+01 -6.924516e+01
    endloop
  endfacet
  facet normal 5.538722e-15 -7.667342e-01 6.419647e-01
    outer loop
      vertex   -1.564672e+02 5.356136e+01 -6.924516e+01
      vertex   -1.568626e+02 5.326569e+01 -6.959830e+01
      vertex   -1.509295e+02 4.481457e+01 -7.969194e+01
    endloop
  endfacet
  facet normal -8.336253e-15 -7.667342e-01 6.419647e-01
    outer loop
      vertex   -1.509295e+02 4.481457e+01 -7.969194e+01
      vertex   -1.568626e+02 5.326569e+01 -6.959830e+01
      vertex   -1.573426e+02 5.302716e+01 -6.988318e+01
    endloop
  endfacet
  facet normal 6.544101e-15 -7.667342e-01 6.419647e-01
    outer loop
      vertex   -1.509295e+02 4.481457e+01 -7.969194e+01
      vertex   -1.573426e+02 5.302716e+01 -6.988318e+01
      vertex   -1.578875e+02 5.285555e+01 -7.008815e+01
    endloop
  endfacet
  facet normal -4.206638e-15 -7.667342e-01 6.419647e-01
    outer loop
      vertex   -1.578875e+02 5.285555e+01 -7.008815e+01
      vertex   -1.584752e+02 5.275788e+01 -7.020481e+01
      vertex   -1.509295e+02 4.481457e+01 -7.969194e+01
    endloop
  endfacet
  facet normal 5.512963e-15 -7.667342e-01 6.419647e-01
    outer loop
      vertex   -1.509295e+02 4.481457e+01 -7.969194e+01
      vertex   -1.584752e+02 5.275788e+01 -7.020481e+01
      vertex   -1.590814e+02 5.273814e+01 -7.022838e+01
    endloop
  endfacet
  facet normal -1.067454e-14 -7.667342e-01 6.419647e-01
    outer loop
      vertex   -1.509295e+02 4.481457e+01 -7.969194e+01
      vertex   -1.590814e+02 5.273814e+01 -7.022838e+01
      vertex   -1.596814e+02 5.279715e+01 -7.015790e+01
    endloop
  endfacet
  facet normal 1.468128e-14 -7.667342e-01 6.419647e-01
    outer loop
      vertex   -1.596814e+02 5.279715e+01 -7.015790e+01
      vertex   -1.602506e+02 5.293248e+01 -6.999626e+01
      vertex   -1.509295e+02 4.481457e+01 -7.969194e+01
    endloop
  endfacet
  facet normal 0.000000e+00 -7.667342e-01 6.419647e-01
    outer loop
      vertex   -1.649295e+02 2.834101e+01 -9.936723e+01
      vertex   -1.617919e+02 5.408502e+01 -6.861972e+01
      vertex   -1.649295e+02 5.851335e+01 -6.333072e+01
    endloop
  endfacet
  facet normal 2.084358e-14 -7.667342e-01 6.419647e-01
    outer loop
      vertex   -1.649295e+02 5.851335e+01 -6.333072e+01
      vertex   -1.617919e+02 5.408502e+01 -6.861972e+01
      vertex   -1.619141e+02 5.446672e+01 -6.816384e+01
    endloop
  endfacet
  facet normal -3.687858e-14 -7.667342e-01 6.419647e-01
    outer loop
      vertex   -1.649295e+02 5.851335e+01 -6.333072e+01
      vertex   -1.619141e+02 5.446672e+01 -6.816384e+01
      vertex   -1.619141e+02 5.485640e+01 -6.769842e+01
    endloop
  endfacet
  facet normal 5.887977e-15 -7.667342e-01 6.419647e-01
    outer loop
      vertex   -1.619141e+02 5.485640e+01 -6.769842e+01
      vertex   -1.617919e+02 5.523810e+01 -6.724253e+01
      vertex   -1.649295e+02 5.851335e+01 -6.333072e+01
    endloop
  endfacet
  facet normal 1.793406e-15 -7.667342e-01 6.419647e-01
    outer loop
      vertex   -1.649295e+02 5.851335e+01 -6.333072e+01
      vertex   -1.617919e+02 5.523810e+01 -6.724253e+01
      vertex   -1.615525e+02 5.559620e+01 -6.681483e+01
    endloop
  endfacet
  facet normal 6.542398e-15 -7.667342e-01 6.419647e-01
    outer loop
      vertex   -1.649295e+02 5.851335e+01 -6.333072e+01
      vertex   -1.615525e+02 5.559620e+01 -6.681483e+01
      vertex   -1.612057e+02 5.591604e+01 -6.643284e+01
    endloop
  endfacet
  facet normal 5.222919e-15 -7.667342e-01 6.419647e-01
    outer loop
      vertex   -1.612057e+02 5.591604e+01 -6.643284e+01
      vertex   -1.607658e+02 5.618451e+01 -6.611218e+01
      vertex   -1.649295e+02 5.851335e+01 -6.333072e+01
    endloop
  endfacet
  facet normal -7.757876e-15 -7.667342e-01 6.419647e-01
    outer loop
      vertex   -1.649295e+02 5.851335e+01 -6.333072e+01
      vertex   -1.607658e+02 5.618451e+01 -6.611218e+01
      vertex   -1.602506e+02 5.639064e+01 -6.586600e+01
    endloop
  endfacet
  facet normal -7.121357e-15 -7.667342e-01 6.419647e-01
    outer loop
      vertex   -1.649295e+02 5.851335e+01 -6.333072e+01
      vertex   -1.602506e+02 5.639064e+01 -6.586600e+01
      vertex   -1.596814e+02 5.652598e+01 -6.570435e+01
    endloop
  endfacet
  facet normal 6.524073e-16 -7.667342e-01 6.419647e-01
    outer loop
      vertex   -1.596814e+02 5.652598e+01 -6.570435e+01
      vertex   -1.590814e+02 5.658498e+01 -6.563388e+01
      vertex   -1.649295e+02 5.851335e+01 -6.333072e+01
    endloop
  endfacet
  facet normal 3.788162e-15 -7.667342e-01 6.419647e-01
    outer loop
      vertex   -1.649295e+02 5.851335e+01 -6.333072e+01
      vertex   -1.590814e+02 5.658498e+01 -6.563388e+01
      vertex   -1.584752e+02 5.656525e+01 -6.565745e+01
    endloop
  endfacet
  facet normal 0.000000e+00 -7.667342e-01 6.419647e-01
    outer loop
      vertex   -1.649295e+02 5.851335e+01 -6.333072e+01
      vertex   -1.584752e+02 5.656525e+01 -6.565745e+01
      vertex   -1.509295e+02 5.851335e+01 -6.333072e+01
    endloop
  endfacet
  facet normal 3.029985e-15 -7.667342e-01 6.419647e-01
    outer loop
      vertex   -1.509295e+02 5.851335e+01 -6.333072e+01
      vertex   -1.584752e+02 5.656525e+01 -6.565745e+01
      vertex   -1.578875e+02 5.646757e+01 -6.577411e+01
    endloop
  endfacet
  facet normal -4.197954e-15 -7.667342e-01 6.419647e-01
    outer loop
      vertex   -1.509295e+02 5.851335e+01 -6.333072e+01
      vertex   -1.578875e+02 5.646757e+01 -6.577411e+01
      vertex   -1.573426e+02 5.629596e+01 -6.597907e+01
    endloop
  endfacet
  facet normal 1.648519e-16 -7.667342e-01 6.419647e-01
    outer loop
      vertex   -1.573426e+02 5.629596e+01 -6.597907e+01
      vertex   -1.568626e+02 5.605744e+01 -6.626396e+01
      vertex   -1.509295e+02 5.851335e+01 -6.333072e+01
    endloop
  endfacet
  facet normal -2.510610e-15 -7.667342e-01 6.419647e-01
    outer loop
      vertex   -1.509295e+02 5.851335e+01 -6.333072e+01
      vertex   -1.568626e+02 5.605744e+01 -6.626396e+01
      vertex   -1.564672e+02 5.576176e+01 -6.661710e+01
    endloop
  endfacet
  facet normal 9.300943e-15 -7.667342e-01 6.419647e-01
    outer loop
      vertex   -1.509295e+02 5.851335e+01 -6.333072e+01
      vertex   -1.564672e+02 5.576176e+01 -6.661710e+01
      vertex   -1.561726e+02 5.542105e+01 -6.702403e+01
    endloop
  endfacet
  facet normal 3.746163e-15 -7.667342e-01 6.419647e-01
    outer loop
      vertex   -1.561726e+02 5.542105e+01 -6.702403e+01
      vertex   -1.559909e+02 5.504924e+01 -6.746810e+01
      vertex   -1.509295e+02 5.851335e+01 -6.333072e+01
    endloop
  endfacet
  facet normal 7.563216e-16 -7.667342e-01 6.419647e-01
    outer loop
      vertex   -1.390000e+02 5.960515e+01 -6.424485e+01
      vertex   -1.438589e+02 5.960515e+01 -6.424485e+01
      vertex   -1.390000e+02 5.016827e+01 -7.551585e+01
    endloop
  endfacet
  facet normal 2.633878e-15 -7.667342e-01 6.419647e-01
    outer loop
      vertex   -1.390000e+02 5.016827e+01 -7.551585e+01
      vertex   -1.438589e+02 5.960515e+01 -6.424485e+01
      vertex   -1.438589e+02 5.016827e+01 -7.551585e+01
    endloop
  endfacet
  facet normal -9.948693e-01 6.494649e-02 7.756921e-02
    outer loop
      vertex   -1.559909e+02 5.734082e+01 -7.096201e+01
      vertex   -1.559909e+02 5.427388e+01 -6.839416e+01
      vertex   -1.559295e+02 5.772850e+01 -7.049899e+01
    endloop
  endfacet
  facet normal -9.948693e-01 6.494649e-02 7.756921e-02
    outer loop
      vertex   -1.559295e+02 5.772850e+01 -7.049899e+01
      vertex   -1.559909e+02 5.427388e+01 -6.839416e+01
      vertex   -1.559295e+02 5.466156e+01 -6.793113e+01
    endloop
  endfacet
  facet normal -9.948693e-01 -6.494649e-02 -7.756921e-02
    outer loop
      vertex   -1.559295e+02 5.772850e+01 -7.049899e+01
      vertex   -1.559295e+02 5.466156e+01 -6.793113e+01
      vertex   -1.559909e+02 5.811618e+01 -7.003596e+01
    endloop
  endfacet
  facet normal -9.948693e-01 -6.494649e-02 -7.756921e-02
    outer loop
      vertex   -1.559909e+02 5.811618e+01 -7.003596e+01
      vertex   -1.559295e+02 5.466156e+01 -6.793113e+01
      vertex   -1.559909e+02 5.504924e+01 -6.746810e+01
    endloop
  endfacet
  facet normal -9.541393e-01 -1.921806e-01 -2.295319e-01
    outer loop
      vertex   -1.559909e+02 5.811618e+01 -7.003596e+01
      vertex   -1.559909e+02 5.504924e+01 -6.746810e+01
      vertex   -1.561726e+02 5.848799e+01 -6.959189e+01
    endloop
  endfacet
  facet normal -9.541393e-01 -1.921806e-01 -2.295319e-01
    outer loop
      vertex   -1.561726e+02 5.848799e+01 -6.959189e+01
      vertex   -1.559909e+02 5.504924e+01 -6.746810e+01
      vertex   -1.561726e+02 5.542105e+01 -6.702403e+01
    endloop
  endfacet
  facet normal -8.743466e-01 -3.115467e-01 -3.720976e-01
    outer loop
      vertex   -1.561726e+02 5.848799e+01 -6.959189e+01
      vertex   -1.561726e+02 5.542105e+01 -6.702403e+01
      vertex   -1.564672e+02 5.882870e+01 -6.918495e+01
    endloop
  endfacet
  facet normal -8.743466e-01 -3.115467e-01 -3.720976e-01
    outer loop
      vertex   -1.564672e+02 5.882870e+01 -6.918495e+01
      vertex   -1.561726e+02 5.542105e+01 -6.702403e+01
      vertex   -1.564672e+02 5.576176e+01 -6.661710e+01
    endloop
  endfacet
  facet normal -7.587581e-01 -4.181582e-01 -4.994295e-01
    outer loop
      vertex   -1.564672e+02 5.882870e+01 -6.918495e+01
      vertex   -1.564672e+02 5.576176e+01 -6.661710e+01
      vertex   -1.568626e+02 5.912437e+01 -6.883182e+01
    endloop
  endfacet
  facet normal -7.587581e-01 -4.181582e-01 -4.994295e-01
    outer loop
      vertex   -1.568626e+02 5.912437e+01 -6.883182e+01
      vertex   -1.564672e+02 5.576176e+01 -6.661710e+01
      vertex   -1.568626e+02 5.605744e+01 -6.626396e+01
    endloop
  endfacet
  facet normal -6.121060e-01 -5.076501e-01 -6.063148e-01
    outer loop
      vertex   -1.568626e+02 5.912437e+01 -6.883182e+01
      vertex   -1.568626e+02 5.605744e+01 -6.626396e+01
      vertex   -1.573426e+02 5.936290e+01 -6.854693e+01
    endloop
  endfacet
  facet normal -6.121060e-01 -5.076501e-01 -6.063148e-01
    outer loop
      vertex   -1.573426e+02 5.936290e+01 -6.854693e+01
      vertex   -1.568626e+02 5.605744e+01 -6.626396e+01
      vertex   -1.573426e+02 5.629596e+01 -6.597907e+01
    endloop
  endfacet
  facet normal -4.403942e-01 -5.763588e-01 -6.883774e-01
    outer loop
      vertex   -1.573426e+02 5.936290e+01 -6.854693e+01
      vertex   -1.573426e+02 5.629596e+01 -6.597907e+01
      vertex   -1.578875e+02 5.953451e+01 -6.834197e+01
    endloop
  endfacet
  facet normal -4.403942e-01 -5.763588e-01 -6.883774e-01
    outer loop
      vertex   -1.578875e+02 5.953451e+01 -6.834197e+01
      vertex   -1.573426e+02 5.629596e+01 -6.597907e+01
      vertex   -1.578875e+02 5.646757e+01 -6.577411e+01
    endloop
  endfacet
  facet normal -2.506525e-01 -6.214714e-01 -7.422578e-01
    outer loop
      vertex   -1.578875e+02 5.953451e+01 -6.834197e+01
      vertex   -1.578875e+02 5.646757e+01 -6.577411e+01
      vertex   -1.584752e+02 5.963218e+01 -6.822531e+01
    endloop
  endfacet
  facet normal -2.506525e-01 -6.214714e-01 -7.422578e-01
    outer loop
      vertex   -1.584752e+02 5.963218e+01 -6.822531e+01
      vertex   -1.578875e+02 5.646757e+01 -6.577411e+01
      vertex   -1.584752e+02 5.656525e+01 -6.565745e+01
    endloop
  endfacet
  facet normal -5.064917e-02 -6.411408e-01 -7.657501e-01
    outer loop
      vertex   -1.584752e+02 5.963218e+01 -6.822531e+01
      vertex   -1.584752e+02 5.656525e+01 -6.565745e+01
      vertex   -1.590814e+02 5.965192e+01 -6.820174e+01
    endloop
  endfacet
  facet normal -5.064917e-02 -6.411408e-01 -7.657501e-01
    outer loop
      vertex   -1.590814e+02 5.965192e+01 -6.820174e+01
      vertex   -1.584752e+02 5.656525e+01 -6.565745e+01
      vertex   -1.590814e+02 5.658498e+01 -6.563388e+01
    endloop
  endfacet
  facet normal 1.514278e-01 -6.345618e-01 -7.578924e-01
    outer loop
      vertex   -1.590814e+02 5.965192e+01 -6.820174e+01
      vertex   -1.590814e+02 5.658498e+01 -6.563388e+01
      vertex   -1.596814e+02 5.959291e+01 -6.827221e+01
    endloop
  endfacet
  facet normal 1.514278e-01 -6.345618e-01 -7.578924e-01
    outer loop
      vertex   -1.596814e+02 5.959291e+01 -6.827221e+01
      vertex   -1.590814e+02 5.658498e+01 -6.563388e+01
      vertex   -1.596814e+02 5.652598e+01 -6.570435e+01
    endloop
  endfacet
  facet normal 3.473053e-01 -6.020038e-01 -7.190066e-01
    outer loop
      vertex   -1.596814e+02 5.959291e+01 -6.827221e+01
      vertex   -1.596814e+02 5.652598e+01 -6.570435e+01
      vertex   -1.602506e+02 5.945757e+01 -6.843385e+01
    endloop
  endfacet
  facet normal 3.473053e-01 -6.020038e-01 -7.190066e-01
    outer loop
      vertex   -1.602506e+02 5.945757e+01 -6.843385e+01
      vertex   -1.596814e+02 5.652598e+01 -6.570435e+01
      vertex   -1.602506e+02 5.639064e+01 -6.586600e+01
    endloop
  endfacet
  facet normal 5.289640e-01 -5.447997e-01 -6.506846e-01
    outer loop
      vertex   -1.602506e+02 5.945757e+01 -6.843385e+01
      vertex   -1.602506e+02 5.639064e+01 -6.586600e+01
      vertex   -1.607658e+02 5.925145e+01 -6.868004e+01
    endloop
  endfacet
  facet normal 5.289640e-01 -5.447997e-01 -6.506846e-01
    outer loop
      vertex   -1.607658e+02 5.925145e+01 -6.868004e+01
      vertex   -1.602506e+02 5.639064e+01 -6.586600e+01
      vertex   -1.607658e+02 5.618451e+01 -6.611218e+01
    endloop
  endfacet
  facet normal 6.889669e-01 -4.652914e-01 -5.557234e-01
    outer loop
      vertex   -1.607658e+02 5.925145e+01 -6.868004e+01
      vertex   -1.607658e+02 5.618451e+01 -6.611218e+01
      vertex   -1.612057e+02 5.898297e+01 -6.900070e+01
    endloop
  endfacet
  facet normal 6.889669e-01 -4.652914e-01 -5.557234e-01
    outer loop
      vertex   -1.612057e+02 5.898297e+01 -6.900070e+01
      vertex   -1.607658e+02 5.618451e+01 -6.611218e+01
      vertex   -1.612057e+02 5.591604e+01 -6.643284e+01
    endloop
  endfacet
  facet normal 8.207634e-01 -3.667340e-01 -4.380109e-01
    outer loop
      vertex   -1.612057e+02 5.898297e+01 -6.900070e+01
      vertex   -1.612057e+02 5.591604e+01 -6.643284e+01
      vertex   -1.615525e+02 5.866314e+01 -6.938269e+01
    endloop
  endfacet
  facet normal 8.207634e-01 -3.667340e-01 -4.380109e-01
    outer loop
      vertex   -1.615525e+02 5.866314e+01 -6.938269e+01
      vertex   -1.612057e+02 5.591604e+01 -6.643284e+01
      vertex   -1.615525e+02 5.559620e+01 -6.681483e+01
    endloop
  endfacet
  facet normal 9.189578e-01 -2.531625e-01 -3.023661e-01
    outer loop
      vertex   -1.615525e+02 5.866314e+01 -6.938269e+01
      vertex   -1.615525e+02 5.559620e+01 -6.681483e+01
      vertex   -1.617919e+02 5.830504e+01 -6.981039e+01
    endloop
  endfacet
  facet normal 9.189578e-01 -2.531625e-01 -3.023661e-01
    outer loop
      vertex   -1.617919e+02 5.830504e+01 -6.981039e+01
      vertex   -1.615525e+02 5.559620e+01 -6.681483e+01
      vertex   -1.617919e+02 5.523810e+01 -6.724253e+01
    endloop
  endfacet
  facet normal 9.795299e-01 -1.292265e-01 -1.543425e-01
    outer loop
      vertex   -1.617919e+02 5.830504e+01 -6.981039e+01
      vertex   -1.617919e+02 5.523810e+01 -6.724253e+01
      vertex   -1.619141e+02 5.792334e+01 -7.026628e+01
    endloop
  endfacet
  facet normal 9.795299e-01 -1.292265e-01 -1.543425e-01
    outer loop
      vertex   -1.619141e+02 5.792334e+01 -7.026628e+01
      vertex   -1.617919e+02 5.523810e+01 -6.724253e+01
      vertex   -1.619141e+02 5.485640e+01 -6.769842e+01
    endloop
  endfacet
  facet normal 1.000000e+00 0.000000e+00 0.000000e+00
    outer loop
      vertex   -1.619141e+02 5.792334e+01 -7.026628e+01
      vertex   -1.619141e+02 5.485640e+01 -6.769842e+01
      vertex   -1.619141e+02 5.753366e+01 -7.073169e+01
    endloop
  endfacet
  facet normal 1.000000e+00 0.000000e+00 0.000000e+00
    outer loop
      vertex   -1.619141e+02 5.753366e+01 -7.073169e+01
      vertex   -1.619141e+02 5.485640e+01 -6.769842e+01
      vertex   -1.619141e+02 5.446672e+01 -6.816384e+01
    endloop
  endfacet
  facet normal 9.795299e-01 1.292265e-01 1.543425e-01
    outer loop
      vertex   -1.619141e+02 5.753366e+01 -7.073169e+01
      vertex   -1.619141e+02 5.446672e+01 -6.816384e+01
      vertex   -1.617919e+02 5.715196e+01 -7.118758e+01
    endloop
  endfacet
  facet normal 9.795299e-01 1.292265e-01 1.543425e-01
    outer loop
      vertex   -1.617919e+02 5.715196e+01 -7.118758e+01
      vertex   -1.619141e+02 5.446672e+01 -6.816384e+01
      vertex   -1.617919e+02 5.408502e+01 -6.861972e+01
    endloop
  endfacet
  facet normal 9.189578e-01 2.531625e-01 3.023661e-01
    outer loop
      vertex   -1.617919e+02 5.715196e+01 -7.118758e+01
      vertex   -1.617919e+02 5.408502e+01 -6.861972e+01
      vertex   -1.615525e+02 5.679386e+01 -7.161528e+01
    endloop
  endfacet
  facet normal 9.189578e-01 2.531625e-01 3.023661e-01
    outer loop
      vertex   -1.615525e+02 5.679386e+01 -7.161528e+01
      vertex   -1.617919e+02 5.408502e+01 -6.861972e+01
      vertex   -1.615525e+02 5.372692e+01 -6.904742e+01
    endloop
  endfacet
  facet normal 8.207634e-01 3.667340e-01 4.380109e-01
    outer loop
      vertex   -1.615525e+02 5.679386e+01 -7.161528e+01
      vertex   -1.615525e+02 5.372692e+01 -6.904742e+01
      vertex   -1.612057e+02 5.647402e+01 -7.199728e+01
    endloop
  endfacet
  facet normal 8.207634e-01 3.667340e-01 4.380109e-01
    outer loop
      vertex   -1.612057e+02 5.647402e+01 -7.199728e+01
      vertex   -1.615525e+02 5.372692e+01 -6.904742e+01
      vertex   -1.612057e+02 5.340709e+01 -6.942942e+01
    endloop
  endfacet
  facet normal 6.889669e-01 4.652914e-01 5.557234e-01
    outer loop
      vertex   -1.612057e+02 5.647402e+01 -7.199728e+01
      vertex   -1.612057e+02 5.340709e+01 -6.942942e+01
      vertex   -1.607658e+02 5.620555e+01 -7.231793e+01
    endloop
  endfacet
  facet normal 6.889669e-01 4.652914e-01 5.557234e-01
    outer loop
      vertex   -1.607658e+02 5.620555e+01 -7.231793e+01
      vertex   -1.612057e+02 5.340709e+01 -6.942942e+01
      vertex   -1.607658e+02 5.313861e+01 -6.975007e+01
    endloop
  endfacet
  facet normal 5.289640e-01 5.447997e-01 6.506846e-01
    outer loop
      vertex   -1.607658e+02 5.620555e+01 -7.231793e+01
      vertex   -1.607658e+02 5.313861e+01 -6.975007e+01
      vertex   -1.602506e+02 5.599942e+01 -7.256412e+01
    endloop
  endfacet
  facet normal 5.289640e-01 5.447997e-01 6.506846e-01
    outer loop
      vertex   -1.602506e+02 5.599942e+01 -7.256412e+01
      vertex   -1.607658e+02 5.313861e+01 -6.975007e+01
      vertex   -1.602506e+02 5.293248e+01 -6.999626e+01
    endloop
  endfacet
  facet normal 3.473053e-01 6.020038e-01 7.190066e-01
    outer loop
      vertex   -1.602506e+02 5.599942e+01 -7.256412e+01
      vertex   -1.602506e+02 5.293248e+01 -6.999626e+01
      vertex   -1.596814e+02 5.586408e+01 -7.272576e+01
    endloop
  endfacet
  facet normal 3.473053e-01 6.020038e-01 7.190066e-01
    outer loop
      vertex   -1.596814e+02 5.586408e+01 -7.272576e+01
      vertex   -1.602506e+02 5.293248e+01 -6.999626e+01
      vertex   -1.596814e+02 5.279715e+01 -7.015790e+01
    endloop
  endfacet
  facet normal 1.514278e-01 6.345618e-01 7.578924e-01
    outer loop
      vertex   -1.596814e+02 5.586408e+01 -7.272576e+01
      vertex   -1.596814e+02 5.279715e+01 -7.015790e+01
      vertex   -1.590814e+02 5.580508e+01 -7.279624e+01
    endloop
  endfacet
  facet normal 1.514278e-01 6.345618e-01 7.578924e-01
    outer loop
      vertex   -1.590814e+02 5.580508e+01 -7.279624e+01
      vertex   -1.596814e+02 5.279715e+01 -7.015790e+01
      vertex   -1.590814e+02 5.273814e+01 -7.022838e+01
    endloop
  endfacet
  facet normal -5.064917e-02 6.411408e-01 7.657501e-01
    outer loop
      vertex   -1.590814e+02 5.580508e+01 -7.279624e+01
      vertex   -1.590814e+02 5.273814e+01 -7.022838e+01
      vertex   -1.584752e+02 5.582481e+01 -7.277266e+01
    endloop
  endfacet
  facet normal -5.064917e-02 6.411408e-01 7.657501e-01
    outer loop
      vertex   -1.584752e+02 5.582481e+01 -7.277266e+01
      vertex   -1.590814e+02 5.273814e+01 -7.022838e+01
      vertex   -1.584752e+02 5.275788e+01 -7.020481e+01
    endloop
  endfacet
  facet normal -2.506525e-01 6.214714e-01 7.422578e-01
    outer loop
      vertex   -1.584752e+02 5.582481e+01 -7.277266e+01
      vertex   -1.584752e+02 5.275788e+01 -7.020481e+01
      vertex   -1.578875e+02 5.592249e+01 -7.265601e+01
    endloop
  endfacet
  facet normal -2.506525e-01 6.214714e-01 7.422578e-01
    outer loop
      vertex   -1.578875e+02 5.592249e+01 -7.265601e+01
      vertex   -1.584752e+02 5.275788e+01 -7.020481e+01
      vertex   -1.578875e+02 5.285555e+01 -7.008815e+01
    endloop
  endfacet
  facet normal -4.403942e-01 5.763588e-01 6.883774e-01
    outer loop
      vertex   -1.578875e+02 5.592249e+01 -7.265601e+01
      vertex   -1.578875e+02 5.285555e+01 -7.008815e+01
      vertex   -1.573426e+02 5.609410e+01 -7.245104e+01
    endloop
  endfacet
  facet normal -4.403942e-01 5.763588e-01 6.883774e-01
    outer loop
      vertex   -1.573426e+02 5.609410e+01 -7.245104e+01
      vertex   -1.578875e+02 5.285555e+01 -7.008815e+01
      vertex   -1.573426e+02 5.302716e+01 -6.988318e+01
    endloop
  endfacet
  facet normal -6.121060e-01 5.076501e-01 6.063148e-01
    outer loop
      vertex   -1.573426e+02 5.609410e+01 -7.245104e+01
      vertex   -1.573426e+02 5.302716e+01 -6.988318e+01
      vertex   -1.568626e+02 5.633262e+01 -7.216616e+01
    endloop
  endfacet
  facet normal -6.121060e-01 5.076501e-01 6.063148e-01
    outer loop
      vertex   -1.568626e+02 5.633262e+01 -7.216616e+01
      vertex   -1.573426e+02 5.302716e+01 -6.988318e+01
      vertex   -1.568626e+02 5.326569e+01 -6.959830e+01
    endloop
  endfacet
  facet normal -7.587581e-01 4.181582e-01 4.994295e-01
    outer loop
      vertex   -1.568626e+02 5.633262e+01 -7.216616e+01
      vertex   -1.568626e+02 5.326569e+01 -6.959830e+01
      vertex   -1.564672e+02 5.662830e+01 -7.181302e+01
    endloop
  endfacet
  facet normal -7.587581e-01 4.181582e-01 4.994295e-01
    outer loop
      vertex   -1.564672e+02 5.662830e+01 -7.181302e+01
      vertex   -1.568626e+02 5.326569e+01 -6.959830e+01
      vertex   -1.564672e+02 5.356136e+01 -6.924516e+01
    endloop
  endfacet
  facet normal -8.743466e-01 3.115467e-01 3.720976e-01
    outer loop
      vertex   -1.564672e+02 5.662830e+01 -7.181302e+01
      vertex   -1.564672e+02 5.356136e+01 -6.924516e+01
      vertex   -1.561726e+02 5.696901e+01 -7.140608e+01
    endloop
  endfacet
  facet normal -8.743466e-01 3.115467e-01 3.720976e-01
    outer loop
      vertex   -1.561726e+02 5.696901e+01 -7.140608e+01
      vertex   -1.564672e+02 5.356136e+01 -6.924516e+01
      vertex   -1.561726e+02 5.390207e+01 -6.883823e+01
    endloop
  endfacet
  facet normal -9.541393e-01 1.921806e-01 2.295319e-01
    outer loop
      vertex   -1.561726e+02 5.696901e+01 -7.140608e+01
      vertex   -1.561726e+02 5.390207e+01 -6.883823e+01
      vertex   -1.559909e+02 5.734082e+01 -7.096201e+01
    endloop
  endfacet
  facet normal -9.541393e-01 1.921806e-01 2.295319e-01
    outer loop
      vertex   -1.559909e+02 5.734082e+01 -7.096201e+01
      vertex   -1.561726e+02 5.390207e+01 -6.883823e+01
      vertex   -1.559909e+02 5.427388e+01 -6.839416e+01
    endloop
  endfacet
  facet normal -9.948693e-01 6.494649e-02 7.756921e-02
    outer loop
      vertex   -1.209909e+02 3.487205e+01 -9.779771e+01
      vertex   -1.209909e+02 3.180512e+01 -9.522985e+01
      vertex   -1.209295e+02 3.525973e+01 -9.733468e+01
    endloop
  endfacet
  facet normal -9.948693e-01 6.494649e-02 7.756921e-02
    outer loop
      vertex   -1.209295e+02 3.525973e+01 -9.733468e+01
      vertex   -1.209909e+02 3.180512e+01 -9.522985e+01
      vertex   -1.209295e+02 3.219280e+01 -9.476682e+01
    endloop
  endfacet
  facet normal -9.948693e-01 -6.494649e-02 -7.756921e-02
    outer loop
      vertex   -1.209295e+02 3.525973e+01 -9.733468e+01
      vertex   -1.209295e+02 3.219280e+01 -9.476682e+01
      vertex   -1.209909e+02 3.564741e+01 -9.687166e+01
    endloop
  endfacet
  facet normal -9.948693e-01 -6.494649e-02 -7.756921e-02
    outer loop
      vertex   -1.209909e+02 3.564741e+01 -9.687166e+01
      vertex   -1.209295e+02 3.219280e+01 -9.476682e+01
      vertex   -1.209909e+02 3.258048e+01 -9.430380e+01
    endloop
  endfacet
  facet normal -9.541393e-01 -1.921806e-01 -2.295319e-01
    outer loop
      vertex   -1.209909e+02 3.564741e+01 -9.687166e+01
      vertex   -1.209909e+02 3.258048e+01 -9.430380e+01
      vertex   -1.211726e+02 3.601922e+01 -9.642758e+01
    endloop
  endfacet
  facet normal -9.541393e-01 -1.921806e-01 -2.295319e-01
    outer loop
      vertex   -1.211726e+02 3.601922e+01 -9.642758e+01
      vertex   -1.209909e+02 3.258048e+01 -9.430380e+01
      vertex   -1.211726e+02 3.295228e+01 -9.385973e+01
    endloop
  endfacet
  facet normal -8.743466e-01 -3.115467e-01 -3.720976e-01
    outer loop
      vertex   -1.211726e+02 3.601922e+01 -9.642758e+01
      vertex   -1.211726e+02 3.295228e+01 -9.385973e+01
      vertex   -1.214672e+02 3.635994e+01 -9.602065e+01
    endloop
  endfacet
  facet normal -8.743466e-01 -3.115467e-01 -3.720976e-01
    outer loop
      vertex   -1.214672e+02 3.635994e+01 -9.602065e+01
      vertex   -1.211726e+02 3.295228e+01 -9.385973e+01
      vertex   -1.214672e+02 3.329300e+01 -9.345279e+01
    endloop
  endfacet
  facet normal -7.587581e-01 -4.181582e-01 -4.994295e-01
    outer loop
      vertex   -1.214672e+02 3.635994e+01 -9.602065e+01
      vertex   -1.214672e+02 3.329300e+01 -9.345279e+01
      vertex   -1.218626e+02 3.665561e+01 -9.566751e+01
    endloop
  endfacet
  facet normal -7.587581e-01 -4.181582e-01 -4.994295e-01
    outer loop
      vertex   -1.218626e+02 3.665561e+01 -9.566751e+01
      vertex   -1.214672e+02 3.329300e+01 -9.345279e+01
      vertex   -1.218626e+02 3.358867e+01 -9.309965e+01
    endloop
  endfacet
  facet normal -6.121060e-01 -5.076501e-01 -6.063148e-01
    outer loop
      vertex   -1.218626e+02 3.665561e+01 -9.566751e+01
      vertex   -1.218626e+02 3.358867e+01 -9.309965e+01
      vertex   -1.223426e+02 3.689413e+01 -9.538263e+01
    endloop
  endfacet
  facet normal -6.121060e-01 -5.076501e-01 -6.063148e-01
    outer loop
      vertex   -1.223426e+02 3.689413e+01 -9.538263e+01
      vertex   -1.218626e+02 3.358867e+01 -9.309965e+01
      vertex   -1.223426e+02 3.382720e+01 -9.281477e+01
    endloop
  endfacet
  facet normal -4.403942e-01 -5.763588e-01 -6.883774e-01
    outer loop
      vertex   -1.223426e+02 3.689413e+01 -9.538263e+01
      vertex   -1.223426e+02 3.382720e+01 -9.281477e+01
      vertex   -1.228875e+02 3.706574e+01 -9.517766e+01
    endloop
  endfacet
  facet normal -4.403942e-01 -5.763588e-01 -6.883774e-01
    outer loop
      vertex   -1.228875e+02 3.706574e+01 -9.517766e+01
      vertex   -1.223426e+02 3.382720e+01 -9.281477e+01
      vertex   -1.228875e+02 3.399881e+01 -9.260980e+01
    endloop
  endfacet
  facet normal -2.506525e-01 -6.214714e-01 -7.422578e-01
    outer loop
      vertex   -1.228875e+02 3.706574e+01 -9.517766e+01
      vertex   -1.228875e+02 3.399881e+01 -9.260980e+01
      vertex   -1.234752e+02 3.716342e+01 -9.506101e+01
    endloop
  endfacet
  facet normal -2.506525e-01 -6.214714e-01 -7.422578e-01
    outer loop
      vertex   -1.234752e+02 3.716342e+01 -9.506101e+01
      vertex   -1.228875e+02 3.399881e+01 -9.260980e+01
      vertex   -1.234752e+02 3.409648e+01 -9.249315e+01
    endloop
  endfacet
  facet normal -5.064917e-02 -6.411408e-01 -7.657501e-01
    outer loop
      vertex   -1.234752e+02 3.716342e+01 -9.506101e+01
      vertex   -1.234752e+02 3.409648e+01 -9.249315e+01
      vertex   -1.240814e+02 3.718316e+01 -9.503743e+01
    endloop
  endfacet
  facet normal -5.064917e-02 -6.411408e-01 -7.657501e-01
    outer loop
      vertex   -1.240814e+02 3.718316e+01 -9.503743e+01
      vertex   -1.234752e+02 3.409648e+01 -9.249315e+01
      vertex   -1.240814e+02 3.411622e+01 -9.246957e+01
    endloop
  endfacet
  facet normal 1.514278e-01 -6.345618e-01 -7.578924e-01
    outer loop
      vertex   -1.240814e+02 3.718316e+01 -9.503743e+01
      vertex   -1.240814e+02 3.411622e+01 -9.246957e+01
      vertex   -1.246814e+02 3.712415e+01 -9.510791e+01
    endloop
  endfacet
  facet normal 1.514278e-01 -6.345618e-01 -7.578924e-01
    outer loop
      vertex   -1.246814e+02 3.712415e+01 -9.510791e+01
      vertex   -1.240814e+02 3.411622e+01 -9.246957e+01
      vertex   -1.246814e+02 3.405721e+01 -9.254005e+01
    endloop
  endfacet
  facet normal 3.473053e-01 -6.020038e-01 -7.190066e-01
    outer loop
      vertex   -1.246814e+02 3.712415e+01 -9.510791e+01
      vertex   -1.246814e+02 3.405721e+01 -9.254005e+01
      vertex   -1.252506e+02 3.698881e+01 -9.526955e+01
    endloop
  endfacet
  facet normal 3.473053e-01 -6.020038e-01 -7.190066e-01
    outer loop
      vertex   -1.252506e+02 3.698881e+01 -9.526955e+01
      vertex   -1.246814e+02 3.405721e+01 -9.254005e+01
      vertex   -1.252506e+02 3.392187e+01 -9.270169e+01
    endloop
  endfacet
  facet normal 5.289640e-01 -5.447997e-01 -6.506846e-01
    outer loop
      vertex   -1.252506e+02 3.698881e+01 -9.526955e+01
      vertex   -1.252506e+02 3.392187e+01 -9.270169e+01
      vertex   -1.257658e+02 3.678268e+01 -9.551574e+01
    endloop
  endfacet
  facet normal 5.289640e-01 -5.447997e-01 -6.506846e-01
    outer loop
      vertex   -1.257658e+02 3.678268e+01 -9.551574e+01
      vertex   -1.252506e+02 3.392187e+01 -9.270169e+01
      vertex   -1.257658e+02 3.371575e+01 -9.294788e+01
    endloop
  endfacet
  facet normal 6.889669e-01 -4.652914e-01 -5.557234e-01
    outer loop
      vertex   -1.257658e+02 3.678268e+01 -9.551574e+01
      vertex   -1.257658e+02 3.371575e+01 -9.294788e+01
      vertex   -1.262057e+02 3.651421e+01 -9.583639e+01
    endloop
  endfacet
  facet normal 6.889669e-01 -4.652914e-01 -5.557234e-01
    outer loop
      vertex   -1.262057e+02 3.651421e+01 -9.583639e+01
      vertex   -1.257658e+02 3.371575e+01 -9.294788e+01
      vertex   -1.262057e+02 3.344727e+01 -9.326854e+01
    endloop
  endfacet
  facet normal 8.207634e-01 -3.667340e-01 -4.380109e-01
    outer loop
      vertex   -1.262057e+02 3.651421e+01 -9.583639e+01
      vertex   -1.262057e+02 3.344727e+01 -9.326854e+01
      vertex   -1.265525e+02 3.619437e+01 -9.621839e+01
    endloop
  endfacet
  facet normal 8.207634e-01 -3.667340e-01 -4.380109e-01
    outer loop
      vertex   -1.265525e+02 3.619437e+01 -9.621839e+01
      vertex   -1.262057e+02 3.344727e+01 -9.326854e+01
      vertex   -1.265525e+02 3.312744e+01 -9.365053e+01
    endloop
  endfacet
  facet normal 9.189578e-01 -2.531625e-01 -3.023661e-01
    outer loop
      vertex   -1.265525e+02 3.619437e+01 -9.621839e+01
      vertex   -1.265525e+02 3.312744e+01 -9.365053e+01
      vertex   -1.267919e+02 3.583627e+01 -9.664609e+01
    endloop
  endfacet
  facet normal 9.189578e-01 -2.531625e-01 -3.023661e-01
    outer loop
      vertex   -1.267919e+02 3.583627e+01 -9.664609e+01
      vertex   -1.265525e+02 3.312744e+01 -9.365053e+01
      vertex   -1.267919e+02 3.276934e+01 -9.407823e+01
    endloop
  endfacet
  facet normal 9.795299e-01 -1.292265e-01 -1.543425e-01
    outer loop
      vertex   -1.267919e+02 3.583627e+01 -9.664609e+01
      vertex   -1.267919e+02 3.276934e+01 -9.407823e+01
      vertex   -1.269141e+02 3.545457e+01 -9.710198e+01
    endloop
  endfacet
  facet normal 9.795299e-01 -1.292265e-01 -1.543425e-01
    outer loop
      vertex   -1.269141e+02 3.545457e+01 -9.710198e+01
      vertex   -1.267919e+02 3.276934e+01 -9.407823e+01
      vertex   -1.269141e+02 3.238764e+01 -9.453412e+01
    endloop
  endfacet
  facet normal 1.000000e+00 0.000000e+00 0.000000e+00
    outer loop
      vertex   -1.269141e+02 3.545457e+01 -9.710198e+01
      vertex   -1.269141e+02 3.238764e+01 -9.453412e+01
      vertex   -1.269141e+02 3.506489e+01 -9.756739e+01
    endloop
  endfacet
  facet normal 1.000000e+00 0.000000e+00 0.000000e+00
    outer loop
      vertex   -1.269141e+02 3.506489e+01 -9.756739e+01
      vertex   -1.269141e+02 3.238764e+01 -9.453412e+01
      vertex   -1.269141e+02 3.199796e+01 -9.499953e+01
    endloop
  endfacet
  facet normal 9.795299e-01 1.292265e-01 1.543425e-01
    outer loop
      vertex   -1.269141e+02 3.506489e+01 -9.756739e+01
      vertex   -1.269141e+02 3.199796e+01 -9.499953e+01
      vertex   -1.267919e+02 3.468319e+01 -9.802328e+01
    endloop
  endfacet
  facet normal 9.795299e-01 1.292265e-01 1.543425e-01
    outer loop
      vertex   -1.267919e+02 3.468319e+01 -9.802328e+01
      vertex   -1.269141e+02 3.199796e+01 -9.499953e+01
      vertex   -1.267919e+02 3.161625e+01 -9.545542e+01
    endloop
  endfacet
  facet normal 9.189578e-01 2.531625e-01 3.023661e-01
    outer loop
      vertex   -1.267919e+02 3.468319e+01 -9.802328e+01
      vertex   -1.267919e+02 3.161625e+01 -9.545542e+01
      vertex   -1.265525e+02 3.432509e+01 -9.845098e+01
    endloop
  endfacet
  facet normal 9.189578e-01 2.531625e-01 3.023661e-01
    outer loop
      vertex   -1.265525e+02 3.432509e+01 -9.845098e+01
      vertex   -1.267919e+02 3.161625e+01 -9.545542e+01
      vertex   -1.265525e+02 3.125816e+01 -9.588312e+01
    endloop
  endfacet
  facet normal 8.207634e-01 3.667340e-01 4.380109e-01
    outer loop
      vertex   -1.265525e+02 3.432509e+01 -9.845098e+01
      vertex   -1.265525e+02 3.125816e+01 -9.588312e+01
      vertex   -1.262057e+02 3.400526e+01 -9.883297e+01
    endloop
  endfacet
  facet normal 8.207634e-01 3.667340e-01 4.380109e-01
    outer loop
      vertex   -1.262057e+02 3.400526e+01 -9.883297e+01
      vertex   -1.265525e+02 3.125816e+01 -9.588312e+01
      vertex   -1.262057e+02 3.093832e+01 -9.626511e+01
    endloop
  endfacet
  facet normal 6.889669e-01 4.652914e-01 5.557234e-01
    outer loop
      vertex   -1.262057e+02 3.400526e+01 -9.883297e+01
      vertex   -1.262057e+02 3.093832e+01 -9.626511e+01
      vertex   -1.257658e+02 3.373678e+01 -9.915363e+01
    endloop
  endfacet
  facet normal 6.889669e-01 4.652914e-01 5.557234e-01
    outer loop
      vertex   -1.257658e+02 3.373678e+01 -9.915363e+01
      vertex   -1.262057e+02 3.093832e+01 -9.626511e+01
      vertex   -1.257658e+02 3.066985e+01 -9.658577e+01
    endloop
  endfacet
  facet normal 5.289640e-01 5.447997e-01 6.506846e-01
    outer loop
      vertex   -1.257658e+02 3.373678e+01 -9.915363e+01
      vertex   -1.257658e+02 3.066985e+01 -9.658577e+01
      vertex   -1.252506e+02 3.353066e+01 -9.939982e+01
    endloop
  endfacet
  facet normal 5.289640e-01 5.447997e-01 6.506846e-01
    outer loop
      vertex   -1.252506e+02 3.353066e+01 -9.939982e+01
      vertex   -1.257658e+02 3.066985e+01 -9.658577e+01
      vertex   -1.252506e+02 3.046372e+01 -9.683196e+01
    endloop
  endfacet
  facet normal 3.473053e-01 6.020038e-01 7.190066e-01
    outer loop
      vertex   -1.252506e+02 3.353066e+01 -9.939982e+01
      vertex   -1.252506e+02 3.046372e+01 -9.683196e+01
      vertex   -1.246814e+02 3.339532e+01 -9.956146e+01
    endloop
  endfacet
  facet normal 3.473053e-01 6.020038e-01 7.190066e-01
    outer loop
      vertex   -1.246814e+02 3.339532e+01 -9.956146e+01
      vertex   -1.252506e+02 3.046372e+01 -9.683196e+01
      vertex   -1.246814e+02 3.032838e+01 -9.699360e+01
    endloop
  endfacet
  facet normal 1.514278e-01 6.345618e-01 7.578924e-01
    outer loop
      vertex   -1.246814e+02 3.339532e+01 -9.956146e+01
      vertex   -1.246814e+02 3.032838e+01 -9.699360e+01
      vertex   -1.240814e+02 3.333631e+01 -9.963193e+01
    endloop
  endfacet
  facet normal 1.514278e-01 6.345618e-01 7.578924e-01
    outer loop
      vertex   -1.240814e+02 3.333631e+01 -9.963193e+01
      vertex   -1.246814e+02 3.032838e+01 -9.699360e+01
      vertex   -1.240814e+02 3.026937e+01 -9.706407e+01
    endloop
  endfacet
  facet normal -5.064917e-02 6.411408e-01 7.657501e-01
    outer loop
      vertex   -1.240814e+02 3.333631e+01 -9.963193e+01
      vertex   -1.240814e+02 3.026937e+01 -9.706407e+01
      vertex   -1.234752e+02 3.335605e+01 -9.960836e+01
    endloop
  endfacet
  facet normal -5.064917e-02 6.411408e-01 7.657501e-01
    outer loop
      vertex   -1.234752e+02 3.335605e+01 -9.960836e+01
      vertex   -1.240814e+02 3.026937e+01 -9.706407e+01
      vertex   -1.234752e+02 3.028911e+01 -9.704050e+01
    endloop
  endfacet
  facet normal -2.506525e-01 6.214714e-01 7.422578e-01
    outer loop
      vertex   -1.234752e+02 3.335605e+01 -9.960836e+01
      vertex   -1.234752e+02 3.028911e+01 -9.704050e+01
      vertex   -1.228875e+02 3.345372e+01 -9.949170e+01
    endloop
  endfacet
  facet normal -2.506525e-01 6.214714e-01 7.422578e-01
    outer loop
      vertex   -1.228875e+02 3.345372e+01 -9.949170e+01
      vertex   -1.234752e+02 3.028911e+01 -9.704050e+01
      vertex   -1.228875e+02 3.038678e+01 -9.692384e+01
    endloop
  endfacet
  facet normal -4.403942e-01 5.763588e-01 6.883774e-01
    outer loop
      vertex   -1.228875e+02 3.345372e+01 -9.949170e+01
      vertex   -1.228875e+02 3.038678e+01 -9.692384e+01
      vertex   -1.223426e+02 3.362533e+01 -9.928674e+01
    endloop
  endfacet
  facet normal -4.403942e-01 5.763588e-01 6.883774e-01
    outer loop
      vertex   -1.223426e+02 3.362533e+01 -9.928674e+01
      vertex   -1.228875e+02 3.038678e+01 -9.692384e+01
      vertex   -1.223426e+02 3.055840e+01 -9.671888e+01
    endloop
  endfacet
  facet normal -6.121060e-01 5.076501e-01 6.063148e-01
    outer loop
      vertex   -1.223426e+02 3.362533e+01 -9.928674e+01
      vertex   -1.223426e+02 3.055840e+01 -9.671888e+01
      vertex   -1.218626e+02 3.386386e+01 -9.900185e+01
    endloop
  endfacet
  facet normal -6.121060e-01 5.076501e-01 6.063148e-01
    outer loop
      vertex   -1.218626e+02 3.386386e+01 -9.900185e+01
      vertex   -1.223426e+02 3.055840e+01 -9.671888e+01
      vertex   -1.218626e+02 3.079692e+01 -9.643399e+01
    endloop
  endfacet
  facet normal -7.587581e-01 4.181582e-01 4.994295e-01
    outer loop
      vertex   -1.218626e+02 3.386386e+01 -9.900185e+01
      vertex   -1.218626e+02 3.079692e+01 -9.643399e+01
      vertex   -1.214672e+02 3.415953e+01 -9.864872e+01
    endloop
  endfacet
  facet normal -7.587581e-01 4.181582e-01 4.994295e-01
    outer loop
      vertex   -1.214672e+02 3.415953e+01 -9.864872e+01
      vertex   -1.218626e+02 3.079692e+01 -9.643399e+01
      vertex   -1.214672e+02 3.109259e+01 -9.608086e+01
    endloop
  endfacet
  facet normal -8.743466e-01 3.115467e-01 3.720976e-01
    outer loop
      vertex   -1.214672e+02 3.415953e+01 -9.864872e+01
      vertex   -1.214672e+02 3.109259e+01 -9.608086e+01
      vertex   -1.211726e+02 3.450025e+01 -9.824178e+01
    endloop
  endfacet
  facet normal -8.743466e-01 3.115467e-01 3.720976e-01
    outer loop
      vertex   -1.211726e+02 3.450025e+01 -9.824178e+01
      vertex   -1.214672e+02 3.109259e+01 -9.608086e+01
      vertex   -1.211726e+02 3.143331e+01 -9.567392e+01
    endloop
  endfacet
  facet normal -9.541393e-01 1.921806e-01 2.295319e-01
    outer loop
      vertex   -1.211726e+02 3.450025e+01 -9.824178e+01
      vertex   -1.211726e+02 3.143331e+01 -9.567392e+01
      vertex   -1.209909e+02 3.487205e+01 -9.779771e+01
    endloop
  endfacet
  facet normal -9.541393e-01 1.921806e-01 2.295319e-01
    outer loop
      vertex   -1.209909e+02 3.487205e+01 -9.779771e+01
      vertex   -1.211726e+02 3.143331e+01 -9.567392e+01
      vertex   -1.209909e+02 3.180512e+01 -9.522985e+01
    endloop
  endfacet
  facet normal -9.948693e-01 6.494649e-02 7.756921e-02
    outer loop
      vertex   -1.209909e+02 5.734082e+01 -7.096201e+01
      vertex   -1.209909e+02 5.427388e+01 -6.839416e+01
      vertex   -1.209295e+02 5.772850e+01 -7.049899e+01
    endloop
  endfacet
  facet normal -9.948693e-01 6.494649e-02 7.756921e-02
    outer loop
      vertex   -1.209295e+02 5.772850e+01 -7.049899e+01
      vertex   -1.209909e+02 5.427388e+01 -6.839416e+01
      vertex   -1.209295e+02 5.466156e+01 -6.793113e+01
    endloop
  endfacet
  facet normal -9.948693e-01 -6.494649e-02 -7.756921e-02
    outer loop
      vertex   -1.209295e+02 5.772850e+01 -7.049899e+01
      vertex   -1.209295e+02 5.466156e+01 -6.793113e+01
      vertex   -1.209909e+02 5.811618e+01 -7.003596e+01
    endloop
  endfacet
  facet normal -9.948693e-01 -6.494649e-02 -7.756921e-02
    outer loop
      vertex   -1.209909e+02 5.811618e+01 -7.003596e+01
      vertex   -1.209295e+02 5.466156e+01 -6.793113e+01
      vertex   -1.209909e+02 5.504924e+01 -6.746810e+01
    endloop
  endfacet
  facet normal -9.541393e-01 -1.921806e-01 -2.295319e-01
    outer loop
      vertex   -1.209909e+02 5.811618e+01 -7.003596e+01
      vertex   -1.209909e+02 5.504924e+01 -6.746810e+01
      vertex   -1.211726e+02 5.848799e+01 -6.959189e+01
    endloop
  endfacet
  facet normal -9.541393e-01 -1.921806e-01 -2.295319e-01
    outer loop
      vertex   -1.211726e+02 5.848799e+01 -6.959189e+01
      vertex   -1.209909e+02 5.504924e+01 -6.746810e+01
      vertex   -1.211726e+02 5.542105e+01 -6.702403e+01
    endloop
  endfacet
  facet normal -8.743466e-01 -3.115467e-01 -3.720976e-01
    outer loop
      vertex   -1.211726e+02 5.848799e+01 -6.959189e+01
      vertex   -1.211726e+02 5.542105e+01 -6.702403e+01
      vertex   -1.214672e+02 5.882870e+01 -6.918495e+01
    endloop
  endfacet
  facet normal -8.743466e-01 -3.115467e-01 -3.720976e-01
    outer loop
      vertex   -1.214672e+02 5.882870e+01 -6.918495e+01
      vertex   -1.211726e+02 5.542105e+01 -6.702403e+01
      vertex   -1.214672e+02 5.576176e+01 -6.661710e+01
    endloop
  endfacet
  facet normal -7.587581e-01 -4.181582e-01 -4.994295e-01
    outer loop
      vertex   -1.214672e+02 5.882870e+01 -6.918495e+01
      vertex   -1.214672e+02 5.576176e+01 -6.661710e+01
      vertex   -1.218626e+02 5.912437e+01 -6.883182e+01
    endloop
  endfacet
  facet normal -7.587581e-01 -4.181582e-01 -4.994295e-01
    outer loop
      vertex   -1.218626e+02 5.912437e+01 -6.883182e+01
      vertex   -1.214672e+02 5.576176e+01 -6.661710e+01
      vertex   -1.218626e+02 5.605744e+01 -6.626396e+01
    endloop
  endfacet
  facet normal -6.121060e-01 -5.076501e-01 -6.063148e-01
    outer loop
      vertex   -1.218626e+02 5.912437e+01 -6.883182e+01
      vertex   -1.218626e+02 5.605744e+01 -6.626396e+01
      vertex   -1.223426e+02 5.936290e+01 -6.854693e+01
    endloop
  endfacet
  facet normal -6.121060e-01 -5.076501e-01 -6.063148e-01
    outer loop
      vertex   -1.223426e+02 5.936290e+01 -6.854693e+01
      vertex   -1.218626e+02 5.605744e+01 -6.626396e+01
      vertex   -1.223426e+02 5.629596e+01 -6.597907e+01
    endloop
  endfacet
  facet normal -4.403942e-01 -5.763588e-01 -6.883774e-01
    outer loop
      vertex   -1.223426e+02 5.936290e+01 -6.854693e+01
      vertex   -1.223426e+02 5.629596e+01 -6.597907e+01
      vertex   -1.228875e+02 5.953451e+01 -6.834197e+01
    endloop
  endfacet
  facet normal -4.403942e-01 -5.763588e-01 -6.883774e-01
    outer loop
      vertex   -1.228875e+02 5.953451e+01 -6.834197e+01
      vertex   -1.223426e+02 5.629596e+01 -6.597907e+01
      vertex   -1.228875e+02 5.646757e+01 -6.577411e+01
    endloop
  endfacet
  facet normal -2.506525e-01 -6.214714e-01 -7.422578e-01
    outer loop
      vertex   -1.228875e+02 5.953451e+01 -6.834197e+01
      vertex   -1.228875e+02 5.646757e+01 -6.577411e+01
      vertex   -1.234752e+02 5.963218e+01 -6.822531e+01
    endloop
  endfacet
  facet normal -2.506525e-01 -6.214714e-01 -7.422578e-01
    outer loop
      vertex   -1.234752e+02 5.963218e+01 -6.822531e+01
      vertex   -1.228875e+02 5.646757e+01 -6.577411e+01
      vertex   -1.234752e+02 5.656525e+01 -6.565745e+01
    endloop
  endfacet
  facet normal -5.064917e-02 -6.411408e-01 -7.657501e-01
    outer loop
      vertex   -1.234752e+02 5.963218e+01 -6.822531e+01
      vertex   -1.234752e+02 5.656525e+01 -6.565745e+01
      vertex   -1.240814e+02 5.965192e+01 -6.820174e+01
    endloop
  endfacet
  facet normal -5.064917e-02 -6.411408e-01 -7.657501e-01
    outer loop
      vertex   -1.240814e+02 5.965192e+01 -6.820174e+01
      vertex   -1.234752e+02 5.656525e+01 -6.565745e+01
      vertex   -1.240814e+02 5.658498e+01 -6.563388e+01
    endloop
  endfacet
  facet normal 1.514278e-01 -6.345618e-01 -7.578924e-01
    outer loop
      vertex   -1.240814e+02 5.965192e+01 -6.820174e+01
      vertex   -1.240814e+02 5.658498e+01 -6.563388e+01
      vertex   -1.246814e+02 5.959291e+01 -6.827221e+01
    endloop
  endfacet
  facet normal 1.514278e-01 -6.345618e-01 -7.578924e-01
    outer loop
      vertex   -1.246814e+02 5.959291e+01 -6.827221e+01
      vertex   -1.240814e+02 5.658498e+01 -6.563388e+01
      vertex   -1.246814e+02 5.652598e+01 -6.570435e+01
    endloop
  endfacet
  facet normal 3.473053e-01 -6.020038e-01 -7.190066e-01
    outer loop
      vertex   -1.246814e+02 5.959291e+01 -6.827221e+01
      vertex   -1.246814e+02 5.652598e+01 -6.570435e+01
      vertex   -1.252506e+02 5.945757e+01 -6.843385e+01
    endloop
  endfacet
  facet normal 3.473053e-01 -6.020038e-01 -7.190066e-01
    outer loop
      vertex   -1.252506e+02 5.945757e+01 -6.843385e+01
      vertex   -1.246814e+02 5.652598e+01 -6.570435e+01
      vertex   -1.252506e+02 5.639064e+01 -6.586600e+01
    endloop
  endfacet
  facet normal 5.289640e-01 -5.447997e-01 -6.506846e-01
    outer loop
      vertex   -1.252506e+02 5.945757e+01 -6.843385e+01
      vertex   -1.252506e+02 5.639064e+01 -6.586600e+01
      vertex   -1.257658e+02 5.925145e+01 -6.868004e+01
    endloop
  endfacet
  facet normal 5.289640e-01 -5.447997e-01 -6.506846e-01
    outer loop
      vertex   -1.257658e+02 5.925145e+01 -6.868004e+01
      vertex   -1.252506e+02 5.639064e+01 -6.586600e+01
      vertex   -1.257658e+02 5.618451e+01 -6.611218e+01
    endloop
  endfacet
  facet normal 6.889669e-01 -4.652914e-01 -5.557234e-01
    outer loop
      vertex   -1.257658e+02 5.925145e+01 -6.868004e+01
      vertex   -1.257658e+02 5.618451e+01 -6.611218e+01
      vertex   -1.262057e+02 5.898297e+01 -6.900070e+01
    endloop
  endfacet
  facet normal 6.889669e-01 -4.652914e-01 -5.557234e-01
    outer loop
      vertex   -1.262057e+02 5.898297e+01 -6.900070e+01
      vertex   -1.257658e+02 5.618451e+01 -6.611218e+01
      vertex   -1.262057e+02 5.591604e+01 -6.643284e+01
    endloop
  endfacet
  facet normal 8.207634e-01 -3.667340e-01 -4.380109e-01
    outer loop
      vertex   -1.262057e+02 5.898297e+01 -6.900070e+01
      vertex   -1.262057e+02 5.591604e+01 -6.643284e+01
      vertex   -1.265525e+02 5.866314e+01 -6.938269e+01
    endloop
  endfacet
  facet normal 8.207634e-01 -3.667340e-01 -4.380109e-01
    outer loop
      vertex   -1.265525e+02 5.866314e+01 -6.938269e+01
      vertex   -1.262057e+02 5.591604e+01 -6.643284e+01
      vertex   -1.265525e+02 5.559620e+01 -6.681483e+01
    endloop
  endfacet
  facet normal 9.189578e-01 -2.531625e-01 -3.023661e-01
    outer loop
      vertex   -1.265525e+02 5.866314e+01 -6.938269e+01
      vertex   -1.265525e+02 5.559620e+01 -6.681483e+01
      vertex   -1.267919e+02 5.830504e+01 -6.981039e+01
    endloop
  endfacet
  facet normal 9.189578e-01 -2.531625e-01 -3.023661e-01
    outer loop
      vertex   -1.267919e+02 5.830504e+01 -6.981039e+01
      vertex   -1.265525e+02 5.559620e+01 -6.681483e+01
      vertex   -1.267919e+02 5.523810e+01 -6.724253e+01
    endloop
  endfacet
  facet normal 9.795299e-01 -1.292265e-01 -1.543425e-01
    outer loop
      vertex   -1.267919e+02 5.830504e+01 -6.981039e+01
      vertex   -1.267919e+02 5.523810e+01 -6.724253e+01
      vertex   -1.269141e+02 5.792334e+01 -7.026628e+01
    endloop
  endfacet
  facet normal 9.795299e-01 -1.292265e-01 -1.543425e-01
    outer loop
      vertex   -1.269141e+02 5.792334e+01 -7.026628e+01
      vertex   -1.267919e+02 5.523810e+01 -6.724253e+01
      vertex   -1.269141e+02 5.485640e+01 -6.769842e+01
    endloop
  endfacet
  facet normal 1.000000e+00 0.000000e+00 0.000000e+00
    outer loop
      vertex   -1.269141e+02 5.792334e+01 -7.026628e+01
      vertex   -1.269141e+02 5.485640e+01 -6.769842e+01
      vertex   -1.269141e+02 5.753366e+01 -7.073169e+01
    endloop
  endfacet
  facet normal 1.000000e+00 0.000000e+00 0.000000e+00
    outer loop
      vertex   -1.269141e+02 5.753366e+01 -7.073169e+01
      vertex   -1.269141e+02 5.485640e+01 -6.769842e+01
      vertex   -1.269141e+02 5.446672e+01 -6.816384e+01
    endloop
  endfacet
  facet normal 9.795299e-01 1.292265e-01 1.543425e-01
    outer loop
      vertex   -1.269141e+02 5.753366e+01 -7.073169e+01
      vertex   -1.269141e+02 5.446672e+01 -6.816384e+01
      vertex   -1.267919e+02 5.715196e+01 -7.118758e+01
    endloop
  endfacet
  facet normal 9.795299e-01 1.292265e-01 1.543425e-01
    outer loop
      vertex   -1.267919e+02 5.715196e+01 -7.118758e+01
      vertex   -1.269141e+02 5.446672e+01 -6.816384e+01
      vertex   -1.267919e+02 5.408502e+01 -6.861972e+01
    endloop
  endfacet
  facet normal 9.189578e-01 2.531625e-01 3.023661e-01
    outer loop
      vertex   -1.267919e+02 5.715196e+01 -7.118758e+01
      vertex   -1.267919e+02 5.408502e+01 -6.861972e+01
      vertex   -1.265525e+02 5.679386e+01 -7.161528e+01
    endloop
  endfacet
  facet normal 9.189578e-01 2.531625e-01 3.023661e-01
    outer loop
      vertex   -1.265525e+02 5.679386e+01 -7.161528e+01
      vertex   -1.267919e+02 5.408502e+01 -6.861972e+01
      vertex   -1.265525e+02 5.372692e+01 -6.904742e+01
    endloop
  endfacet
  facet normal 8.207634e-01 3.667340e-01 4.380109e-01
    outer loop
      vertex   -1.265525e+02 5.679386e+01 -7.161528e+01
      vertex   -1.265525e+02 5.372692e+01 -6.904742e+01
      vertex   -1.262057e+02 5.647402e+01 -7.199728e+01
    endloop
  endfacet
  facet normal 8.207634e-01 3.667340e-01 4.380109e-01
    outer loop
      vertex   -1.262057e+02 5.647402e+01 -7.199728e+01
      vertex   -1.265525e+02 5.372692e+01 -6.904742e+01
      vertex   -1.262057e+02 5.340709e+01 -6.942942e+01
    endloop
  endfacet
  facet normal 6.889669e-01 4.652914e-01 5.557234e-01
    outer loop
      vertex   -1.262057e+02 5.647402e+01 -7.199728e+01
      vertex   -1.262057e+02 5.340709e+01 -6.942942e+01
      vertex   -1.257658e+02 5.620555e+01 -7.231793e+01
    endloop
  endfacet
  facet normal 6.889669e-01 4.652914e-01 5.557234e-01
    outer loop
      vertex   -1.257658e+02 5.620555e+01 -7.231793e+01
      vertex   -1.262057e+02 5.340709e+01 -6.942942e+01
      vertex   -1.257658e+02 5.313861e+01 -6.975007e+01
    endloop
  endfacet
  facet normal 5.289640e-01 5.447997e-01 6.506846e-01
    outer loop
      vertex   -1.257658e+02 5.620555e+01 -7.231793e+01
      vertex   -1.257658e+02 5.313861e+01 -6.975007e+01
      vertex   -1.252506e+02 5.599942e+01 -7.256412e+01
    endloop
  endfacet
  facet normal 5.289640e-01 5.447997e-01 6.506846e-01
    outer loop
      vertex   -1.252506e+02 5.599942e+01 -7.256412e+01
      vertex   -1.257658e+02 5.313861e+01 -6.975007e+01
      vertex   -1.252506e+02 5.293248e+01 -6.999626e+01
    endloop
  endfacet
  facet normal 3.473053e-01 6.020038e-01 7.190066e-01
    outer loop
      vertex   -1.252506e+02 5.599942e+01 -7.256412e+01
      vertex   -1.252506e+02 5.293248e+01 -6.999626e+01
      vertex   -1.246814e+02 5.586408e+01 -7.272576e+01
    endloop
  endfacet
  facet normal 3.473053e-01 6.020038e-01 7.190066e-01
    outer loop
      vertex   -1.246814e+02 5.586408e+01 -7.272576e+01
      vertex   -1.252506e+02 5.293248e+01 -6.999626e+01
      vertex   -1.246814e+02 5.279715e+01 -7.015790e+01
    endloop
  endfacet
  facet normal 1.514278e-01 6.345618e-01 7.578924e-01
    outer loop
      vertex   -1.246814e+02 5.586408e+01 -7.272576e+01
      vertex   -1.246814e+02 5.279715e+01 -7.015790e+01
      vertex   -1.240814e+02 5.580508e+01 -7.279624e+01
    endloop
  endfacet
  facet normal 1.514278e-01 6.345618e-01 7.578924e-01
    outer loop
      vertex   -1.240814e+02 5.580508e+01 -7.279624e+01
      vertex   -1.246814e+02 5.279715e+01 -7.015790e+01
      vertex   -1.240814e+02 5.273814e+01 -7.022838e+01
    endloop
  endfacet
  facet normal -5.064917e-02 6.411408e-01 7.657501e-01
    outer loop
      vertex   -1.240814e+02 5.580508e+01 -7.279624e+01
      vertex   -1.240814e+02 5.273814e+01 -7.022838e+01
      vertex   -1.234752e+02 5.582481e+01 -7.277266e+01
    endloop
  endfacet
  facet normal -5.064917e-02 6.411408e-01 7.657501e-01
    outer loop
      vertex   -1.234752e+02 5.582481e+01 -7.277266e+01
      vertex   -1.240814e+02 5.273814e+01 -7.022838e+01
      vertex   -1.234752e+02 5.275788e+01 -7.020481e+01
    endloop
  endfacet
  facet normal -2.506525e-01 6.214714e-01 7.422578e-01
    outer loop
      vertex   -1.234752e+02 5.582481e+01 -7.277266e+01
      vertex   -1.234752e+02 5.275788e+01 -7.020481e+01
      vertex   -1.228875e+02 5.592249e+01 -7.265601e+01
    endloop
  endfacet
  facet normal -2.506525e-01 6.214714e-01 7.422578e-01
    outer loop
      vertex   -1.228875e+02 5.592249e+01 -7.265601e+01
      vertex   -1.234752e+02 5.275788e+01 -7.020481e+01
      vertex   -1.228875e+02 5.285555e+01 -7.008815e+01
    endloop
  endfacet
  facet normal -4.403942e-01 5.763588e-01 6.883774e-01
    outer loop
      vertex   -1.228875e+02 5.592249e+01 -7.265601e+01
      vertex   -1.228875e+02 5.285555e+01 -7.008815e+01
      vertex   -1.223426e+02 5.609410e+01 -7.245104e+01
    endloop
  endfacet
  facet normal -4.403942e-01 5.763588e-01 6.883774e-01
    outer loop
      vertex   -1.223426e+02 5.609410e+01 -7.245104e+01
      vertex   -1.228875e+02 5.285555e+01 -7.008815e+01
      vertex   -1.223426e+02 5.302716e+01 -6.988318e+01
    endloop
  endfacet
  facet normal -6.121060e-01 5.076501e-01 6.063148e-01
    outer loop
      vertex   -1.223426e+02 5.609410e+01 -7.245104e+01
      vertex   -1.223426e+02 5.302716e+01 -6.988318e+01
      vertex   -1.218626e+02 5.633262e+01 -7.216616e+01
    endloop
  endfacet
  facet normal -6.121060e-01 5.076501e-01 6.063148e-01
    outer loop
      vertex   -1.218626e+02 5.633262e+01 -7.216616e+01
      vertex   -1.223426e+02 5.302716e+01 -6.988318e+01
      vertex   -1.218626e+02 5.326569e+01 -6.959830e+01
    endloop
  endfacet
  facet normal -7.587581e-01 4.181582e-01 4.994295e-01
    outer loop
      vertex   -1.218626e+02 5.633262e+01 -7.216616e+01
      vertex   -1.218626e+02 5.326569e+01 -6.959830e+01
      vertex   -1.214672e+02 5.662830e+01 -7.181302e+01
    endloop
  endfacet
  facet normal -7.587581e-01 4.181582e-01 4.994295e-01
    outer loop
      vertex   -1.214672e+02 5.662830e+01 -7.181302e+01
      vertex   -1.218626e+02 5.326569e+01 -6.959830e+01
      vertex   -1.214672e+02 5.356136e+01 -6.924516e+01
    endloop
  endfacet
  facet normal -8.743466e-01 3.115467e-01 3.720976e-01
    outer loop
      vertex   -1.214672e+02 5.662830e+01 -7.181302e+01
      vertex   -1.214672e+02 5.356136e+01 -6.924516e+01
      vertex   -1.211726e+02 5.696901e+01 -7.140608e+01
    endloop
  endfacet
  facet normal -8.743466e-01 3.115467e-01 3.720976e-01
    outer loop
      vertex   -1.211726e+02 5.696901e+01 -7.140608e+01
      vertex   -1.214672e+02 5.356136e+01 -6.924516e+01
      vertex   -1.211726e+02 5.390207e+01 -6.883823e+01
    endloop
  endfacet
  facet normal -9.541393e-01 1.921806e-01 2.295319e-01
    outer loop
      vertex   -1.211726e+02 5.696901e+01 -7.140608e+01
      vertex   -1.211726e+02 5.390207e+01 -6.883823e+01
      vertex   -1.209909e+02 5.734082e+01 -7.096201e+01
    endloop
  endfacet
  facet normal -9.541393e-01 1.921806e-01 2.295319e-01
    outer loop
      vertex   -1.209909e+02 5.734082e+01 -7.096201e+01
      vertex   -1.211726e+02 5.390207e+01 -6.883823e+01
      vertex   -1.209909e+02 5.427388e+01 -6.839416e+01
    endloop
  endfacet
  facet normal -9.948693e-01 6.494649e-02 7.756921e-02
    outer loop
      vertex   -1.559909e+02 3.487205e+01 -9.779771e+01
      vertex   -1.559909e+02 3.180512e+01 -9.522985e+01
      vertex   -1.559295e+02 3.525973e+01 -9.733468e+01
    endloop
  endfacet
  facet normal -9.948693e-01 6.494649e-02 7.756921e-02
    outer loop
      vertex   -1.559295e+02 3.525973e+01 -9.733468e+01
      vertex   -1.559909e+02 3.180512e+01 -9.522985e+01
      vertex   -1.559295e+02 3.219280e+01 -9.476682e+01
    endloop
  endfacet
  facet normal -9.948693e-01 -6.494649e-02 -7.756921e-02
    outer loop
      vertex   -1.559295e+02 3.525973e+01 -9.733468e+01
      vertex   -1.559295e+02 3.219280e+01 -9.476682e+01
      vertex   -1.559909e+02 3.564741e+01 -9.687166e+01
    endloop
  endfacet
  facet normal -9.948693e-01 -6.494649e-02 -7.756921e-02
    outer loop
      vertex   -1.559909e+02 3.564741e+01 -9.687166e+01
      vertex   -1.559295e+02 3.219280e+01 -9.476682e+01
      vertex   -1.559909e+02 3.258048e+01 -9.430380e+01
    endloop
  endfacet
  facet normal -9.541393e-01 -1.921806e-01 -2.295319e-01
    outer loop
      vertex   -1.559909e+02 3.564741e+01 -9.687166e+01
      vertex   -1.559909e+02 3.258048e+01 -9.430380e+01
      vertex   -1.561726e+02 3.601922e+01 -9.642758e+01
    endloop
  endfacet
  facet normal -9.541393e-01 -1.921806e-01 -2.295319e-01
    outer loop
      vertex   -1.561726e+02 3.601922e+01 -9.642758e+01
      vertex   -1.559909e+02 3.258048e+01 -9.430380e+01
      vertex   -1.561726e+02 3.295228e+01 -9.385973e+01
    endloop
  endfacet
  facet normal -8.743466e-01 -3.115467e-01 -3.720976e-01
    outer loop
      vertex   -1.561726e+02 3.601922e+01 -9.642758e+01
      vertex   -1.561726e+02 3.295228e+01 -9.385973e+01
      vertex   -1.564672e+02 3.635994e+01 -9.602065e+01
    endloop
  endfacet
  facet normal -8.743466e-01 -3.115467e-01 -3.720976e-01
    outer loop
      vertex   -1.564672e+02 3.635994e+01 -9.602065e+01
      vertex   -1.561726e+02 3.295228e+01 -9.385973e+01
      vertex   -1.564672e+02 3.329300e+01 -9.345279e+01
    endloop
  endfacet
  facet normal -7.587581e-01 -4.181582e-01 -4.994295e-01
    outer loop
      vertex   -1.564672e+02 3.635994e+01 -9.602065e+01
      vertex   -1.564672e+02 3.329300e+01 -9.345279e+01
      vertex   -1.568626e+02 3.665561e+01 -9.566751e+01
    endloop
  endfacet
  facet normal -7.587581e-01 -4.181582e-01 -4.994295e-01
    outer loop
      vertex   -1.568626e+02 3.665561e+01 -9.566751e+01
      vertex   -1.564672e+02 3.329300e+01 -9.345279e+01
      vertex   -1.568626e+02 3.358867e+01 -9.309965e+01
    endloop
  endfacet
  facet normal -6.121060e-01 -5.076501e-01 -6.063148e-01
    outer loop
      vertex   -1.568626e+02 3.665561e+01 -9.566751e+01
      vertex   -1.568626e+02 3.358867e+01 -9.309965e+01
      vertex   -1.573426e+02 3.689413e+01 -9.538263e+01
    endloop
  endfacet
  facet normal -6.121060e-01 -5.076501e-01 -6.063148e-01
    outer loop
      vertex   -1.573426e+02 3.689413e+01 -9.538263e+01
      vertex   -1.568626e+02 3.358867e+01 -9.309965e+01
      vertex   -1.573426e+02 3.382720e+01 -9.281477e+01
    endloop
  endfacet
  facet normal -4.403942e-01 -5.763588e-01 -6.883774e-01
    outer loop
      vertex   -1.573426e+02 3.689413e+01 -9.538263e+01
      vertex   -1.573426e+02 3.382720e+01 -9.281477e+01
      vertex   -1.578875e+02 3.706574e+01 -9.517766e+01
    endloop
  endfacet
  facet normal -4.403942e-01 -5.763588e-01 -6.883774e-01
    outer loop
      vertex   -1.578875e+02 3.706574e+01 -9.517766e+01
      vertex   -1.573426e+02 3.382720e+01 -9.281477e+01
      vertex   -1.578875e+02 3.399881e+01 -9.260980e+01
    endloop
  endfacet
  facet normal -2.506525e-01 -6.214714e-01 -7.422578e-01
    outer loop
      vertex   -1.578875e+02 3.706574e+01 -9.517766e+01
      vertex   -1.578875e+02 3.399881e+01 -9.260980e+01
      vertex   -1.584752e+02 3.716342e+01 -9.506101e+01
    endloop
  endfacet
  facet normal -2.506525e-01 -6.214714e-01 -7.422578e-01
    outer loop
      vertex   -1.584752e+02 3.716342e+01 -9.506101e+01
      vertex   -1.578875e+02 3.399881e+01 -9.260980e+01
      vertex   -1.584752e+02 3.409648e+01 -9.249315e+01
    endloop
  endfacet
  facet normal -5.064917e-02 -6.411408e-01 -7.657501e-01
    outer loop
      vertex   -1.584752e+02 3.716342e+01 -9.506101e+01
      vertex   -1.584752e+02 3.409648e+01 -9.249315e+01
      vertex   -1.590814e+02 3.718316e+01 -9.503743e+01
    endloop
  endfacet
  facet normal -5.064917e-02 -6.411408e-01 -7.657501e-01
    outer loop
      vertex   -1.590814e+02 3.718316e+01 -9.503743e+01
      vertex   -1.584752e+02 3.409648e+01 -9.249315e+01
      vertex   -1.590814e+02 3.411622e+01 -9.246957e+01
    endloop
  endfacet
  facet normal 1.514278e-01 -6.345618e-01 -7.578924e-01
    outer loop
      vertex   -1.590814e+02 3.718316e+01 -9.503743e+01
      vertex   -1.590814e+02 3.411622e+01 -9.246957e+01
      vertex   -1.596814e+02 3.712415e+01 -9.510791e+01
    endloop
  endfacet
  facet normal 1.514278e-01 -6.345618e-01 -7.578924e-01
    outer loop
      vertex   -1.596814e+02 3.712415e+01 -9.510791e+01
      vertex   -1.590814e+02 3.411622e+01 -9.246957e+01
      vertex   -1.596814e+02 3.405721e+01 -9.254005e+01
    endloop
  endfacet
  facet normal 3.473053e-01 -6.020038e-01 -7.190066e-01
    outer loop
      vertex   -1.596814e+02 3.712415e+01 -9.510791e+01
      vertex   -1.596814e+02 3.405721e+01 -9.254005e+01
      vertex   -1.602506e+02 3.698881e+01 -9.526955e+01
    endloop
  endfacet
  facet normal 3.473053e-01 -6.020038e-01 -7.190066e-01
    outer loop
      vertex   -1.602506e+02 3.698881e+01 -9.526955e+01
      vertex   -1.596814e+02 3.405721e+01 -9.254005e+01
      vertex   -1.602506e+02 3.392187e+01 -9.270169e+01
    endloop
  endfacet
  facet normal 5.289640e-01 -5.447997e-01 -6.506846e-01
    outer loop
      vertex   -1.602506e+02 3.698881e+01 -9.526955e+01
      vertex   -1.602506e+02 3.392187e+01 -9.270169e+01
      vertex   -1.607658e+02 3.678268e+01 -9.551574e+01
    endloop
  endfacet
  facet normal 5.289640e-01 -5.447997e-01 -6.506846e-01
    outer loop
      vertex   -1.607658e+02 3.678268e+01 -9.551574e+01
      vertex   -1.602506e+02 3.392187e+01 -9.270169e+01
      vertex   -1.607658e+02 3.371575e+01 -9.294788e+01
    endloop
  endfacet
  facet normal 6.889669e-01 -4.652914e-01 -5.557234e-01
    outer loop
      vertex   -1.607658e+02 3.678268e+01 -9.551574e+01
      vertex   -1.607658e+02 3.371575e+01 -9.294788e+01
      vertex   -1.612057e+02 3.651421e+01 -9.583639e+01
    endloop
  endfacet
  facet normal 6.889669e-01 -4.652914e-01 -5.557234e-01
    outer loop
      vertex   -1.612057e+02 3.651421e+01 -9.583639e+01
      vertex   -1.607658e+02 3.371575e+01 -9.294788e+01
      vertex   -1.612057e+02 3.344727e+01 -9.326854e+01
    endloop
  endfacet
  facet normal 8.207634e-01 -3.667340e-01 -4.380109e-01
    outer loop
      vertex   -1.612057e+02 3.651421e+01 -9.583639e+01
      vertex   -1.612057e+02 3.344727e+01 -9.326854e+01
      vertex   -1.615525e+02 3.619437e+01 -9.621839e+01
    endloop
  endfacet
  facet normal 8.207634e-01 -3.667340e-01 -4.380109e-01
    outer loop
      vertex   -1.615525e+02 3.619437e+01 -9.621839e+01
      vertex   -1.612057e+02 3.344727e+01 -9.326854e+01
      vertex   -1.615525e+02 3.312744e+01 -9.365053e+01
    endloop
  endfacet
  facet normal 9.189578e-01 -2.531625e-01 -3.023661e-01
    outer loop
      vertex   -1.615525e+02 3.619437e+01 -9.621839e+01
      vertex   -1.615525e+02 3.312744e+01 -9.365053e+01
      vertex   -1.617919e+02 3.583627e+01 -9.664609e+01
    endloop
  endfacet
  facet normal 9.189578e-01 -2.531625e-01 -3.023661e-01
    outer loop
      vertex   -1.617919e+02 3.583627e+01 -9.664609e+01
      vertex   -1.615525e+02 3.312744e+01 -9.365053e+01
      vertex   -1.617919e+02 3.276934e+01 -9.407823e+01
    endloop
  endfacet
  facet normal 9.795299e-01 -1.292265e-01 -1.543425e-01
    outer loop
      vertex   -1.617919e+02 3.583627e+01 -9.664609e+01
      vertex   -1.617919e+02 3.276934e+01 -9.407823e+01
      vertex   -1.619141e+02 3.545457e+01 -9.710198e+01
    endloop
  endfacet
  facet normal 9.795299e-01 -1.292265e-01 -1.543425e-01
    outer loop
      vertex   -1.619141e+02 3.545457e+01 -9.710198e+01
      vertex   -1.617919e+02 3.276934e+01 -9.407823e+01
      vertex   -1.619141e+02 3.238764e+01 -9.453412e+01
    endloop
  endfacet
  facet normal 1.000000e+00 0.000000e+00 0.000000e+00
    outer loop
      vertex   -1.619141e+02 3.545457e+01 -9.710198e+01
      vertex   -1.619141e+02 3.238764e+01 -9.453412e+01
      vertex   -1.619141e+02 3.506489e+01 -9.756739e+01
    endloop
  endfacet
  facet normal 1.000000e+00 0.000000e+00 0.000000e+00
    outer loop
      vertex   -1.619141e+02 3.506489e+01 -9.756739e+01
      vertex   -1.619141e+02 3.238764e+01 -9.453412e+01
      vertex   -1.619141e+02 3.199796e+01 -9.499953e+01
    endloop
  endfacet
  facet normal 9.795299e-01 1.292265e-01 1.543425e-01
    outer loop
      vertex   -1.619141e+02 3.506489e+01 -9.756739e+01
      vertex   -1.619141e+02 3.199796e+01 -9.499953e+01
      vertex   -1.617919e+02 3.468319e+01 -9.802328e+01
    endloop
  endfacet
  facet normal 9.795299e-01 1.292265e-01 1.543425e-01
    outer loop
      vertex   -1.617919e+02 3.468319e+01 -9.802328e+01
      vertex   -1.619141e+02 3.199796e+01 -9.499953e+01
      vertex   -1.617919e+02 3.161625e+01 -9.545542e+01
    endloop
  endfacet
  facet normal 9.189578e-01 2.531625e-01 3.023661e-01
    outer loop
      vertex   -1.617919e+02 3.468319e+01 -9.802328e+01
      vertex   -1.617919e+02 3.161625e+01 -9.545542e+01
      vertex   -1.615525e+02 3.432509e+01 -9.845098e+01
    endloop
  endfacet
  facet normal 9.189578e-01 2.531625e-01 3.023661e-01
    outer loop
      vertex   -1.615525e+02 3.432509e+01 -9.845098e+01
      vertex   -1.617919e+02 3.161625e+01 -9.545542e+01
      vertex   -1.615525e+02 3.125816e+01 -9.588312e+01
    endloop
  endfacet
  facet normal 8.207634e-01 3.667340e-01 4.380109e-01
    outer loop
      vertex   -1.615525e+02 3.432509e+01 -9.845098e+01
      vertex   -1.615525e+02 3.125816e+01 -9.588312e+01
      vertex   -1.612057e+02 3.400526e+01 -9.883297e+01
    endloop
  endfacet
  facet normal 8.207634e-01 3.667340e-01 4.380109e-01
    outer loop
      vertex   -1.612057e+02 3.400526e+01 -9.883297e+01
      vertex   -1.615525e+02 3.125816e+01 -9.588312e+01
      vertex   -1.612057e+02 3.093832e+01 -9.626511e+01
    endloop
  endfacet
  facet normal 6.889669e-01 4.652914e-01 5.557234e-01
    outer loop
      vertex   -1.612057e+02 3.400526e+01 -9.883297e+01
      vertex   -1.612057e+02 3.093832e+01 -9.626511e+01
      vertex   -1.607658e+02 3.373678e+01 -9.915363e+01
    endloop
  endfacet
  facet normal 6.889669e-01 4.652914e-01 5.557234e-01
    outer loop
      vertex   -1.607658e+02 3.373678e+01 -9.915363e+01
      vertex   -1.612057e+02 3.093832e+01 -9.626511e+01
      vertex   -1.607658e+02 3.066985e+01 -9.658577e+01
    endloop
  endfacet
  facet normal 5.289640e-01 5.447997e-01 6.506846e-01
    outer loop
      vertex   -1.607658e+02 3.373678e+01 -9.915363e+01
      vertex   -1.607658e+02 3.066985e+01 -9.658577e+01
      vertex   -1.602506e+02 3.353066e+01 -9.939982e+01
    endloop
  endfacet
  facet normal 5.289640e-01 5.447997e-01 6.506846e-01
    outer loop
      vertex   -1.602506e+02 3.353066e+01 -9.939982e+01
      vertex   -1.607658e+02 3.066985e+01 -9.658577e+01
      vertex   -1.602506e+02 3.046372e+01 -9.683196e+01
    endloop
  endfacet
  facet normal 3.473053e-01 6.020038e-01 7.190066e-01
    outer loop
      vertex   -1.602506e+02 3.353066e+01 -9.939982e+01
      vertex   -1.602506e+02 3.046372e+01 -9.683196e+01
      vertex   -1.596814e+02 3.339532e+01 -9.956146e+01
    endloop
  endfacet
  facet normal 3.473053e-01 6.020038e-01 7.190066e-01
    outer loop
      vertex   -1.596814e+02 3.339532e+01 -9.956146e+01
      vertex   -1.602506e+02 3.046372e+01 -9.683196e+01
      vertex   -1.596814e+02 3.032838e+01 -9.699360e+01
    endloop
  endfacet
  facet normal 1.514278e-01 6.345618e-01 7.578924e-01
    outer loop
      vertex   -1.596814e+02 3.339532e+01 -9.956146e+01
      vertex   -1.596814e+02 3.032838e+01 -9.699360e+01
      vertex   -1.590814e+02 3.333631e+01 -9.963193e+01
    endloop
  endfacet
  facet normal 1.514278e-01 6.345618e-01 7.578924e-01
    outer loop
      vertex   -1.590814e+02 3.333631e+01 -9.963193e+01
      vertex   -1.596814e+02 3.032838e+01 -9.699360e+01
      vertex   -1.590814e+02 3.026937e+01 -9.706407e+01
    endloop
  endfacet
  facet normal -5.064917e-02 6.411408e-01 7.657501e-01
    outer loop
      vertex   -1.590814e+02 3.333631e+01 -9.963193e+01
      vertex   -1.590814e+02 3.026937e+01 -9.706407e+01
      vertex   -1.584752e+02 3.335605e+01 -9.960836e+01
    endloop
  endfacet
  facet normal -5.064917e-02 6.411408e-01 7.657501e-01
    outer loop
      vertex   -1.584752e+02 3.335605e+01 -9.960836e+01
      vertex   -1.590814e+02 3.026937e+01 -9.706407e+01
      vertex   -1.584752e+02 3.028911e+01 -9.704050e+01
    endloop
  endfacet
  facet normal -2.506525e-01 6.214714e-01 7.422578e-01
    outer loop
      vertex   -1.584752e+02 3.335605e+01 -9.960836e+01
      vertex   -1.584752e+02 3.028911e+01 -9.704050e+01
      vertex   -1.578875e+02 3.345372e+01 -9.949170e+01
    endloop
  endfacet
  facet normal -2.506525e-01 6.214714e-01 7.422578e-01
    outer loop
      vertex   -1.578875e+02 3.345372e+01 -9.949170e+01
      vertex   -1.584752e+02 3.028911e+01 -9.704050e+01
      vertex   -1.578875e+02 3.038678e+01 -9.692384e+01
    endloop
  endfacet
  facet normal -4.403942e-01 5.763588e-01 6.883774e-01
    outer loop
      vertex   -1.578875e+02 3.345372e+01 -9.949170e+01
      vertex   -1.578875e+02 3.038678e+01 -9.692384e+01
      vertex   -1.573426e+02 3.362533e+01 -9.928674e+01
    endloop
  endfacet
  facet normal -4.403942e-01 5.763588e-01 6.883774e-01
    outer loop
      vertex   -1.573426e+02 3.362533e+01 -9.928674e+01
      vertex   -1.578875e+02 3.038678e+01 -9.692384e+01
      vertex   -1.573426e+02 3.055840e+01 -9.671888e+01
    endloop
  endfacet
  facet normal -6.121060e-01 5.076501e-01 6.063148e-01
    outer loop
      vertex   -1.573426e+02 3.362533e+01 -9.928674e+01
      vertex   -1.573426e+02 3.055840e+01 -9.671888e+01
      vertex   -1.568626e+02 3.386386e+01 -9.900185e+01
    endloop
  endfacet
  facet normal -6.121060e-01 5.076501e-01 6.063148e-01
    outer loop
      vertex   -1.568626e+02 3.386386e+01 -9.900185e+01
      vertex   -1.573426e+02 3.055840e+01 -9.671888e+01
      vertex   -1.568626e+02 3.079692e+01 -9.643399e+01
    endloop
  endfacet
  facet normal -7.587581e-01 4.181582e-01 4.994295e-01
    outer loop
      vertex   -1.568626e+02 3.386386e+01 -9.900185e+01
      vertex   -1.568626e+02 3.079692e+01 -9.643399e+01
      vertex   -1.564672e+02 3.415953e+01 -9.864872e+01
    endloop
  endfacet
  facet normal -7.587581e-01 4.181582e-01 4.994295e-01
    outer loop
      vertex   -1.564672e+02 3.415953e+01 -9.864872e+01
      vertex   -1.568626e+02 3.079692e+01 -9.643399e+01
      vertex   -1.564672e+02 3.109259e+01 -9.608086e+01
    endloop
  endfacet
  facet normal -8.743466e-01 3.115467e-01 3.720976e-01
    outer loop
      vertex   -1.564672e+02 3.415953e+01 -9.864872e+01
      vertex   -1.564672e+02 3.109259e+01 -9.608086e+01
      vertex   -1.561726e+02 3.450025e+01 -9.824178e+01
    endloop
  endfacet
  facet normal -8.743466e-01 3.115467e-01 3.720976e-01
    outer loop
      vertex   -1.561726e+02 3.450025e+01 -9.824178e+01
      vertex   -1.564672e+02 3.109259e+01 -9.608086e+01
      vertex   -1.561726e+02 3.143331e+01 -9.567392e+01
    endloop
  endfacet
  facet normal -9.541393e-01 1.921806e-01 2.295319e-01
    outer loop
      vertex   -1.561726e+02 3.450025e+01 -9.824178e+01
      vertex   -1.561726e+02 3.143331e+01 -9.567392e+01
      vertex   -1.559909e+02 3.487205e+01 -9.779771e+01
    endloop
  endfacet
  facet normal -9.541393e-01 1.921806e-01 2.295319e-01
    outer loop
      vertex   -1.559909e+02 3.487205e+01 -9.779771e+01
      vertex   -1.561726e+02 3.143331e+01 -9.567392e+01
      vertex   -1.559909e+02 3.180512e+01 -9.522985e+01
    endloop
  endfacet
  facet normal 1.000000e+00 0.000000e+00 0.000000e+00
    outer loop
      vertex   -1.179295e+02 5.851335e+01 -6.333072e+01
      vertex   -1.179295e+02 2.834101e+01 -9.936723e+01
      vertex   -1.179295e+02 6.158029e+01 -6.589858e+01
    endloop
  endfacet
  facet normal 1.000000e+00 0.000000e+00 0.000000e+00
    outer loop
      vertex   -1.179295e+02 6.158029e+01 -6.589858e+01
      vertex   -1.179295e+02 2.834101e+01 -9.936723e+01
      vertex   -1.179295e+02 3.140794e+01 -1.019351e+02
    endloop
  endfacet
  facet normal -1.000000e+00 0.000000e+00 0.000000e+00
    outer loop
      vertex   -1.649295e+02 2.834101e+01 -9.936723e+01
      vertex   -1.649295e+02 5.851335e+01 -6.333072e+01
      vertex   -1.649295e+02 3.140794e+01 -1.019351e+02
    endloop
  endfacet
  facet normal -1.000000e+00 0.000000e+00 0.000000e+00
    outer loop
      vertex   -1.649295e+02 3.140794e+01 -1.019351e+02
      vertex   -1.649295e+02 5.851335e+01 -6.333072e+01
      vertex   -1.649295e+02 6.158029e+01 -6.589858e+01
    endloop
  endfacet
  facet normal -0.000000e+00 -6.419647e-01 -7.667342e-01
    outer loop
      vertex   -1.179295e+02 2.834101e+01 -9.936723e+01
      vertex   -1.649295e+02 2.834101e+01 -9.936723e+01
      vertex   -1.179295e+02 3.140794e+01 -1.019351e+02
    endloop
  endfacet
  facet normal -0.000000e+00 -6.419647e-01 -7.667342e-01
    outer loop
      vertex   -1.179295e+02 3.140794e+01 -1.019351e+02
      vertex   -1.649295e+02 2.834101e+01 -9.936723e+01
      vertex   -1.649295e+02 3.140794e+01 -1.019351e+02
    endloop
  endfacet
  facet normal 2.666233e-16 7.667342e-01 -6.419647e-01
    outer loop
      vertex   -1.559909e+02 5.811618e+01 -7.003596e+01
      vertex   -1.269141e+02 5.792334e+01 -7.026628e+01
      vertex   -1.559295e+02 5.772850e+01 -7.049899e+01
    endloop
  endfacet
  facet normal 0.000000e+00 7.667342e-01 -6.419647e-01
    outer loop
      vertex   -1.559295e+02 5.772850e+01 -7.049899e+01
      vertex   -1.269141e+02 5.792334e+01 -7.026628e+01
      vertex   -1.269141e+02 5.753366e+01 -7.073169e+01
    endloop
  endfacet
  facet normal -2.666233e-16 7.667342e-01 -6.419647e-01
    outer loop
      vertex   -1.559295e+02 5.772850e+01 -7.049899e+01
      vertex   -1.269141e+02 5.753366e+01 -7.073169e+01
      vertex   -1.559909e+02 5.734082e+01 -7.096201e+01
    endloop
  endfacet
  facet normal -3.604554e-17 7.667342e-01 -6.419647e-01
    outer loop
      vertex   -1.559909e+02 5.734082e+01 -7.096201e+01
      vertex   -1.269141e+02 5.753366e+01 -7.073169e+01
      vertex   -1.267919e+02 5.715196e+01 -7.118758e+01
    endloop
  endfacet
  facet normal 2.216886e-16 7.667342e-01 -6.419647e-01
    outer loop
      vertex   -1.559909e+02 5.734082e+01 -7.096201e+01
      vertex   -1.267919e+02 5.715196e+01 -7.118758e+01
      vertex   -1.561726e+02 5.696901e+01 -7.140608e+01
    endloop
  endfacet
  facet normal 1.328138e-16 7.667342e-01 -6.419647e-01
    outer loop
      vertex   -1.561726e+02 5.696901e+01 -7.140608e+01
      vertex   -1.267919e+02 5.715196e+01 -7.118758e+01
      vertex   -1.265525e+02 5.679386e+01 -7.161528e+01
    endloop
  endfacet
  facet normal -1.080301e-16 7.667342e-01 -6.419647e-01
    outer loop
      vertex   -1.561726e+02 5.696901e+01 -7.140608e+01
      vertex   -1.265525e+02 5.679386e+01 -7.161528e+01
      vertex   -1.564672e+02 5.662830e+01 -7.181302e+01
    endloop
  endfacet
  facet normal -1.314354e-16 7.667342e-01 -6.419647e-01
    outer loop
      vertex   -1.564672e+02 5.662830e+01 -7.181302e+01
      vertex   -1.265525e+02 5.679386e+01 -7.161528e+01
      vertex   -1.262057e+02 5.647402e+01 -7.199728e+01
    endloop
  endfacet
  facet normal 4.450342e-17 7.667342e-01 -6.419647e-01
    outer loop
      vertex   -1.564672e+02 5.662830e+01 -7.181302e+01
      vertex   -1.262057e+02 5.647402e+01 -7.199728e+01
      vertex   -1.568626e+02 5.633262e+01 -7.216616e+01
    endloop
  endfacet
  facet normal 1.365818e-16 7.667342e-01 -6.419647e-01
    outer loop
      vertex   -1.568626e+02 5.633262e+01 -7.216616e+01
      vertex   -1.262057e+02 5.647402e+01 -7.199728e+01
      vertex   -1.568626e+02 3.665561e+01 -9.566751e+01
    endloop
  endfacet
  facet normal 1.056431e-14 7.667342e-01 -6.419647e-01
    outer loop
      vertex   -1.568626e+02 5.633262e+01 -7.216616e+01
      vertex   -1.568626e+02 3.665561e+01 -9.566751e+01
      vertex   -1.573426e+02 5.609410e+01 -7.245104e+01
    endloop
  endfacet
  facet normal 7.919025e-15 7.667342e-01 -6.419647e-01
    outer loop
      vertex   -1.573426e+02 5.609410e+01 -7.245104e+01
      vertex   -1.568626e+02 3.665561e+01 -9.566751e+01
      vertex   -1.573426e+02 3.689413e+01 -9.538263e+01
    endloop
  endfacet
  facet normal -1.890875e-14 7.667342e-01 -6.419647e-01
    outer loop
      vertex   -1.573426e+02 5.609410e+01 -7.245104e+01
      vertex   -1.573426e+02 3.689413e+01 -9.538263e+01
      vertex   -1.578875e+02 5.592249e+01 -7.265601e+01
    endloop
  endfacet
  facet normal 3.550971e-15 7.667342e-01 -6.419647e-01
    outer loop
      vertex   -1.578875e+02 5.592249e+01 -7.265601e+01
      vertex   -1.573426e+02 3.689413e+01 -9.538263e+01
      vertex   -1.578875e+02 3.706574e+01 -9.517766e+01
    endloop
  endfacet
  facet normal 1.404758e-14 7.667342e-01 -6.419647e-01
    outer loop
      vertex   -1.578875e+02 5.592249e+01 -7.265601e+01
      vertex   -1.578875e+02 3.706574e+01 -9.517766e+01
      vertex   -1.584752e+02 5.582481e+01 -7.277266e+01
    endloop
  endfacet
  facet normal -1.663840e-14 7.667342e-01 -6.419647e-01
    outer loop
      vertex   -1.584752e+02 5.582481e+01 -7.277266e+01
      vertex   -1.578875e+02 3.706574e+01 -9.517766e+01
      vertex   -1.584752e+02 3.716342e+01 -9.506101e+01
    endloop
  endfacet
  facet normal -5.874733e-15 7.667342e-01 -6.419647e-01
    outer loop
      vertex   -1.584752e+02 5.582481e+01 -7.277266e+01
      vertex   -1.584752e+02 3.716342e+01 -9.506101e+01
      vertex   -1.590814e+02 5.580508e+01 -7.279624e+01
    endloop
  endfacet
  facet normal 3.232428e-15 7.667342e-01 -6.419647e-01
    outer loop
      vertex   -1.590814e+02 5.580508e+01 -7.279624e+01
      vertex   -1.584752e+02 3.716342e+01 -9.506101e+01
      vertex   -1.590814e+02 3.718316e+01 -9.503743e+01
    endloop
  endfacet
  facet normal 1.632970e-14 7.667342e-01 -6.419647e-01
    outer loop
      vertex   -1.590814e+02 5.580508e+01 -7.279624e+01
      vertex   -1.590814e+02 3.718316e+01 -9.503743e+01
      vertex   -1.596814e+02 3.712415e+01 -9.510791e+01
    endloop
  endfacet
  facet normal 9.932549e-17 7.667342e-01 -6.419647e-01
    outer loop
      vertex   -1.269141e+02 5.792334e+01 -7.026628e+01
      vertex   -1.559909e+02 5.811618e+01 -7.003596e+01
      vertex   -1.267919e+02 5.830504e+01 -6.981039e+01
    endloop
  endfacet
  facet normal -1.636078e-18 7.667342e-01 -6.419647e-01
    outer loop
      vertex   -1.267919e+02 5.830504e+01 -6.981039e+01
      vertex   -1.559909e+02 5.811618e+01 -7.003596e+01
      vertex   -1.561726e+02 5.848799e+01 -6.959189e+01
    endloop
  endfacet
  facet normal 1.855177e-17 7.667342e-01 -6.419647e-01
    outer loop
      vertex   -1.267919e+02 5.830504e+01 -6.981039e+01
      vertex   -1.561726e+02 5.848799e+01 -6.959189e+01
      vertex   -1.265525e+02 5.866314e+01 -6.938269e+01
    endloop
  endfacet
  facet normal -4.918444e-17 7.667342e-01 -6.419647e-01
    outer loop
      vertex   -1.265525e+02 5.866314e+01 -6.938269e+01
      vertex   -1.561726e+02 5.848799e+01 -6.959189e+01
      vertex   -1.564672e+02 5.882870e+01 -6.918495e+01
    endloop
  endfacet
  facet normal -1.721619e-16 7.667342e-01 -6.419647e-01
    outer loop
      vertex   -1.265525e+02 5.866314e+01 -6.938269e+01
      vertex   -1.564672e+02 5.882870e+01 -6.918495e+01
      vertex   -1.262057e+02 5.898297e+01 -6.900070e+01
    endloop
  endfacet
  facet normal -2.811133e-16 7.667342e-01 -6.419647e-01
    outer loop
      vertex   -1.262057e+02 5.898297e+01 -6.900070e+01
      vertex   -1.564672e+02 5.882870e+01 -6.918495e+01
      vertex   -1.568626e+02 5.912437e+01 -6.883182e+01
    endloop
  endfacet
  facet normal -1.299912e-16 7.667342e-01 -6.419647e-01
    outer loop
      vertex   -1.262057e+02 5.898297e+01 -6.900070e+01
      vertex   -1.568626e+02 5.912437e+01 -6.883182e+01
      vertex   -1.257658e+02 5.925145e+01 -6.868004e+01
    endloop
  endfacet
  facet normal 3.931329e-17 7.667342e-01 -6.419647e-01
    outer loop
      vertex   -1.257658e+02 5.925145e+01 -6.868004e+01
      vertex   -1.568626e+02 5.912437e+01 -6.883182e+01
      vertex   -1.573426e+02 5.936290e+01 -6.854693e+01
    endloop
  endfacet
  facet normal 1.763842e-17 7.667342e-01 -6.419647e-01
    outer loop
      vertex   -1.257658e+02 5.925145e+01 -6.868004e+01
      vertex   -1.573426e+02 5.936290e+01 -6.854693e+01
      vertex   -1.252506e+02 5.945757e+01 -6.843385e+01
    endloop
  endfacet
  facet normal 7.792860e-17 7.667342e-01 -6.419647e-01
    outer loop
      vertex   -1.252506e+02 5.945757e+01 -6.843385e+01
      vertex   -1.573426e+02 5.936290e+01 -6.854693e+01
      vertex   -1.578875e+02 5.953451e+01 -6.834197e+01
    endloop
  endfacet
  facet normal 1.552816e-16 7.667342e-01 -6.419647e-01
    outer loop
      vertex   -1.252506e+02 5.945757e+01 -6.843385e+01
      vertex   -1.578875e+02 5.953451e+01 -6.834197e+01
      vertex   -1.246814e+02 5.959291e+01 -6.827221e+01
    endloop
  endfacet
  facet normal 1.509531e-16 7.667342e-01 -6.419647e-01
    outer loop
      vertex   -1.246814e+02 5.959291e+01 -6.827221e+01
      vertex   -1.578875e+02 5.953451e+01 -6.834197e+01
      vertex   -1.649295e+02 6.158029e+01 -6.589858e+01
    endloop
  endfacet
  facet normal 0.000000e+00 7.667342e-01 -6.419647e-01
    outer loop
      vertex   -1.246814e+02 5.959291e+01 -6.827221e+01
      vertex   -1.649295e+02 6.158029e+01 -6.589858e+01
      vertex   -1.179295e+02 6.158029e+01 -6.589858e+01
    endloop
  endfacet
  facet normal -3.058871e-14 7.667342e-01 -6.419647e-01
    outer loop
      vertex   -1.578875e+02 5.953451e+01 -6.834197e+01
      vertex   -1.584752e+02 5.963218e+01 -6.822531e+01
      vertex   -1.649295e+02 6.158029e+01 -6.589858e+01
    endloop
  endfacet
  facet normal 6.493992e-15 7.667342e-01 -6.419647e-01
    outer loop
      vertex   -1.649295e+02 6.158029e+01 -6.589858e+01
      vertex   -1.584752e+02 5.963218e+01 -6.822531e+01
      vertex   -1.590814e+02 5.965192e+01 -6.820174e+01
    endloop
  endfacet
  facet normal -1.138747e-15 7.667342e-01 -6.419647e-01
    outer loop
      vertex   -1.649295e+02 6.158029e+01 -6.589858e+01
      vertex   -1.590814e+02 5.965192e+01 -6.820174e+01
      vertex   -1.596814e+02 5.959291e+01 -6.827221e+01
    endloop
  endfacet
  facet normal 1.935151e-16 7.667342e-01 -6.419647e-01
    outer loop
      vertex   -1.596814e+02 5.959291e+01 -6.827221e+01
      vertex   -1.602506e+02 5.945757e+01 -6.843385e+01
      vertex   -1.649295e+02 6.158029e+01 -6.589858e+01
    endloop
  endfacet
  facet normal -2.493603e-15 7.667342e-01 -6.419647e-01
    outer loop
      vertex   -1.649295e+02 6.158029e+01 -6.589858e+01
      vertex   -1.602506e+02 5.945757e+01 -6.843385e+01
      vertex   -1.607658e+02 5.925145e+01 -6.868004e+01
    endloop
  endfacet
  facet normal 1.064544e-14 7.667342e-01 -6.419647e-01
    outer loop
      vertex   -1.649295e+02 6.158029e+01 -6.589858e+01
      vertex   -1.607658e+02 5.925145e+01 -6.868004e+01
      vertex   -1.612057e+02 5.898297e+01 -6.900070e+01
    endloop
  endfacet
  facet normal -8.484673e-15 7.667342e-01 -6.419647e-01
    outer loop
      vertex   -1.612057e+02 5.898297e+01 -6.900070e+01
      vertex   -1.615525e+02 5.866314e+01 -6.938269e+01
      vertex   -1.649295e+02 6.158029e+01 -6.589858e+01
    endloop
  endfacet
  facet normal -4.184614e-15 7.667342e-01 -6.419647e-01
    outer loop
      vertex   -1.649295e+02 6.158029e+01 -6.589858e+01
      vertex   -1.615525e+02 5.866314e+01 -6.938269e+01
      vertex   -1.617919e+02 5.830504e+01 -6.981039e+01
    endloop
  endfacet
  facet normal -1.998344e-14 7.667342e-01 -6.419647e-01
    outer loop
      vertex   -1.649295e+02 6.158029e+01 -6.589858e+01
      vertex   -1.617919e+02 5.830504e+01 -6.981039e+01
      vertex   -1.619141e+02 5.792334e+01 -7.026628e+01
    endloop
  endfacet
  facet normal 5.022281e-14 7.667342e-01 -6.419647e-01
    outer loop
      vertex   -1.619141e+02 5.792334e+01 -7.026628e+01
      vertex   -1.619141e+02 5.753366e+01 -7.073169e+01
      vertex   -1.649295e+02 6.158029e+01 -6.589858e+01
    endloop
  endfacet
  facet normal -8.684825e-14 7.667342e-01 -6.419647e-01
    outer loop
      vertex   -1.649295e+02 6.158029e+01 -6.589858e+01
      vertex   -1.619141e+02 5.753366e+01 -7.073169e+01
      vertex   -1.617919e+02 5.715196e+01 -7.118758e+01
    endloop
  endfacet
  facet normal -1.156401e-15 7.667342e-01 -6.419647e-01
    outer loop
      vertex   -1.649295e+02 6.158029e+01 -6.589858e+01
      vertex   -1.617919e+02 5.715196e+01 -7.118758e+01
      vertex   -1.649295e+02 3.140794e+01 -1.019351e+02
    endloop
  endfacet
  facet normal 3.546585e-15 7.667342e-01 -6.419647e-01
    outer loop
      vertex   -1.649295e+02 3.140794e+01 -1.019351e+02
      vertex   -1.617919e+02 5.715196e+01 -7.118758e+01
      vertex   -1.617919e+02 3.583627e+01 -9.664609e+01
    endloop
  endfacet
  facet normal -3.126537e-14 7.667342e-01 -6.419647e-01
    outer loop
      vertex   -1.649295e+02 3.140794e+01 -1.019351e+02
      vertex   -1.617919e+02 3.583627e+01 -9.664609e+01
      vertex   -1.619141e+02 3.545457e+01 -9.710198e+01
    endloop
  endfacet
  facet normal 9.610069e-15 7.667342e-01 -6.419647e-01
    outer loop
      vertex   -1.617919e+02 3.583627e+01 -9.664609e+01
      vertex   -1.617919e+02 5.715196e+01 -7.118758e+01
      vertex   -1.615525e+02 3.619437e+01 -9.621839e+01
    endloop
  endfacet
  facet normal -2.960131e-14 7.667342e-01 -6.419647e-01
    outer loop
      vertex   -1.615525e+02 3.619437e+01 -9.621839e+01
      vertex   -1.617919e+02 5.715196e+01 -7.118758e+01
      vertex   -1.615525e+02 5.679386e+01 -7.161528e+01
    endloop
  endfacet
  facet normal 1.021714e-14 7.667342e-01 -6.419647e-01
    outer loop
      vertex   -1.615525e+02 3.619437e+01 -9.621839e+01
      vertex   -1.615525e+02 5.679386e+01 -7.161528e+01
      vertex   -1.612057e+02 5.647402e+01 -7.199728e+01
    endloop
  endfacet
  facet normal -5.115765e-14 7.667342e-01 -6.419647e-01
    outer loop
      vertex   -1.615525e+02 3.619437e+01 -9.621839e+01
      vertex   -1.612057e+02 5.647402e+01 -7.199728e+01
      vertex   -1.612057e+02 3.651421e+01 -9.583639e+01
    endloop
  endfacet
  facet normal -1.246655e-14 7.667342e-01 -6.419647e-01
    outer loop
      vertex   -1.612057e+02 3.651421e+01 -9.583639e+01
      vertex   -1.612057e+02 5.647402e+01 -7.199728e+01
      vertex   -1.607658e+02 5.620555e+01 -7.231793e+01
    endloop
  endfacet
  facet normal 1.161015e-14 7.667342e-01 -6.419647e-01
    outer loop
      vertex   -1.612057e+02 3.651421e+01 -9.583639e+01
      vertex   -1.607658e+02 5.620555e+01 -7.231793e+01
      vertex   -1.607658e+02 3.678268e+01 -9.551574e+01
    endloop
  endfacet
  facet normal 3.647175e-15 7.667342e-01 -6.419647e-01
    outer loop
      vertex   -1.607658e+02 3.678268e+01 -9.551574e+01
      vertex   -1.607658e+02 5.620555e+01 -7.231793e+01
      vertex   -1.602506e+02 5.599942e+01 -7.256412e+01
    endloop
  endfacet
  facet normal 1.461395e-14 7.667342e-01 -6.419647e-01
    outer loop
      vertex   -1.607658e+02 3.678268e+01 -9.551574e+01
      vertex   -1.602506e+02 5.599942e+01 -7.256412e+01
      vertex   -1.602506e+02 3.698881e+01 -9.526955e+01
    endloop
  endfacet
  facet normal -3.372185e-15 7.667342e-01 -6.419647e-01
    outer loop
      vertex   -1.602506e+02 3.698881e+01 -9.526955e+01
      vertex   -1.602506e+02 5.599942e+01 -7.256412e+01
      vertex   -1.596814e+02 5.586408e+01 -7.272576e+01
    endloop
  endfacet
  facet normal -1.488623e-14 7.667342e-01 -6.419647e-01
    outer loop
      vertex   -1.602506e+02 3.698881e+01 -9.526955e+01
      vertex   -1.596814e+02 5.586408e+01 -7.272576e+01
      vertex   -1.596814e+02 3.712415e+01 -9.510791e+01
    endloop
  endfacet
  facet normal 0.000000e+00 7.667342e-01 -6.419647e-01
    outer loop
      vertex   -1.596814e+02 3.712415e+01 -9.510791e+01
      vertex   -1.596814e+02 5.586408e+01 -7.272576e+01
      vertex   -1.590814e+02 5.580508e+01 -7.279624e+01
    endloop
  endfacet
  facet normal 1.069408e-14 7.667342e-01 -6.419647e-01
    outer loop
      vertex   -1.209909e+02 3.487205e+01 -9.779771e+01
      vertex   -1.209295e+02 3.525973e+01 -9.733468e+01
      vertex   -1.179295e+02 3.140794e+01 -1.019351e+02
    endloop
  endfacet
  facet normal 2.461648e-15 7.667342e-01 -6.419647e-01
    outer loop
      vertex   -1.179295e+02 3.140794e+01 -1.019351e+02
      vertex   -1.209295e+02 3.525973e+01 -9.733468e+01
      vertex   -1.209909e+02 3.564741e+01 -9.687166e+01
    endloop
  endfacet
  facet normal -3.719814e-14 7.667342e-01 -6.419647e-01
    outer loop
      vertex   -1.179295e+02 3.140794e+01 -1.019351e+02
      vertex   -1.209909e+02 3.564741e+01 -9.687166e+01
      vertex   -1.211726e+02 3.601922e+01 -9.642758e+01
    endloop
  endfacet
  facet normal -8.594635e-15 7.667342e-01 -6.419647e-01
    outer loop
      vertex   -1.214672e+02 3.635994e+01 -9.602065e+01
      vertex   -1.214672e+02 5.662830e+01 -7.181302e+01
      vertex   -1.211726e+02 3.601922e+01 -9.642758e+01
    endloop
  endfacet
  facet normal -2.365178e-14 7.667342e-01 -6.419647e-01
    outer loop
      vertex   -1.211726e+02 3.601922e+01 -9.642758e+01
      vertex   -1.214672e+02 5.662830e+01 -7.181302e+01
      vertex   -1.211726e+02 5.696901e+01 -7.140608e+01
    endloop
  endfacet
  facet normal -1.611273e-15 7.667342e-01 -6.419647e-01
    outer loop
      vertex   -1.211726e+02 3.601922e+01 -9.642758e+01
      vertex   -1.211726e+02 5.696901e+01 -7.140608e+01
      vertex   -1.179295e+02 3.140794e+01 -1.019351e+02
    endloop
  endfacet
  facet normal 3.729224e-15 7.667342e-01 -6.419647e-01
    outer loop
      vertex   -1.179295e+02 3.140794e+01 -1.019351e+02
      vertex   -1.211726e+02 5.696901e+01 -7.140608e+01
      vertex   -1.179295e+02 6.158029e+01 -6.589858e+01
    endloop
  endfacet
  facet normal -2.479876e-14 7.667342e-01 -6.419647e-01
    outer loop
      vertex   -1.179295e+02 6.158029e+01 -6.589858e+01
      vertex   -1.211726e+02 5.696901e+01 -7.140608e+01
      vertex   -1.209909e+02 5.734082e+01 -7.096201e+01
    endloop
  endfacet
  facet normal 0.000000e+00 7.667342e-01 -6.419647e-01
    outer loop
      vertex   -1.179295e+02 6.158029e+01 -6.589858e+01
      vertex   -1.209909e+02 5.734082e+01 -7.096201e+01
      vertex   -1.209295e+02 5.772850e+01 -7.049899e+01
    endloop
  endfacet
  facet normal 1.458550e-14 7.667342e-01 -6.419647e-01
    outer loop
      vertex   -1.214672e+02 5.662830e+01 -7.181302e+01
      vertex   -1.214672e+02 3.635994e+01 -9.602065e+01
      vertex   -1.218626e+02 5.633262e+01 -7.216616e+01
    endloop
  endfacet
  facet normal -4.690368e-15 7.667342e-01 -6.419647e-01
    outer loop
      vertex   -1.218626e+02 5.633262e+01 -7.216616e+01
      vertex   -1.214672e+02 3.635994e+01 -9.602065e+01
      vertex   -1.218626e+02 3.665561e+01 -9.566751e+01
    endloop
  endfacet
  facet normal 1.056431e-14 7.667342e-01 -6.419647e-01
    outer loop
      vertex   -1.218626e+02 5.633262e+01 -7.216616e+01
      vertex   -1.218626e+02 3.665561e+01 -9.566751e+01
      vertex   -1.223426e+02 5.609410e+01 -7.245104e+01
    endloop
  endfacet
  facet normal 7.919025e-15 7.667342e-01 -6.419647e-01
    outer loop
      vertex   -1.223426e+02 5.609410e+01 -7.245104e+01
      vertex   -1.218626e+02 3.665561e+01 -9.566751e+01
      vertex   -1.223426e+02 3.689413e+01 -9.538263e+01
    endloop
  endfacet
  facet normal -1.890875e-14 7.667342e-01 -6.419647e-01
    outer loop
      vertex   -1.223426e+02 5.609410e+01 -7.245104e+01
      vertex   -1.223426e+02 3.689413e+01 -9.538263e+01
      vertex   -1.228875e+02 5.592249e+01 -7.265601e+01
    endloop
  endfacet
  facet normal 3.550971e-15 7.667342e-01 -6.419647e-01
    outer loop
      vertex   -1.228875e+02 5.592249e+01 -7.265601e+01
      vertex   -1.223426e+02 3.689413e+01 -9.538263e+01
      vertex   -1.228875e+02 3.706574e+01 -9.517766e+01
    endloop
  endfacet
  facet normal 1.404758e-14 7.667342e-01 -6.419647e-01
    outer loop
      vertex   -1.228875e+02 5.592249e+01 -7.265601e+01
      vertex   -1.228875e+02 3.706574e+01 -9.517766e+01
      vertex   -1.234752e+02 5.582481e+01 -7.277266e+01
    endloop
  endfacet
  facet normal -1.663840e-14 7.667342e-01 -6.419647e-01
    outer loop
      vertex   -1.234752e+02 5.582481e+01 -7.277266e+01
      vertex   -1.228875e+02 3.706574e+01 -9.517766e+01
      vertex   -1.234752e+02 3.716342e+01 -9.506101e+01
    endloop
  endfacet
  facet normal -5.874733e-15 7.667342e-01 -6.419647e-01
    outer loop
      vertex   -1.234752e+02 5.582481e+01 -7.277266e+01
      vertex   -1.234752e+02 3.716342e+01 -9.506101e+01
      vertex   -1.240814e+02 5.580508e+01 -7.279624e+01
    endloop
  endfacet
  facet normal 3.232428e-15 7.667342e-01 -6.419647e-01
    outer loop
      vertex   -1.240814e+02 5.580508e+01 -7.279624e+01
      vertex   -1.234752e+02 3.716342e+01 -9.506101e+01
      vertex   -1.240814e+02 3.718316e+01 -9.503743e+01
    endloop
  endfacet
  facet normal 1.632970e-14 7.667342e-01 -6.419647e-01
    outer loop
      vertex   -1.240814e+02 5.580508e+01 -7.279624e+01
      vertex   -1.240814e+02 3.718316e+01 -9.503743e+01
      vertex   -1.246814e+02 3.712415e+01 -9.510791e+01
    endloop
  endfacet
  facet normal 1.140952e-15 7.667342e-01 -6.419647e-01
    outer loop
      vertex   -1.240814e+02 5.580508e+01 -7.279624e+01
      vertex   -1.246814e+02 3.712415e+01 -9.510791e+01
      vertex   -1.246814e+02 5.586408e+01 -7.272576e+01
    endloop
  endfacet
  facet normal -1.710446e-14 7.667342e-01 -6.419647e-01
    outer loop
      vertex   -1.246814e+02 5.586408e+01 -7.272576e+01
      vertex   -1.246814e+02 3.712415e+01 -9.510791e+01
      vertex   -1.252506e+02 3.698881e+01 -9.526955e+01
    endloop
  endfacet
  facet normal -1.238224e-15 7.667342e-01 -6.419647e-01
    outer loop
      vertex   -1.246814e+02 5.586408e+01 -7.272576e+01
      vertex   -1.252506e+02 3.698881e+01 -9.526955e+01
      vertex   -1.252506e+02 5.599942e+01 -7.256412e+01
    endloop
  endfacet
  facet normal 1.490506e-14 7.667342e-01 -6.419647e-01
    outer loop
      vertex   -1.252506e+02 5.599942e+01 -7.256412e+01
      vertex   -1.252506e+02 3.698881e+01 -9.526955e+01
      vertex   -1.257658e+02 3.678268e+01 -9.551574e+01
    endloop
  endfacet
  facet normal 3.191278e-15 7.667342e-01 -6.419647e-01
    outer loop
      vertex   -1.252506e+02 5.599942e+01 -7.256412e+01
      vertex   -1.257658e+02 3.678268e+01 -9.551574e+01
      vertex   -1.257658e+02 5.620555e+01 -7.231793e+01
    endloop
  endfacet
  facet normal 8.540797e-15 7.667342e-01 -6.419647e-01
    outer loop
      vertex   -1.257658e+02 5.620555e+01 -7.231793e+01
      vertex   -1.257658e+02 3.678268e+01 -9.551574e+01
      vertex   -1.262057e+02 3.651421e+01 -9.583639e+01
    endloop
  endfacet
  facet normal -1.129781e-14 7.667342e-01 -6.419647e-01
    outer loop
      vertex   -1.257658e+02 5.620555e+01 -7.231793e+01
      vertex   -1.262057e+02 3.651421e+01 -9.583639e+01
      vertex   -1.262057e+02 5.647402e+01 -7.199728e+01
    endloop
  endfacet
  facet normal -4.174512e-16 7.667342e-01 -6.419647e-01
    outer loop
      vertex   -1.262057e+02 5.647402e+01 -7.199728e+01
      vertex   -1.262057e+02 3.651421e+01 -9.583639e+01
      vertex   -1.568626e+02 3.665561e+01 -9.566751e+01
    endloop
  endfacet
  facet normal -4.015198e-16 7.667342e-01 -6.419647e-01
    outer loop
      vertex   -1.568626e+02 3.665561e+01 -9.566751e+01
      vertex   -1.262057e+02 3.651421e+01 -9.583639e+01
      vertex   -1.564672e+02 3.635994e+01 -9.602065e+01
    endloop
  endfacet
  facet normal -8.862634e-17 7.667342e-01 -6.419647e-01
    outer loop
      vertex   -1.564672e+02 3.635994e+01 -9.602065e+01
      vertex   -1.262057e+02 3.651421e+01 -9.583639e+01
      vertex   -1.265525e+02 3.619437e+01 -9.621839e+01
    endloop
  endfacet
  facet normal 2.573400e-16 7.667342e-01 -6.419647e-01
    outer loop
      vertex   -1.564672e+02 3.635994e+01 -9.602065e+01
      vertex   -1.265525e+02 3.619437e+01 -9.621839e+01
      vertex   -1.561726e+02 3.601922e+01 -9.642758e+01
    endloop
  endfacet
  facet normal 2.664709e-16 7.667342e-01 -6.419647e-01
    outer loop
      vertex   -1.561726e+02 3.601922e+01 -9.642758e+01
      vertex   -1.265525e+02 3.619437e+01 -9.621839e+01
      vertex   -1.267919e+02 3.583627e+01 -9.664609e+01
    endloop
  endfacet
  facet normal 1.840588e-16 7.667342e-01 -6.419647e-01
    outer loop
      vertex   -1.561726e+02 3.601922e+01 -9.642758e+01
      vertex   -1.267919e+02 3.583627e+01 -9.664609e+01
      vertex   -1.559909e+02 3.564741e+01 -9.687166e+01
    endloop
  endfacet
  facet normal 3.965009e-17 7.667342e-01 -6.419647e-01
    outer loop
      vertex   -1.559909e+02 3.564741e+01 -9.687166e+01
      vertex   -1.267919e+02 3.583627e+01 -9.664609e+01
      vertex   -1.269141e+02 3.545457e+01 -9.710198e+01
    endloop
  endfacet
  facet normal -4.747003e-17 7.667342e-01 -6.419647e-01
    outer loop
      vertex   -1.559909e+02 3.564741e+01 -9.687166e+01
      vertex   -1.269141e+02 3.545457e+01 -9.710198e+01
      vertex   -1.559295e+02 3.525973e+01 -9.733468e+01
    endloop
  endfacet
  facet normal 9.376548e-17 7.667342e-01 -6.419647e-01
    outer loop
      vertex   -1.559295e+02 3.525973e+01 -9.733468e+01
      vertex   -1.269141e+02 3.545457e+01 -9.710198e+01
      vertex   -1.269141e+02 3.506489e+01 -9.756739e+01
    endloop
  endfacet
  facet normal 2.990612e-16 7.667342e-01 -6.419647e-01
    outer loop
      vertex   -1.559295e+02 3.525973e+01 -9.733468e+01
      vertex   -1.269141e+02 3.506489e+01 -9.756739e+01
      vertex   -1.559909e+02 3.487205e+01 -9.779771e+01
    endloop
  endfacet
  facet normal 2.735456e-16 7.667342e-01 -6.419647e-01
    outer loop
      vertex   -1.559909e+02 3.487205e+01 -9.779771e+01
      vertex   -1.269141e+02 3.506489e+01 -9.756739e+01
      vertex   -1.267919e+02 3.468319e+01 -9.802328e+01
    endloop
  endfacet
  facet normal 1.267961e-16 7.667342e-01 -6.419647e-01
    outer loop
      vertex   -1.559909e+02 3.487205e+01 -9.779771e+01
      vertex   -1.267919e+02 3.468319e+01 -9.802328e+01
      vertex   -1.561726e+02 3.450025e+01 -9.824178e+01
    endloop
  endfacet
  facet normal 4.258474e-17 7.667342e-01 -6.419647e-01
    outer loop
      vertex   -1.561726e+02 3.450025e+01 -9.824178e+01
      vertex   -1.267919e+02 3.468319e+01 -9.802328e+01
      vertex   -1.265525e+02 3.432509e+01 -9.845098e+01
    endloop
  endfacet
  facet normal -1.405270e-17 7.667342e-01 -6.419647e-01
    outer loop
      vertex   -1.561726e+02 3.450025e+01 -9.824178e+01
      vertex   -1.265525e+02 3.432509e+01 -9.845098e+01
      vertex   -1.564672e+02 3.415953e+01 -9.864872e+01
    endloop
  endfacet
  facet normal 1.920623e-17 7.667342e-01 -6.419647e-01
    outer loop
      vertex   -1.564672e+02 3.415953e+01 -9.864872e+01
      vertex   -1.265525e+02 3.432509e+01 -9.845098e+01
      vertex   -1.262057e+02 3.400526e+01 -9.883297e+01
    endloop
  endfacet
  facet normal 1.023579e-16 7.667342e-01 -6.419647e-01
    outer loop
      vertex   -1.564672e+02 3.415953e+01 -9.864872e+01
      vertex   -1.262057e+02 3.400526e+01 -9.883297e+01
      vertex   -1.568626e+02 3.386386e+01 -9.900185e+01
    endloop
  endfacet
  facet normal 1.393914e-16 7.667342e-01 -6.419647e-01
    outer loop
      vertex   -1.568626e+02 3.386386e+01 -9.900185e+01
      vertex   -1.262057e+02 3.400526e+01 -9.883297e+01
      vertex   -1.257658e+02 3.373678e+01 -9.915363e+01
    endloop
  endfacet
  facet normal 1.346183e-16 7.667342e-01 -6.419647e-01
    outer loop
      vertex   -1.568626e+02 3.386386e+01 -9.900185e+01
      vertex   -1.257658e+02 3.373678e+01 -9.915363e+01
      vertex   -1.573426e+02 3.362533e+01 -9.928674e+01
    endloop
  endfacet
  facet normal 1.533186e-16 7.667342e-01 -6.419647e-01
    outer loop
      vertex   -1.573426e+02 3.362533e+01 -9.928674e+01
      vertex   -1.257658e+02 3.373678e+01 -9.915363e+01
      vertex   -1.252506e+02 3.353066e+01 -9.939982e+01
    endloop
  endfacet
  facet normal 1.526519e-16 7.667342e-01 -6.419647e-01
    outer loop
      vertex   -1.573426e+02 3.362533e+01 -9.928674e+01
      vertex   -1.252506e+02 3.353066e+01 -9.939982e+01
      vertex   -1.578875e+02 3.345372e+01 -9.949170e+01
    endloop
  endfacet
  facet normal 1.217038e-16 7.667342e-01 -6.419647e-01
    outer loop
      vertex   -1.578875e+02 3.345372e+01 -9.949170e+01
      vertex   -1.252506e+02 3.353066e+01 -9.939982e+01
      vertex   -1.246814e+02 3.339532e+01 -9.956146e+01
    endloop
  endfacet
  facet normal 1.160175e-16 7.667342e-01 -6.419647e-01
    outer loop
      vertex   -1.578875e+02 3.345372e+01 -9.949170e+01
      vertex   -1.246814e+02 3.339532e+01 -9.956146e+01
      vertex   -1.649295e+02 3.140794e+01 -1.019351e+02
    endloop
  endfacet
  facet normal 0.000000e+00 7.667342e-01 -6.419647e-01
    outer loop
      vertex   -1.649295e+02 3.140794e+01 -1.019351e+02
      vertex   -1.246814e+02 3.339532e+01 -9.956146e+01
      vertex   -1.179295e+02 3.140794e+01 -1.019351e+02
    endloop
  endfacet
  facet normal 2.872354e-15 7.667342e-01 -6.419647e-01
    outer loop
      vertex   -1.179295e+02 3.140794e+01 -1.019351e+02
      vertex   -1.246814e+02 3.339532e+01 -9.956146e+01
      vertex   -1.240814e+02 3.333631e+01 -9.963193e+01
    endloop
  endfacet
  facet normal -5.302121e-15 7.667342e-01 -6.419647e-01
    outer loop
      vertex   -1.179295e+02 3.140794e+01 -1.019351e+02
      vertex   -1.240814e+02 3.333631e+01 -9.963193e+01
      vertex   -1.234752e+02 3.335605e+01 -9.960836e+01
    endloop
  endfacet
  facet normal -1.310123e-15 7.667342e-01 -6.419647e-01
    outer loop
      vertex   -1.234752e+02 3.335605e+01 -9.960836e+01
      vertex   -1.228875e+02 3.345372e+01 -9.949170e+01
      vertex   -1.179295e+02 3.140794e+01 -1.019351e+02
    endloop
  endfacet
  facet normal -1.740325e-15 7.667342e-01 -6.419647e-01
    outer loop
      vertex   -1.179295e+02 3.140794e+01 -1.019351e+02
      vertex   -1.228875e+02 3.345372e+01 -9.949170e+01
      vertex   -1.223426e+02 3.362533e+01 -9.928674e+01
    endloop
  endfacet
  facet normal -8.080000e-16 7.667342e-01 -6.419647e-01
    outer loop
      vertex   -1.179295e+02 3.140794e+01 -1.019351e+02
      vertex   -1.223426e+02 3.362533e+01 -9.928674e+01
      vertex   -1.218626e+02 3.386386e+01 -9.900185e+01
    endloop
  endfacet
  facet normal 1.937158e-15 7.667342e-01 -6.419647e-01
    outer loop
      vertex   -1.218626e+02 3.386386e+01 -9.900185e+01
      vertex   -1.214672e+02 3.415953e+01 -9.864872e+01
      vertex   -1.179295e+02 3.140794e+01 -1.019351e+02
    endloop
  endfacet
  facet normal -2.828382e-15 7.667342e-01 -6.419647e-01
    outer loop
      vertex   -1.179295e+02 3.140794e+01 -1.019351e+02
      vertex   -1.214672e+02 3.415953e+01 -9.864872e+01
      vertex   -1.211726e+02 3.450025e+01 -9.824178e+01
    endloop
  endfacet
  facet normal -5.160746e-15 7.667342e-01 -6.419647e-01
    outer loop
      vertex   -1.179295e+02 3.140794e+01 -1.019351e+02
      vertex   -1.211726e+02 3.450025e+01 -9.824178e+01
      vertex   -1.209909e+02 3.487205e+01 -9.779771e+01
    endloop
  endfacet
  facet normal 4.073937e-16 7.667342e-01 -6.419647e-01
    outer loop
      vertex   -1.209295e+02 5.772850e+01 -7.049899e+01
      vertex   -1.209909e+02 5.811618e+01 -7.003596e+01
      vertex   -1.179295e+02 6.158029e+01 -6.589858e+01
    endloop
  endfacet
  facet normal 7.096025e-15 7.667342e-01 -6.419647e-01
    outer loop
      vertex   -1.179295e+02 6.158029e+01 -6.589858e+01
      vertex   -1.209909e+02 5.811618e+01 -7.003596e+01
      vertex   -1.211726e+02 5.848799e+01 -6.959189e+01
    endloop
  endfacet
  facet normal -1.697029e-15 7.667342e-01 -6.419647e-01
    outer loop
      vertex   -1.179295e+02 6.158029e+01 -6.589858e+01
      vertex   -1.211726e+02 5.848799e+01 -6.959189e+01
      vertex   -1.214672e+02 5.882870e+01 -6.918495e+01
    endloop
  endfacet
  facet normal -1.436169e-15 7.667342e-01 -6.419647e-01
    outer loop
      vertex   -1.214672e+02 5.882870e+01 -6.918495e+01
      vertex   -1.218626e+02 5.912437e+01 -6.883182e+01
      vertex   -1.179295e+02 6.158029e+01 -6.589858e+01
    endloop
  endfacet
  facet normal 1.346667e-15 7.667342e-01 -6.419647e-01
    outer loop
      vertex   -1.179295e+02 6.158029e+01 -6.589858e+01
      vertex   -1.218626e+02 5.912437e+01 -6.883182e+01
      vertex   -1.223426e+02 5.936290e+01 -6.854693e+01
    endloop
  endfacet
  facet normal 6.091137e-15 7.667342e-01 -6.419647e-01
    outer loop
      vertex   -1.179295e+02 6.158029e+01 -6.589858e+01
      vertex   -1.223426e+02 5.936290e+01 -6.854693e+01
      vertex   -1.228875e+02 5.953451e+01 -6.834197e+01
    endloop
  endfacet
  facet normal -9.329341e-15 7.667342e-01 -6.419647e-01
    outer loop
      vertex   -1.228875e+02 5.953451e+01 -6.834197e+01
      vertex   -1.234752e+02 5.963218e+01 -6.822531e+01
      vertex   -1.179295e+02 6.158029e+01 -6.589858e+01
    endloop
  endfacet
  facet normal 5.302121e-15 7.667342e-01 -6.419647e-01
    outer loop
      vertex   -1.179295e+02 6.158029e+01 -6.589858e+01
      vertex   -1.234752e+02 5.963218e+01 -6.822531e+01
      vertex   -1.240814e+02 5.965192e+01 -6.820174e+01
    endloop
  endfacet
  facet normal -2.154265e-15 7.667342e-01 -6.419647e-01
    outer loop
      vertex   -1.179295e+02 6.158029e+01 -6.589858e+01
      vertex   -1.240814e+02 5.965192e+01 -6.820174e+01
      vertex   -1.246814e+02 5.959291e+01 -6.827221e+01
    endloop
  endfacet
  facet normal 2.717369e-14 7.667342e-01 -6.419647e-01
    outer loop
      vertex   -1.619141e+02 3.545457e+01 -9.710198e+01
      vertex   -1.619141e+02 3.506489e+01 -9.756739e+01
      vertex   -1.649295e+02 3.140794e+01 -1.019351e+02
    endloop
  endfacet
  facet normal -9.991718e-15 7.667342e-01 -6.419647e-01
    outer loop
      vertex   -1.649295e+02 3.140794e+01 -1.019351e+02
      vertex   -1.619141e+02 3.506489e+01 -9.756739e+01
      vertex   -1.617919e+02 3.468319e+01 -9.802328e+01
    endloop
  endfacet
  facet normal -2.391208e-15 7.667342e-01 -6.419647e-01
    outer loop
      vertex   -1.649295e+02 3.140794e+01 -1.019351e+02
      vertex   -1.617919e+02 3.468319e+01 -9.802328e+01
      vertex   -1.615525e+02 3.432509e+01 -9.845098e+01
    endloop
  endfacet
  facet normal 4.906799e-15 7.667342e-01 -6.419647e-01
    outer loop
      vertex   -1.615525e+02 3.432509e+01 -9.845098e+01
      vertex   -1.612057e+02 3.400526e+01 -9.883297e+01
      vertex   -1.649295e+02 3.140794e+01 -1.019351e+02
    endloop
  endfacet
  facet normal 1.330680e-15 7.667342e-01 -6.419647e-01
    outer loop
      vertex   -1.649295e+02 3.140794e+01 -1.019351e+02
      vertex   -1.612057e+02 3.400526e+01 -9.883297e+01
      vertex   -1.607658e+02 3.373678e+01 -9.915363e+01
    endloop
  endfacet
  facet normal 2.493603e-15 7.667342e-01 -6.419647e-01
    outer loop
      vertex   -1.649295e+02 3.140794e+01 -1.019351e+02
      vertex   -1.607658e+02 3.373678e+01 -9.915363e+01
      vertex   -1.602506e+02 3.353066e+01 -9.939982e+01
    endloop
  endfacet
  facet normal -5.805454e-17 7.667342e-01 -6.419647e-01
    outer loop
      vertex   -1.602506e+02 3.353066e+01 -9.939982e+01
      vertex   -1.596814e+02 3.339532e+01 -9.956146e+01
      vertex   -1.649295e+02 3.140794e+01 -1.019351e+02
    endloop
  endfacet
  facet normal 1.518330e-15 7.667342e-01 -6.419647e-01
    outer loop
      vertex   -1.649295e+02 3.140794e+01 -1.019351e+02
      vertex   -1.596814e+02 3.339532e+01 -9.956146e+01
      vertex   -1.590814e+02 3.333631e+01 -9.963193e+01
    endloop
  endfacet
  facet normal -6.493992e-15 7.667342e-01 -6.419647e-01
    outer loop
      vertex   -1.649295e+02 3.140794e+01 -1.019351e+02
      vertex   -1.590814e+02 3.333631e+01 -9.963193e+01
      vertex   -1.584752e+02 3.335605e+01 -9.960836e+01
    endloop
  endfacet
  facet normal -4.295583e-15 7.667342e-01 -6.419647e-01
    outer loop
      vertex   -1.584752e+02 3.335605e+01 -9.960836e+01
      vertex   -1.578875e+02 3.345372e+01 -9.949170e+01
      vertex   -1.649295e+02 3.140794e+01 -1.019351e+02
    endloop
  endfacet
  facet normal 1.882289e-15 6.419647e-01 7.667342e-01
    outer loop
      vertex   -1.509295e+02 2.904009e+01 -3.865360e+01
      vertex   -1.438589e+02 4.507996e+01 -5.208333e+01
      vertex   -1.509295e+02 5.851335e+01 -6.333072e+01
    endloop
  endfacet
  facet normal 2.625822e-15 6.419647e-01 7.667342e-01
    outer loop
      vertex   -1.509295e+02 5.851335e+01 -6.333072e+01
      vertex   -1.438589e+02 4.507996e+01 -5.208333e+01
      vertex   -1.438589e+02 5.960515e+01 -6.424485e+01
    endloop
  endfacet
  facet normal 1.823601e-15 6.419647e-01 7.667342e-01
    outer loop
      vertex   -1.509295e+02 5.851335e+01 -6.333072e+01
      vertex   -1.438589e+02 5.960515e+01 -6.424485e+01
      vertex   -1.649295e+02 6.158029e+01 -6.589858e+01
    endloop
  endfacet
  facet normal 3.157687e-15 6.419647e-01 7.667342e-01
    outer loop
      vertex   -1.649295e+02 6.158029e+01 -6.589858e+01
      vertex   -1.438589e+02 5.960515e+01 -6.424485e+01
      vertex   -1.390000e+02 5.960515e+01 -6.424485e+01
    endloop
  endfacet
  facet normal -0.000000e+00 6.419647e-01 7.667342e-01
    outer loop
      vertex   -1.649295e+02 6.158029e+01 -6.589858e+01
      vertex   -1.390000e+02 5.960515e+01 -6.424485e+01
      vertex   -1.179295e+02 6.158029e+01 -6.589858e+01
    endloop
  endfacet
  facet normal -3.113015e-15 6.419647e-01 7.667342e-01
    outer loop
      vertex   -1.179295e+02 6.158029e+01 -6.589858e+01
      vertex   -1.390000e+02 5.960515e+01 -6.424485e+01
      vertex   -1.319295e+02 5.851335e+01 -6.333072e+01
    endloop
  endfacet
  facet normal -3.806479e-16 6.419647e-01 7.667342e-01
    outer loop
      vertex   -1.179295e+02 6.158029e+01 -6.589858e+01
      vertex   -1.319295e+02 5.851335e+01 -6.333072e+01
      vertex   -1.179295e+02 5.851335e+01 -6.333072e+01
    endloop
  endfacet
  facet normal -2.867355e-16 6.419647e-01 7.667342e-01
    outer loop
      vertex   -1.509295e+02 2.904009e+01 -3.865360e+01
      vertex   -1.319295e+02 2.904009e+01 -3.865360e+01
      vertex   -1.438589e+02 4.507996e+01 -5.208333e+01
    endloop
  endfacet
  facet normal -0.000000e+00 6.419647e-01 7.667342e-01
    outer loop
      vertex   -1.438589e+02 4.507996e+01 -5.208333e+01
      vertex   -1.319295e+02 2.904009e+01 -3.865360e+01
      vertex   -1.390000e+02 4.507996e+01 -5.208333e+01
    endloop
  endfacet
  facet normal -2.300575e-15 6.419647e-01 7.667342e-01
    outer loop
      vertex   -1.390000e+02 4.507996e+01 -5.208333e+01
      vertex   -1.319295e+02 2.904009e+01 -3.865360e+01
      vertex   -1.319295e+02 5.851335e+01 -6.333072e+01
    endloop
  endfacet
  facet normal -4.668128e-15 6.419647e-01 7.667342e-01
    outer loop
      vertex   -1.390000e+02 4.507996e+01 -5.208333e+01
      vertex   -1.319295e+02 5.851335e+01 -6.333072e+01
      vertex   -1.390000e+02 5.960515e+01 -6.424485e+01
    endloop
  endfacet
  facet normal 0.000000e+00 6.419647e-01 7.667342e-01
    outer loop
      vertex   -1.649295e+02 6.158029e+01 -6.589858e+01
      vertex   -1.649295e+02 5.851335e+01 -6.333072e+01
      vertex   -1.509295e+02 5.851335e+01 -6.333072e+01
    endloop
  endfacet
  facet normal -0.000000e+00 6.419647e-01 7.667342e-01
    outer loop
      vertex   -1.438589e+02 3.564308e+01 -6.335432e+01
      vertex   -1.390000e+02 3.564308e+01 -6.335432e+01
      vertex   -1.438589e+02 5.016827e+01 -7.551585e+01
    endloop
  endfacet
  facet normal 5.423720e-15 6.419647e-01 7.667342e-01
    outer loop
      vertex   -1.438589e+02 5.016827e+01 -7.551585e+01
      vertex   -1.390000e+02 3.564308e+01 -6.335432e+01
      vertex   -1.390000e+02 5.016827e+01 -7.551585e+01
    endloop
  endfacet
  facet normal 1.000000e+00 0.000000e+00 0.000000e+00
    outer loop
      vertex   -1.438589e+02 4.507996e+01 -5.208333e+01
      vertex   -1.438589e+02 4.621244e+01 -5.830000e+01
      vertex   -1.438589e+02 5.960515e+01 -6.424485e+01
    endloop
  endfacet
  facet normal 1.000000e+00 0.000000e+00 0.000000e+00
    outer loop
      vertex   -1.438589e+02 5.960515e+01 -6.424485e+01
      vertex   -1.438589e+02 4.621244e+01 -5.830000e+01
      vertex   -1.438589e+02 4.635230e+01 -5.863765e+01
    endloop
  endfacet
  facet normal 1.000000e+00 0.000000e+00 0.000000e+00
    outer loop
      vertex   -1.438589e+02 5.960515e+01 -6.424485e+01
      vertex   -1.438589e+02 4.635230e+01 -5.863765e+01
      vertex   -1.438589e+02 4.640000e+01 -5.900000e+01
    endloop
  endfacet
  facet normal 1.000000e+00 0.000000e+00 0.000000e+00
    outer loop
      vertex   -1.438589e+02 3.564308e+01 -6.335432e+01
      vertex   -1.438589e+02 4.378757e+01 -5.830000e+01
      vertex   -1.438589e+02 4.507996e+01 -5.208333e+01
    endloop
  endfacet
  facet normal 1.000000e+00 0.000000e+00 0.000000e+00
    outer loop
      vertex   -1.438589e+02 4.507996e+01 -5.208333e+01
      vertex   -1.438589e+02 4.378757e+01 -5.830000e+01
      vertex   -1.438589e+02 4.401005e+01 -5.801005e+01
    endloop
  endfacet
  facet normal 1.000000e+00 0.000000e+00 0.000000e+00
    outer loop
      vertex   -1.438589e+02 4.507996e+01 -5.208333e+01
      vertex   -1.438589e+02 4.401005e+01 -5.801005e+01
      vertex   -1.438589e+02 4.430000e+01 -5.778757e+01
    endloop
  endfacet
  facet normal 1.000000e+00 0.000000e+00 0.000000e+00
    outer loop
      vertex   -1.438589e+02 5.016827e+01 -7.551585e+01
      vertex   -1.438589e+02 4.463765e+01 -6.035230e+01
      vertex   -1.438589e+02 3.564308e+01 -6.335432e+01
    endloop
  endfacet
  facet normal 1.000000e+00 0.000000e+00 0.000000e+00
    outer loop
      vertex   -1.438589e+02 3.564308e+01 -6.335432e+01
      vertex   -1.438589e+02 4.463765e+01 -6.035230e+01
      vertex   -1.438589e+02 4.430000e+01 -6.021244e+01
    endloop
  endfacet
  facet normal 1.000000e+00 0.000000e+00 0.000000e+00
    outer loop
      vertex   -1.438589e+02 3.564308e+01 -6.335432e+01
      vertex   -1.438589e+02 4.430000e+01 -6.021244e+01
      vertex   -1.438589e+02 4.401005e+01 -5.998995e+01
    endloop
  endfacet
  facet normal 1.000000e+00 0.000000e+00 0.000000e+00
    outer loop
      vertex   -1.438589e+02 5.960515e+01 -6.424485e+01
      vertex   -1.438589e+02 4.570000e+01 -6.021244e+01
      vertex   -1.438589e+02 5.016827e+01 -7.551585e+01
    endloop
  endfacet
  facet normal 1.000000e+00 0.000000e+00 0.000000e+00
    outer loop
      vertex   -1.438589e+02 5.016827e+01 -7.551585e+01
      vertex   -1.438589e+02 4.570000e+01 -6.021244e+01
      vertex   -1.438589e+02 4.536235e+01 -6.035230e+01
    endloop
  endfacet
  facet normal 1.000000e+00 0.000000e+00 0.000000e+00
    outer loop
      vertex   -1.438589e+02 5.016827e+01 -7.551585e+01
      vertex   -1.438589e+02 4.536235e+01 -6.035230e+01
      vertex   -1.438589e+02 4.500000e+01 -6.040000e+01
    endloop
  endfacet
  facet normal 1.000000e+00 0.000000e+00 0.000000e+00
    outer loop
      vertex   -1.438589e+02 4.463765e+01 -5.764770e+01
      vertex   -1.438589e+02 4.500000e+01 -5.760000e+01
      vertex   -1.438589e+02 4.507996e+01 -5.208333e+01
    endloop
  endfacet
  facet normal 1.000000e+00 0.000000e+00 0.000000e+00
    outer loop
      vertex   -1.438589e+02 4.507996e+01 -5.208333e+01
      vertex   -1.438589e+02 4.500000e+01 -5.760000e+01
      vertex   -1.438589e+02 4.536235e+01 -5.764770e+01
    endloop
  endfacet
  facet normal 1.000000e+00 0.000000e+00 0.000000e+00
    outer loop
      vertex   -1.438589e+02 4.507996e+01 -5.208333e+01
      vertex   -1.438589e+02 4.536235e+01 -5.764770e+01
      vertex   -1.438589e+02 4.570000e+01 -5.778757e+01
    endloop
  endfacet
  facet normal 1.000000e+00 -0.000000e+00 -0.000000e+00
    outer loop
      vertex   -1.438589e+02 4.570000e+01 -5.778757e+01
      vertex   -1.438589e+02 4.598995e+01 -5.801005e+01
      vertex   -1.438589e+02 4.507996e+01 -5.208333e+01
    endloop
  endfacet
  facet normal 1.000000e+00 0.000000e+00 0.000000e+00
    outer loop
      vertex   -1.438589e+02 4.507996e+01 -5.208333e+01
      vertex   -1.438589e+02 4.598995e+01 -5.801005e+01
      vertex   -1.438589e+02 4.621244e+01 -5.830000e+01
    endloop
  endfacet
  facet normal 1.000000e+00 0.000000e+00 0.000000e+00
    outer loop
      vertex   -1.438589e+02 4.640000e+01 -5.900000e+01
      vertex   -1.438589e+02 4.635230e+01 -5.936235e+01
      vertex   -1.438589e+02 5.960515e+01 -6.424485e+01
    endloop
  endfacet
  facet normal 1.000000e+00 0.000000e+00 0.000000e+00
    outer loop
      vertex   -1.438589e+02 5.960515e+01 -6.424485e+01
      vertex   -1.438589e+02 4.635230e+01 -5.936235e+01
      vertex   -1.438589e+02 4.621244e+01 -5.970000e+01
    endloop
  endfacet
  facet normal 1.000000e+00 0.000000e+00 0.000000e+00
    outer loop
      vertex   -1.438589e+02 5.960515e+01 -6.424485e+01
      vertex   -1.438589e+02 4.621244e+01 -5.970000e+01
      vertex   -1.438589e+02 4.598995e+01 -5.998995e+01
    endloop
  endfacet
  facet normal 1.000000e+00 0.000000e+00 0.000000e+00
    outer loop
      vertex   -1.438589e+02 4.598995e+01 -5.998995e+01
      vertex   -1.438589e+02 4.570000e+01 -6.021244e+01
      vertex   -1.438589e+02 5.960515e+01 -6.424485e+01
    endloop
  endfacet
  facet normal 1.000000e+00 0.000000e+00 0.000000e+00
    outer loop
      vertex   -1.438589e+02 4.500000e+01 -6.040000e+01
      vertex   -1.438589e+02 4.463765e+01 -6.035230e+01
      vertex   -1.438589e+02 5.016827e+01 -7.551585e+01
    endloop
  endfacet
  facet normal 1.000000e+00 0.000000e+00 0.000000e+00
    outer loop
      vertex   -1.438589e+02 4.401005e+01 -5.998995e+01
      vertex   -1.438589e+02 4.378757e+01 -5.970000e+01
      vertex   -1.438589e+02 3.564308e+01 -6.335432e+01
    endloop
  endfacet
  facet normal 1.000000e+00 0.000000e+00 0.000000e+00
    outer loop
      vertex   -1.438589e+02 3.564308e+01 -6.335432e+01
      vertex   -1.438589e+02 4.378757e+01 -5.970000e+01
      vertex   -1.438589e+02 4.364770e+01 -5.936235e+01
    endloop
  endfacet
  facet normal 1.000000e+00 0.000000e+00 0.000000e+00
    outer loop
      vertex   -1.438589e+02 3.564308e+01 -6.335432e+01
      vertex   -1.438589e+02 4.364770e+01 -5.936235e+01
      vertex   -1.438589e+02 4.360000e+01 -5.900000e+01
    endloop
  endfacet
  facet normal 1.000000e+00 0.000000e+00 -0.000000e+00
    outer loop
      vertex   -1.438589e+02 4.360000e+01 -5.900000e+01
      vertex   -1.438589e+02 4.364770e+01 -5.863765e+01
      vertex   -1.438589e+02 3.564308e+01 -6.335432e+01
    endloop
  endfacet
  facet normal 1.000000e+00 0.000000e+00 0.000000e+00
    outer loop
      vertex   -1.438589e+02 3.564308e+01 -6.335432e+01
      vertex   -1.438589e+02 4.364770e+01 -5.863765e+01
      vertex   -1.438589e+02 4.378757e+01 -5.830000e+01
    endloop
  endfacet
  facet normal 1.000000e+00 0.000000e+00 0.000000e+00
    outer loop
      vertex   -1.438589e+02 4.430000e+01 -5.778757e+01
      vertex   -1.438589e+02 4.463765e+01 -5.764770e+01
      vertex   -1.438589e+02 4.507996e+01 -5.208333e+01
    endloop
  endfacet
  facet normal -1.732419e-16 -4.632510e-01 8.862271e-01
    outer loop
      vertex   -1.319295e+02 2.139088e+01 -4.707737e+01
      vertex   -1.414295e+02 2.139088e+01 -4.707737e+01
      vertex   -1.319295e+02 2.091179e+01 -4.732780e+01
    endloop
  endfacet
  facet normal -1.988533e-15 -4.632510e-01 8.862271e-01
    outer loop
      vertex   -1.319295e+02 2.091179e+01 -4.732780e+01
      vertex   -1.414295e+02 2.139088e+01 -4.707737e+01
      vertex   -1.414295e+02 2.091179e+01 -4.732780e+01
    endloop
  endfacet
  facet normal -2.165494e-15 -2.619078e-01 9.650929e-01
    outer loop
      vertex   -1.319295e+02 2.091179e+01 -4.732780e+01
      vertex   -1.414295e+02 2.091179e+01 -4.732780e+01
      vertex   -1.319295e+02 2.039007e+01 -4.746938e+01
    endloop
  endfacet
  facet normal 0.000000e+00 -2.619078e-01 9.650929e-01
    outer loop
      vertex   -1.319295e+02 2.039007e+01 -4.746938e+01
      vertex   -1.414295e+02 2.091179e+01 -4.732780e+01
      vertex   -1.414295e+02 2.039007e+01 -4.746938e+01
    endloop
  endfacet
  facet normal 0.000000e+00 -4.831808e-02 9.988320e-01
    outer loop
      vertex   -1.319295e+02 2.039007e+01 -4.746938e+01
      vertex   -1.414295e+02 2.039007e+01 -4.746938e+01
      vertex   -1.319295e+02 1.985011e+01 -4.749550e+01
    endloop
  endfacet
  facet normal 1.494132e-15 -4.831808e-02 9.988320e-01
    outer loop
      vertex   -1.319295e+02 1.985011e+01 -4.749550e+01
      vertex   -1.414295e+02 2.039007e+01 -4.746938e+01
      vertex   -1.414295e+02 1.985011e+01 -4.749550e+01
    endloop
  endfacet
  facet normal 1.474738e-15 1.675309e-01 9.858668e-01
    outer loop
      vertex   -1.319295e+02 1.985011e+01 -4.749550e+01
      vertex   -1.414295e+02 1.985011e+01 -4.749550e+01
      vertex   -1.319295e+02 1.931715e+01 -4.740494e+01
    endloop
  endfacet
  facet normal 0.000000e+00 1.675309e-01 9.858668e-01
    outer loop
      vertex   -1.319295e+02 1.931715e+01 -4.740494e+01
      vertex   -1.414295e+02 1.985011e+01 -4.749550e+01
      vertex   -1.414295e+02 1.931715e+01 -4.740494e+01
    endloop
  endfacet
  facet normal 0.000000e+00 3.755464e-01 9.268036e-01
    outer loop
      vertex   -1.319295e+02 1.931715e+01 -4.740494e+01
      vertex   -1.414295e+02 1.931715e+01 -4.740494e+01
      vertex   -1.319295e+02 1.881613e+01 -4.720192e+01
    endloop
  endfacet
  facet normal -8.336363e-16 3.755464e-01 9.268036e-01
    outer loop
      vertex   -1.319295e+02 1.881613e+01 -4.720192e+01
      vertex   -1.414295e+02 1.931715e+01 -4.740494e+01
      vertex   -1.414295e+02 1.881613e+01 -4.720192e+01
    endloop
  endfacet
  facet normal -8.282721e-16 5.660017e-01 8.244041e-01
    outer loop
      vertex   -1.319295e+02 1.881613e+01 -4.720192e+01
      vertex   -1.414295e+02 1.881613e+01 -4.720192e+01
      vertex   -1.319295e+02 1.837046e+01 -4.689594e+01
    endloop
  endfacet
  facet normal 0.000000e+00 5.660017e-01 8.244041e-01
    outer loop
      vertex   -1.319295e+02 1.837046e+01 -4.689594e+01
      vertex   -1.414295e+02 1.881613e+01 -4.720192e+01
      vertex   -1.414295e+02 1.837046e+01 -4.689594e+01
    endloop
  endfacet
  facet normal 0.000000e+00 7.299914e-01 6.834563e-01
    outer loop
      vertex   -1.319295e+02 1.837046e+01 -4.689594e+01
      vertex   -1.414295e+02 1.837046e+01 -4.689594e+01
      vertex   -1.319295e+02 1.800098e+01 -4.650131e+01
    endloop
  endfacet
  facet normal 0.000000e+00 7.299914e-01 6.834563e-01
    outer loop
      vertex   -1.319295e+02 1.800098e+01 -4.650131e+01
      vertex   -1.414295e+02 1.837046e+01 -4.689594e+01
      vertex   -1.414295e+02 1.800098e+01 -4.650131e+01
    endloop
  endfacet
  facet normal 0.000000e+00 8.598475e-01 5.105509e-01
    outer loop
      vertex   -1.319295e+02 1.800098e+01 -4.650131e+01
      vertex   -1.414295e+02 1.800098e+01 -4.650131e+01
      vertex   -1.319295e+02 1.772498e+01 -4.603648e+01
    endloop
  endfacet
  facet normal 0.000000e+00 8.598475e-01 5.105509e-01
    outer loop
      vertex   -1.319295e+02 1.772498e+01 -4.603648e+01
      vertex   -1.414295e+02 1.800098e+01 -4.650131e+01
      vertex   -1.414295e+02 1.772498e+01 -4.603648e+01
    endloop
  endfacet
  facet normal 0.000000e+00 9.494981e-01 3.137728e-01
    outer loop
      vertex   -1.319295e+02 1.772498e+01 -4.603648e+01
      vertex   -1.414295e+02 1.772498e+01 -4.603648e+01
      vertex   -1.319295e+02 1.755536e+01 -4.552319e+01
    endloop
  endfacet
  facet normal 0.000000e+00 9.494981e-01 3.137728e-01
    outer loop
      vertex   -1.319295e+02 1.755536e+01 -4.552319e+01
      vertex   -1.414295e+02 1.772498e+01 -4.603648e+01
      vertex   -1.414295e+02 1.755536e+01 -4.552319e+01
    endloop
  endfacet
  facet normal 0.000000e+00 9.947512e-01 1.023229e-01
    outer loop
      vertex   -1.319295e+02 1.755536e+01 -4.552319e+01
      vertex   -1.414295e+02 1.755536e+01 -4.552319e+01
      vertex   -1.319295e+02 1.750004e+01 -4.498543e+01
    endloop
  endfacet
  facet normal 3.720070e-16 9.947512e-01 1.023229e-01
    outer loop
      vertex   -1.319295e+02 1.750004e+01 -4.498543e+01
      vertex   -1.414295e+02 1.755536e+01 -4.552319e+01
      vertex   -1.414295e+02 1.750004e+01 -4.498543e+01
    endloop
  endfacet
  facet normal 3.715357e-16 9.934909e-01 -1.139115e-01
    outer loop
      vertex   -1.319295e+02 1.750004e+01 -4.498543e+01
      vertex   -1.414295e+02 1.750004e+01 -4.498543e+01
      vertex   -1.319295e+02 1.756162e+01 -4.444835e+01
    endloop
  endfacet
  facet normal -3.715357e-16 9.934909e-01 -1.139115e-01
    outer loop
      vertex   -1.319295e+02 1.756162e+01 -4.444835e+01
      vertex   -1.414295e+02 1.750004e+01 -4.498543e+01
      vertex   -1.414295e+02 1.756162e+01 -4.444835e+01
    endloop
  endfacet
  facet normal -3.536917e-16 9.457760e-01 -3.248195e-01
    outer loop
      vertex   -1.319295e+02 1.756162e+01 -4.444835e+01
      vertex   -1.414295e+02 1.756162e+01 -4.444835e+01
      vertex   -1.319295e+02 1.773722e+01 -4.393707e+01
    endloop
  endfacet
  facet normal -3.536917e-16 9.457760e-01 -3.248195e-01
    outer loop
      vertex   -1.319295e+02 1.773722e+01 -4.393707e+01
      vertex   -1.414295e+02 1.756162e+01 -4.444835e+01
      vertex   -1.414295e+02 1.773722e+01 -4.393707e+01
    endloop
  endfacet
  facet normal -3.193096e-16 8.538377e-01 -5.205393e-01
    outer loop
      vertex   -1.319295e+02 1.773722e+01 -4.393707e+01
      vertex   -1.414295e+02 1.773722e+01 -4.393707e+01
      vertex   -1.319295e+02 1.801862e+01 -4.347549e+01
    endloop
  endfacet
  facet normal 0.000000e+00 8.538377e-01 -5.205393e-01
    outer loop
      vertex   -1.319295e+02 1.801862e+01 -4.347549e+01
      vertex   -1.414295e+02 1.773722e+01 -4.393707e+01
      vertex   -1.414295e+02 1.801862e+01 -4.347549e+01
    endloop
  endfacet
  facet normal 0.000000e+00 7.219749e-01 -6.919192e-01
    outer loop
      vertex   -1.319295e+02 1.801862e+01 -4.347549e+01
      vertex   -1.414295e+02 1.801862e+01 -4.347549e+01
      vertex   -1.319295e+02 1.839267e+01 -4.308519e+01
    endloop
  endfacet
  facet normal -2.699969e-16 7.219749e-01 -6.919192e-01
    outer loop
      vertex   -1.319295e+02 1.839267e+01 -4.308519e+01
      vertex   -1.414295e+02 1.801862e+01 -4.347549e+01
      vertex   -1.414295e+02 1.839267e+01 -4.308519e+01
    endloop
  endfacet
  facet normal -2.080594e-16 5.563534e-01 -8.309458e-01
    outer loop
      vertex   -1.319295e+02 1.839267e+01 -4.308519e+01
      vertex   -1.414295e+02 1.839267e+01 -4.308519e+01
      vertex   -1.319295e+02 1.884187e+01 -4.278443e+01
    endloop
  endfacet
  facet normal 0.000000e+00 5.563534e-01 -8.309458e-01
    outer loop
      vertex   -1.319295e+02 1.884187e+01 -4.278443e+01
      vertex   -1.414295e+02 1.839267e+01 -4.308519e+01
      vertex   -1.414295e+02 1.884187e+01 -4.278443e+01
    endloop
  endfacet
  facet normal 0.000000e+00 3.647174e-01 -9.311183e-01
    outer loop
      vertex   -1.319295e+02 1.884187e+01 -4.278443e+01
      vertex   -1.414295e+02 1.884187e+01 -4.278443e+01
      vertex   -1.319295e+02 1.934523e+01 -4.258727e+01
    endloop
  endfacet
  facet normal -8.328136e-16 3.647174e-01 -9.311183e-01
    outer loop
      vertex   -1.319295e+02 1.934523e+01 -4.258727e+01
      vertex   -1.414295e+02 1.884187e+01 -4.278443e+01
      vertex   -1.414295e+02 1.934523e+01 -4.258727e+01
    endloop
  endfacet
  facet normal -7.971291e-16 1.560276e-01 -9.877527e-01
    outer loop
      vertex   -1.319295e+02 1.934523e+01 -4.258727e+01
      vertex   -1.414295e+02 1.934523e+01 -4.258727e+01
      vertex   -1.319295e+02 1.987921e+01 -4.250292e+01
    endloop
  endfacet
  facet normal 0.000000e+00 1.560276e-01 -9.877527e-01
    outer loop
      vertex   -1.319295e+02 1.987921e+01 -4.250292e+01
      vertex   -1.414295e+02 1.934523e+01 -4.258727e+01
      vertex   -1.414295e+02 1.987921e+01 -4.250292e+01
    endloop
  endfacet
  facet normal -0.000000e+00 -5.995790e-02 -9.982009e-01
    outer loop
      vertex   -1.319295e+02 1.987921e+01 -4.250292e+01
      vertex   -1.414295e+02 1.987921e+01 -4.250292e+01
      vertex   -1.319295e+02 2.041883e+01 -4.253533e+01
    endloop
  endfacet
  facet normal -0.000000e+00 -5.995790e-02 -9.982009e-01
    outer loop
      vertex   -1.319295e+02 2.041883e+01 -4.253533e+01
      vertex   -1.414295e+02 1.987921e+01 -4.250292e+01
      vertex   -1.414295e+02 2.041883e+01 -4.253533e+01
    endloop
  endfacet
  facet normal -0.000000e+00 -2.731398e-01 -9.619743e-01
    outer loop
      vertex   -1.319295e+02 2.041883e+01 -4.253533e+01
      vertex   -1.414295e+02 2.041883e+01 -4.253533e+01
      vertex   -1.319295e+02 2.093887e+01 -4.268299e+01
    endloop
  endfacet
  facet normal -8.216449e-16 -2.731398e-01 -9.619743e-01
    outer loop
      vertex   -1.319295e+02 2.093887e+01 -4.268299e+01
      vertex   -1.414295e+02 2.041883e+01 -4.253533e+01
      vertex   -1.414295e+02 2.093887e+01 -4.268299e+01
    endloop
  endfacet
  facet normal -8.358540e-16 -4.735500e-01 -8.807669e-01
    outer loop
      vertex   -1.319295e+02 2.093887e+01 -4.268299e+01
      vertex   -1.414295e+02 2.093887e+01 -4.268299e+01
      vertex   -1.319295e+02 2.141500e+01 -4.293899e+01
    endloop
  endfacet
  facet normal -0.000000e+00 -4.735500e-01 -8.807669e-01
    outer loop
      vertex   -1.319295e+02 2.141500e+01 -4.293899e+01
      vertex   -1.414295e+02 2.093887e+01 -4.268299e+01
      vertex   -1.414295e+02 2.141500e+01 -4.293899e+01
    endloop
  endfacet
  facet normal -0.000000e+00 -6.518175e-01 -7.583758e-01
    outer loop
      vertex   -1.319295e+02 2.141500e+01 -4.293899e+01
      vertex   -1.414295e+02 2.141500e+01 -4.293899e+01
      vertex   -1.319295e+02 2.182498e+01 -4.329136e+01
    endloop
  endfacet
  facet normal -0.000000e+00 -6.518175e-01 -7.583758e-01
    outer loop
      vertex   -1.319295e+02 2.182498e+01 -4.329136e+01
      vertex   -1.414295e+02 2.141500e+01 -4.293899e+01
      vertex   -1.414295e+02 2.182498e+01 -4.329136e+01
    endloop
  endfacet
  facet normal -0.000000e+00 -7.996068e-01 -6.005239e-01
    outer loop
      vertex   -1.319295e+02 2.182498e+01 -4.329136e+01
      vertex   -1.414295e+02 2.182498e+01 -4.329136e+01
      vertex   -1.319295e+02 2.214962e+01 -4.372362e+01
    endloop
  endfacet
  facet normal -0.000000e+00 -7.996068e-01 -6.005239e-01
    outer loop
      vertex   -1.319295e+02 2.214962e+01 -4.372362e+01
      vertex   -1.414295e+02 2.182498e+01 -4.329136e+01
      vertex   -1.414295e+02 2.214962e+01 -4.372362e+01
    endloop
  endfacet
  facet normal -0.000000e+00 -9.100073e-01 -4.145922e-01
    outer loop
      vertex   -1.319295e+02 2.214962e+01 -4.372362e+01
      vertex   -1.414295e+02 2.214962e+01 -4.372362e+01
      vertex   -1.319295e+02 2.237375e+01 -4.421557e+01
    endloop
  endfacet
  facet normal -0.000000e+00 -9.100073e-01 -4.145922e-01
    outer loop
      vertex   -1.319295e+02 2.237375e+01 -4.421557e+01
      vertex   -1.414295e+02 2.214962e+01 -4.372362e+01
      vertex   -1.414295e+02 2.237375e+01 -4.421557e+01
    endloop
  endfacet
  facet normal -0.000000e+00 -9.778569e-01 -2.092746e-01
    outer loop
      vertex   -1.319295e+02 2.237375e+01 -4.421557e+01
      vertex   -1.414295e+02 2.237375e+01 -4.421557e+01
      vertex   -1.319295e+02 2.248688e+01 -4.474419e+01
    endloop
  endfacet
  facet normal -0.000000e+00 -9.778569e-01 -2.092746e-01
    outer loop
      vertex   -1.319295e+02 2.248688e+01 -4.474419e+01
      vertex   -1.414295e+02 2.237375e+01 -4.421557e+01
      vertex   -1.414295e+02 2.248688e+01 -4.474419e+01
    endloop
  endfacet
  facet normal 0.000000e+00 -9.999830e-01 5.828455e-03
    outer loop
      vertex   -1.319295e+02 2.248688e+01 -4.474419e+01
      vertex   -1.414295e+02 2.248688e+01 -4.474419e+01
      vertex   -1.319295e+02 2.248373e+01 -4.528478e+01
    endloop
  endfacet
  facet normal 3.739635e-16 -9.999830e-01 5.828455e-03
    outer loop
      vertex   -1.319295e+02 2.248373e+01 -4.528478e+01
      vertex   -1.414295e+02 2.248688e+01 -4.474419e+01
      vertex   -1.414295e+02 2.248373e+01 -4.528478e+01
    endloop
  endfacet
  facet normal 3.647519e-16 -9.753510e-01 2.206590e-01
    outer loop
      vertex   -1.319295e+02 2.248373e+01 -4.528478e+01
      vertex   -1.414295e+02 2.248373e+01 -4.528478e+01
      vertex   -1.319295e+02 2.236444e+01 -4.581205e+01
    endloop
  endfacet
  facet normal -7.295038e-16 -9.753510e-01 2.206590e-01
    outer loop
      vertex   -1.319295e+02 2.236444e+01 -4.581205e+01
      vertex   -1.414295e+02 2.248373e+01 -4.528478e+01
      vertex   -1.414295e+02 2.236444e+01 -4.581205e+01
    endloop
  endfacet
  facet normal -6.769697e-16 -9.051127e-01 4.251717e-01
    outer loop
      vertex   -1.319295e+02 2.236444e+01 -4.581205e+01
      vertex   -1.414295e+02 2.236444e+01 -4.581205e+01
      vertex   -1.319295e+02 2.213459e+01 -4.630135e+01
    endloop
  endfacet
  facet normal 3.384849e-16 -9.051127e-01 4.251717e-01
    outer loop
      vertex   -1.319295e+02 2.213459e+01 -4.630135e+01
      vertex   -1.414295e+02 2.236444e+01 -4.581205e+01
      vertex   -1.414295e+02 2.213459e+01 -4.630135e+01
    endloop
  endfacet
  facet normal 2.963907e-16 -7.925523e-01 6.098039e-01
    outer loop
      vertex   -1.319295e+02 2.213459e+01 -4.630135e+01
      vertex   -1.414295e+02 2.213459e+01 -4.630135e+01
      vertex   -1.319295e+02 2.180494e+01 -4.672980e+01
    endloop
  endfacet
  facet normal 0.000000e+00 -7.925523e-01 6.098039e-01
    outer loop
      vertex   -1.319295e+02 2.180494e+01 -4.672980e+01
      vertex   -1.414295e+02 2.213459e+01 -4.630135e+01
      vertex   -1.414295e+02 2.180494e+01 -4.672980e+01
    endloop
  endfacet
  facet normal 0.000000e+00 -6.429331e-01 7.659224e-01
    outer loop
      vertex   -1.319295e+02 2.180494e+01 -4.672980e+01
      vertex   -1.414295e+02 2.180494e+01 -4.672980e+01
      vertex   -1.319295e+02 2.139088e+01 -4.707737e+01
    endloop
  endfacet
  facet normal -2.404376e-16 -6.429331e-01 7.659224e-01
    outer loop
      vertex   -1.319295e+02 2.139088e+01 -4.707737e+01
      vertex   -1.414295e+02 2.180494e+01 -4.672980e+01
      vertex   -1.414295e+02 2.139088e+01 -4.707737e+01
    endloop
  endfacet
  facet normal 0.000000e+00 -2.619078e-01 9.650929e-01
    outer loop
      vertex   -1.509295e+02 2.039007e+01 -4.746938e+01
      vertex   -1.414295e+02 2.039007e+01 -4.746938e+01
      vertex   -1.509295e+02 2.091179e+01 -4.732780e+01
    endloop
  endfacet
  facet normal 2.165494e-15 -2.619078e-01 9.650929e-01
    outer loop
      vertex   -1.509295e+02 2.091179e+01 -4.732780e+01
      vertex   -1.414295e+02 2.039007e+01 -4.746938e+01
      vertex   -1.414295e+02 2.091179e+01 -4.732780e+01
    endloop
  endfacet
  facet normal 1.988533e-15 -4.632510e-01 8.862271e-01
    outer loop
      vertex   -1.509295e+02 2.091179e+01 -4.732780e+01
      vertex   -1.414295e+02 2.091179e+01 -4.732780e+01
      vertex   -1.509295e+02 2.139088e+01 -4.707737e+01
    endloop
  endfacet
  facet normal 1.732419e-16 -4.632510e-01 8.862271e-01
    outer loop
      vertex   -1.509295e+02 2.139088e+01 -4.707737e+01
      vertex   -1.414295e+02 2.091179e+01 -4.732780e+01
      vertex   -1.414295e+02 2.139088e+01 -4.707737e+01
    endloop
  endfacet
  facet normal 2.404376e-16 -6.429331e-01 7.659224e-01
    outer loop
      vertex   -1.509295e+02 2.139088e+01 -4.707737e+01
      vertex   -1.414295e+02 2.139088e+01 -4.707737e+01
      vertex   -1.509295e+02 2.180494e+01 -4.672980e+01
    endloop
  endfacet
  facet normal 0.000000e+00 -6.429331e-01 7.659224e-01
    outer loop
      vertex   -1.509295e+02 2.180494e+01 -4.672980e+01
      vertex   -1.414295e+02 2.139088e+01 -4.707737e+01
      vertex   -1.414295e+02 2.180494e+01 -4.672980e+01
    endloop
  endfacet
  facet normal 0.000000e+00 -7.925523e-01 6.098039e-01
    outer loop
      vertex   -1.509295e+02 2.180494e+01 -4.672980e+01
      vertex   -1.414295e+02 2.180494e+01 -4.672980e+01
      vertex   -1.509295e+02 2.213459e+01 -4.630135e+01
    endloop
  endfacet
  facet normal -2.963907e-16 -7.925523e-01 6.098039e-01
    outer loop
      vertex   -1.509295e+02 2.213459e+01 -4.630135e+01
      vertex   -1.414295e+02 2.180494e+01 -4.672980e+01
      vertex   -1.414295e+02 2.213459e+01 -4.630135e+01
    endloop
  endfacet
  facet normal -3.384849e-16 -9.051127e-01 4.251717e-01
    outer loop
      vertex   -1.509295e+02 2.213459e+01 -4.630135e+01
      vertex   -1.414295e+02 2.213459e+01 -4.630135e+01
      vertex   -1.509295e+02 2.236444e+01 -4.581205e+01
    endloop
  endfacet
  facet normal 6.769697e-16 -9.051127e-01 4.251717e-01
    outer loop
      vertex   -1.509295e+02 2.236444e+01 -4.581205e+01
      vertex   -1.414295e+02 2.213459e+01 -4.630135e+01
      vertex   -1.414295e+02 2.236444e+01 -4.581205e+01
    endloop
  endfacet
  facet normal 7.295038e-16 -9.753510e-01 2.206590e-01
    outer loop
      vertex   -1.509295e+02 2.236444e+01 -4.581205e+01
      vertex   -1.414295e+02 2.236444e+01 -4.581205e+01
      vertex   -1.509295e+02 2.248373e+01 -4.528478e+01
    endloop
  endfacet
  facet normal -3.647519e-16 -9.753510e-01 2.206590e-01
    outer loop
      vertex   -1.509295e+02 2.248373e+01 -4.528478e+01
      vertex   -1.414295e+02 2.236444e+01 -4.581205e+01
      vertex   -1.414295e+02 2.248373e+01 -4.528478e+01
    endloop
  endfacet
  facet normal -3.739635e-16 -9.999830e-01 5.828455e-03
    outer loop
      vertex   -1.509295e+02 2.248373e+01 -4.528478e+01
      vertex   -1.414295e+02 2.248373e+01 -4.528478e+01
      vertex   -1.509295e+02 2.248688e+01 -4.474419e+01
    endloop
  endfacet
  facet normal 0.000000e+00 -9.999830e-01 5.828455e-03
    outer loop
      vertex   -1.509295e+02 2.248688e+01 -4.474419e+01
      vertex   -1.414295e+02 2.248373e+01 -4.528478e+01
      vertex   -1.414295e+02 2.248688e+01 -4.474419e+01
    endloop
  endfacet
  facet normal 0.000000e+00 -9.778569e-01 -2.092746e-01
    outer loop
      vertex   -1.509295e+02 2.248688e+01 -4.474419e+01
      vertex   -1.414295e+02 2.248688e+01 -4.474419e+01
      vertex   -1.509295e+02 2.237375e+01 -4.421557e+01
    endloop
  endfacet
  facet normal 0.000000e+00 -9.778569e-01 -2.092746e-01
    outer loop
      vertex   -1.509295e+02 2.237375e+01 -4.421557e+01
      vertex   -1.414295e+02 2.248688e+01 -4.474419e+01
      vertex   -1.414295e+02 2.237375e+01 -4.421557e+01
    endloop
  endfacet
  facet normal 0.000000e+00 -9.100073e-01 -4.145922e-01
    outer loop
      vertex   -1.509295e+02 2.237375e+01 -4.421557e+01
      vertex   -1.414295e+02 2.237375e+01 -4.421557e+01
      vertex   -1.509295e+02 2.214962e+01 -4.372362e+01
    endloop
  endfacet
  facet normal 0.000000e+00 -9.100073e-01 -4.145922e-01
    outer loop
      vertex   -1.509295e+02 2.214962e+01 -4.372362e+01
      vertex   -1.414295e+02 2.237375e+01 -4.421557e+01
      vertex   -1.414295e+02 2.214962e+01 -4.372362e+01
    endloop
  endfacet
  facet normal 0.000000e+00 -7.996068e-01 -6.005239e-01
    outer loop
      vertex   -1.509295e+02 2.214962e+01 -4.372362e+01
      vertex   -1.414295e+02 2.214962e+01 -4.372362e+01
      vertex   -1.509295e+02 2.182498e+01 -4.329136e+01
    endloop
  endfacet
  facet normal 0.000000e+00 -7.996068e-01 -6.005239e-01
    outer loop
      vertex   -1.509295e+02 2.182498e+01 -4.329136e+01
      vertex   -1.414295e+02 2.214962e+01 -4.372362e+01
      vertex   -1.414295e+02 2.182498e+01 -4.329136e+01
    endloop
  endfacet
  facet normal 0.000000e+00 -6.518175e-01 -7.583758e-01
    outer loop
      vertex   -1.509295e+02 2.182498e+01 -4.329136e+01
      vertex   -1.414295e+02 2.182498e+01 -4.329136e+01
      vertex   -1.509295e+02 2.141500e+01 -4.293899e+01
    endloop
  endfacet
  facet normal 0.000000e+00 -6.518175e-01 -7.583758e-01
    outer loop
      vertex   -1.509295e+02 2.141500e+01 -4.293899e+01
      vertex   -1.414295e+02 2.182498e+01 -4.329136e+01
      vertex   -1.414295e+02 2.141500e+01 -4.293899e+01
    endloop
  endfacet
  facet normal 0.000000e+00 -4.735500e-01 -8.807669e-01
    outer loop
      vertex   -1.509295e+02 2.141500e+01 -4.293899e+01
      vertex   -1.414295e+02 2.141500e+01 -4.293899e+01
      vertex   -1.509295e+02 2.093887e+01 -4.268299e+01
    endloop
  endfacet
  facet normal 8.358540e-16 -4.735500e-01 -8.807669e-01
    outer loop
      vertex   -1.509295e+02 2.093887e+01 -4.268299e+01
      vertex   -1.414295e+02 2.141500e+01 -4.293899e+01
      vertex   -1.414295e+02 2.093887e+01 -4.268299e+01
    endloop
  endfacet
  facet normal 8.216449e-16 -2.731398e-01 -9.619743e-01
    outer loop
      vertex   -1.509295e+02 2.093887e+01 -4.268299e+01
      vertex   -1.414295e+02 2.093887e+01 -4.268299e+01
      vertex   -1.509295e+02 2.041883e+01 -4.253533e+01
    endloop
  endfacet
  facet normal 0.000000e+00 -2.731398e-01 -9.619743e-01
    outer loop
      vertex   -1.509295e+02 2.041883e+01 -4.253533e+01
      vertex   -1.414295e+02 2.093887e+01 -4.268299e+01
      vertex   -1.414295e+02 2.041883e+01 -4.253533e+01
    endloop
  endfacet
  facet normal 0.000000e+00 -5.995790e-02 -9.982009e-01
    outer loop
      vertex   -1.509295e+02 2.041883e+01 -4.253533e+01
      vertex   -1.414295e+02 2.041883e+01 -4.253533e+01
      vertex   -1.509295e+02 1.987921e+01 -4.250292e+01
    endloop
  endfacet
  facet normal 0.000000e+00 -5.995790e-02 -9.982009e-01
    outer loop
      vertex   -1.509295e+02 1.987921e+01 -4.250292e+01
      vertex   -1.414295e+02 2.041883e+01 -4.253533e+01
      vertex   -1.414295e+02 1.987921e+01 -4.250292e+01
    endloop
  endfacet
  facet normal 0.000000e+00 1.560276e-01 -9.877527e-01
    outer loop
      vertex   -1.509295e+02 1.987921e+01 -4.250292e+01
      vertex   -1.414295e+02 1.987921e+01 -4.250292e+01
      vertex   -1.509295e+02 1.934523e+01 -4.258727e+01
    endloop
  endfacet
  facet normal 7.971291e-16 1.560276e-01 -9.877527e-01
    outer loop
      vertex   -1.509295e+02 1.934523e+01 -4.258727e+01
      vertex   -1.414295e+02 1.987921e+01 -4.250292e+01
      vertex   -1.414295e+02 1.934523e+01 -4.258727e+01
    endloop
  endfacet
  facet normal 8.328136e-16 3.647174e-01 -9.311183e-01
    outer loop
      vertex   -1.509295e+02 1.934523e+01 -4.258727e+01
      vertex   -1.414295e+02 1.934523e+01 -4.258727e+01
      vertex   -1.509295e+02 1.884187e+01 -4.278443e+01
    endloop
  endfacet
  facet normal 0.000000e+00 3.647174e-01 -9.311183e-01
    outer loop
      vertex   -1.509295e+02 1.884187e+01 -4.278443e+01
      vertex   -1.414295e+02 1.934523e+01 -4.258727e+01
      vertex   -1.414295e+02 1.884187e+01 -4.278443e+01
    endloop
  endfacet
  facet normal 0.000000e+00 5.563534e-01 -8.309458e-01
    outer loop
      vertex   -1.509295e+02 1.884187e+01 -4.278443e+01
      vertex   -1.414295e+02 1.884187e+01 -4.278443e+01
      vertex   -1.509295e+02 1.839267e+01 -4.308519e+01
    endloop
  endfacet
  facet normal 2.080594e-16 5.563534e-01 -8.309458e-01
    outer loop
      vertex   -1.509295e+02 1.839267e+01 -4.308519e+01
      vertex   -1.414295e+02 1.884187e+01 -4.278443e+01
      vertex   -1.414295e+02 1.839267e+01 -4.308519e+01
    endloop
  endfacet
  facet normal 2.699969e-16 7.219749e-01 -6.919192e-01
    outer loop
      vertex   -1.509295e+02 1.839267e+01 -4.308519e+01
      vertex   -1.414295e+02 1.839267e+01 -4.308519e+01
      vertex   -1.509295e+02 1.801862e+01 -4.347549e+01
    endloop
  endfacet
  facet normal 0.000000e+00 7.219749e-01 -6.919192e-01
    outer loop
      vertex   -1.509295e+02 1.801862e+01 -4.347549e+01
      vertex   -1.414295e+02 1.839267e+01 -4.308519e+01
      vertex   -1.414295e+02 1.801862e+01 -4.347549e+01
    endloop
  endfacet
  facet normal 0.000000e+00 8.538377e-01 -5.205393e-01
    outer loop
      vertex   -1.509295e+02 1.801862e+01 -4.347549e+01
      vertex   -1.414295e+02 1.801862e+01 -4.347549e+01
      vertex   -1.509295e+02 1.773722e+01 -4.393707e+01
    endloop
  endfacet
  facet normal 3.193096e-16 8.538377e-01 -5.205393e-01
    outer loop
      vertex   -1.509295e+02 1.773722e+01 -4.393707e+01
      vertex   -1.414295e+02 1.801862e+01 -4.347549e+01
      vertex   -1.414295e+02 1.773722e+01 -4.393707e+01
    endloop
  endfacet
  facet normal 3.536917e-16 9.457760e-01 -3.248195e-01
    outer loop
      vertex   -1.509295e+02 1.773722e+01 -4.393707e+01
      vertex   -1.414295e+02 1.773722e+01 -4.393707e+01
      vertex   -1.509295e+02 1.756162e+01 -4.444835e+01
    endloop
  endfacet
  facet normal 3.536917e-16 9.457760e-01 -3.248195e-01
    outer loop
      vertex   -1.509295e+02 1.756162e+01 -4.444835e+01
      vertex   -1.414295e+02 1.773722e+01 -4.393707e+01
      vertex   -1.414295e+02 1.756162e+01 -4.444835e+01
    endloop
  endfacet
  facet normal 3.715357e-16 9.934909e-01 -1.139115e-01
    outer loop
      vertex   -1.509295e+02 1.756162e+01 -4.444835e+01
      vertex   -1.414295e+02 1.756162e+01 -4.444835e+01
      vertex   -1.509295e+02 1.750004e+01 -4.498543e+01
    endloop
  endfacet
  facet normal -3.715357e-16 9.934909e-01 -1.139115e-01
    outer loop
      vertex   -1.509295e+02 1.750004e+01 -4.498543e+01
      vertex   -1.414295e+02 1.756162e+01 -4.444835e+01
      vertex   -1.414295e+02 1.750004e+01 -4.498543e+01
    endloop
  endfacet
  facet normal -3.720070e-16 9.947512e-01 1.023229e-01
    outer loop
      vertex   -1.509295e+02 1.750004e+01 -4.498543e+01
      vertex   -1.414295e+02 1.750004e+01 -4.498543e+01
      vertex   -1.509295e+02 1.755536e+01 -4.552319e+01
    endloop
  endfacet
  facet normal -0.000000e+00 9.947512e-01 1.023229e-01
    outer loop
      vertex   -1.509295e+02 1.755536e+01 -4.552319e+01
      vertex   -1.414295e+02 1.750004e+01 -4.498543e+01
      vertex   -1.414295e+02 1.755536e+01 -4.552319e+01
    endloop
  endfacet
  facet normal -0.000000e+00 9.494981e-01 3.137728e-01
    outer loop
      vertex   -1.509295e+02 1.755536e+01 -4.552319e+01
      vertex   -1.414295e+02 1.755536e+01 -4.552319e+01
      vertex   -1.509295e+02 1.772498e+01 -4.603648e+01
    endloop
  endfacet
  facet normal -0.000000e+00 9.494981e-01 3.137728e-01
    outer loop
      vertex   -1.509295e+02 1.772498e+01 -4.603648e+01
      vertex   -1.414295e+02 1.755536e+01 -4.552319e+01
      vertex   -1.414295e+02 1.772498e+01 -4.603648e+01
    endloop
  endfacet
  facet normal -0.000000e+00 8.598475e-01 5.105509e-01
    outer loop
      vertex   -1.509295e+02 1.772498e+01 -4.603648e+01
      vertex   -1.414295e+02 1.772498e+01 -4.603648e+01
      vertex   -1.509295e+02 1.800098e+01 -4.650131e+01
    endloop
  endfacet
  facet normal -0.000000e+00 8.598475e-01 5.105509e-01
    outer loop
      vertex   -1.509295e+02 1.800098e+01 -4.650131e+01
      vertex   -1.414295e+02 1.772498e+01 -4.603648e+01
      vertex   -1.414295e+02 1.800098e+01 -4.650131e+01
    endloop
  endfacet
  facet normal -0.000000e+00 7.299914e-01 6.834563e-01
    outer loop
      vertex   -1.509295e+02 1.800098e+01 -4.650131e+01
      vertex   -1.414295e+02 1.800098e+01 -4.650131e+01
      vertex   -1.509295e+02 1.837046e+01 -4.689594e+01
    endloop
  endfacet
  facet normal -0.000000e+00 7.299914e-01 6.834563e-01
    outer loop
      vertex   -1.509295e+02 1.837046e+01 -4.689594e+01
      vertex   -1.414295e+02 1.800098e+01 -4.650131e+01
      vertex   -1.414295e+02 1.837046e+01 -4.689594e+01
    endloop
  endfacet
  facet normal -0.000000e+00 5.660017e-01 8.244041e-01
    outer loop
      vertex   -1.509295e+02 1.837046e+01 -4.689594e+01
      vertex   -1.414295e+02 1.837046e+01 -4.689594e+01
      vertex   -1.509295e+02 1.881613e+01 -4.720192e+01
    endloop
  endfacet
  facet normal 8.282721e-16 5.660017e-01 8.244041e-01
    outer loop
      vertex   -1.509295e+02 1.881613e+01 -4.720192e+01
      vertex   -1.414295e+02 1.837046e+01 -4.689594e+01
      vertex   -1.414295e+02 1.881613e+01 -4.720192e+01
    endloop
  endfacet
  facet normal 8.336363e-16 3.755464e-01 9.268036e-01
    outer loop
      vertex   -1.509295e+02 1.881613e+01 -4.720192e+01
      vertex   -1.414295e+02 1.881613e+01 -4.720192e+01
      vertex   -1.509295e+02 1.931715e+01 -4.740494e+01
    endloop
  endfacet
  facet normal -0.000000e+00 3.755464e-01 9.268036e-01
    outer loop
      vertex   -1.509295e+02 1.931715e+01 -4.740494e+01
      vertex   -1.414295e+02 1.881613e+01 -4.720192e+01
      vertex   -1.414295e+02 1.931715e+01 -4.740494e+01
    endloop
  endfacet
  facet normal -0.000000e+00 1.675309e-01 9.858668e-01
    outer loop
      vertex   -1.509295e+02 1.931715e+01 -4.740494e+01
      vertex   -1.414295e+02 1.931715e+01 -4.740494e+01
      vertex   -1.509295e+02 1.985011e+01 -4.749550e+01
    endloop
  endfacet
  facet normal -1.474738e-15 1.675309e-01 9.858668e-01
    outer loop
      vertex   -1.509295e+02 1.985011e+01 -4.749550e+01
      vertex   -1.414295e+02 1.931715e+01 -4.740494e+01
      vertex   -1.414295e+02 1.985011e+01 -4.749550e+01
    endloop
  endfacet
  facet normal -1.494132e-15 -4.831808e-02 9.988320e-01
    outer loop
      vertex   -1.509295e+02 1.985011e+01 -4.749550e+01
      vertex   -1.414295e+02 1.985011e+01 -4.749550e+01
      vertex   -1.509295e+02 2.039007e+01 -4.746938e+01
    endloop
  endfacet
  facet normal 0.000000e+00 -4.831808e-02 9.988320e-01
    outer loop
      vertex   -1.509295e+02 2.039007e+01 -4.746938e+01
      vertex   -1.414295e+02 1.985011e+01 -4.749550e+01
      vertex   -1.414295e+02 2.039007e+01 -4.746938e+01
    endloop
  endfacet
  facet normal 1.550982e-16 -4.686497e-01 -8.833841e-01
    outer loop
      vertex   -1.509295e+02 1.534130e+01 -5.501482e+01
      vertex   -1.319295e+02 1.534130e+01 -5.501482e+01
      vertex   -1.509295e+02 1.432007e+01 -5.447304e+01
    endloop
  endfacet
  facet normal -2.190761e-16 -4.686497e-01 -8.833841e-01
    outer loop
      vertex   -1.509295e+02 1.432007e+01 -5.447304e+01
      vertex   -1.319295e+02 1.534130e+01 -5.501482e+01
      vertex   -1.319295e+02 1.432007e+01 -5.447304e+01
    endloop
  endfacet
  facet normal -2.610376e-16 -5.584142e-01 -8.295623e-01
    outer loop
      vertex   -1.509295e+02 1.432007e+01 -5.447304e+01
      vertex   -1.319295e+02 1.432007e+01 -5.447304e+01
      vertex   -1.509295e+02 1.336106e+01 -5.382748e+01
    endloop
  endfacet
  facet normal 1.536088e-16 -5.584142e-01 -8.295623e-01
    outer loop
      vertex   -1.509295e+02 1.336106e+01 -5.382748e+01
      vertex   -1.319295e+02 1.432007e+01 -5.447304e+01
      vertex   -1.319295e+02 1.336106e+01 -5.382748e+01
    endloop
  endfacet
  facet normal 1.066214e-16 -6.420615e-01 -7.666531e-01
    outer loop
      vertex   -1.509295e+02 1.336106e+01 -5.382748e+01
      vertex   -1.319295e+02 1.336106e+01 -5.382748e+01
      vertex   -1.509295e+02 1.247477e+01 -5.308523e+01
    endloop
  endfacet
  facet normal 0.000000e+00 -6.420615e-01 -7.666531e-01
    outer loop
      vertex   -1.509295e+02 1.247477e+01 -5.308523e+01
      vertex   -1.319295e+02 1.336106e+01 -5.382748e+01
      vertex   -1.319295e+02 1.247477e+01 -5.308523e+01
    endloop
  endfacet
  facet normal 0.000000e+00 -7.186755e-01 -6.953456e-01
    outer loop
      vertex   -1.509295e+02 1.247477e+01 -5.308523e+01
      vertex   -1.319295e+02 1.247477e+01 -5.308523e+01
      vertex   -1.509295e+02 1.167092e+01 -5.225441e+01
    endloop
  endfacet
  facet normal -2.015722e-16 -7.186755e-01 -6.953456e-01
    outer loop
      vertex   -1.509295e+02 1.167092e+01 -5.225441e+01
      vertex   -1.319295e+02 1.247477e+01 -5.308523e+01
      vertex   -1.319295e+02 1.167092e+01 -5.225441e+01
    endloop
  endfacet
  facet normal -2.208526e-16 -7.874167e-01 -6.164211e-01
    outer loop
      vertex   -1.509295e+02 1.167092e+01 -5.225441e+01
      vertex   -1.319295e+02 1.167092e+01 -5.225441e+01
      vertex   -1.509295e+02 1.095831e+01 -5.134412e+01
    endloop
  endfacet
  facet normal 0.000000e+00 -7.874167e-01 -6.164211e-01
    outer loop
      vertex   -1.509295e+02 1.095831e+01 -5.134412e+01
      vertex   -1.319295e+02 1.167092e+01 -5.225441e+01
      vertex   -1.319295e+02 1.095831e+01 -5.134412e+01
    endloop
  endfacet
  facet normal 0.000000e+00 -8.475322e-01 -5.307439e-01
    outer loop
      vertex   -1.509295e+02 1.095831e+01 -5.134412e+01
      vertex   -1.319295e+02 1.095831e+01 -5.134412e+01
      vertex   -1.509295e+02 1.034475e+01 -5.036433e+01
    endloop
  endfacet
  facet normal 0.000000e+00 -8.475322e-01 -5.307439e-01
    outer loop
      vertex   -1.509295e+02 1.034475e+01 -5.036433e+01
      vertex   -1.319295e+02 1.095831e+01 -5.134412e+01
      vertex   -1.319295e+02 1.034475e+01 -5.036433e+01
    endloop
  endfacet
  facet normal 0.000000e+00 -8.983635e-01 -4.392528e-01
    outer loop
      vertex   -1.509295e+02 1.034475e+01 -5.036433e+01
      vertex   -1.319295e+02 1.034475e+01 -5.036433e+01
      vertex   -1.509295e+02 9.836949e+00 -4.932578e+01
    endloop
  endfacet
  facet normal 0.000000e+00 -8.983635e-01 -4.392528e-01
    outer loop
      vertex   -1.509295e+02 9.836949e+00 -4.932578e+01
      vertex   -1.319295e+02 1.034475e+01 -5.036433e+01
      vertex   -1.319295e+02 9.836949e+00 -4.932578e+01
    endloop
  endfacet
  facet normal 0.000000e+00 -9.393537e-01 -3.429498e-01
    outer loop
      vertex   -1.509295e+02 9.836949e+00 -4.932578e+01
      vertex   -1.319295e+02 9.836949e+00 -4.932578e+01
      vertex   -1.509295e+02 9.440483e+00 -4.823985e+01
    endloop
  endfacet
  facet normal 0.000000e+00 -9.393537e-01 -3.429498e-01
    outer loop
      vertex   -1.509295e+02 9.440483e+00 -4.823985e+01
      vertex   -1.319295e+02 9.836949e+00 -4.932578e+01
      vertex   -1.319295e+02 9.440483e+00 -4.823985e+01
    endloop
  endfacet
  facet normal 0.000000e+00 -9.700538e-01 -2.428901e-01
    outer loop
      vertex   -1.509295e+02 9.440483e+00 -4.823985e+01
      vertex   -1.319295e+02 9.440483e+00 -4.823985e+01
      vertex   -1.509295e+02 9.159691e+00 -4.711842e+01
    endloop
  endfacet
  facet normal 9.069272e-17 -9.700538e-01 -2.428901e-01
    outer loop
      vertex   -1.509295e+02 9.159691e+00 -4.711842e+01
      vertex   -1.319295e+02 9.440483e+00 -4.823985e+01
      vertex   -1.319295e+02 9.159691e+00 -4.711842e+01
    endloop
  endfacet
  facet normal 9.256946e-17 -9.901275e-01 -1.401696e-01
    outer loop
      vertex   -1.509295e+02 9.159691e+00 -4.711842e+01
      vertex   -1.319295e+02 9.159691e+00 -4.711842e+01
      vertex   -1.509295e+02 8.997649e+00 -4.597379e+01
    endloop
  endfacet
  facet normal 0.000000e+00 -9.901275e-01 -1.401696e-01
    outer loop
      vertex   -1.509295e+02 8.997649e+00 -4.597379e+01
      vertex   -1.319295e+02 9.159691e+00 -4.711842e+01
      vertex   -1.319295e+02 8.997649e+00 -4.597379e+01
    endloop
  endfacet
  facet normal 0.000000e+00 -9.993549e-01 -3.591366e-02
    outer loop
      vertex   -1.509295e+02 8.997649e+00 -4.597379e+01
      vertex   -1.319295e+02 8.997649e+00 -4.597379e+01
      vertex   -1.509295e+02 8.956131e+00 -4.481849e+01
    endloop
  endfacet
  facet normal 1.202934e-16 -9.993549e-01 -3.591366e-02
    outer loop
      vertex   -1.509295e+02 8.956131e+00 -4.481849e+01
      vertex   -1.319295e+02 8.997649e+00 -4.597379e+01
      vertex   -1.319295e+02 8.956131e+00 -4.481849e+01
    endloop
  endfacet
  facet normal 4.186117e-17 -9.976349e-01 6.873572e-02
    outer loop
      vertex   -1.509295e+02 8.956131e+00 -4.481849e+01
      vertex   -1.319295e+02 8.956131e+00 -4.481849e+01
      vertex   -1.509295e+02 9.035592e+00 -4.366517e+01
    endloop
  endfacet
  facet normal 0.000000e+00 -9.976349e-01 6.873572e-02
    outer loop
      vertex   -1.509295e+02 9.035592e+00 -4.366517e+01
      vertex   -1.319295e+02 8.956131e+00 -4.481849e+01
      vertex   -1.319295e+02 9.035592e+00 -4.366517e+01
    endloop
  endfacet
  facet normal 0.000000e+00 -9.849864e-01 1.726321e-01
    outer loop
      vertex   -1.509295e+02 9.035592e+00 -4.366517e+01
      vertex   -1.319295e+02 9.035592e+00 -4.366517e+01
      vertex   -1.509295e+02 9.235163e+00 -4.252648e+01
    endloop
  endfacet
  facet normal 0.000000e+00 -9.849864e-01 1.726321e-01
    outer loop
      vertex   -1.509295e+02 9.235163e+00 -4.252648e+01
      vertex   -1.319295e+02 9.035592e+00 -4.366517e+01
      vertex   -1.319295e+02 9.235163e+00 -4.252648e+01
    endloop
  endfacet
  facet normal 0.000000e+00 -9.615479e-01 2.746374e-01
    outer loop
      vertex   -1.509295e+02 9.235163e+00 -4.252648e+01
      vertex   -1.319295e+02 9.235163e+00 -4.252648e+01
      vertex   -1.509295e+02 9.552657e+00 -4.141489e+01
    endloop
  endfacet
  facet normal 0.000000e+00 -9.615479e-01 2.746374e-01
    outer loop
      vertex   -1.509295e+02 9.552657e+00 -4.141489e+01
      vertex   -1.319295e+02 9.235163e+00 -4.252648e+01
      vertex   -1.319295e+02 9.552657e+00 -4.141489e+01
    endloop
  endfacet
  facet normal 0.000000e+00 -9.275761e-01 3.736343e-01
    outer loop
      vertex   -1.509295e+02 9.552657e+00 -4.141489e+01
      vertex   -1.319295e+02 9.552657e+00 -4.141489e+01
      vertex   -1.509295e+02 9.984595e+00 -4.034257e+01
    endloop
  endfacet
  facet normal -8.672138e-17 -9.275761e-01 3.736343e-01
    outer loop
      vertex   -1.509295e+02 9.984595e+00 -4.034257e+01
      vertex   -1.319295e+02 9.552657e+00 -4.141489e+01
      vertex   -1.319295e+02 9.984595e+00 -4.034257e+01
    endloop
  endfacet
  facet normal -8.259529e-17 -8.834433e-01 4.685381e-01
    outer loop
      vertex   -1.509295e+02 9.984595e+00 -4.034257e+01
      vertex   -1.319295e+02 9.984595e+00 -4.034257e+01
      vertex   -1.509295e+02 1.052625e+01 -3.932127e+01
    endloop
  endfacet
  facet normal 2.578144e-16 -8.834433e-01 4.685381e-01
    outer loop
      vertex   -1.509295e+02 1.052625e+01 -3.932127e+01
      vertex   -1.319295e+02 9.984595e+00 -4.034257e+01
      vertex   -1.319295e+02 1.052625e+01 -3.932127e+01
    endloop
  endfacet
  facet normal 2.863553e-16 -8.296328e-01 5.583094e-01
    outer loop
      vertex   -1.509295e+02 1.052625e+01 -3.932127e+01
      vertex   -1.319295e+02 1.052625e+01 -3.932127e+01
      vertex   -1.509295e+02 1.117168e+01 -3.836217e+01
    endloop
  endfacet
  facet normal 0.000000e+00 -8.296328e-01 5.583094e-01
    outer loop
      vertex   -1.509295e+02 1.117168e+01 -3.836217e+01
      vertex   -1.319295e+02 1.052625e+01 -3.932127e+01
      vertex   -1.319295e+02 1.117168e+01 -3.836217e+01
    endloop
  endfacet
  facet normal 0.000000e+00 -7.667342e-01 6.419647e-01
    outer loop
      vertex   -1.509295e+02 1.117168e+01 -3.836217e+01
      vertex   -1.319295e+02 1.117168e+01 -3.836217e+01
      vertex   -1.509295e+02 1.191382e+01 -3.747579e+01
    endloop
  endfacet
  facet normal 0.000000e+00 -7.667342e-01 6.419647e-01
    outer loop
      vertex   -1.509295e+02 1.191382e+01 -3.747579e+01
      vertex   -1.319295e+02 1.117168e+01 -3.836217e+01
      vertex   -1.319295e+02 1.191382e+01 -3.747579e+01
    endloop
  endfacet
  facet normal 0.000000e+00 -6.954364e-01 7.185877e-01
    outer loop
      vertex   -1.509295e+02 1.191382e+01 -3.747579e+01
      vertex   -1.319295e+02 1.191382e+01 -3.747579e+01
      vertex   -1.509295e+02 1.274454e+01 -3.667184e+01
    endloop
  endfacet
  facet normal 1.386940e-16 -6.954364e-01 7.185877e-01
    outer loop
      vertex   -1.509295e+02 1.274454e+01 -3.667184e+01
      vertex   -1.319295e+02 1.191382e+01 -3.747579e+01
      vertex   -1.319295e+02 1.274454e+01 -3.667184e+01
    endloop
  endfacet
  facet normal 1.791610e-16 -6.165205e-01 7.873389e-01
    outer loop
      vertex   -1.509295e+02 1.274454e+01 -3.667184e+01
      vertex   -1.319295e+02 1.274454e+01 -3.667184e+01
      vertex   -1.509295e+02 1.365474e+01 -3.595911e+01
    endloop
  endfacet
  facet normal 1.791610e-16 -6.165205e-01 7.873389e-01
    outer loop
      vertex   -1.509295e+02 1.365474e+01 -3.595911e+01
      vertex   -1.319295e+02 1.274454e+01 -3.667184e+01
      vertex   -1.319295e+02 1.365474e+01 -3.595911e+01
    endloop
  endfacet
  facet normal 2.176653e-16 -5.308509e-01 8.474652e-01
    outer loop
      vertex   -1.509295e+02 1.365474e+01 -3.595911e+01
      vertex   -1.319295e+02 1.365474e+01 -3.595911e+01
      vertex   -1.509295e+02 1.463445e+01 -3.534542e+01
    endloop
  endfacet
  facet normal -9.926112e-17 -5.308509e-01 8.474652e-01
    outer loop
      vertex   -1.509295e+02 1.463445e+01 -3.534542e+01
      vertex   -1.319295e+02 1.365474e+01 -3.595911e+01
      vertex   -1.319295e+02 1.463445e+01 -3.534542e+01
    endloop
  endfacet
  facet normal -8.215486e-17 -4.393662e-01 8.983080e-01
    outer loop
      vertex   -1.509295e+02 1.463445e+01 -3.534542e+01
      vertex   -1.319295e+02 1.463445e+01 -3.534542e+01
      vertex   -1.509295e+02 1.567293e+01 -3.483750e+01
    endloop
  endfacet
  facet normal 0.000000e+00 -4.393662e-01 8.983080e-01
    outer loop
      vertex   -1.509295e+02 1.567293e+01 -3.483750e+01
      vertex   -1.319295e+02 1.463445e+01 -3.534542e+01
      vertex   -1.319295e+02 1.567293e+01 -3.483750e+01
    endloop
  endfacet
  facet normal 0.000000e+00 -3.430684e-01 9.393104e-01
    outer loop
      vertex   -1.509295e+02 1.567293e+01 -3.483750e+01
      vertex   -1.319295e+02 1.567293e+01 -3.483750e+01
      vertex   -1.509295e+02 1.675882e+01 -3.444089e+01
    endloop
  endfacet
  facet normal -6.414863e-17 -3.430684e-01 9.393104e-01
    outer loop
      vertex   -1.509295e+02 1.675882e+01 -3.444089e+01
      vertex   -1.319295e+02 1.567293e+01 -3.483750e+01
      vertex   -1.319295e+02 1.675882e+01 -3.444089e+01
    endloop
  endfacet
  facet normal -4.543969e-17 -2.430126e-01 9.700231e-01
    outer loop
      vertex   -1.509295e+02 1.675882e+01 -3.444089e+01
      vertex   -1.319295e+02 1.675882e+01 -3.444089e+01
      vertex   -1.509295e+02 1.788021e+01 -3.415996e+01
    endloop
  endfacet
  facet normal -9.087938e-17 -2.430126e-01 9.700231e-01
    outer loop
      vertex   -1.509295e+02 1.788021e+01 -3.415996e+01
      vertex   -1.319295e+02 1.675882e+01 -3.444089e+01
      vertex   -1.319295e+02 1.788021e+01 -3.415996e+01
    endloop
  endfacet
  facet normal -5.246597e-17 -1.402946e-01 9.901098e-01
    outer loop
      vertex   -1.509295e+02 1.788021e+01 -3.415996e+01
      vertex   -1.319295e+02 1.788021e+01 -3.415996e+01
      vertex   -1.509295e+02 1.902483e+01 -3.399777e+01
    endloop
  endfacet
  facet normal -3.965042e-16 -1.402946e-01 9.901098e-01
    outer loop
      vertex   -1.509295e+02 1.902483e+01 -3.399777e+01
      vertex   -1.319295e+02 1.788021e+01 -3.415996e+01
      vertex   -1.319295e+02 1.902483e+01 -3.399777e+01
    endloop
  endfacet
  facet normal -3.804658e-16 -3.603984e-02 9.993504e-01
    outer loop
      vertex   -1.509295e+02 1.902483e+01 -3.399777e+01
      vertex   -1.319295e+02 1.902483e+01 -3.399777e+01
      vertex   -1.509295e+02 2.018012e+01 -3.395611e+01
    endloop
  endfacet
  facet normal -6.738908e-18 -3.603984e-02 9.993504e-01
    outer loop
      vertex   -1.509295e+02 2.018012e+01 -3.395611e+01
      vertex   -1.319295e+02 1.902483e+01 -3.399777e+01
      vertex   -1.319295e+02 2.018012e+01 -3.395611e+01
    endloop
  endfacet
  facet normal 1.282899e-17 6.860975e-02 9.976436e-01
    outer loop
      vertex   -1.509295e+02 2.018012e+01 -3.395611e+01
      vertex   -1.319295e+02 2.018012e+01 -3.395611e+01
      vertex   -1.509295e+02 2.133344e+01 -3.403542e+01
    endloop
  endfacet
  facet normal -3.474307e-16 6.860975e-02 9.976436e-01
    outer loop
      vertex   -1.509295e+02 2.133344e+01 -3.403542e+01
      vertex   -1.319295e+02 2.018012e+01 -3.395611e+01
      vertex   -1.319295e+02 2.133344e+01 -3.403542e+01
    endloop
  endfacet
  facet normal -3.038507e-16 1.725078e-01 9.850082e-01
    outer loop
      vertex   -1.509295e+02 2.133344e+01 -3.403542e+01
      vertex   -1.319295e+02 2.133344e+01 -3.403542e+01
      vertex   -1.509295e+02 2.247216e+01 -3.423485e+01
    endloop
  endfacet
  facet normal 4.006197e-16 1.725078e-01 9.850082e-01
    outer loop
      vertex   -1.509295e+02 2.247216e+01 -3.423485e+01
      vertex   -1.319295e+02 2.133344e+01 -3.403542e+01
      vertex   -1.319295e+02 2.247216e+01 -3.423485e+01
    endloop
  endfacet
  facet normal 4.109332e-16 2.745160e-01 9.615825e-01
    outer loop
      vertex   -1.509295e+02 2.247216e+01 -3.423485e+01
      vertex   -1.319295e+02 2.247216e+01 -3.423485e+01
      vertex   -1.509295e+02 2.358379e+01 -3.455220e+01
    endloop
  endfacet
  facet normal 5.133036e-17 2.745160e-01 9.615825e-01
    outer loop
      vertex   -1.509295e+02 2.358379e+01 -3.455220e+01
      vertex   -1.319295e+02 2.247216e+01 -3.423485e+01
      vertex   -1.319295e+02 2.358379e+01 -3.455220e+01
    endloop
  endfacet
  facet normal 6.984208e-17 3.735171e-01 9.276233e-01
    outer loop
      vertex   -1.509295e+02 2.358379e+01 -3.455220e+01
      vertex   -1.319295e+02 2.358379e+01 -3.455220e+01
      vertex   -1.509295e+02 2.465617e+01 -3.498401e+01
    endloop
  endfacet
  facet normal 2.095262e-16 3.735171e-01 9.276233e-01
    outer loop
      vertex   -1.509295e+02 2.465617e+01 -3.498401e+01
      vertex   -1.319295e+02 2.358379e+01 -3.455220e+01
      vertex   -1.319295e+02 2.465617e+01 -3.498401e+01
    endloop
  endfacet
  facet normal 2.627661e-16 4.684266e-01 8.835024e-01
    outer loop
      vertex   -1.509295e+02 2.465617e+01 -3.498401e+01
      vertex   -1.319295e+02 2.465617e+01 -3.498401e+01
      vertex   -1.509295e+02 2.567754e+01 -3.552553e+01
    endloop
  endfacet
  facet normal -2.428146e-16 4.684266e-01 8.835024e-01
    outer loop
      vertex   -1.509295e+02 2.567754e+01 -3.552553e+01
      vertex   -1.319295e+02 2.465617e+01 -3.498401e+01
      vertex   -1.319295e+02 2.567754e+01 -3.552553e+01
    endloop
  endfacet
  facet normal -2.059082e-16 5.582046e-01 8.297033e-01
    outer loop
      vertex   -1.509295e+02 2.567754e+01 -3.552553e+01
      vertex   -1.319295e+02 2.567754e+01 -3.552553e+01
      vertex   -1.509295e+02 2.663671e+01 -3.617084e+01
    endloop
  endfacet
  facet normal -1.015323e-16 5.582046e-01 8.297033e-01
    outer loop
      vertex   -1.509295e+02 2.663671e+01 -3.617084e+01
      vertex   -1.319295e+02 2.567754e+01 -3.552553e+01
      vertex   -1.319295e+02 2.663671e+01 -3.617084e+01
    endloop
  endfacet
  facet normal -4.672654e-17 6.418679e-01 7.668152e-01
    outer loop
      vertex   -1.509295e+02 2.663671e+01 -3.617084e+01
      vertex   -1.319295e+02 2.663671e+01 -3.617084e+01
      vertex   -1.509295e+02 2.752319e+01 -3.691287e+01
    endloop
  endfacet
  facet normal -4.672654e-17 6.418679e-01 7.668152e-01
    outer loop
      vertex   -1.509295e+02 2.752319e+01 -3.691287e+01
      vertex   -1.319295e+02 2.663671e+01 -3.617084e+01
      vertex   -1.319295e+02 2.752319e+01 -3.691287e+01
    endloop
  endfacet
  facet normal 8.591107e-18 7.184998e-01 6.955271e-01
    outer loop
      vertex   -1.509295e+02 2.752319e+01 -3.691287e+01
      vertex   -1.319295e+02 2.752319e+01 -3.691287e+01
      vertex   -1.509295e+02 2.832725e+01 -3.774349e+01
    endloop
  endfacet
  facet normal -0.000000e+00 7.184998e-01 6.955271e-01
    outer loop
      vertex   -1.509295e+02 2.832725e+01 -3.774349e+01
      vertex   -1.319295e+02 2.752319e+01 -3.691287e+01
      vertex   -1.319295e+02 2.832725e+01 -3.774349e+01
    endloop
  endfacet
  facet normal -0.000000e+00 7.872610e-01 6.166199e-01
    outer loop
      vertex   -1.509295e+02 2.832725e+01 -3.774349e+01
      vertex   -1.319295e+02 2.832725e+01 -3.774349e+01
      vertex   -1.509295e+02 2.904009e+01 -3.865360e+01
    endloop
  endfacet
  facet normal -2.305973e-16 7.872610e-01 6.166199e-01
    outer loop
      vertex   -1.509295e+02 2.904009e+01 -3.865360e+01
      vertex   -1.319295e+02 2.832725e+01 -3.774349e+01
      vertex   -1.319295e+02 2.904009e+01 -3.865360e+01
    endloop
  endfacet
  facet normal 4.666002e-17 -6.419647e-01 -7.667342e-01
    outer loop
      vertex   -1.319295e+02 1.534130e+01 -5.501482e+01
      vertex   -1.509295e+02 1.534130e+01 -5.501482e+01
      vertex   -1.319295e+02 4.481457e+01 -7.969194e+01
    endloop
  endfacet
  facet normal 8.135464e-16 -6.419647e-01 -7.667342e-01
    outer loop
      vertex   -1.319295e+02 4.481457e+01 -7.969194e+01
      vertex   -1.509295e+02 1.534130e+01 -5.501482e+01
      vertex   -1.509295e+02 4.481457e+01 -7.969194e+01
    endloop
  endfacet
  facet normal -1.000000e+00 0.000000e+00 0.000000e+00
    outer loop
      vertex   -1.509295e+02 4.536235e+01 -5.764770e+01
      vertex   -1.509295e+02 4.500000e+01 -5.760000e+01
      vertex   -1.509295e+02 2.904009e+01 -3.865360e+01
    endloop
  endfacet
  facet normal -1.000000e+00 0.000000e+00 0.000000e+00
    outer loop
      vertex   -1.509295e+02 2.904009e+01 -3.865360e+01
      vertex   -1.509295e+02 4.500000e+01 -5.760000e+01
      vertex   -1.509295e+02 4.463765e+01 -5.764770e+01
    endloop
  endfacet
  facet normal -1.000000e+00 0.000000e+00 0.000000e+00
    outer loop
      vertex   -1.509295e+02 2.904009e+01 -3.865360e+01
      vertex   -1.509295e+02 4.463765e+01 -5.764770e+01
      vertex   -1.509295e+02 4.430000e+01 -5.778757e+01
    endloop
  endfacet
  facet normal -1.000000e+00 -0.000000e+00 0.000000e+00
    outer loop
      vertex   -1.509295e+02 4.430000e+01 -5.778757e+01
      vertex   -1.509295e+02 4.401005e+01 -5.801005e+01
      vertex   -1.509295e+02 2.904009e+01 -3.865360e+01
    endloop
  endfacet
  facet normal -1.000000e+00 0.000000e+00 0.000000e+00
    outer loop
      vertex   -1.509295e+02 2.904009e+01 -3.865360e+01
      vertex   -1.509295e+02 4.401005e+01 -5.801005e+01
      vertex   -1.509295e+02 4.378757e+01 -5.830000e+01
    endloop
  endfacet
  facet normal -1.000000e+00 0.000000e+00 0.000000e+00
    outer loop
      vertex   -1.509295e+02 2.904009e+01 -3.865360e+01
      vertex   -1.509295e+02 4.378757e+01 -5.830000e+01
      vertex   -1.509295e+02 4.364770e+01 -5.863765e+01
    endloop
  endfacet
  facet normal -1.000000e+00 0.000000e+00 -0.000000e+00
    outer loop
      vertex   -1.509295e+02 2.904009e+01 -3.865360e+01
      vertex   -1.509295e+02 4.364770e+01 -5.863765e+01
      vertex   -1.509295e+02 2.236444e+01 -4.581205e+01
    endloop
  endfacet
  facet normal -1.000000e+00 0.000000e+00 0.000000e+00
    outer loop
      vertex   -1.509295e+02 2.236444e+01 -4.581205e+01
      vertex   -1.509295e+02 4.364770e+01 -5.863765e+01
      vertex   -1.509295e+02 4.360000e+01 -5.900000e+01
    endloop
  endfacet
  facet normal -1.000000e+00 0.000000e+00 -0.000000e+00
    outer loop
      vertex   -1.509295e+02 2.236444e+01 -4.581205e+01
      vertex   -1.509295e+02 4.360000e+01 -5.900000e+01
      vertex   -1.509295e+02 2.213459e+01 -4.630135e+01
    endloop
  endfacet
  facet normal -1.000000e+00 0.000000e+00 -0.000000e+00
    outer loop
      vertex   -1.509295e+02 2.213459e+01 -4.630135e+01
      vertex   -1.509295e+02 4.360000e+01 -5.900000e+01
      vertex   -1.509295e+02 2.180494e+01 -4.672980e+01
    endloop
  endfacet
  facet normal -1.000000e+00 0.000000e+00 0.000000e+00
    outer loop
      vertex   -1.509295e+02 2.180494e+01 -4.672980e+01
      vertex   -1.509295e+02 4.360000e+01 -5.900000e+01
      vertex   -1.509295e+02 4.364770e+01 -5.936235e+01
    endloop
  endfacet
  facet normal -1.000000e+00 0.000000e+00 -0.000000e+00
    outer loop
      vertex   -1.509295e+02 2.180494e+01 -4.672980e+01
      vertex   -1.509295e+02 4.364770e+01 -5.936235e+01
      vertex   -1.509295e+02 2.139088e+01 -4.707737e+01
    endloop
  endfacet
  facet normal -1.000000e+00 1.391179e-15 2.520413e-15
    outer loop
      vertex   -1.509295e+02 2.139088e+01 -4.707737e+01
      vertex   -1.509295e+02 4.364770e+01 -5.936235e+01
      vertex   -1.509295e+02 1.534130e+01 -5.501482e+01
    endloop
  endfacet
  facet normal -1.000000e+00 -3.111214e-15 5.951940e-15
    outer loop
      vertex   -1.509295e+02 2.139088e+01 -4.707737e+01
      vertex   -1.509295e+02 1.534130e+01 -5.501482e+01
      vertex   -1.509295e+02 2.091179e+01 -4.732780e+01
    endloop
  endfacet
  facet normal -1.000000e+00 -1.249026e-15 4.602485e-15
    outer loop
      vertex   -1.509295e+02 2.091179e+01 -4.732780e+01
      vertex   -1.509295e+02 1.534130e+01 -5.501482e+01
      vertex   -1.509295e+02 2.039007e+01 -4.746938e+01
    endloop
  endfacet
  facet normal -1.000000e+00 -1.883098e-16 3.892743e-15
    outer loop
      vertex   -1.509295e+02 2.039007e+01 -4.746938e+01
      vertex   -1.509295e+02 1.534130e+01 -5.501482e+01
      vertex   -1.509295e+02 1.985011e+01 -4.749550e+01
    endloop
  endfacet
  facet normal -1.000000e+00 5.829185e-16 3.430292e-15
    outer loop
      vertex   -1.509295e+02 1.985011e+01 -4.749550e+01
      vertex   -1.509295e+02 1.534130e+01 -5.501482e+01
      vertex   -1.509295e+02 1.931715e+01 -4.740494e+01
    endloop
  endfacet
  facet normal -1.000000e+00 1.248970e-15 3.082308e-15
    outer loop
      vertex   -1.509295e+02 1.931715e+01 -4.740494e+01
      vertex   -1.509295e+02 1.534130e+01 -5.501482e+01
      vertex   -1.509295e+02 1.881613e+01 -4.720192e+01
    endloop
  endfacet
  facet normal -1.000000e+00 1.913324e-15 2.786834e-15
    outer loop
      vertex   -1.509295e+02 1.881613e+01 -4.720192e+01
      vertex   -1.509295e+02 1.534130e+01 -5.501482e+01
      vertex   -1.509295e+02 1.837046e+01 -4.689594e+01
    endloop
  endfacet
  facet normal -1.000000e+00 -2.168197e-14 1.159024e-14
    outer loop
      vertex   -1.509295e+02 1.837046e+01 -4.689594e+01
      vertex   -1.509295e+02 1.534130e+01 -5.501482e+01
      vertex   -1.509295e+02 1.432007e+01 -5.447304e+01
    endloop
  endfacet
  facet normal -1.000000e+00 -0.000000e+00 0.000000e+00
    outer loop
      vertex   -1.509295e+02 1.837046e+01 -4.689594e+01
      vertex   -1.509295e+02 1.432007e+01 -5.447304e+01
      vertex   -1.509295e+02 1.800098e+01 -4.650131e+01
    endloop
  endfacet
  facet normal -1.000000e+00 0.000000e+00 0.000000e+00
    outer loop
      vertex   -1.509295e+02 1.800098e+01 -4.650131e+01
      vertex   -1.509295e+02 1.432007e+01 -5.447304e+01
      vertex   -1.509295e+02 1.336106e+01 -5.382748e+01
    endloop
  endfacet
  facet normal -1.000000e+00 0.000000e+00 0.000000e+00
    outer loop
      vertex   -1.509295e+02 1.800098e+01 -4.650131e+01
      vertex   -1.509295e+02 1.336106e+01 -5.382748e+01
      vertex   -1.509295e+02 1.247477e+01 -5.308523e+01
    endloop
  endfacet
  facet normal -1.000000e+00 1.072291e-15 4.441575e-16
    outer loop
      vertex   -1.509295e+02 4.364770e+01 -5.936235e+01
      vertex   -1.509295e+02 4.378757e+01 -5.970000e+01
      vertex   -1.509295e+02 1.534130e+01 -5.501482e+01
    endloop
  endfacet
  facet normal -1.000000e+00 1.952260e-15 5.786923e-15
    outer loop
      vertex   -1.509295e+02 1.534130e+01 -5.501482e+01
      vertex   -1.509295e+02 4.378757e+01 -5.970000e+01
      vertex   -1.509295e+02 4.481457e+01 -7.969194e+01
    endloop
  endfacet
  facet normal -1.000000e+00 7.942711e-15 6.094657e-15
    outer loop
      vertex   -1.509295e+02 4.481457e+01 -7.969194e+01
      vertex   -1.509295e+02 4.378757e+01 -5.970000e+01
      vertex   -1.509295e+02 4.401005e+01 -5.998995e+01
    endloop
  endfacet
  facet normal -1.000000e+00 4.570946e-15 5.956973e-15
    outer loop
      vertex   -1.509295e+02 4.481457e+01 -7.969194e+01
      vertex   -1.509295e+02 4.401005e+01 -5.998995e+01
      vertex   -1.509295e+02 4.430000e+01 -6.021244e+01
    endloop
  endfacet
  facet normal -1.000000e+00 2.444189e-15 5.900793e-15
    outer loop
      vertex   -1.509295e+02 4.430000e+01 -6.021244e+01
      vertex   -1.509295e+02 4.463765e+01 -6.035230e+01
      vertex   -1.509295e+02 4.481457e+01 -7.969194e+01
    endloop
  endfacet
  facet normal -1.000000e+00 7.748438e-16 5.885523e-15
    outer loop
      vertex   -1.509295e+02 4.481457e+01 -7.969194e+01
      vertex   -1.509295e+02 4.463765e+01 -6.035230e+01
      vertex   -1.509295e+02 4.500000e+01 -6.040000e+01
    endloop
  endfacet
  facet normal -1.000000e+00 -7.768073e-16 5.900437e-15
    outer loop
      vertex   -1.509295e+02 4.481457e+01 -7.969194e+01
      vertex   -1.509295e+02 4.500000e+01 -6.040000e+01
      vertex   -1.509295e+02 4.536235e+01 -6.035230e+01
    endloop
  endfacet
  facet normal -1.000000e+00 -2.463834e-15 5.948221e-15
    outer loop
      vertex   -1.509295e+02 4.536235e+01 -6.035230e+01
      vertex   -1.509295e+02 4.570000e+01 -6.021244e+01
      vertex   -1.509295e+02 4.481457e+01 -7.969194e+01
    endloop
  endfacet
  facet normal -1.000000e+00 -2.982950e-15 5.971817e-15
    outer loop
      vertex   -1.509295e+02 4.481457e+01 -7.969194e+01
      vertex   -1.509295e+02 4.570000e+01 -6.021244e+01
      vertex   -1.509295e+02 5.851335e+01 -6.333072e+01
    endloop
  endfacet
  facet normal -1.000000e+00 -3.368064e-15 4.389346e-15
    outer loop
      vertex   -1.509295e+02 5.851335e+01 -6.333072e+01
      vertex   -1.509295e+02 4.570000e+01 -6.021244e+01
      vertex   -1.509295e+02 4.598995e+01 -5.998995e+01
    endloop
  endfacet
  facet normal -1.000000e+00 -3.767742e-15 2.891090e-15
    outer loop
      vertex   -1.509295e+02 5.851335e+01 -6.333072e+01
      vertex   -1.509295e+02 4.598995e+01 -5.998995e+01
      vertex   -1.509295e+02 4.621244e+01 -5.970000e+01
    endloop
  endfacet
  facet normal -1.000000e+00 -4.117654e-15 1.705588e-15
    outer loop
      vertex   -1.509295e+02 4.621244e+01 -5.970000e+01
      vertex   -1.509295e+02 4.635230e+01 -5.936235e+01
      vertex   -1.509295e+02 5.851335e+01 -6.333072e+01
    endloop
  endfacet
  facet normal -1.000000e+00 -4.481683e-15 5.900247e-16
    outer loop
      vertex   -1.509295e+02 5.851335e+01 -6.333072e+01
      vertex   -1.509295e+02 4.635230e+01 -5.936235e+01
      vertex   -1.509295e+02 4.640000e+01 -5.900000e+01
    endloop
  endfacet
  facet normal -1.000000e+00 -4.924408e-15 -6.483106e-16
    outer loop
      vertex   -1.509295e+02 5.851335e+01 -6.333072e+01
      vertex   -1.509295e+02 4.640000e+01 -5.900000e+01
      vertex   -1.509295e+02 4.635230e+01 -5.863765e+01
    endloop
  endfacet
  facet normal -1.000000e+00 -5.563546e-15 -2.304496e-15
    outer loop
      vertex   -1.509295e+02 4.635230e+01 -5.863765e+01
      vertex   -1.509295e+02 4.621244e+01 -5.830000e+01
      vertex   -1.509295e+02 5.851335e+01 -6.333072e+01
    endloop
  endfacet
  facet normal -1.000000e+00 -6.734440e-15 -5.167517e-15
    outer loop
      vertex   -1.509295e+02 5.851335e+01 -6.333072e+01
      vertex   -1.509295e+02 4.621244e+01 -5.830000e+01
      vertex   -1.509295e+02 4.598995e+01 -5.801005e+01
    endloop
  endfacet
  facet normal -1.000000e+00 -1.016992e-14 -1.325370e-14
    outer loop
      vertex   -1.509295e+02 5.851335e+01 -6.333072e+01
      vertex   -1.509295e+02 4.598995e+01 -5.801005e+01
      vertex   -1.509295e+02 4.570000e+01 -5.778757e+01
    endloop
  endfacet
  facet normal -1.000000e+00 -7.117054e-15 -6.196807e-15
    outer loop
      vertex   -1.509295e+02 5.851335e+01 -6.333072e+01
      vertex   -1.509295e+02 4.570000e+01 -5.778757e+01
      vertex   -1.509295e+02 2.904009e+01 -3.865360e+01
    endloop
  endfacet
  facet normal -1.000000e+00 0.000000e+00 0.000000e+00
    outer loop
      vertex   -1.509295e+02 2.904009e+01 -3.865360e+01
      vertex   -1.509295e+02 4.570000e+01 -5.778757e+01
      vertex   -1.509295e+02 4.536235e+01 -5.764770e+01
    endloop
  endfacet
  facet normal -1.000000e+00 0.000000e+00 0.000000e+00
    outer loop
      vertex   -1.509295e+02 1.247477e+01 -5.308523e+01
      vertex   -1.509295e+02 1.167092e+01 -5.225441e+01
      vertex   -1.509295e+02 1.800098e+01 -4.650131e+01
    endloop
  endfacet
  facet normal -1.000000e+00 -0.000000e+00 0.000000e+00
    outer loop
      vertex   -1.509295e+02 1.800098e+01 -4.650131e+01
      vertex   -1.509295e+02 1.167092e+01 -5.225441e+01
      vertex   -1.509295e+02 1.772498e+01 -4.603648e+01
    endloop
  endfacet
  facet normal -1.000000e+00 0.000000e+00 0.000000e+00
    outer loop
      vertex   -1.509295e+02 1.772498e+01 -4.603648e+01
      vertex   -1.509295e+02 1.167092e+01 -5.225441e+01
      vertex   -1.509295e+02 1.095831e+01 -5.134412e+01
    endloop
  endfacet
  facet normal -1.000000e+00 0.000000e+00 0.000000e+00
    outer loop
      vertex   -1.509295e+02 1.772498e+01 -4.603648e+01
      vertex   -1.509295e+02 1.095831e+01 -5.134412e+01
      vertex   -1.509295e+02 1.034475e+01 -5.036433e+01
    endloop
  endfacet
  facet normal -1.000000e+00 0.000000e+00 0.000000e+00
    outer loop
      vertex   -1.509295e+02 1.034475e+01 -5.036433e+01
      vertex   -1.509295e+02 9.836949e+00 -4.932578e+01
      vertex   -1.509295e+02 1.772498e+01 -4.603648e+01
    endloop
  endfacet
  facet normal -1.000000e+00 0.000000e+00 0.000000e+00
    outer loop
      vertex   -1.509295e+02 1.772498e+01 -4.603648e+01
      vertex   -1.509295e+02 9.836949e+00 -4.932578e+01
      vertex   -1.509295e+02 9.440483e+00 -4.823985e+01
    endloop
  endfacet
  facet normal -1.000000e+00 0.000000e+00 0.000000e+00
    outer loop
      vertex   -1.509295e+02 1.772498e+01 -4.603648e+01
      vertex   -1.509295e+02 9.440483e+00 -4.823985e+01
      vertex   -1.509295e+02 9.159691e+00 -4.711842e+01
    endloop
  endfacet
  facet normal -1.000000e+00 -0.000000e+00 0.000000e+00
    outer loop
      vertex   -1.509295e+02 1.772498e+01 -4.603648e+01
      vertex   -1.509295e+02 9.159691e+00 -4.711842e+01
      vertex   -1.509295e+02 1.755536e+01 -4.552319e+01
    endloop
  endfacet
  facet normal -1.000000e+00 0.000000e+00 0.000000e+00
    outer loop
      vertex   -1.509295e+02 1.755536e+01 -4.552319e+01
      vertex   -1.509295e+02 9.159691e+00 -4.711842e+01
      vertex   -1.509295e+02 8.997649e+00 -4.597379e+01
    endloop
  endfacet
  facet normal -1.000000e+00 -0.000000e+00 0.000000e+00
    outer loop
      vertex   -1.509295e+02 1.755536e+01 -4.552319e+01
      vertex   -1.509295e+02 8.997649e+00 -4.597379e+01
      vertex   -1.509295e+02 8.956131e+00 -4.481849e+01
    endloop
  endfacet
  facet normal -1.000000e+00 0.000000e+00 0.000000e+00
    outer loop
      vertex   -1.509295e+02 8.956131e+00 -4.481849e+01
      vertex   -1.509295e+02 9.035592e+00 -4.366517e+01
      vertex   -1.509295e+02 1.755536e+01 -4.552319e+01
    endloop
  endfacet
  facet normal -1.000000e+00 0.000000e+00 0.000000e+00
    outer loop
      vertex   -1.509295e+02 1.755536e+01 -4.552319e+01
      vertex   -1.509295e+02 9.035592e+00 -4.366517e+01
      vertex   -1.509295e+02 9.235163e+00 -4.252648e+01
    endloop
  endfacet
  facet normal -1.000000e+00 0.000000e+00 0.000000e+00
    outer loop
      vertex   -1.509295e+02 1.755536e+01 -4.552319e+01
      vertex   -1.509295e+02 9.235163e+00 -4.252648e+01
      vertex   -1.509295e+02 1.750004e+01 -4.498543e+01
    endloop
  endfacet
  facet normal -1.000000e+00 0.000000e+00 0.000000e+00
    outer loop
      vertex   -1.509295e+02 1.750004e+01 -4.498543e+01
      vertex   -1.509295e+02 9.235163e+00 -4.252648e+01
      vertex   -1.509295e+02 9.552657e+00 -4.141489e+01
    endloop
  endfacet
  facet normal -1.000000e+00 0.000000e+00 0.000000e+00
    outer loop
      vertex   -1.509295e+02 1.750004e+01 -4.498543e+01
      vertex   -1.509295e+02 9.552657e+00 -4.141489e+01
      vertex   -1.509295e+02 9.984595e+00 -4.034257e+01
    endloop
  endfacet
  facet normal -1.000000e+00 0.000000e+00 0.000000e+00
    outer loop
      vertex   -1.509295e+02 1.750004e+01 -4.498543e+01
      vertex   -1.509295e+02 9.984595e+00 -4.034257e+01
      vertex   -1.509295e+02 1.756162e+01 -4.444835e+01
    endloop
  endfacet
  facet normal -1.000000e+00 0.000000e+00 0.000000e+00
    outer loop
      vertex   -1.509295e+02 1.756162e+01 -4.444835e+01
      vertex   -1.509295e+02 9.984595e+00 -4.034257e+01
      vertex   -1.509295e+02 1.052625e+01 -3.932127e+01
    endloop
  endfacet
  facet normal -1.000000e+00 0.000000e+00 0.000000e+00
    outer loop
      vertex   -1.509295e+02 1.756162e+01 -4.444835e+01
      vertex   -1.509295e+02 1.052625e+01 -3.932127e+01
      vertex   -1.509295e+02 1.117168e+01 -3.836217e+01
    endloop
  endfacet
  facet normal -1.000000e+00 0.000000e+00 0.000000e+00
    outer loop
      vertex   -1.509295e+02 1.756162e+01 -4.444835e+01
      vertex   -1.509295e+02 1.117168e+01 -3.836217e+01
      vertex   -1.509295e+02 1.773722e+01 -4.393707e+01
    endloop
  endfacet
  facet normal -1.000000e+00 0.000000e+00 0.000000e+00
    outer loop
      vertex   -1.509295e+02 1.773722e+01 -4.393707e+01
      vertex   -1.509295e+02 1.117168e+01 -3.836217e+01
      vertex   -1.509295e+02 1.191382e+01 -3.747579e+01
    endloop
  endfacet
  facet normal -1.000000e+00 0.000000e+00 0.000000e+00
    outer loop
      vertex   -1.509295e+02 1.773722e+01 -4.393707e+01
      vertex   -1.509295e+02 1.191382e+01 -3.747579e+01
      vertex   -1.509295e+02 1.801862e+01 -4.347549e+01
    endloop
  endfacet
  facet normal -1.000000e+00 0.000000e+00 0.000000e+00
    outer loop
      vertex   -1.509295e+02 1.801862e+01 -4.347549e+01
      vertex   -1.509295e+02 1.191382e+01 -3.747579e+01
      vertex   -1.509295e+02 1.274454e+01 -3.667184e+01
    endloop
  endfacet
  facet normal -1.000000e+00 0.000000e+00 0.000000e+00
    outer loop
      vertex   -1.509295e+02 1.801862e+01 -4.347549e+01
      vertex   -1.509295e+02 1.274454e+01 -3.667184e+01
      vertex   -1.509295e+02 1.365474e+01 -3.595911e+01
    endloop
  endfacet
  facet normal -1.000000e+00 0.000000e+00 0.000000e+00
    outer loop
      vertex   -1.509295e+02 1.801862e+01 -4.347549e+01
      vertex   -1.509295e+02 1.365474e+01 -3.595911e+01
      vertex   -1.509295e+02 1.839267e+01 -4.308519e+01
    endloop
  endfacet
  facet normal -1.000000e+00 0.000000e+00 0.000000e+00
    outer loop
      vertex   -1.509295e+02 1.839267e+01 -4.308519e+01
      vertex   -1.509295e+02 1.365474e+01 -3.595911e+01
      vertex   -1.509295e+02 1.463445e+01 -3.534542e+01
    endloop
  endfacet
  facet normal -1.000000e+00 0.000000e+00 0.000000e+00
    outer loop
      vertex   -1.509295e+02 1.839267e+01 -4.308519e+01
      vertex   -1.509295e+02 1.463445e+01 -3.534542e+01
      vertex   -1.509295e+02 1.884187e+01 -4.278443e+01
    endloop
  endfacet
  facet normal -1.000000e+00 0.000000e+00 0.000000e+00
    outer loop
      vertex   -1.509295e+02 1.884187e+01 -4.278443e+01
      vertex   -1.509295e+02 1.463445e+01 -3.534542e+01
      vertex   -1.509295e+02 1.567293e+01 -3.483750e+01
    endloop
  endfacet
  facet normal -1.000000e+00 0.000000e+00 0.000000e+00
    outer loop
      vertex   -1.509295e+02 1.884187e+01 -4.278443e+01
      vertex   -1.509295e+02 1.567293e+01 -3.483750e+01
      vertex   -1.509295e+02 1.934523e+01 -4.258727e+01
    endloop
  endfacet
  facet normal -1.000000e+00 0.000000e+00 0.000000e+00
    outer loop
      vertex   -1.509295e+02 1.934523e+01 -4.258727e+01
      vertex   -1.509295e+02 1.567293e+01 -3.483750e+01
      vertex   -1.509295e+02 1.675882e+01 -3.444089e+01
    endloop
  endfacet
  facet normal -1.000000e+00 0.000000e+00 0.000000e+00
    outer loop
      vertex   -1.509295e+02 1.934523e+01 -4.258727e+01
      vertex   -1.509295e+02 1.675882e+01 -3.444089e+01
      vertex   -1.509295e+02 1.788021e+01 -3.415996e+01
    endloop
  endfacet
  facet normal -1.000000e+00 0.000000e+00 0.000000e+00
    outer loop
      vertex   -1.509295e+02 1.934523e+01 -4.258727e+01
      vertex   -1.509295e+02 1.788021e+01 -3.415996e+01
      vertex   -1.509295e+02 1.987921e+01 -4.250292e+01
    endloop
  endfacet
  facet normal -1.000000e+00 0.000000e+00 0.000000e+00
    outer loop
      vertex   -1.509295e+02 1.987921e+01 -4.250292e+01
      vertex   -1.509295e+02 1.788021e+01 -3.415996e+01
      vertex   -1.509295e+02 1.902483e+01 -3.399777e+01
    endloop
  endfacet
  facet normal -1.000000e+00 0.000000e+00 0.000000e+00
    outer loop
      vertex   -1.509295e+02 1.987921e+01 -4.250292e+01
      vertex   -1.509295e+02 1.902483e+01 -3.399777e+01
      vertex   -1.509295e+02 2.041883e+01 -4.253533e+01
    endloop
  endfacet
  facet normal -1.000000e+00 0.000000e+00 0.000000e+00
    outer loop
      vertex   -1.509295e+02 2.041883e+01 -4.253533e+01
      vertex   -1.509295e+02 1.902483e+01 -3.399777e+01
      vertex   -1.509295e+02 2.018012e+01 -3.395611e+01
    endloop
  endfacet
  facet normal -1.000000e+00 0.000000e+00 0.000000e+00
    outer loop
      vertex   -1.509295e+02 2.041883e+01 -4.253533e+01
      vertex   -1.509295e+02 2.018012e+01 -3.395611e+01
      vertex   -1.509295e+02 2.093887e+01 -4.268299e+01
    endloop
  endfacet
  facet normal -1.000000e+00 0.000000e+00 0.000000e+00
    outer loop
      vertex   -1.509295e+02 2.093887e+01 -4.268299e+01
      vertex   -1.509295e+02 2.018012e+01 -3.395611e+01
      vertex   -1.509295e+02 2.133344e+01 -3.403542e+01
    endloop
  endfacet
  facet normal -1.000000e+00 0.000000e+00 0.000000e+00
    outer loop
      vertex   -1.509295e+02 2.093887e+01 -4.268299e+01
      vertex   -1.509295e+02 2.133344e+01 -3.403542e+01
      vertex   -1.509295e+02 2.247216e+01 -3.423485e+01
    endloop
  endfacet
  facet normal -1.000000e+00 0.000000e+00 0.000000e+00
    outer loop
      vertex   -1.509295e+02 2.093887e+01 -4.268299e+01
      vertex   -1.509295e+02 2.247216e+01 -3.423485e+01
      vertex   -1.509295e+02 2.141500e+01 -4.293899e+01
    endloop
  endfacet
  facet normal -1.000000e+00 0.000000e+00 0.000000e+00
    outer loop
      vertex   -1.509295e+02 2.141500e+01 -4.293899e+01
      vertex   -1.509295e+02 2.247216e+01 -3.423485e+01
      vertex   -1.509295e+02 2.358379e+01 -3.455220e+01
    endloop
  endfacet
  facet normal -1.000000e+00 0.000000e+00 0.000000e+00
    outer loop
      vertex   -1.509295e+02 2.141500e+01 -4.293899e+01
      vertex   -1.509295e+02 2.358379e+01 -3.455220e+01
      vertex   -1.509295e+02 2.465617e+01 -3.498401e+01
    endloop
  endfacet
  facet normal -1.000000e+00 0.000000e+00 0.000000e+00
    outer loop
      vertex   -1.509295e+02 2.141500e+01 -4.293899e+01
      vertex   -1.509295e+02 2.465617e+01 -3.498401e+01
      vertex   -1.509295e+02 2.182498e+01 -4.329136e+01
    endloop
  endfacet
  facet normal -1.000000e+00 0.000000e+00 0.000000e+00
    outer loop
      vertex   -1.509295e+02 2.182498e+01 -4.329136e+01
      vertex   -1.509295e+02 2.465617e+01 -3.498401e+01
      vertex   -1.509295e+02 2.567754e+01 -3.552553e+01
    endloop
  endfacet
  facet normal -1.000000e+00 0.000000e+00 0.000000e+00
    outer loop
      vertex   -1.509295e+02 2.182498e+01 -4.329136e+01
      vertex   -1.509295e+02 2.567754e+01 -3.552553e+01
      vertex   -1.509295e+02 2.663671e+01 -3.617084e+01
    endloop
  endfacet
  facet normal -1.000000e+00 0.000000e+00 0.000000e+00
    outer loop
      vertex   -1.509295e+02 2.182498e+01 -4.329136e+01
      vertex   -1.509295e+02 2.663671e+01 -3.617084e+01
      vertex   -1.509295e+02 2.214962e+01 -4.372362e+01
    endloop
  endfacet
  facet normal -1.000000e+00 0.000000e+00 0.000000e+00
    outer loop
      vertex   -1.509295e+02 2.214962e+01 -4.372362e+01
      vertex   -1.509295e+02 2.663671e+01 -3.617084e+01
      vertex   -1.509295e+02 2.752319e+01 -3.691287e+01
    endloop
  endfacet
  facet normal -1.000000e+00 0.000000e+00 0.000000e+00
    outer loop
      vertex   -1.509295e+02 2.214962e+01 -4.372362e+01
      vertex   -1.509295e+02 2.752319e+01 -3.691287e+01
      vertex   -1.509295e+02 2.832725e+01 -3.774349e+01
    endloop
  endfacet
  facet normal -1.000000e+00 0.000000e+00 -0.000000e+00
    outer loop
      vertex   -1.509295e+02 2.832725e+01 -3.774349e+01
      vertex   -1.509295e+02 2.904009e+01 -3.865360e+01
      vertex   -1.509295e+02 2.214962e+01 -4.372362e+01
    endloop
  endfacet
  facet normal -1.000000e+00 0.000000e+00 0.000000e+00
    outer loop
      vertex   -1.509295e+02 2.214962e+01 -4.372362e+01
      vertex   -1.509295e+02 2.904009e+01 -3.865360e+01
      vertex   -1.509295e+02 2.237375e+01 -4.421557e+01
    endloop
  endfacet
  facet normal -1.000000e+00 0.000000e+00 0.000000e+00
    outer loop
      vertex   -1.509295e+02 2.237375e+01 -4.421557e+01
      vertex   -1.509295e+02 2.904009e+01 -3.865360e+01
      vertex   -1.509295e+02 2.248688e+01 -4.474419e+01
    endloop
  endfacet
  facet normal -1.000000e+00 0.000000e+00 -0.000000e+00
    outer loop
      vertex   -1.509295e+02 2.248688e+01 -4.474419e+01
      vertex   -1.509295e+02 2.904009e+01 -3.865360e+01
      vertex   -1.509295e+02 2.248373e+01 -4.528478e+01
    endloop
  endfacet
  facet normal -1.000000e+00 0.000000e+00 -0.000000e+00
    outer loop
      vertex   -1.509295e+02 2.248373e+01 -4.528478e+01
      vertex   -1.509295e+02 2.904009e+01 -3.865360e+01
      vertex   -1.509295e+02 2.236444e+01 -4.581205e+01
    endloop
  endfacet
  facet normal 1.000000e+00 0.000000e+00 -0.000000e+00
    outer loop
      vertex   -1.319295e+02 4.463765e+01 -5.764770e+01
      vertex   -1.319295e+02 4.500000e+01 -5.760000e+01
      vertex   -1.319295e+02 2.904009e+01 -3.865360e+01
    endloop
  endfacet
  facet normal 1.000000e+00 0.000000e+00 0.000000e+00
    outer loop
      vertex   -1.319295e+02 2.904009e+01 -3.865360e+01
      vertex   -1.319295e+02 4.500000e+01 -5.760000e+01
      vertex   -1.319295e+02 4.536235e+01 -5.764770e+01
    endloop
  endfacet
  facet normal 1.000000e+00 0.000000e+00 0.000000e+00
    outer loop
      vertex   -1.319295e+02 2.904009e+01 -3.865360e+01
      vertex   -1.319295e+02 4.536235e+01 -5.764770e+01
      vertex   -1.319295e+02 4.570000e+01 -5.778757e+01
    endloop
  endfacet
  facet normal 1.000000e+00 3.558527e-15 3.098403e-15
    outer loop
      vertex   -1.319295e+02 2.904009e+01 -3.865360e+01
      vertex   -1.319295e+02 4.570000e+01 -5.778757e+01
      vertex   -1.319295e+02 5.851335e+01 -6.333072e+01
    endloop
  endfacet
  facet normal 1.000000e+00 5.084961e-15 6.626851e-15
    outer loop
      vertex   -1.319295e+02 5.851335e+01 -6.333072e+01
      vertex   -1.319295e+02 4.570000e+01 -5.778757e+01
      vertex   -1.319295e+02 4.598995e+01 -5.801005e+01
    endloop
  endfacet
  facet normal 1.000000e+00 3.367220e-15 2.583759e-15
    outer loop
      vertex   -1.319295e+02 5.851335e+01 -6.333072e+01
      vertex   -1.319295e+02 4.598995e+01 -5.801005e+01
      vertex   -1.319295e+02 4.621244e+01 -5.830000e+01
    endloop
  endfacet
  facet normal 1.000000e+00 2.781773e-15 1.152248e-15
    outer loop
      vertex   -1.319295e+02 4.621244e+01 -5.830000e+01
      vertex   -1.319295e+02 4.635230e+01 -5.863765e+01
      vertex   -1.319295e+02 5.851335e+01 -6.333072e+01
    endloop
  endfacet
  facet normal 1.000000e+00 2.462204e-15 3.241553e-16
    outer loop
      vertex   -1.319295e+02 5.851335e+01 -6.333072e+01
      vertex   -1.319295e+02 4.635230e+01 -5.863765e+01
      vertex   -1.319295e+02 4.640000e+01 -5.900000e+01
    endloop
  endfacet
  facet normal 1.000000e+00 2.240841e-15 -2.950124e-16
    outer loop
      vertex   -1.319295e+02 5.851335e+01 -6.333072e+01
      vertex   -1.319295e+02 4.640000e+01 -5.900000e+01
      vertex   -1.319295e+02 4.635230e+01 -5.936235e+01
    endloop
  endfacet
  facet normal 1.000000e+00 2.058827e-15 -8.527940e-16
    outer loop
      vertex   -1.319295e+02 4.635230e+01 -5.936235e+01
      vertex   -1.319295e+02 4.621244e+01 -5.970000e+01
      vertex   -1.319295e+02 5.851335e+01 -6.333072e+01
    endloop
  endfacet
  facet normal 1.000000e+00 1.883871e-15 -1.445545e-15
    outer loop
      vertex   -1.319295e+02 5.851335e+01 -6.333072e+01
      vertex   -1.319295e+02 4.621244e+01 -5.970000e+01
      vertex   -1.319295e+02 4.598995e+01 -5.998995e+01
    endloop
  endfacet
  facet normal 1.000000e+00 1.684032e-15 -2.194673e-15
    outer loop
      vertex   -1.319295e+02 5.851335e+01 -6.333072e+01
      vertex   -1.319295e+02 4.598995e+01 -5.998995e+01
      vertex   -1.319295e+02 4.570000e+01 -6.021244e+01
    endloop
  endfacet
  facet normal 1.000000e+00 1.397224e-15 -3.373197e-15
    outer loop
      vertex   -1.319295e+02 4.570000e+01 -6.021244e+01
      vertex   -1.319295e+02 4.536235e+01 -6.035230e+01
      vertex   -1.319295e+02 5.851335e+01 -6.333072e+01
    endloop
  endfacet
  facet normal 1.000000e+00 1.485979e-15 -2.981307e-15
    outer loop
      vertex   -1.319295e+02 5.851335e+01 -6.333072e+01
      vertex   -1.319295e+02 4.536235e+01 -6.035230e+01
      vertex   -1.319295e+02 4.481457e+01 -7.969194e+01
    endloop
  endfacet
  facet normal 1.000000e+00 3.884036e-16 -2.950219e-15
    outer loop
      vertex   -1.319295e+02 4.481457e+01 -7.969194e+01
      vertex   -1.319295e+02 4.536235e+01 -6.035230e+01
      vertex   -1.319295e+02 4.500000e+01 -6.040000e+01
    endloop
  endfacet
  facet normal 1.000000e+00 -3.874219e-16 -2.942761e-15
    outer loop
      vertex   -1.319295e+02 4.481457e+01 -7.969194e+01
      vertex   -1.319295e+02 4.500000e+01 -6.040000e+01
      vertex   -1.319295e+02 4.463765e+01 -6.035230e+01
    endloop
  endfacet
  facet normal 1.000000e+00 -1.222094e-15 -2.950397e-15
    outer loop
      vertex   -1.319295e+02 4.463765e+01 -6.035230e+01
      vertex   -1.319295e+02 4.430000e+01 -6.021244e+01
      vertex   -1.319295e+02 4.481457e+01 -7.969194e+01
    endloop
  endfacet
  facet normal 1.000000e+00 -2.285473e-15 -2.978487e-15
    outer loop
      vertex   -1.319295e+02 4.481457e+01 -7.969194e+01
      vertex   -1.319295e+02 4.430000e+01 -6.021244e+01
      vertex   -1.319295e+02 4.401005e+01 -5.998995e+01
    endloop
  endfacet
  facet normal 1.000000e+00 -1.563214e-15 -2.948994e-15
    outer loop
      vertex   -1.319295e+02 4.481457e+01 -7.969194e+01
      vertex   -1.319295e+02 4.401005e+01 -5.998995e+01
      vertex   -1.319295e+02 2.039007e+01 -4.746938e+01
    endloop
  endfacet
  facet normal 1.000000e+00 -0.000000e+00 0.000000e+00
    outer loop
      vertex   -1.319295e+02 2.039007e+01 -4.746938e+01
      vertex   -1.319295e+02 4.401005e+01 -5.998995e+01
      vertex   -1.319295e+02 2.091179e+01 -4.732780e+01
    endloop
  endfacet
  facet normal 1.000000e+00 0.000000e+00 0.000000e+00
    outer loop
      vertex   -1.319295e+02 2.091179e+01 -4.732780e+01
      vertex   -1.319295e+02 4.401005e+01 -5.998995e+01
      vertex   -1.319295e+02 4.378757e+01 -5.970000e+01
    endloop
  endfacet
  facet normal 1.000000e+00 -0.000000e+00 0.000000e+00
    outer loop
      vertex   -1.319295e+02 2.091179e+01 -4.732780e+01
      vertex   -1.319295e+02 4.378757e+01 -5.970000e+01
      vertex   -1.319295e+02 2.139088e+01 -4.707737e+01
    endloop
  endfacet
  facet normal 1.000000e+00 -0.000000e+00 0.000000e+00
    outer loop
      vertex   -1.319295e+02 2.139088e+01 -4.707737e+01
      vertex   -1.319295e+02 4.378757e+01 -5.970000e+01
      vertex   -1.319295e+02 2.180494e+01 -4.672980e+01
    endloop
  endfacet
  facet normal 1.000000e+00 -0.000000e+00 0.000000e+00
    outer loop
      vertex   -1.319295e+02 2.180494e+01 -4.672980e+01
      vertex   -1.319295e+02 4.378757e+01 -5.970000e+01
      vertex   -1.319295e+02 2.213459e+01 -4.630135e+01
    endloop
  endfacet
  facet normal 1.000000e+00 0.000000e+00 0.000000e+00
    outer loop
      vertex   -1.319295e+02 2.213459e+01 -4.630135e+01
      vertex   -1.319295e+02 4.378757e+01 -5.970000e+01
      vertex   -1.319295e+02 4.364770e+01 -5.936235e+01
    endloop
  endfacet
  facet normal 1.000000e+00 -0.000000e+00 0.000000e+00
    outer loop
      vertex   -1.319295e+02 2.213459e+01 -4.630135e+01
      vertex   -1.319295e+02 4.364770e+01 -5.936235e+01
      vertex   -1.319295e+02 2.236444e+01 -4.581205e+01
    endloop
  endfacet
  facet normal 1.000000e+00 0.000000e+00 0.000000e+00
    outer loop
      vertex   -1.319295e+02 2.236444e+01 -4.581205e+01
      vertex   -1.319295e+02 4.364770e+01 -5.936235e+01
      vertex   -1.319295e+02 4.360000e+01 -5.900000e+01
    endloop
  endfacet
  facet normal 1.000000e+00 -0.000000e+00 0.000000e+00
    outer loop
      vertex   -1.319295e+02 2.236444e+01 -4.581205e+01
      vertex   -1.319295e+02 4.360000e+01 -5.900000e+01
      vertex   -1.319295e+02 2.248373e+01 -4.528478e+01
    endloop
  endfacet
  facet normal 1.000000e+00 0.000000e+00 0.000000e+00
    outer loop
      vertex   -1.319295e+02 2.248373e+01 -4.528478e+01
      vertex   -1.319295e+02 4.360000e+01 -5.900000e+01
      vertex   -1.319295e+02 4.364770e+01 -5.863765e+01
    endloop
  endfacet
  facet normal 1.000000e+00 -0.000000e+00 0.000000e+00
    outer loop
      vertex   -1.319295e+02 2.248373e+01 -4.528478e+01
      vertex   -1.319295e+02 4.364770e+01 -5.863765e+01
      vertex   -1.319295e+02 2.248688e+01 -4.474419e+01
    endloop
  endfacet
  facet normal 1.000000e+00 0.000000e+00 0.000000e+00
    outer loop
      vertex   -1.319295e+02 2.248688e+01 -4.474419e+01
      vertex   -1.319295e+02 4.364770e+01 -5.863765e+01
      vertex   -1.319295e+02 4.378757e+01 -5.830000e+01
    endloop
  endfacet
  facet normal 1.000000e+00 -0.000000e+00 -0.000000e+00
    outer loop
      vertex   -1.319295e+02 2.248688e+01 -4.474419e+01
      vertex   -1.319295e+02 4.378757e+01 -5.830000e+01
      vertex   -1.319295e+02 2.237375e+01 -4.421557e+01
    endloop
  endfacet
  facet normal 1.000000e+00 0.000000e+00 0.000000e+00
    outer loop
      vertex   -1.319295e+02 2.237375e+01 -4.421557e+01
      vertex   -1.319295e+02 4.378757e+01 -5.830000e+01
      vertex   -1.319295e+02 4.401005e+01 -5.801005e+01
    endloop
  endfacet
  facet normal 1.000000e+00 -0.000000e+00 0.000000e+00
    outer loop
      vertex   -1.319295e+02 2.237375e+01 -4.421557e+01
      vertex   -1.319295e+02 4.401005e+01 -5.801005e+01
      vertex   -1.319295e+02 2.904009e+01 -3.865360e+01
    endloop
  endfacet
  facet normal 1.000000e+00 0.000000e+00 0.000000e+00
    outer loop
      vertex   -1.319295e+02 2.904009e+01 -3.865360e+01
      vertex   -1.319295e+02 4.401005e+01 -5.801005e+01
      vertex   -1.319295e+02 4.430000e+01 -5.778757e+01
    endloop
  endfacet
  facet normal 1.000000e+00 0.000000e+00 0.000000e+00
    outer loop
      vertex   -1.319295e+02 2.904009e+01 -3.865360e+01
      vertex   -1.319295e+02 4.430000e+01 -5.778757e+01
      vertex   -1.319295e+02 4.463765e+01 -5.764770e+01
    endloop
  endfacet
  facet normal 1.000000e+00 0.000000e+00 0.000000e+00
    outer loop
      vertex   -1.319295e+02 2.832725e+01 -3.774349e+01
      vertex   -1.319295e+02 2.567754e+01 -3.552553e+01
      vertex   -1.319295e+02 2.904009e+01 -3.865360e+01
    endloop
  endfacet
  facet normal 1.000000e+00 0.000000e+00 0.000000e+00
    outer loop
      vertex   -1.319295e+02 2.904009e+01 -3.865360e+01
      vertex   -1.319295e+02 2.567754e+01 -3.552553e+01
      vertex   -1.319295e+02 2.465617e+01 -3.498401e+01
    endloop
  endfacet
  facet normal 1.000000e+00 0.000000e+00 0.000000e+00
    outer loop
      vertex   -1.319295e+02 2.904009e+01 -3.865360e+01
      vertex   -1.319295e+02 2.465617e+01 -3.498401e+01
      vertex   -1.319295e+02 2.358379e+01 -3.455220e+01
    endloop
  endfacet
  facet normal 1.000000e+00 0.000000e+00 0.000000e+00
    outer loop
      vertex   -1.319295e+02 2.752319e+01 -3.691287e+01
      vertex   -1.319295e+02 2.663671e+01 -3.617084e+01
      vertex   -1.319295e+02 2.832725e+01 -3.774349e+01
    endloop
  endfacet
  facet normal 1.000000e+00 0.000000e+00 0.000000e+00
    outer loop
      vertex   -1.319295e+02 2.832725e+01 -3.774349e+01
      vertex   -1.319295e+02 2.663671e+01 -3.617084e+01
      vertex   -1.319295e+02 2.567754e+01 -3.552553e+01
    endloop
  endfacet
  facet normal 1.000000e+00 0.000000e+00 0.000000e+00
    outer loop
      vertex   -1.319295e+02 2.358379e+01 -3.455220e+01
      vertex   -1.319295e+02 2.247216e+01 -3.423485e+01
      vertex   -1.319295e+02 2.904009e+01 -3.865360e+01
    endloop
  endfacet
  facet normal 1.000000e+00 0.000000e+00 0.000000e+00
    outer loop
      vertex   -1.319295e+02 2.904009e+01 -3.865360e+01
      vertex   -1.319295e+02 2.247216e+01 -3.423485e+01
      vertex   -1.319295e+02 2.133344e+01 -3.403542e+01
    endloop
  endfacet
  facet normal 1.000000e+00 0.000000e+00 0.000000e+00
    outer loop
      vertex   -1.319295e+02 2.904009e+01 -3.865360e+01
      vertex   -1.319295e+02 2.133344e+01 -3.403542e+01
      vertex   -1.319295e+02 2.018012e+01 -3.395611e+01
    endloop
  endfacet
  facet normal 1.000000e+00 0.000000e+00 0.000000e+00
    outer loop
      vertex   -1.319295e+02 2.904009e+01 -3.865360e+01
      vertex   -1.319295e+02 2.018012e+01 -3.395611e+01
      vertex   -1.319295e+02 2.182498e+01 -4.329136e+01
    endloop
  endfacet
  facet normal 1.000000e+00 0.000000e+00 0.000000e+00
    outer loop
      vertex   -1.319295e+02 2.182498e+01 -4.329136e+01
      vertex   -1.319295e+02 2.018012e+01 -3.395611e+01
      vertex   -1.319295e+02 1.902483e+01 -3.399777e+01
    endloop
  endfacet
  facet normal 1.000000e+00 0.000000e+00 0.000000e+00
    outer loop
      vertex   -1.319295e+02 2.182498e+01 -4.329136e+01
      vertex   -1.319295e+02 1.902483e+01 -3.399777e+01
      vertex   -1.319295e+02 2.141500e+01 -4.293899e+01
    endloop
  endfacet
  facet normal 1.000000e+00 0.000000e+00 0.000000e+00
    outer loop
      vertex   -1.319295e+02 2.141500e+01 -4.293899e+01
      vertex   -1.319295e+02 1.902483e+01 -3.399777e+01
      vertex   -1.319295e+02 1.788021e+01 -3.415996e+01
    endloop
  endfacet
  facet normal 1.000000e+00 0.000000e+00 0.000000e+00
    outer loop
      vertex   -1.319295e+02 2.141500e+01 -4.293899e+01
      vertex   -1.319295e+02 1.788021e+01 -3.415996e+01
      vertex   -1.319295e+02 1.675882e+01 -3.444089e+01
    endloop
  endfacet
  facet normal 1.000000e+00 0.000000e+00 0.000000e+00
    outer loop
      vertex   -1.319295e+02 2.141500e+01 -4.293899e+01
      vertex   -1.319295e+02 1.675882e+01 -3.444089e+01
      vertex   -1.319295e+02 2.093887e+01 -4.268299e+01
    endloop
  endfacet
  facet normal 1.000000e+00 0.000000e+00 0.000000e+00
    outer loop
      vertex   -1.319295e+02 2.093887e+01 -4.268299e+01
      vertex   -1.319295e+02 1.675882e+01 -3.444089e+01
      vertex   -1.319295e+02 1.567293e+01 -3.483750e+01
    endloop
  endfacet
  facet normal 1.000000e+00 0.000000e+00 0.000000e+00
    outer loop
      vertex   -1.319295e+02 2.093887e+01 -4.268299e+01
      vertex   -1.319295e+02 1.567293e+01 -3.483750e+01
      vertex   -1.319295e+02 1.463445e+01 -3.534542e+01
    endloop
  endfacet
  facet normal 1.000000e+00 0.000000e+00 0.000000e+00
    outer loop
      vertex   -1.319295e+02 2.093887e+01 -4.268299e+01
      vertex   -1.319295e+02 1.463445e+01 -3.534542e+01
      vertex   -1.319295e+02 2.041883e+01 -4.253533e+01
    endloop
  endfacet
  facet normal 1.000000e+00 0.000000e+00 0.000000e+00
    outer loop
      vertex   -1.319295e+02 2.041883e+01 -4.253533e+01
      vertex   -1.319295e+02 1.463445e+01 -3.534542e+01
      vertex   -1.319295e+02 1.365474e+01 -3.595911e+01
    endloop
  endfacet
  facet normal 1.000000e+00 0.000000e+00 0.000000e+00
    outer loop
      vertex   -1.319295e+02 2.041883e+01 -4.253533e+01
      vertex   -1.319295e+02 1.365474e+01 -3.595911e+01
      vertex   -1.319295e+02 1.987921e+01 -4.250292e+01
    endloop
  endfacet
  facet normal 1.000000e+00 0.000000e+00 0.000000e+00
    outer loop
      vertex   -1.319295e+02 1.987921e+01 -4.250292e+01
      vertex   -1.319295e+02 1.365474e+01 -3.595911e+01
      vertex   -1.319295e+02 1.934523e+01 -4.258727e+01
    endloop
  endfacet
  facet normal 1.000000e+00 0.000000e+00 0.000000e+00
    outer loop
      vertex   -1.319295e+02 1.934523e+01 -4.258727e+01
      vertex   -1.319295e+02 1.365474e+01 -3.595911e+01
      vertex   -1.319295e+02 1.274454e+01 -3.667184e+01
    endloop
  endfacet
  facet normal 1.000000e+00 0.000000e+00 0.000000e+00
    outer loop
      vertex   -1.319295e+02 1.934523e+01 -4.258727e+01
      vertex   -1.319295e+02 1.274454e+01 -3.667184e+01
      vertex   -1.319295e+02 1.884187e+01 -4.278443e+01
    endloop
  endfacet
  facet normal 1.000000e+00 0.000000e+00 0.000000e+00
    outer loop
      vertex   -1.319295e+02 1.884187e+01 -4.278443e+01
      vertex   -1.319295e+02 1.274454e+01 -3.667184e+01
      vertex   -1.319295e+02 1.191382e+01 -3.747579e+01
    endloop
  endfacet
  facet normal 1.000000e+00 0.000000e+00 0.000000e+00
    outer loop
      vertex   -1.319295e+02 1.884187e+01 -4.278443e+01
      vertex   -1.319295e+02 1.191382e+01 -3.747579e+01
      vertex   -1.319295e+02 1.839267e+01 -4.308519e+01
    endloop
  endfacet
  facet normal 1.000000e+00 0.000000e+00 0.000000e+00
    outer loop
      vertex   -1.319295e+02 1.839267e+01 -4.308519e+01
      vertex   -1.319295e+02 1.191382e+01 -3.747579e+01
      vertex   -1.319295e+02 1.801862e+01 -4.347549e+01
    endloop
  endfacet
  facet normal 1.000000e+00 0.000000e+00 0.000000e+00
    outer loop
      vertex   -1.319295e+02 1.801862e+01 -4.347549e+01
      vertex   -1.319295e+02 1.191382e+01 -3.747579e+01
      vertex   -1.319295e+02 1.117168e+01 -3.836217e+01
    endloop
  endfacet
  facet normal 1.000000e+00 0.000000e+00 0.000000e+00
    outer loop
      vertex   -1.319295e+02 1.801862e+01 -4.347549e+01
      vertex   -1.319295e+02 1.117168e+01 -3.836217e+01
      vertex   -1.319295e+02 1.773722e+01 -4.393707e+01
    endloop
  endfacet
  facet normal 1.000000e+00 0.000000e+00 0.000000e+00
    outer loop
      vertex   -1.319295e+02 1.773722e+01 -4.393707e+01
      vertex   -1.319295e+02 1.117168e+01 -3.836217e+01
      vertex   -1.319295e+02 1.052625e+01 -3.932127e+01
    endloop
  endfacet
  facet normal 1.000000e+00 0.000000e+00 0.000000e+00
    outer loop
      vertex   -1.319295e+02 1.773722e+01 -4.393707e+01
      vertex   -1.319295e+02 1.052625e+01 -3.932127e+01
      vertex   -1.319295e+02 1.756162e+01 -4.444835e+01
    endloop
  endfacet
  facet normal 1.000000e+00 0.000000e+00 0.000000e+00
    outer loop
      vertex   -1.319295e+02 1.756162e+01 -4.444835e+01
      vertex   -1.319295e+02 1.052625e+01 -3.932127e+01
      vertex   -1.319295e+02 1.750004e+01 -4.498543e+01
    endloop
  endfacet
  facet normal 1.000000e+00 0.000000e+00 0.000000e+00
    outer loop
      vertex   -1.319295e+02 1.750004e+01 -4.498543e+01
      vertex   -1.319295e+02 1.052625e+01 -3.932127e+01
      vertex   -1.319295e+02 9.984595e+00 -4.034257e+01
    endloop
  endfacet
  facet normal 1.000000e+00 0.000000e+00 0.000000e+00
    outer loop
      vertex   -1.319295e+02 1.750004e+01 -4.498543e+01
      vertex   -1.319295e+02 9.984595e+00 -4.034257e+01
      vertex   -1.319295e+02 1.755536e+01 -4.552319e+01
    endloop
  endfacet
  facet normal 1.000000e+00 0.000000e+00 0.000000e+00
    outer loop
      vertex   -1.319295e+02 1.755536e+01 -4.552319e+01
      vertex   -1.319295e+02 9.984595e+00 -4.034257e+01
      vertex   -1.319295e+02 9.552657e+00 -4.141489e+01
    endloop
  endfacet
  facet normal 1.000000e+00 0.000000e+00 0.000000e+00
    outer loop
      vertex   -1.319295e+02 1.755536e+01 -4.552319e+01
      vertex   -1.319295e+02 9.552657e+00 -4.141489e+01
      vertex   -1.319295e+02 1.772498e+01 -4.603648e+01
    endloop
  endfacet
  facet normal 1.000000e+00 0.000000e+00 0.000000e+00
    outer loop
      vertex   -1.319295e+02 1.772498e+01 -4.603648e+01
      vertex   -1.319295e+02 9.552657e+00 -4.141489e+01
      vertex   -1.319295e+02 9.235163e+00 -4.252648e+01
    endloop
  endfacet
  facet normal 1.000000e+00 0.000000e+00 0.000000e+00
    outer loop
      vertex   -1.319295e+02 1.772498e+01 -4.603648e+01
      vertex   -1.319295e+02 9.235163e+00 -4.252648e+01
      vertex   -1.319295e+02 1.800098e+01 -4.650131e+01
    endloop
  endfacet
  facet normal 1.000000e+00 0.000000e+00 0.000000e+00
    outer loop
      vertex   -1.319295e+02 1.800098e+01 -4.650131e+01
      vertex   -1.319295e+02 9.235163e+00 -4.252648e+01
      vertex   -1.319295e+02 9.035592e+00 -4.366517e+01
    endloop
  endfacet
  facet normal 1.000000e+00 0.000000e+00 0.000000e+00
    outer loop
      vertex   -1.319295e+02 1.800098e+01 -4.650131e+01
      vertex   -1.319295e+02 9.035592e+00 -4.366517e+01
      vertex   -1.319295e+02 1.837046e+01 -4.689594e+01
    endloop
  endfacet
  facet normal 1.000000e+00 0.000000e+00 0.000000e+00
    outer loop
      vertex   -1.319295e+02 1.837046e+01 -4.689594e+01
      vertex   -1.319295e+02 9.035592e+00 -4.366517e+01
      vertex   -1.319295e+02 8.956131e+00 -4.481849e+01
    endloop
  endfacet
  facet normal 1.000000e+00 0.000000e+00 0.000000e+00
    outer loop
      vertex   -1.319295e+02 1.837046e+01 -4.689594e+01
      vertex   -1.319295e+02 8.956131e+00 -4.481849e+01
      vertex   -1.319295e+02 8.997649e+00 -4.597379e+01
    endloop
  endfacet
  facet normal 1.000000e+00 0.000000e+00 0.000000e+00
    outer loop
      vertex   -1.319295e+02 8.997649e+00 -4.597379e+01
      vertex   -1.319295e+02 9.159691e+00 -4.711842e+01
      vertex   -1.319295e+02 1.837046e+01 -4.689594e+01
    endloop
  endfacet
  facet normal 1.000000e+00 0.000000e+00 0.000000e+00
    outer loop
      vertex   -1.319295e+02 1.837046e+01 -4.689594e+01
      vertex   -1.319295e+02 9.159691e+00 -4.711842e+01
      vertex   -1.319295e+02 1.534130e+01 -5.501482e+01
    endloop
  endfacet
  facet normal 1.000000e+00 0.000000e+00 0.000000e+00
    outer loop
      vertex   -1.319295e+02 1.837046e+01 -4.689594e+01
      vertex   -1.319295e+02 1.534130e+01 -5.501482e+01
      vertex   -1.319295e+02 1.881613e+01 -4.720192e+01
    endloop
  endfacet
  facet normal 1.000000e+00 0.000000e+00 0.000000e+00
    outer loop
      vertex   -1.319295e+02 1.881613e+01 -4.720192e+01
      vertex   -1.319295e+02 1.534130e+01 -5.501482e+01
      vertex   -1.319295e+02 1.931715e+01 -4.740494e+01
    endloop
  endfacet
  facet normal 1.000000e+00 0.000000e+00 0.000000e+00
    outer loop
      vertex   -1.319295e+02 1.931715e+01 -4.740494e+01
      vertex   -1.319295e+02 1.534130e+01 -5.501482e+01
      vertex   -1.319295e+02 1.985011e+01 -4.749550e+01
    endloop
  endfacet
  facet normal 1.000000e+00 1.284005e-15 -7.699272e-16
    outer loop
      vertex   -1.319295e+02 1.985011e+01 -4.749550e+01
      vertex   -1.319295e+02 1.534130e+01 -5.501482e+01
      vertex   -1.319295e+02 4.481457e+01 -7.969194e+01
    endloop
  endfacet
  facet normal 1.000000e+00 8.231858e-17 -1.701691e-15
    outer loop
      vertex   -1.319295e+02 1.985011e+01 -4.749550e+01
      vertex   -1.319295e+02 4.481457e+01 -7.969194e+01
      vertex   -1.319295e+02 2.039007e+01 -4.746938e+01
    endloop
  endfacet
  facet normal 1.000000e+00 0.000000e+00 0.000000e+00
    outer loop
      vertex   -1.319295e+02 9.159691e+00 -4.711842e+01
      vertex   -1.319295e+02 9.440483e+00 -4.823985e+01
      vertex   -1.319295e+02 1.534130e+01 -5.501482e+01
    endloop
  endfacet
  facet normal 1.000000e+00 0.000000e+00 0.000000e+00
    outer loop
      vertex   -1.319295e+02 1.534130e+01 -5.501482e+01
      vertex   -1.319295e+02 9.440483e+00 -4.823985e+01
      vertex   -1.319295e+02 9.836949e+00 -4.932578e+01
    endloop
  endfacet
  facet normal 1.000000e+00 0.000000e+00 0.000000e+00
    outer loop
      vertex   -1.319295e+02 1.534130e+01 -5.501482e+01
      vertex   -1.319295e+02 9.836949e+00 -4.932578e+01
      vertex   -1.319295e+02 1.034475e+01 -5.036433e+01
    endloop
  endfacet
  facet normal 1.000000e+00 0.000000e+00 0.000000e+00
    outer loop
      vertex   -1.319295e+02 1.034475e+01 -5.036433e+01
      vertex   -1.319295e+02 1.095831e+01 -5.134412e+01
      vertex   -1.319295e+02 1.534130e+01 -5.501482e+01
    endloop
  endfacet
  facet normal 1.000000e+00 0.000000e+00 0.000000e+00
    outer loop
      vertex   -1.319295e+02 1.534130e+01 -5.501482e+01
      vertex   -1.319295e+02 1.095831e+01 -5.134412e+01
      vertex   -1.319295e+02 1.167092e+01 -5.225441e+01
    endloop
  endfacet
  facet normal 1.000000e+00 0.000000e+00 0.000000e+00
    outer loop
      vertex   -1.319295e+02 1.534130e+01 -5.501482e+01
      vertex   -1.319295e+02 1.167092e+01 -5.225441e+01
      vertex   -1.319295e+02 1.432007e+01 -5.447304e+01
    endloop
  endfacet
  facet normal 1.000000e+00 0.000000e+00 0.000000e+00
    outer loop
      vertex   -1.319295e+02 1.432007e+01 -5.447304e+01
      vertex   -1.319295e+02 1.167092e+01 -5.225441e+01
      vertex   -1.319295e+02 1.247477e+01 -5.308523e+01
    endloop
  endfacet
  facet normal 1.000000e+00 0.000000e+00 0.000000e+00
    outer loop
      vertex   -1.319295e+02 1.432007e+01 -5.447304e+01
      vertex   -1.319295e+02 1.247477e+01 -5.308523e+01
      vertex   -1.319295e+02 1.336106e+01 -5.382748e+01
    endloop
  endfacet
  facet normal 1.000000e+00 -0.000000e+00 0.000000e+00
    outer loop
      vertex   -1.319295e+02 2.182498e+01 -4.329136e+01
      vertex   -1.319295e+02 2.214962e+01 -4.372362e+01
      vertex   -1.319295e+02 2.904009e+01 -3.865360e+01
    endloop
  endfacet
  facet normal 1.000000e+00 0.000000e+00 0.000000e+00
    outer loop
      vertex   -1.319295e+02 2.904009e+01 -3.865360e+01
      vertex   -1.319295e+02 2.214962e+01 -4.372362e+01
      vertex   -1.319295e+02 2.237375e+01 -4.421557e+01
    endloop
  endfacet
  facet normal 0.000000e+00 1.305262e-01 -9.914449e-01
    outer loop
      vertex   -1.438589e+02 4.463765e+01 -5.764770e+01
      vertex   -1.509295e+02 4.463765e+01 -5.764770e+01
      vertex   -1.438589e+02 4.500000e+01 -5.760000e+01
    endloop
  endfacet
  facet normal 0.000000e+00 1.305262e-01 -9.914449e-01
    outer loop
      vertex   -1.438589e+02 4.500000e+01 -5.760000e+01
      vertex   -1.509295e+02 4.463765e+01 -5.764770e+01
      vertex   -1.509295e+02 4.500000e+01 -5.760000e+01
    endloop
  endfacet
  facet normal -0.000000e+00 -1.305262e-01 -9.914449e-01
    outer loop
      vertex   -1.438589e+02 4.500000e+01 -5.760000e+01
      vertex   -1.509295e+02 4.500000e+01 -5.760000e+01
      vertex   -1.438589e+02 4.536235e+01 -5.764770e+01
    endloop
  endfacet
  facet normal -0.000000e+00 -1.305262e-01 -9.914449e-01
    outer loop
      vertex   -1.438589e+02 4.536235e+01 -5.764770e+01
      vertex   -1.509295e+02 4.500000e+01 -5.760000e+01
      vertex   -1.509295e+02 4.536235e+01 -5.764770e+01
    endloop
  endfacet
  facet normal -0.000000e+00 -3.826834e-01 -9.238795e-01
    outer loop
      vertex   -1.438589e+02 4.536235e+01 -5.764770e+01
      vertex   -1.509295e+02 4.536235e+01 -5.764770e+01
      vertex   -1.438589e+02 4.570000e+01 -5.778757e+01
    endloop
  endfacet
  facet normal -0.000000e+00 -3.826834e-01 -9.238795e-01
    outer loop
      vertex   -1.438589e+02 4.570000e+01 -5.778757e+01
      vertex   -1.509295e+02 4.536235e+01 -5.764770e+01
      vertex   -1.509295e+02 4.570000e+01 -5.778757e+01
    endloop
  endfacet
  facet normal -0.000000e+00 -6.087614e-01 -7.933533e-01
    outer loop
      vertex   -1.438589e+02 4.570000e+01 -5.778757e+01
      vertex   -1.509295e+02 4.570000e+01 -5.778757e+01
      vertex   -1.438589e+02 4.598995e+01 -5.801005e+01
    endloop
  endfacet
  facet normal -0.000000e+00 -6.087614e-01 -7.933533e-01
    outer loop
      vertex   -1.438589e+02 4.598995e+01 -5.801005e+01
      vertex   -1.509295e+02 4.570000e+01 -5.778757e+01
      vertex   -1.509295e+02 4.598995e+01 -5.801005e+01
    endloop
  endfacet
  facet normal -0.000000e+00 -7.933533e-01 -6.087614e-01
    outer loop
      vertex   -1.438589e+02 4.598995e+01 -5.801005e+01
      vertex   -1.509295e+02 4.598995e+01 -5.801005e+01
      vertex   -1.438589e+02 4.621244e+01 -5.830000e+01
    endloop
  endfacet
  facet normal -0.000000e+00 -7.933533e-01 -6.087614e-01
    outer loop
      vertex   -1.438589e+02 4.621244e+01 -5.830000e+01
      vertex   -1.509295e+02 4.598995e+01 -5.801005e+01
      vertex   -1.509295e+02 4.621244e+01 -5.830000e+01
    endloop
  endfacet
  facet normal -0.000000e+00 -9.238795e-01 -3.826834e-01
    outer loop
      vertex   -1.438589e+02 4.621244e+01 -5.830000e+01
      vertex   -1.509295e+02 4.621244e+01 -5.830000e+01
      vertex   -1.438589e+02 4.635230e+01 -5.863765e+01
    endloop
  endfacet
  facet normal -0.000000e+00 -9.238795e-01 -3.826834e-01
    outer loop
      vertex   -1.438589e+02 4.635230e+01 -5.863765e+01
      vertex   -1.509295e+02 4.621244e+01 -5.830000e+01
      vertex   -1.509295e+02 4.635230e+01 -5.863765e+01
    endloop
  endfacet
  facet normal -0.000000e+00 -9.914449e-01 -1.305262e-01
    outer loop
      vertex   -1.438589e+02 4.635230e+01 -5.863765e+01
      vertex   -1.509295e+02 4.635230e+01 -5.863765e+01
      vertex   -1.438589e+02 4.640000e+01 -5.900000e+01
    endloop
  endfacet
  facet normal -0.000000e+00 -9.914449e-01 -1.305262e-01
    outer loop
      vertex   -1.438589e+02 4.640000e+01 -5.900000e+01
      vertex   -1.509295e+02 4.635230e+01 -5.863765e+01
      vertex   -1.509295e+02 4.640000e+01 -5.900000e+01
    endloop
  endfacet
  facet normal 0.000000e+00 -9.914449e-01 1.305262e-01
    outer loop
      vertex   -1.438589e+02 4.640000e+01 -5.900000e+01
      vertex   -1.509295e+02 4.640000e+01 -5.900000e+01
      vertex   -1.438589e+02 4.635230e+01 -5.936235e+01
    endloop
  endfacet
  facet normal 0.000000e+00 -9.914449e-01 1.305262e-01
    outer loop
      vertex   -1.438589e+02 4.635230e+01 -5.936235e+01
      vertex   -1.509295e+02 4.640000e+01 -5.900000e+01
      vertex   -1.509295e+02 4.635230e+01 -5.936235e+01
    endloop
  endfacet
  facet normal 0.000000e+00 -9.238795e-01 3.826834e-01
    outer loop
      vertex   -1.438589e+02 4.635230e+01 -5.936235e+01
      vertex   -1.509295e+02 4.635230e+01 -5.936235e+01
      vertex   -1.438589e+02 4.621244e+01 -5.970000e+01
    endloop
  endfacet
  facet normal 0.000000e+00 -9.238795e-01 3.826834e-01
    outer loop
      vertex   -1.438589e+02 4.621244e+01 -5.970000e+01
      vertex   -1.509295e+02 4.635230e+01 -5.936235e+01
      vertex   -1.509295e+02 4.621244e+01 -5.970000e+01
    endloop
  endfacet
  facet normal 0.000000e+00 -7.933533e-01 6.087614e-01
    outer loop
      vertex   -1.438589e+02 4.621244e+01 -5.970000e+01
      vertex   -1.509295e+02 4.621244e+01 -5.970000e+01
      vertex   -1.438589e+02 4.598995e+01 -5.998995e+01
    endloop
  endfacet
  facet normal 0.000000e+00 -7.933533e-01 6.087614e-01
    outer loop
      vertex   -1.438589e+02 4.598995e+01 -5.998995e+01
      vertex   -1.509295e+02 4.621244e+01 -5.970000e+01
      vertex   -1.509295e+02 4.598995e+01 -5.998995e+01
    endloop
  endfacet
  facet normal 0.000000e+00 -6.087614e-01 7.933533e-01
    outer loop
      vertex   -1.438589e+02 4.598995e+01 -5.998995e+01
      vertex   -1.509295e+02 4.598995e+01 -5.998995e+01
      vertex   -1.438589e+02 4.570000e+01 -6.021244e+01
    endloop
  endfacet
  facet normal 0.000000e+00 -6.087614e-01 7.933533e-01
    outer loop
      vertex   -1.438589e+02 4.570000e+01 -6.021244e+01
      vertex   -1.509295e+02 4.598995e+01 -5.998995e+01
      vertex   -1.509295e+02 4.570000e+01 -6.021244e+01
    endloop
  endfacet
  facet normal 0.000000e+00 -3.826834e-01 9.238795e-01
    outer loop
      vertex   -1.438589e+02 4.570000e+01 -6.021244e+01
      vertex   -1.509295e+02 4.570000e+01 -6.021244e+01
      vertex   -1.438589e+02 4.536235e+01 -6.035230e+01
    endloop
  endfacet
  facet normal 0.000000e+00 -3.826834e-01 9.238795e-01
    outer loop
      vertex   -1.438589e+02 4.536235e+01 -6.035230e+01
      vertex   -1.509295e+02 4.570000e+01 -6.021244e+01
      vertex   -1.509295e+02 4.536235e+01 -6.035230e+01
    endloop
  endfacet
  facet normal 0.000000e+00 -1.305262e-01 9.914449e-01
    outer loop
      vertex   -1.438589e+02 4.536235e+01 -6.035230e+01
      vertex   -1.509295e+02 4.536235e+01 -6.035230e+01
      vertex   -1.438589e+02 4.500000e+01 -6.040000e+01
    endloop
  endfacet
  facet normal 0.000000e+00 -1.305262e-01 9.914449e-01
    outer loop
      vertex   -1.438589e+02 4.500000e+01 -6.040000e+01
      vertex   -1.509295e+02 4.536235e+01 -6.035230e+01
      vertex   -1.509295e+02 4.500000e+01 -6.040000e+01
    endloop
  endfacet
  facet normal 0.000000e+00 1.305262e-01 9.914449e-01
    outer loop
      vertex   -1.438589e+02 4.500000e+01 -6.040000e+01
      vertex   -1.509295e+02 4.500000e+01 -6.040000e+01
      vertex   -1.438589e+02 4.463765e+01 -6.035230e+01
    endloop
  endfacet
  facet normal 0.000000e+00 1.305262e-01 9.914449e-01
    outer loop
      vertex   -1.438589e+02 4.463765e+01 -6.035230e+01
      vertex   -1.509295e+02 4.500000e+01 -6.040000e+01
      vertex   -1.509295e+02 4.463765e+01 -6.035230e+01
    endloop
  endfacet
  facet normal 0.000000e+00 3.826834e-01 9.238795e-01
    outer loop
      vertex   -1.438589e+02 4.463765e+01 -6.035230e+01
      vertex   -1.509295e+02 4.463765e+01 -6.035230e+01
      vertex   -1.438589e+02 4.430000e+01 -6.021244e+01
    endloop
  endfacet
  facet normal 0.000000e+00 3.826834e-01 9.238795e-01
    outer loop
      vertex   -1.438589e+02 4.430000e+01 -6.021244e+01
      vertex   -1.509295e+02 4.463765e+01 -6.035230e+01
      vertex   -1.509295e+02 4.430000e+01 -6.021244e+01
    endloop
  endfacet
  facet normal 0.000000e+00 6.087614e-01 7.933533e-01
    outer loop
      vertex   -1.438589e+02 4.430000e+01 -6.021244e+01
      vertex   -1.509295e+02 4.430000e+01 -6.021244e+01
      vertex   -1.438589e+02 4.401005e+01 -5.998995e+01
    endloop
  endfacet
  facet normal 0.000000e+00 6.087614e-01 7.933533e-01
    outer loop
      vertex   -1.438589e+02 4.401005e+01 -5.998995e+01
      vertex   -1.509295e+02 4.430000e+01 -6.021244e+01
      vertex   -1.509295e+02 4.401005e+01 -5.998995e+01
    endloop
  endfacet
  facet normal 0.000000e+00 7.933533e-01 6.087614e-01
    outer loop
      vertex   -1.438589e+02 4.401005e+01 -5.998995e+01
      vertex   -1.509295e+02 4.401005e+01 -5.998995e+01
      vertex   -1.438589e+02 4.378757e+01 -5.970000e+01
    endloop
  endfacet
  facet normal 0.000000e+00 7.933533e-01 6.087614e-01
    outer loop
      vertex   -1.438589e+02 4.378757e+01 -5.970000e+01
      vertex   -1.509295e+02 4.401005e+01 -5.998995e+01
      vertex   -1.509295e+02 4.378757e+01 -5.970000e+01
    endloop
  endfacet
  facet normal 0.000000e+00 9.238795e-01 3.826834e-01
    outer loop
      vertex   -1.438589e+02 4.378757e+01 -5.970000e+01
      vertex   -1.509295e+02 4.378757e+01 -5.970000e+01
      vertex   -1.438589e+02 4.364770e+01 -5.936235e+01
    endloop
  endfacet
  facet normal 0.000000e+00 9.238795e-01 3.826834e-01
    outer loop
      vertex   -1.438589e+02 4.364770e+01 -5.936235e+01
      vertex   -1.509295e+02 4.378757e+01 -5.970000e+01
      vertex   -1.509295e+02 4.364770e+01 -5.936235e+01
    endloop
  endfacet
  facet normal 0.000000e+00 9.914449e-01 1.305262e-01
    outer loop
      vertex   -1.438589e+02 4.364770e+01 -5.936235e+01
      vertex   -1.509295e+02 4.364770e+01 -5.936235e+01
      vertex   -1.438589e+02 4.360000e+01 -5.900000e+01
    endloop
  endfacet
  facet normal 0.000000e+00 9.914449e-01 1.305262e-01
    outer loop
      vertex   -1.438589e+02 4.360000e+01 -5.900000e+01
      vertex   -1.509295e+02 4.364770e+01 -5.936235e+01
      vertex   -1.509295e+02 4.360000e+01 -5.900000e+01
    endloop
  endfacet
  facet normal 0.000000e+00 9.914449e-01 -1.305262e-01
    outer loop
      vertex   -1.438589e+02 4.360000e+01 -5.900000e+01
      vertex   -1.509295e+02 4.360000e+01 -5.900000e+01
      vertex   -1.438589e+02 4.364770e+01 -5.863765e+01
    endloop
  endfacet
  facet normal 0.000000e+00 9.914449e-01 -1.305262e-01
    outer loop
      vertex   -1.438589e+02 4.364770e+01 -5.863765e+01
      vertex   -1.509295e+02 4.360000e+01 -5.900000e+01
      vertex   -1.509295e+02 4.364770e+01 -5.863765e+01
    endloop
  endfacet
  facet normal 0.000000e+00 9.238795e-01 -3.826834e-01
    outer loop
      vertex   -1.438589e+02 4.364770e+01 -5.863765e+01
      vertex   -1.509295e+02 4.364770e+01 -5.863765e+01
      vertex   -1.438589e+02 4.378757e+01 -5.830000e+01
    endloop
  endfacet
  facet normal 0.000000e+00 9.238795e-01 -3.826834e-01
    outer loop
      vertex   -1.438589e+02 4.378757e+01 -5.830000e+01
      vertex   -1.509295e+02 4.364770e+01 -5.863765e+01
      vertex   -1.509295e+02 4.378757e+01 -5.830000e+01
    endloop
  endfacet
  facet normal 0.000000e+00 7.933533e-01 -6.087614e-01
    outer loop
      vertex   -1.438589e+02 4.378757e+01 -5.830000e+01
      vertex   -1.509295e+02 4.378757e+01 -5.830000e+01
      vertex   -1.438589e+02 4.401005e+01 -5.801005e+01
    endloop
  endfacet
  facet normal 0.000000e+00 7.933533e-01 -6.087614e-01
    outer loop
      vertex   -1.438589e+02 4.401005e+01 -5.801005e+01
      vertex   -1.509295e+02 4.378757e+01 -5.830000e+01
      vertex   -1.509295e+02 4.401005e+01 -5.801005e+01
    endloop
  endfacet
  facet normal 0.000000e+00 6.087614e-01 -7.933533e-01
    outer loop
      vertex   -1.438589e+02 4.401005e+01 -5.801005e+01
      vertex   -1.509295e+02 4.401005e+01 -5.801005e+01
      vertex   -1.438589e+02 4.430000e+01 -5.778757e+01
    endloop
  endfacet
  facet normal 0.000000e+00 6.087614e-01 -7.933533e-01
    outer loop
      vertex   -1.438589e+02 4.430000e+01 -5.778757e+01
      vertex   -1.509295e+02 4.401005e+01 -5.801005e+01
      vertex   -1.509295e+02 4.430000e+01 -5.778757e+01
    endloop
  endfacet
  facet normal 0.000000e+00 3.826834e-01 -9.238795e-01
    outer loop
      vertex   -1.438589e+02 4.430000e+01 -5.778757e+01
      vertex   -1.509295e+02 4.430000e+01 -5.778757e+01
      vertex   -1.438589e+02 4.463765e+01 -5.764770e+01
    endloop
  endfacet
  facet normal 0.000000e+00 3.826834e-01 -9.238795e-01
    outer loop
      vertex   -1.438589e+02 4.463765e+01 -5.764770e+01
      vertex   -1.509295e+02 4.430000e+01 -5.778757e+01
      vertex   -1.509295e+02 4.463765e+01 -5.764770e+01
    endloop
  endfacet
  facet normal 0.000000e+00 1.305262e-01 -9.914449e-01
    outer loop
      vertex   -1.319295e+02 4.463765e+01 -5.764770e+01
      vertex   -1.390000e+02 4.463765e+01 -5.764770e+01
      vertex   -1.319295e+02 4.500000e+01 -5.760000e+01
    endloop
  endfacet
  facet normal 0.000000e+00 1.305262e-01 -9.914449e-01
    outer loop
      vertex   -1.319295e+02 4.500000e+01 -5.760000e+01
      vertex   -1.390000e+02 4.463765e+01 -5.764770e+01
      vertex   -1.390000e+02 4.500000e+01 -5.760000e+01
    endloop
  endfacet
  facet normal -0.000000e+00 -1.305262e-01 -9.914449e-01
    outer loop
      vertex   -1.319295e+02 4.500000e+01 -5.760000e+01
      vertex   -1.390000e+02 4.500000e+01 -5.760000e+01
      vertex   -1.319295e+02 4.536235e+01 -5.764770e+01
    endloop
  endfacet
  facet normal -0.000000e+00 -1.305262e-01 -9.914449e-01
    outer loop
      vertex   -1.319295e+02 4.536235e+01 -5.764770e+01
      vertex   -1.390000e+02 4.500000e+01 -5.760000e+01
      vertex   -1.390000e+02 4.536235e+01 -5.764770e+01
    endloop
  endfacet
  facet normal -0.000000e+00 -3.826834e-01 -9.238795e-01
    outer loop
      vertex   -1.319295e+02 4.536235e+01 -5.764770e+01
      vertex   -1.390000e+02 4.536235e+01 -5.764770e+01
      vertex   -1.319295e+02 4.570000e+01 -5.778757e+01
    endloop
  endfacet
  facet normal -0.000000e+00 -3.826834e-01 -9.238795e-01
    outer loop
      vertex   -1.319295e+02 4.570000e+01 -5.778757e+01
      vertex   -1.390000e+02 4.536235e+01 -5.764770e+01
      vertex   -1.390000e+02 4.570000e+01 -5.778757e+01
    endloop
  endfacet
  facet normal -0.000000e+00 -6.087614e-01 -7.933533e-01
    outer loop
      vertex   -1.319295e+02 4.570000e+01 -5.778757e+01
      vertex   -1.390000e+02 4.570000e+01 -5.778757e+01
      vertex   -1.319295e+02 4.598995e+01 -5.801005e+01
    endloop
  endfacet
  facet normal -0.000000e+00 -6.087614e-01 -7.933533e-01
    outer loop
      vertex   -1.319295e+02 4.598995e+01 -5.801005e+01
      vertex   -1.390000e+02 4.570000e+01 -5.778757e+01
      vertex   -1.390000e+02 4.598995e+01 -5.801005e+01
    endloop
  endfacet
  facet normal -0.000000e+00 -7.933533e-01 -6.087614e-01
    outer loop
      vertex   -1.319295e+02 4.598995e+01 -5.801005e+01
      vertex   -1.390000e+02 4.598995e+01 -5.801005e+01
      vertex   -1.319295e+02 4.621244e+01 -5.830000e+01
    endloop
  endfacet
  facet normal -0.000000e+00 -7.933533e-01 -6.087614e-01
    outer loop
      vertex   -1.319295e+02 4.621244e+01 -5.830000e+01
      vertex   -1.390000e+02 4.598995e+01 -5.801005e+01
      vertex   -1.390000e+02 4.621244e+01 -5.830000e+01
    endloop
  endfacet
  facet normal -0.000000e+00 -9.238795e-01 -3.826834e-01
    outer loop
      vertex   -1.319295e+02 4.621244e+01 -5.830000e+01
      vertex   -1.390000e+02 4.621244e+01 -5.830000e+01
      vertex   -1.319295e+02 4.635230e+01 -5.863765e+01
    endloop
  endfacet
  facet normal -0.000000e+00 -9.238795e-01 -3.826834e-01
    outer loop
      vertex   -1.319295e+02 4.635230e+01 -5.863765e+01
      vertex   -1.390000e+02 4.621244e+01 -5.830000e+01
      vertex   -1.390000e+02 4.635230e+01 -5.863765e+01
    endloop
  endfacet
  facet normal -0.000000e+00 -9.914449e-01 -1.305262e-01
    outer loop
      vertex   -1.319295e+02 4.635230e+01 -5.863765e+01
      vertex   -1.390000e+02 4.635230e+01 -5.863765e+01
      vertex   -1.319295e+02 4.640000e+01 -5.900000e+01
    endloop
  endfacet
  facet normal -0.000000e+00 -9.914449e-01 -1.305262e-01
    outer loop
      vertex   -1.319295e+02 4.640000e+01 -5.900000e+01
      vertex   -1.390000e+02 4.635230e+01 -5.863765e+01
      vertex   -1.390000e+02 4.640000e+01 -5.900000e+01
    endloop
  endfacet
  facet normal 0.000000e+00 -9.914449e-01 1.305262e-01
    outer loop
      vertex   -1.319295e+02 4.640000e+01 -5.900000e+01
      vertex   -1.390000e+02 4.640000e+01 -5.900000e+01
      vertex   -1.319295e+02 4.635230e+01 -5.936235e+01
    endloop
  endfacet
  facet normal 0.000000e+00 -9.914449e-01 1.305262e-01
    outer loop
      vertex   -1.319295e+02 4.635230e+01 -5.936235e+01
      vertex   -1.390000e+02 4.640000e+01 -5.900000e+01
      vertex   -1.390000e+02 4.635230e+01 -5.936235e+01
    endloop
  endfacet
  facet normal 0.000000e+00 -9.238795e-01 3.826834e-01
    outer loop
      vertex   -1.319295e+02 4.635230e+01 -5.936235e+01
      vertex   -1.390000e+02 4.635230e+01 -5.936235e+01
      vertex   -1.319295e+02 4.621244e+01 -5.970000e+01
    endloop
  endfacet
  facet normal 0.000000e+00 -9.238795e-01 3.826834e-01
    outer loop
      vertex   -1.319295e+02 4.621244e+01 -5.970000e+01
      vertex   -1.390000e+02 4.635230e+01 -5.936235e+01
      vertex   -1.390000e+02 4.621244e+01 -5.970000e+01
    endloop
  endfacet
  facet normal 0.000000e+00 -7.933533e-01 6.087614e-01
    outer loop
      vertex   -1.319295e+02 4.621244e+01 -5.970000e+01
      vertex   -1.390000e+02 4.621244e+01 -5.970000e+01
      vertex   -1.319295e+02 4.598995e+01 -5.998995e+01
    endloop
  endfacet
  facet normal 0.000000e+00 -7.933533e-01 6.087614e-01
    outer loop
      vertex   -1.319295e+02 4.598995e+01 -5.998995e+01
      vertex   -1.390000e+02 4.621244e+01 -5.970000e+01
      vertex   -1.390000e+02 4.598995e+01 -5.998995e+01
    endloop
  endfacet
  facet normal 0.000000e+00 -6.087614e-01 7.933533e-01
    outer loop
      vertex   -1.319295e+02 4.598995e+01 -5.998995e+01
      vertex   -1.390000e+02 4.598995e+01 -5.998995e+01
      vertex   -1.319295e+02 4.570000e+01 -6.021244e+01
    endloop
  endfacet
  facet normal 0.000000e+00 -6.087614e-01 7.933533e-01
    outer loop
      vertex   -1.319295e+02 4.570000e+01 -6.021244e+01
      vertex   -1.390000e+02 4.598995e+01 -5.998995e+01
      vertex   -1.390000e+02 4.570000e+01 -6.021244e+01
    endloop
  endfacet
  facet normal 0.000000e+00 -3.826834e-01 9.238795e-01
    outer loop
      vertex   -1.319295e+02 4.570000e+01 -6.021244e+01
      vertex   -1.390000e+02 4.570000e+01 -6.021244e+01
      vertex   -1.319295e+02 4.536235e+01 -6.035230e+01
    endloop
  endfacet
  facet normal 0.000000e+00 -3.826834e-01 9.238795e-01
    outer loop
      vertex   -1.319295e+02 4.536235e+01 -6.035230e+01
      vertex   -1.390000e+02 4.570000e+01 -6.021244e+01
      vertex   -1.390000e+02 4.536235e+01 -6.035230e+01
    endloop
  endfacet
  facet normal 0.000000e+00 -1.305262e-01 9.914449e-01
    outer loop
      vertex   -1.319295e+02 4.536235e+01 -6.035230e+01
      vertex   -1.390000e+02 4.536235e+01 -6.035230e+01
      vertex   -1.319295e+02 4.500000e+01 -6.040000e+01
    endloop
  endfacet
  facet normal 0.000000e+00 -1.305262e-01 9.914449e-01
    outer loop
      vertex   -1.319295e+02 4.500000e+01 -6.040000e+01
      vertex   -1.390000e+02 4.536235e+01 -6.035230e+01
      vertex   -1.390000e+02 4.500000e+01 -6.040000e+01
    endloop
  endfacet
  facet normal 0.000000e+00 1.305262e-01 9.914449e-01
    outer loop
      vertex   -1.319295e+02 4.500000e+01 -6.040000e+01
      vertex   -1.390000e+02 4.500000e+01 -6.040000e+01
      vertex   -1.319295e+02 4.463765e+01 -6.035230e+01
    endloop
  endfacet
  facet normal 0.000000e+00 1.305262e-01 9.914449e-01
    outer loop
      vertex   -1.319295e+02 4.463765e+01 -6.035230e+01
      vertex   -1.390000e+02 4.500000e+01 -6.040000e+01
      vertex   -1.390000e+02 4.463765e+01 -6.035230e+01
    endloop
  endfacet
  facet normal 0.000000e+00 3.826834e-01 9.238795e-01
    outer loop
      vertex   -1.319295e+02 4.463765e+01 -6.035230e+01
      vertex   -1.390000e+02 4.463765e+01 -6.035230e+01
      vertex   -1.319295e+02 4.430000e+01 -6.021244e+01
    endloop
  endfacet
  facet normal 0.000000e+00 3.826834e-01 9.238795e-01
    outer loop
      vertex   -1.319295e+02 4.430000e+01 -6.021244e+01
      vertex   -1.390000e+02 4.463765e+01 -6.035230e+01
      vertex   -1.390000e+02 4.430000e+01 -6.021244e+01
    endloop
  endfacet
  facet normal 0.000000e+00 6.087614e-01 7.933533e-01
    outer loop
      vertex   -1.319295e+02 4.430000e+01 -6.021244e+01
      vertex   -1.390000e+02 4.430000e+01 -6.021244e+01
      vertex   -1.319295e+02 4.401005e+01 -5.998995e+01
    endloop
  endfacet
  facet normal 0.000000e+00 6.087614e-01 7.933533e-01
    outer loop
      vertex   -1.319295e+02 4.401005e+01 -5.998995e+01
      vertex   -1.390000e+02 4.430000e+01 -6.021244e+01
      vertex   -1.390000e+02 4.401005e+01 -5.998995e+01
    endloop
  endfacet
  facet normal 0.000000e+00 7.933533e-01 6.087614e-01
    outer loop
      vertex   -1.319295e+02 4.401005e+01 -5.998995e+01
      vertex   -1.390000e+02 4.401005e+01 -5.998995e+01
      vertex   -1.319295e+02 4.378757e+01 -5.970000e+01
    endloop
  endfacet
  facet normal 0.000000e+00 7.933533e-01 6.087614e-01
    outer loop
      vertex   -1.319295e+02 4.378757e+01 -5.970000e+01
      vertex   -1.390000e+02 4.401005e+01 -5.998995e+01
      vertex   -1.390000e+02 4.378757e+01 -5.970000e+01
    endloop
  endfacet
  facet normal 0.000000e+00 9.238795e-01 3.826834e-01
    outer loop
      vertex   -1.319295e+02 4.378757e+01 -5.970000e+01
      vertex   -1.390000e+02 4.378757e+01 -5.970000e+01
      vertex   -1.319295e+02 4.364770e+01 -5.936235e+01
    endloop
  endfacet
  facet normal 0.000000e+00 9.238795e-01 3.826834e-01
    outer loop
      vertex   -1.319295e+02 4.364770e+01 -5.936235e+01
      vertex   -1.390000e+02 4.378757e+01 -5.970000e+01
      vertex   -1.390000e+02 4.364770e+01 -5.936235e+01
    endloop
  endfacet
  facet normal 0.000000e+00 9.914449e-01 1.305262e-01
    outer loop
      vertex   -1.319295e+02 4.364770e+01 -5.936235e+01
      vertex   -1.390000e+02 4.364770e+01 -5.936235e+01
      vertex   -1.319295e+02 4.360000e+01 -5.900000e+01
    endloop
  endfacet
  facet normal 0.000000e+00 9.914449e-01 1.305262e-01
    outer loop
      vertex   -1.319295e+02 4.360000e+01 -5.900000e+01
      vertex   -1.390000e+02 4.364770e+01 -5.936235e+01
      vertex   -1.390000e+02 4.360000e+01 -5.900000e+01
    endloop
  endfacet
  facet normal 0.000000e+00 9.914449e-01 -1.305262e-01
    outer loop
      vertex   -1.319295e+02 4.360000e+01 -5.900000e+01
      vertex   -1.390000e+02 4.360000e+01 -5.900000e+01
      vertex   -1.319295e+02 4.364770e+01 -5.863765e+01
    endloop
  endfacet
  facet normal 0.000000e+00 9.914449e-01 -1.305262e-01
    outer loop
      vertex   -1.319295e+02 4.364770e+01 -5.863765e+01
      vertex   -1.390000e+02 4.360000e+01 -5.900000e+01
      vertex   -1.390000e+02 4.364770e+01 -5.863765e+01
    endloop
  endfacet
  facet normal 0.000000e+00 9.238795e-01 -3.826834e-01
    outer loop
      vertex   -1.319295e+02 4.364770e+01 -5.863765e+01
      vertex   -1.390000e+02 4.364770e+01 -5.863765e+01
      vertex   -1.319295e+02 4.378757e+01 -5.830000e+01
    endloop
  endfacet
  facet normal 0.000000e+00 9.238795e-01 -3.826834e-01
    outer loop
      vertex   -1.319295e+02 4.378757e+01 -5.830000e+01
      vertex   -1.390000e+02 4.364770e+01 -5.863765e+01
      vertex   -1.390000e+02 4.378757e+01 -5.830000e+01
    endloop
  endfacet
  facet normal 0.000000e+00 7.933533e-01 -6.087614e-01
    outer loop
      vertex   -1.319295e+02 4.378757e+01 -5.830000e+01
      vertex   -1.390000e+02 4.378757e+01 -5.830000e+01
      vertex   -1.319295e+02 4.401005e+01 -5.801005e+01
    endloop
  endfacet
  facet normal 0.000000e+00 7.933533e-01 -6.087614e-01
    outer loop
      vertex   -1.319295e+02 4.401005e+01 -5.801005e+01
      vertex   -1.390000e+02 4.378757e+01 -5.830000e+01
      vertex   -1.390000e+02 4.401005e+01 -5.801005e+01
    endloop
  endfacet
  facet normal 0.000000e+00 6.087614e-01 -7.933533e-01
    outer loop
      vertex   -1.319295e+02 4.401005e+01 -5.801005e+01
      vertex   -1.390000e+02 4.401005e+01 -5.801005e+01
      vertex   -1.319295e+02 4.430000e+01 -5.778757e+01
    endloop
  endfacet
  facet normal 0.000000e+00 6.087614e-01 -7.933533e-01
    outer loop
      vertex   -1.319295e+02 4.430000e+01 -5.778757e+01
      vertex   -1.390000e+02 4.401005e+01 -5.801005e+01
      vertex   -1.390000e+02 4.430000e+01 -5.778757e+01
    endloop
  endfacet
  facet normal 0.000000e+00 3.826834e-01 -9.238795e-01
    outer loop
      vertex   -1.319295e+02 4.430000e+01 -5.778757e+01
      vertex   -1.390000e+02 4.430000e+01 -5.778757e+01
      vertex   -1.319295e+02 4.463765e+01 -5.764770e+01
    endloop
  endfacet
  facet normal 0.000000e+00 3.826834e-01 -9.238795e-01
    outer loop
      vertex   -1.319295e+02 4.463765e+01 -5.764770e+01
      vertex   -1.390000e+02 4.430000e+01 -5.778757e+01
      vertex   -1.390000e+02 4.463765e+01 -5.764770e+01
    endloop
  endfacet
  facet normal 0.000000e+00 7.667342e-01 -6.419647e-01
    outer loop
      vertex   -1.438589e+02 4.507996e+01 -5.208333e+01
      vertex   -1.390000e+02 4.507996e+01 -5.208333e+01
      vertex   -1.438589e+02 3.564308e+01 -6.335432e+01
    endloop
  endfacet
  facet normal 0.000000e+00 7.667342e-01 -6.419647e-01
    outer loop
      vertex   -1.438589e+02 3.564308e+01 -6.335432e+01
      vertex   -1.390000e+02 4.507996e+01 -5.208333e+01
      vertex   -1.390000e+02 3.564308e+01 -6.335432e+01
    endloop
  endfacet
  facet normal -1.000000e+00 0.000000e+00 0.000000e+00
    outer loop
      vertex   -1.390000e+02 3.564308e+01 -6.335432e+01
      vertex   -1.390000e+02 4.463765e+01 -6.035230e+01
      vertex   -1.390000e+02 5.016827e+01 -7.551585e+01
    endloop
  endfacet
  facet normal -1.000000e+00 0.000000e+00 0.000000e+00
    outer loop
      vertex   -1.390000e+02 5.016827e+01 -7.551585e+01
      vertex   -1.390000e+02 4.463765e+01 -6.035230e+01
      vertex   -1.390000e+02 4.500000e+01 -6.040000e+01
    endloop
  endfacet
  facet normal -1.000000e+00 0.000000e+00 0.000000e+00
    outer loop
      vertex   -1.390000e+02 5.016827e+01 -7.551585e+01
      vertex   -1.390000e+02 4.500000e+01 -6.040000e+01
      vertex   -1.390000e+02 4.536235e+01 -6.035230e+01
    endloop
  endfacet
  facet normal -1.000000e+00 0.000000e+00 0.000000e+00
    outer loop
      vertex   -1.390000e+02 4.507996e+01 -5.208333e+01
      vertex   -1.390000e+02 4.378757e+01 -5.830000e+01
      vertex   -1.390000e+02 3.564308e+01 -6.335432e+01
    endloop
  endfacet
  facet normal -1.000000e+00 0.000000e+00 0.000000e+00
    outer loop
      vertex   -1.390000e+02 3.564308e+01 -6.335432e+01
      vertex   -1.390000e+02 4.378757e+01 -5.830000e+01
      vertex   -1.390000e+02 4.364770e+01 -5.863765e+01
    endloop
  endfacet
  facet normal -1.000000e+00 0.000000e+00 0.000000e+00
    outer loop
      vertex   -1.390000e+02 3.564308e+01 -6.335432e+01
      vertex   -1.390000e+02 4.364770e+01 -5.863765e+01
      vertex   -1.390000e+02 4.360000e+01 -5.900000e+01
    endloop
  endfacet
  facet normal -1.000000e+00 0.000000e+00 0.000000e+00
    outer loop
      vertex   -1.390000e+02 5.960515e+01 -6.424485e+01
      vertex   -1.390000e+02 4.621244e+01 -5.830000e+01
      vertex   -1.390000e+02 4.507996e+01 -5.208333e+01
    endloop
  endfacet
  facet normal -1.000000e+00 0.000000e+00 0.000000e+00
    outer loop
      vertex   -1.390000e+02 4.507996e+01 -5.208333e+01
      vertex   -1.390000e+02 4.621244e+01 -5.830000e+01
      vertex   -1.390000e+02 4.598995e+01 -5.801005e+01
    endloop
  endfacet
  facet normal -1.000000e+00 0.000000e+00 0.000000e+00
    outer loop
      vertex   -1.390000e+02 4.507996e+01 -5.208333e+01
      vertex   -1.390000e+02 4.598995e+01 -5.801005e+01
      vertex   -1.390000e+02 4.570000e+01 -5.778757e+01
    endloop
  endfacet
  facet normal -1.000000e+00 0.000000e+00 0.000000e+00
    outer loop
      vertex   -1.390000e+02 5.016827e+01 -7.551585e+01
      vertex   -1.390000e+02 4.570000e+01 -6.021244e+01
      vertex   -1.390000e+02 5.960515e+01 -6.424485e+01
    endloop
  endfacet
  facet normal -1.000000e+00 0.000000e+00 0.000000e+00
    outer loop
      vertex   -1.390000e+02 5.960515e+01 -6.424485e+01
      vertex   -1.390000e+02 4.570000e+01 -6.021244e+01
      vertex   -1.390000e+02 4.598995e+01 -5.998995e+01
    endloop
  endfacet
  facet normal -1.000000e+00 0.000000e+00 0.000000e+00
    outer loop
      vertex   -1.390000e+02 5.960515e+01 -6.424485e+01
      vertex   -1.390000e+02 4.598995e+01 -5.998995e+01
      vertex   -1.390000e+02 4.621244e+01 -5.970000e+01
    endloop
  endfacet
  facet normal -1.000000e+00 0.000000e+00 0.000000e+00
    outer loop
      vertex   -1.390000e+02 4.536235e+01 -5.764770e+01
      vertex   -1.390000e+02 4.500000e+01 -5.760000e+01
      vertex   -1.390000e+02 4.507996e+01 -5.208333e+01
    endloop
  endfacet
  facet normal -1.000000e+00 0.000000e+00 0.000000e+00
    outer loop
      vertex   -1.390000e+02 4.507996e+01 -5.208333e+01
      vertex   -1.390000e+02 4.500000e+01 -5.760000e+01
      vertex   -1.390000e+02 4.463765e+01 -5.764770e+01
    endloop
  endfacet
  facet normal -1.000000e+00 0.000000e+00 0.000000e+00
    outer loop
      vertex   -1.390000e+02 4.507996e+01 -5.208333e+01
      vertex   -1.390000e+02 4.463765e+01 -5.764770e+01
      vertex   -1.390000e+02 4.430000e+01 -5.778757e+01
    endloop
  endfacet
  facet normal -1.000000e+00 -0.000000e+00 0.000000e+00
    outer loop
      vertex   -1.390000e+02 4.430000e+01 -5.778757e+01
      vertex   -1.390000e+02 4.401005e+01 -5.801005e+01
      vertex   -1.390000e+02 4.507996e+01 -5.208333e+01
    endloop
  endfacet
  facet normal -1.000000e+00 0.000000e+00 0.000000e+00
    outer loop
      vertex   -1.390000e+02 4.507996e+01 -5.208333e+01
      vertex   -1.390000e+02 4.401005e+01 -5.801005e+01
      vertex   -1.390000e+02 4.378757e+01 -5.830000e+01
    endloop
  endfacet
  facet normal -1.000000e+00 0.000000e+00 -0.000000e+00
    outer loop
      vertex   -1.390000e+02 4.360000e+01 -5.900000e+01
      vertex   -1.390000e+02 4.364770e+01 -5.936235e+01
      vertex   -1.390000e+02 3.564308e+01 -6.335432e+01
    endloop
  endfacet
  facet normal -1.000000e+00 0.000000e+00 0.000000e+00
    outer loop
      vertex   -1.390000e+02 3.564308e+01 -6.335432e+01
      vertex   -1.390000e+02 4.364770e+01 -5.936235e+01
      vertex   -1.390000e+02 4.378757e+01 -5.970000e+01
    endloop
  endfacet
  facet normal -1.000000e+00 0.000000e+00 0.000000e+00
    outer loop
      vertex   -1.390000e+02 3.564308e+01 -6.335432e+01
      vertex   -1.390000e+02 4.378757e+01 -5.970000e+01
      vertex   -1.390000e+02 4.401005e+01 -5.998995e+01
    endloop
  endfacet
  facet normal -1.000000e+00 0.000000e+00 -0.000000e+00
    outer loop
      vertex   -1.390000e+02 4.401005e+01 -5.998995e+01
      vertex   -1.390000e+02 4.430000e+01 -6.021244e+01
      vertex   -1.390000e+02 3.564308e+01 -6.335432e+01
    endloop
  endfacet
  facet normal -1.000000e+00 0.000000e+00 0.000000e+00
    outer loop
      vertex   -1.390000e+02 3.564308e+01 -6.335432e+01
      vertex   -1.390000e+02 4.430000e+01 -6.021244e+01
      vertex   -1.390000e+02 4.463765e+01 -6.035230e+01
    endloop
  endfacet
  facet normal -1.000000e+00 0.000000e+00 0.000000e+00
    outer loop
      vertex   -1.390000e+02 4.536235e+01 -6.035230e+01
      vertex   -1.390000e+02 4.570000e+01 -6.021244e+01
      vertex   -1.390000e+02 5.016827e+01 -7.551585e+01
    endloop
  endfacet
  facet normal -1.000000e+00 0.000000e+00 0.000000e+00
    outer loop
      vertex   -1.390000e+02 4.621244e+01 -5.970000e+01
      vertex   -1.390000e+02 4.635230e+01 -5.936235e+01
      vertex   -1.390000e+02 5.960515e+01 -6.424485e+01
    endloop
  endfacet
  facet normal -1.000000e+00 0.000000e+00 0.000000e+00
    outer loop
      vertex   -1.390000e+02 5.960515e+01 -6.424485e+01
      vertex   -1.390000e+02 4.635230e+01 -5.936235e+01
      vertex   -1.390000e+02 4.640000e+01 -5.900000e+01
    endloop
  endfacet
  facet normal -1.000000e+00 0.000000e+00 0.000000e+00
    outer loop
      vertex   -1.390000e+02 5.960515e+01 -6.424485e+01
      vertex   -1.390000e+02 4.640000e+01 -5.900000e+01
      vertex   -1.390000e+02 4.635230e+01 -5.863765e+01
    endloop
  endfacet
  facet normal -1.000000e+00 0.000000e+00 0.000000e+00
    outer loop
      vertex   -1.390000e+02 4.635230e+01 -5.863765e+01
      vertex   -1.390000e+02 4.621244e+01 -5.830000e+01
      vertex   -1.390000e+02 5.960515e+01 -6.424485e+01
    endloop
  endfacet
  facet normal -1.000000e+00 0.000000e+00 0.000000e+00
    outer loop
      vertex   -1.390000e+02 4.570000e+01 -5.778757e+01
      vertex   -1.390000e+02 4.536235e+01 -5.764770e+01
      vertex   -1.390000e+02 4.507996e+01 -5.208333e+01
    endloop
  endfacet
endsolid
