solid ASCII
  facet normal -0.000000e+00 -1.000000e+00 0.000000e+00
    outer loop
      vertex   4.198564e+01 3.340000e+00 1.456023e+01
      vertex   4.156794e+01 3.340000e+00 1.478937e+01
      vertex   4.197934e+01 3.340000e+00 1.444003e+01
    endloop
  endfacet
  facet normal -0.000000e+00 -1.000000e+00 0.000000e+00
    outer loop
      vertex   4.197934e+01 3.340000e+00 1.444003e+01
      vertex   4.156794e+01 3.340000e+00 1.478937e+01
      vertex   4.156942e+01 3.340000e+00 1.408415e+01
    endloop
  endfacet
  facet normal 0.000000e+00 -1.000000e+00 -0.000000e+00
    outer loop
      vertex   4.197934e+01 3.340000e+00 1.444003e+01
      vertex   4.156942e+01 3.340000e+00 1.408415e+01
      vertex   4.198564e+01 3.340000e+00 1.431982e+01
    endloop
  endfacet
  facet normal 0.000000e+00 -1.000000e+00 -0.000000e+00
    outer loop
      vertex   4.198564e+01 3.340000e+00 1.431982e+01
      vertex   4.156942e+01 3.340000e+00 1.408415e+01
      vertex   4.200447e+01 3.340000e+00 1.420093e+01
    endloop
  endfacet
  facet normal 0.000000e+00 -1.000000e+00 -0.000000e+00
    outer loop
      vertex   4.200447e+01 3.340000e+00 1.420093e+01
      vertex   4.156942e+01 3.340000e+00 1.408415e+01
      vertex   4.203562e+01 3.340000e+00 1.408466e+01
    endloop
  endfacet
  facet normal 0.000000e+00 -1.000000e+00 0.000000e+00
    outer loop
      vertex   4.203562e+01 3.340000e+00 1.408466e+01
      vertex   4.156942e+01 3.340000e+00 1.408415e+01
      vertex   4.160539e+01 3.340000e+00 1.395262e+01
    endloop
  endfacet
  facet normal 0.000000e+00 -1.000000e+00 0.000000e+00
    outer loop
      vertex   4.203562e+01 3.340000e+00 1.408466e+01
      vertex   4.160539e+01 3.340000e+00 1.395262e+01
      vertex   4.165242e+01 3.340000e+00 1.382464e+01
    endloop
  endfacet
  facet normal 0.000000e+00 -1.000000e+00 0.000000e+00
    outer loop
      vertex   4.198564e+01 3.340000e+00 1.456023e+01
      vertex   4.200447e+01 3.340000e+00 1.467912e+01
      vertex   4.156794e+01 3.340000e+00 1.478937e+01
    endloop
  endfacet
  facet normal 0.000000e+00 -1.000000e+00 0.000000e+00
    outer loop
      vertex   4.156794e+01 3.340000e+00 1.478937e+01
      vertex   4.200447e+01 3.340000e+00 1.467912e+01
      vertex   4.203562e+01 3.340000e+00 1.479540e+01
    endloop
  endfacet
  facet normal 0.000000e+00 -1.000000e+00 0.000000e+00
    outer loop
      vertex   4.156794e+01 3.340000e+00 1.478937e+01
      vertex   4.203562e+01 3.340000e+00 1.479540e+01
      vertex   4.160336e+01 3.340000e+00 1.492104e+01
    endloop
  endfacet
  facet normal 0.000000e+00 -1.000000e+00 0.000000e+00
    outer loop
      vertex   4.160336e+01 3.340000e+00 1.492104e+01
      vertex   4.203562e+01 3.340000e+00 1.479540e+01
      vertex   4.164985e+01 3.340000e+00 1.504922e+01
    endloop
  endfacet
  facet normal 0.000000e+00 -1.000000e+00 0.000000e+00
    outer loop
      vertex   4.164985e+01 3.340000e+00 1.504922e+01
      vertex   4.203562e+01 3.340000e+00 1.479540e+01
      vertex   4.207876e+01 3.340000e+00 1.490777e+01
    endloop
  endfacet
  facet normal 0.000000e+00 -1.000000e+00 0.000000e+00
    outer loop
      vertex   4.164985e+01 3.340000e+00 1.504922e+01
      vertex   4.207876e+01 3.340000e+00 1.490777e+01
      vertex   4.170709e+01 3.340000e+00 1.517298e+01
    endloop
  endfacet
  facet normal 0.000000e+00 -1.000000e+00 0.000000e+00
    outer loop
      vertex   4.170709e+01 3.340000e+00 1.517298e+01
      vertex   4.207876e+01 3.340000e+00 1.490777e+01
      vertex   4.213341e+01 3.340000e+00 1.501503e+01
    endloop
  endfacet
  facet normal 0.000000e+00 -1.000000e+00 0.000000e+00
    outer loop
      vertex   4.170709e+01 3.340000e+00 1.517298e+01
      vertex   4.213341e+01 3.340000e+00 1.501503e+01
      vertex   4.177467e+01 3.340000e+00 1.529141e+01
    endloop
  endfacet
  facet normal 0.000000e+00 -1.000000e+00 0.000000e+00
    outer loop
      vertex   4.177467e+01 3.340000e+00 1.529141e+01
      vertex   4.213341e+01 3.340000e+00 1.501503e+01
      vertex   4.219897e+01 3.340000e+00 1.511598e+01
    endloop
  endfacet
  facet normal 0.000000e+00 -1.000000e+00 0.000000e+00
    outer loop
      vertex   4.177467e+01 3.340000e+00 1.529141e+01
      vertex   4.219897e+01 3.340000e+00 1.511598e+01
      vertex   4.227472e+01 3.340000e+00 1.520953e+01
    endloop
  endfacet
  facet normal 0.000000e+00 -1.000000e+00 0.000000e+00
    outer loop
      vertex   4.177467e+01 3.340000e+00 1.529141e+01
      vertex   4.227472e+01 3.340000e+00 1.520953e+01
      vertex   4.227228e+01 3.340000e+00 1.579112e+01
    endloop
  endfacet
  facet normal 0.000000e+00 -1.000000e+00 0.000000e+00
    outer loop
      vertex   4.227228e+01 3.340000e+00 1.579112e+01
      vertex   4.227472e+01 3.340000e+00 1.520953e+01
      vertex   4.235984e+01 3.340000e+00 1.529464e+01
    endloop
  endfacet
  facet normal 0.000000e+00 -1.000000e+00 0.000000e+00
    outer loop
      vertex   4.227228e+01 3.340000e+00 1.579112e+01
      vertex   4.235984e+01 3.340000e+00 1.529464e+01
      vertex   4.245339e+01 3.340000e+00 1.537040e+01
    endloop
  endfacet
  facet normal 0.000000e+00 -1.000000e+00 0.000000e+00
    outer loop
      vertex   4.245339e+01 3.340000e+00 1.537040e+01
      vertex   4.255434e+01 3.340000e+00 1.543596e+01
      vertex   4.227228e+01 3.340000e+00 1.579112e+01
    endloop
  endfacet
  facet normal 0.000000e+00 -1.000000e+00 0.000000e+00
    outer loop
      vertex   4.227228e+01 3.340000e+00 1.579112e+01
      vertex   4.255434e+01 3.340000e+00 1.543596e+01
      vertex   4.239043e+01 3.340000e+00 1.585919e+01
    endloop
  endfacet
  facet normal 0.000000e+00 -1.000000e+00 0.000000e+00
    outer loop
      vertex   4.239043e+01 3.340000e+00 1.585919e+01
      vertex   4.255434e+01 3.340000e+00 1.543596e+01
      vertex   4.266159e+01 3.340000e+00 1.549060e+01
    endloop
  endfacet
  facet normal 0.000000e+00 -1.000000e+00 0.000000e+00
    outer loop
      vertex   4.239043e+01 3.340000e+00 1.585919e+01
      vertex   4.266159e+01 3.340000e+00 1.549060e+01
      vertex   4.251395e+01 3.340000e+00 1.591695e+01
    endloop
  endfacet
  facet normal 0.000000e+00 -1.000000e+00 0.000000e+00
    outer loop
      vertex   4.251395e+01 3.340000e+00 1.591695e+01
      vertex   4.266159e+01 3.340000e+00 1.549060e+01
      vertex   4.277397e+01 3.340000e+00 1.553374e+01
    endloop
  endfacet
  facet normal 0.000000e+00 -1.000000e+00 0.000000e+00
    outer loop
      vertex   4.251395e+01 3.340000e+00 1.591695e+01
      vertex   4.277397e+01 3.340000e+00 1.553374e+01
      vertex   4.264194e+01 3.340000e+00 1.596398e+01
    endloop
  endfacet
  facet normal 0.000000e+00 -1.000000e+00 0.000000e+00
    outer loop
      vertex   4.264194e+01 3.340000e+00 1.596398e+01
      vertex   4.277397e+01 3.340000e+00 1.553374e+01
      vertex   4.277346e+01 3.340000e+00 1.599995e+01
    endloop
  endfacet
  facet normal 0.000000e+00 -1.000000e+00 0.000000e+00
    outer loop
      vertex   4.277346e+01 3.340000e+00 1.599995e+01
      vertex   4.277397e+01 3.340000e+00 1.553374e+01
      vertex   4.289024e+01 3.340000e+00 1.556490e+01
    endloop
  endfacet
  facet normal 0.000000e+00 -1.000000e+00 0.000000e+00
    outer loop
      vertex   4.277346e+01 3.340000e+00 1.599995e+01
      vertex   4.289024e+01 3.340000e+00 1.556490e+01
      vertex   4.300913e+01 3.340000e+00 1.558373e+01
    endloop
  endfacet
  facet normal 0.000000e+00 -1.000000e+00 0.000000e+00
    outer loop
      vertex   4.300913e+01 3.340000e+00 1.558373e+01
      vertex   4.312934e+01 3.340000e+00 1.559003e+01
      vertex   4.277346e+01 3.340000e+00 1.599995e+01
    endloop
  endfacet
  facet normal 0.000000e+00 -1.000000e+00 0.000000e+00
    outer loop
      vertex   4.277346e+01 3.340000e+00 1.599995e+01
      vertex   4.312934e+01 3.340000e+00 1.559003e+01
      vertex   4.347868e+01 3.340000e+00 1.600142e+01
    endloop
  endfacet
  facet normal 0.000000e+00 -1.000000e+00 0.000000e+00
    outer loop
      vertex   4.277346e+01 3.340000e+00 1.599995e+01
      vertex   4.347868e+01 3.340000e+00 1.600142e+01
      vertex   4.281465e+01 3.340000e+00 1.717196e+01
    endloop
  endfacet
  facet normal 0.000000e+00 -1.000000e+00 0.000000e+00
    outer loop
      vertex   4.281465e+01 3.340000e+00 1.717196e+01
      vertex   4.347868e+01 3.340000e+00 1.600142e+01
      vertex   4.347701e+01 3.340000e+00 1.716796e+01
    endloop
  endfacet
  facet normal 0.000000e+00 -1.000000e+00 0.000000e+00
    outer loop
      vertex   4.312934e+01 3.340000e+00 1.559003e+01
      vertex   4.324955e+01 3.340000e+00 1.558373e+01
      vertex   4.347868e+01 3.340000e+00 1.600142e+01
    endloop
  endfacet
  facet normal 0.000000e+00 -1.000000e+00 0.000000e+00
    outer loop
      vertex   4.347868e+01 3.340000e+00 1.600142e+01
      vertex   4.324955e+01 3.340000e+00 1.558373e+01
      vertex   4.336844e+01 3.340000e+00 1.556490e+01
    endloop
  endfacet
  facet normal 0.000000e+00 -1.000000e+00 -0.000000e+00
    outer loop
      vertex   4.347868e+01 3.340000e+00 1.600142e+01
      vertex   4.336844e+01 3.340000e+00 1.556490e+01
      vertex   4.348471e+01 3.340000e+00 1.553374e+01
    endloop
  endfacet
  facet normal 0.000000e+00 -1.000000e+00 0.000000e+00
    outer loop
      vertex   4.359709e+01 3.340000e+00 1.549060e+01
      vertex   4.373853e+01 3.340000e+00 1.591951e+01
      vertex   4.348471e+01 3.340000e+00 1.553374e+01
    endloop
  endfacet
  facet normal 0.000000e+00 -1.000000e+00 0.000000e+00
    outer loop
      vertex   4.348471e+01 3.340000e+00 1.553374e+01
      vertex   4.373853e+01 3.340000e+00 1.591951e+01
      vertex   4.361035e+01 3.340000e+00 1.596601e+01
    endloop
  endfacet
  facet normal 0.000000e+00 -1.000000e+00 0.000000e+00
    outer loop
      vertex   4.348471e+01 3.340000e+00 1.553374e+01
      vertex   4.361035e+01 3.340000e+00 1.596601e+01
      vertex   4.347868e+01 3.340000e+00 1.600142e+01
    endloop
  endfacet
  facet normal 0.000000e+00 -1.000000e+00 -0.000000e+00
    outer loop
      vertex   4.373853e+01 3.340000e+00 1.591951e+01
      vertex   4.359709e+01 3.340000e+00 1.549060e+01
      vertex   4.386229e+01 3.340000e+00 1.586227e+01
    endloop
  endfacet
  facet normal 0.000000e+00 -1.000000e+00 0.000000e+00
    outer loop
      vertex   4.386229e+01 3.340000e+00 1.586227e+01
      vertex   4.359709e+01 3.340000e+00 1.549060e+01
      vertex   4.370434e+01 3.340000e+00 1.543596e+01
    endloop
  endfacet
  facet normal 0.000000e+00 -1.000000e+00 -0.000000e+00
    outer loop
      vertex   4.386229e+01 3.340000e+00 1.586227e+01
      vertex   4.370434e+01 3.340000e+00 1.543596e+01
      vertex   4.398073e+01 3.340000e+00 1.579470e+01
    endloop
  endfacet
  facet normal 0.000000e+00 -1.000000e+00 0.000000e+00
    outer loop
      vertex   4.398073e+01 3.340000e+00 1.579470e+01
      vertex   4.370434e+01 3.340000e+00 1.543596e+01
      vertex   4.380529e+01 3.340000e+00 1.537040e+01
    endloop
  endfacet
  facet normal 0.000000e+00 -1.000000e+00 0.000000e+00
    outer loop
      vertex   4.398073e+01 3.340000e+00 1.579470e+01
      vertex   4.380529e+01 3.340000e+00 1.537040e+01
      vertex   4.389884e+01 3.340000e+00 1.529464e+01
    endloop
  endfacet
  facet normal 0.000000e+00 -1.000000e+00 -0.000000e+00
    outer loop
      vertex   4.398073e+01 3.340000e+00 1.579470e+01
      vertex   4.389884e+01 3.340000e+00 1.529464e+01
      vertex   4.448043e+01 3.340000e+00 1.529708e+01
    endloop
  endfacet
  facet normal 0.000000e+00 -1.000000e+00 0.000000e+00
    outer loop
      vertex   4.448043e+01 3.340000e+00 1.529708e+01
      vertex   4.389884e+01 3.340000e+00 1.529464e+01
      vertex   4.398396e+01 3.340000e+00 1.520953e+01
    endloop
  endfacet
  facet normal 0.000000e+00 -1.000000e+00 0.000000e+00
    outer loop
      vertex   4.448043e+01 3.340000e+00 1.529708e+01
      vertex   4.398396e+01 3.340000e+00 1.520953e+01
      vertex   4.405971e+01 3.340000e+00 1.511598e+01
    endloop
  endfacet
  facet normal 0.000000e+00 -1.000000e+00 0.000000e+00
    outer loop
      vertex   4.405971e+01 3.340000e+00 1.511598e+01
      vertex   4.412527e+01 3.340000e+00 1.501503e+01
      vertex   4.448043e+01 3.340000e+00 1.529708e+01
    endloop
  endfacet
  facet normal 0.000000e+00 -1.000000e+00 -0.000000e+00
    outer loop
      vertex   4.448043e+01 3.340000e+00 1.529708e+01
      vertex   4.412527e+01 3.340000e+00 1.501503e+01
      vertex   4.454850e+01 3.340000e+00 1.517893e+01
    endloop
  endfacet
  facet normal 0.000000e+00 -1.000000e+00 0.000000e+00
    outer loop
      vertex   4.454850e+01 3.340000e+00 1.517893e+01
      vertex   4.412527e+01 3.340000e+00 1.501503e+01
      vertex   4.417992e+01 3.340000e+00 1.490777e+01
    endloop
  endfacet
  facet normal 0.000000e+00 -1.000000e+00 -0.000000e+00
    outer loop
      vertex   4.454850e+01 3.340000e+00 1.517893e+01
      vertex   4.417992e+01 3.340000e+00 1.490777e+01
      vertex   4.460626e+01 3.340000e+00 1.505542e+01
    endloop
  endfacet
  facet normal 0.000000e+00 -1.000000e+00 0.000000e+00
    outer loop
      vertex   4.460626e+01 3.340000e+00 1.505542e+01
      vertex   4.417992e+01 3.340000e+00 1.490777e+01
      vertex   4.422305e+01 3.340000e+00 1.479540e+01
    endloop
  endfacet
  facet normal 0.000000e+00 -1.000000e+00 -0.000000e+00
    outer loop
      vertex   4.460626e+01 3.340000e+00 1.505542e+01
      vertex   4.422305e+01 3.340000e+00 1.479540e+01
      vertex   4.465329e+01 3.340000e+00 1.492743e+01
    endloop
  endfacet
  facet normal 0.000000e+00 -1.000000e+00 -0.000000e+00
    outer loop
      vertex   4.465329e+01 3.340000e+00 1.492743e+01
      vertex   4.422305e+01 3.340000e+00 1.479540e+01
      vertex   4.468926e+01 3.340000e+00 1.479590e+01
    endloop
  endfacet
  facet normal 0.000000e+00 -1.000000e+00 0.000000e+00
    outer loop
      vertex   4.468926e+01 3.340000e+00 1.479590e+01
      vertex   4.422305e+01 3.340000e+00 1.479540e+01
      vertex   4.425421e+01 3.340000e+00 1.467912e+01
    endloop
  endfacet
  facet normal 0.000000e+00 -1.000000e+00 0.000000e+00
    outer loop
      vertex   4.468926e+01 3.340000e+00 1.479590e+01
      vertex   4.425421e+01 3.340000e+00 1.467912e+01
      vertex   4.427304e+01 3.340000e+00 1.456023e+01
    endloop
  endfacet
  facet normal 0.000000e+00 -1.000000e+00 0.000000e+00
    outer loop
      vertex   4.427304e+01 3.340000e+00 1.456023e+01
      vertex   4.427934e+01 3.340000e+00 1.444003e+01
      vertex   4.468926e+01 3.340000e+00 1.479590e+01
    endloop
  endfacet
  facet normal 0.000000e+00 -1.000000e+00 -0.000000e+00
    outer loop
      vertex   4.468926e+01 3.340000e+00 1.479590e+01
      vertex   4.427934e+01 3.340000e+00 1.444003e+01
      vertex   4.469074e+01 3.340000e+00 1.409069e+01
    endloop
  endfacet
  facet normal 0.000000e+00 -1.000000e+00 0.000000e+00
    outer loop
      vertex   4.468926e+01 3.340000e+00 1.479590e+01
      vertex   4.469074e+01 3.340000e+00 1.409069e+01
      vertex   4.586128e+01 3.340000e+00 1.475471e+01
    endloop
  endfacet
  facet normal 0.000000e+00 -1.000000e+00 0.000000e+00
    outer loop
      vertex   4.586128e+01 3.340000e+00 1.475471e+01
      vertex   4.469074e+01 3.340000e+00 1.409069e+01
      vertex   4.585727e+01 3.340000e+00 1.409236e+01
    endloop
  endfacet
  facet normal 0.000000e+00 -1.000000e+00 -0.000000e+00
    outer loop
      vertex   4.427934e+01 3.340000e+00 1.444003e+01
      vertex   4.427304e+01 3.340000e+00 1.431982e+01
      vertex   4.469074e+01 3.340000e+00 1.409069e+01
    endloop
  endfacet
  facet normal 0.000000e+00 -1.000000e+00 0.000000e+00
    outer loop
      vertex   4.469074e+01 3.340000e+00 1.409069e+01
      vertex   4.427304e+01 3.340000e+00 1.431982e+01
      vertex   4.425421e+01 3.340000e+00 1.420093e+01
    endloop
  endfacet
  facet normal -0.000000e+00 -1.000000e+00 0.000000e+00
    outer loop
      vertex   4.469074e+01 3.340000e+00 1.409069e+01
      vertex   4.425421e+01 3.340000e+00 1.420093e+01
      vertex   4.422305e+01 3.340000e+00 1.408466e+01
    endloop
  endfacet
  facet normal 0.000000e+00 -1.000000e+00 0.000000e+00
    outer loop
      vertex   4.417992e+01 3.340000e+00 1.397228e+01
      vertex   4.460883e+01 3.340000e+00 1.383083e+01
      vertex   4.422305e+01 3.340000e+00 1.408466e+01
    endloop
  endfacet
  facet normal 0.000000e+00 -1.000000e+00 0.000000e+00
    outer loop
      vertex   4.422305e+01 3.340000e+00 1.408466e+01
      vertex   4.460883e+01 3.340000e+00 1.383083e+01
      vertex   4.465532e+01 3.340000e+00 1.395901e+01
    endloop
  endfacet
  facet normal 0.000000e+00 -1.000000e+00 0.000000e+00
    outer loop
      vertex   4.422305e+01 3.340000e+00 1.408466e+01
      vertex   4.465532e+01 3.340000e+00 1.395901e+01
      vertex   4.469074e+01 3.340000e+00 1.409069e+01
    endloop
  endfacet
  facet normal -0.000000e+00 -1.000000e+00 0.000000e+00
    outer loop
      vertex   4.460883e+01 3.340000e+00 1.383083e+01
      vertex   4.417992e+01 3.340000e+00 1.397228e+01
      vertex   4.455158e+01 3.340000e+00 1.370707e+01
    endloop
  endfacet
  facet normal 0.000000e+00 -1.000000e+00 0.000000e+00
    outer loop
      vertex   4.455158e+01 3.340000e+00 1.370707e+01
      vertex   4.417992e+01 3.340000e+00 1.397228e+01
      vertex   4.412527e+01 3.340000e+00 1.386503e+01
    endloop
  endfacet
  facet normal -0.000000e+00 -1.000000e+00 0.000000e+00
    outer loop
      vertex   4.455158e+01 3.340000e+00 1.370707e+01
      vertex   4.412527e+01 3.340000e+00 1.386503e+01
      vertex   4.448401e+01 3.340000e+00 1.358864e+01
    endloop
  endfacet
  facet normal 0.000000e+00 -1.000000e+00 0.000000e+00
    outer loop
      vertex   4.448401e+01 3.340000e+00 1.358864e+01
      vertex   4.412527e+01 3.340000e+00 1.386503e+01
      vertex   4.405971e+01 3.340000e+00 1.376407e+01
    endloop
  endfacet
  facet normal 0.000000e+00 -1.000000e+00 0.000000e+00
    outer loop
      vertex   4.448401e+01 3.340000e+00 1.358864e+01
      vertex   4.405971e+01 3.340000e+00 1.376407e+01
      vertex   4.398396e+01 3.340000e+00 1.367053e+01
    endloop
  endfacet
  facet normal -0.000000e+00 -1.000000e+00 0.000000e+00
    outer loop
      vertex   4.448401e+01 3.340000e+00 1.358864e+01
      vertex   4.398396e+01 3.340000e+00 1.367053e+01
      vertex   4.398639e+01 3.340000e+00 1.308893e+01
    endloop
  endfacet
  facet normal 0.000000e+00 -1.000000e+00 0.000000e+00
    outer loop
      vertex   4.398639e+01 3.340000e+00 1.308893e+01
      vertex   4.398396e+01 3.340000e+00 1.367053e+01
      vertex   4.389884e+01 3.340000e+00 1.358541e+01
    endloop
  endfacet
  facet normal 0.000000e+00 -1.000000e+00 0.000000e+00
    outer loop
      vertex   4.398639e+01 3.340000e+00 1.308893e+01
      vertex   4.389884e+01 3.340000e+00 1.358541e+01
      vertex   4.380529e+01 3.340000e+00 1.350966e+01
    endloop
  endfacet
  facet normal 0.000000e+00 -1.000000e+00 -0.000000e+00
    outer loop
      vertex   4.380529e+01 3.340000e+00 1.350966e+01
      vertex   4.370434e+01 3.340000e+00 1.344410e+01
      vertex   4.398639e+01 3.340000e+00 1.308893e+01
    endloop
  endfacet
  facet normal -0.000000e+00 -1.000000e+00 0.000000e+00
    outer loop
      vertex   4.398639e+01 3.340000e+00 1.308893e+01
      vertex   4.370434e+01 3.340000e+00 1.344410e+01
      vertex   4.386825e+01 3.340000e+00 1.302087e+01
    endloop
  endfacet
  facet normal 0.000000e+00 -1.000000e+00 0.000000e+00
    outer loop
      vertex   4.386825e+01 3.340000e+00 1.302087e+01
      vertex   4.370434e+01 3.340000e+00 1.344410e+01
      vertex   4.359709e+01 3.340000e+00 1.338945e+01
    endloop
  endfacet
  facet normal -0.000000e+00 -1.000000e+00 0.000000e+00
    outer loop
      vertex   4.386825e+01 3.340000e+00 1.302087e+01
      vertex   4.359709e+01 3.340000e+00 1.338945e+01
      vertex   4.374473e+01 3.340000e+00 1.296311e+01
    endloop
  endfacet
  facet normal 0.000000e+00 -1.000000e+00 0.000000e+00
    outer loop
      vertex   4.374473e+01 3.340000e+00 1.296311e+01
      vertex   4.359709e+01 3.340000e+00 1.338945e+01
      vertex   4.348471e+01 3.340000e+00 1.334631e+01
    endloop
  endfacet
  facet normal -0.000000e+00 -1.000000e+00 0.000000e+00
    outer loop
      vertex   4.374473e+01 3.340000e+00 1.296311e+01
      vertex   4.348471e+01 3.340000e+00 1.334631e+01
      vertex   4.361674e+01 3.340000e+00 1.291607e+01
    endloop
  endfacet
  facet normal -0.000000e+00 -1.000000e+00 0.000000e+00
    outer loop
      vertex   4.361674e+01 3.340000e+00 1.291607e+01
      vertex   4.348471e+01 3.340000e+00 1.334631e+01
      vertex   4.348522e+01 3.340000e+00 1.288011e+01
    endloop
  endfacet
  facet normal 0.000000e+00 -1.000000e+00 0.000000e+00
    outer loop
      vertex   4.348522e+01 3.340000e+00 1.288011e+01
      vertex   4.348471e+01 3.340000e+00 1.334631e+01
      vertex   4.336844e+01 3.340000e+00 1.331516e+01
    endloop
  endfacet
  facet normal 0.000000e+00 -1.000000e+00 0.000000e+00
    outer loop
      vertex   4.348522e+01 3.340000e+00 1.288011e+01
      vertex   4.336844e+01 3.340000e+00 1.331516e+01
      vertex   4.324955e+01 3.340000e+00 1.329633e+01
    endloop
  endfacet
  facet normal 0.000000e+00 -1.000000e+00 -0.000000e+00
    outer loop
      vertex   4.324955e+01 3.340000e+00 1.329633e+01
      vertex   4.312934e+01 3.340000e+00 1.329003e+01
      vertex   4.348522e+01 3.340000e+00 1.288011e+01
    endloop
  endfacet
  facet normal -0.000000e+00 -1.000000e+00 0.000000e+00
    outer loop
      vertex   4.348522e+01 3.340000e+00 1.288011e+01
      vertex   4.312934e+01 3.340000e+00 1.329003e+01
      vertex   4.278000e+01 3.340000e+00 1.287863e+01
    endloop
  endfacet
  facet normal 0.000000e+00 -1.000000e+00 0.000000e+00
    outer loop
      vertex   4.348522e+01 3.340000e+00 1.288011e+01
      vertex   4.278000e+01 3.340000e+00 1.287863e+01
      vertex   4.344403e+01 3.340000e+00 1.170809e+01
    endloop
  endfacet
  facet normal 0.000000e+00 -1.000000e+00 0.000000e+00
    outer loop
      vertex   4.344403e+01 3.340000e+00 1.170809e+01
      vertex   4.278000e+01 3.340000e+00 1.287863e+01
      vertex   4.278167e+01 3.340000e+00 1.171209e+01
    endloop
  endfacet
  facet normal -0.000000e+00 -1.000000e+00 0.000000e+00
    outer loop
      vertex   4.312934e+01 3.340000e+00 1.329003e+01
      vertex   4.300913e+01 3.340000e+00 1.329633e+01
      vertex   4.278000e+01 3.340000e+00 1.287863e+01
    endloop
  endfacet
  facet normal 0.000000e+00 -1.000000e+00 0.000000e+00
    outer loop
      vertex   4.278000e+01 3.340000e+00 1.287863e+01
      vertex   4.300913e+01 3.340000e+00 1.329633e+01
      vertex   4.289024e+01 3.340000e+00 1.331516e+01
    endloop
  endfacet
  facet normal 0.000000e+00 -1.000000e+00 0.000000e+00
    outer loop
      vertex   4.278000e+01 3.340000e+00 1.287863e+01
      vertex   4.289024e+01 3.340000e+00 1.331516e+01
      vertex   4.277397e+01 3.340000e+00 1.334631e+01
    endloop
  endfacet
  facet normal 0.000000e+00 -1.000000e+00 -0.000000e+00
    outer loop
      vertex   4.266159e+01 3.340000e+00 1.338945e+01
      vertex   4.252014e+01 3.340000e+00 1.296054e+01
      vertex   4.277397e+01 3.340000e+00 1.334631e+01
    endloop
  endfacet
  facet normal 0.000000e+00 -1.000000e+00 0.000000e+00
    outer loop
      vertex   4.277397e+01 3.340000e+00 1.334631e+01
      vertex   4.252014e+01 3.340000e+00 1.296054e+01
      vertex   4.264833e+01 3.340000e+00 1.291404e+01
    endloop
  endfacet
  facet normal 0.000000e+00 -1.000000e+00 -0.000000e+00
    outer loop
      vertex   4.277397e+01 3.340000e+00 1.334631e+01
      vertex   4.264833e+01 3.340000e+00 1.291404e+01
      vertex   4.278000e+01 3.340000e+00 1.287863e+01
    endloop
  endfacet
  facet normal 0.000000e+00 -1.000000e+00 0.000000e+00
    outer loop
      vertex   4.252014e+01 3.340000e+00 1.296054e+01
      vertex   4.266159e+01 3.340000e+00 1.338945e+01
      vertex   4.239639e+01 3.340000e+00 1.301778e+01
    endloop
  endfacet
  facet normal 0.000000e+00 -1.000000e+00 0.000000e+00
    outer loop
      vertex   4.239639e+01 3.340000e+00 1.301778e+01
      vertex   4.266159e+01 3.340000e+00 1.338945e+01
      vertex   4.255434e+01 3.340000e+00 1.344410e+01
    endloop
  endfacet
  facet normal 0.000000e+00 -1.000000e+00 0.000000e+00
    outer loop
      vertex   4.239639e+01 3.340000e+00 1.301778e+01
      vertex   4.255434e+01 3.340000e+00 1.344410e+01
      vertex   4.227795e+01 3.340000e+00 1.308535e+01
    endloop
  endfacet
  facet normal 0.000000e+00 -1.000000e+00 0.000000e+00
    outer loop
      vertex   4.227795e+01 3.340000e+00 1.308535e+01
      vertex   4.255434e+01 3.340000e+00 1.344410e+01
      vertex   4.245339e+01 3.340000e+00 1.350966e+01
    endloop
  endfacet
  facet normal 0.000000e+00 -1.000000e+00 0.000000e+00
    outer loop
      vertex   4.227795e+01 3.340000e+00 1.308535e+01
      vertex   4.245339e+01 3.340000e+00 1.350966e+01
      vertex   4.235984e+01 3.340000e+00 1.358541e+01
    endloop
  endfacet
  facet normal 0.000000e+00 -1.000000e+00 0.000000e+00
    outer loop
      vertex   4.227795e+01 3.340000e+00 1.308535e+01
      vertex   4.235984e+01 3.340000e+00 1.358541e+01
      vertex   4.177825e+01 3.340000e+00 1.358297e+01
    endloop
  endfacet
  facet normal 0.000000e+00 -1.000000e+00 0.000000e+00
    outer loop
      vertex   4.177825e+01 3.340000e+00 1.358297e+01
      vertex   4.235984e+01 3.340000e+00 1.358541e+01
      vertex   4.227472e+01 3.340000e+00 1.367053e+01
    endloop
  endfacet
  facet normal 0.000000e+00 -1.000000e+00 0.000000e+00
    outer loop
      vertex   4.177825e+01 3.340000e+00 1.358297e+01
      vertex   4.227472e+01 3.340000e+00 1.367053e+01
      vertex   4.219897e+01 3.340000e+00 1.376407e+01
    endloop
  endfacet
  facet normal -0.000000e+00 -1.000000e+00 0.000000e+00
    outer loop
      vertex   4.219897e+01 3.340000e+00 1.376407e+01
      vertex   4.213341e+01 3.340000e+00 1.386503e+01
      vertex   4.177825e+01 3.340000e+00 1.358297e+01
    endloop
  endfacet
  facet normal 0.000000e+00 -1.000000e+00 0.000000e+00
    outer loop
      vertex   4.177825e+01 3.340000e+00 1.358297e+01
      vertex   4.213341e+01 3.340000e+00 1.386503e+01
      vertex   4.171018e+01 3.340000e+00 1.370112e+01
    endloop
  endfacet
  facet normal 0.000000e+00 -1.000000e+00 0.000000e+00
    outer loop
      vertex   4.171018e+01 3.340000e+00 1.370112e+01
      vertex   4.213341e+01 3.340000e+00 1.386503e+01
      vertex   4.207876e+01 3.340000e+00 1.397228e+01
    endloop
  endfacet
  facet normal 0.000000e+00 -1.000000e+00 0.000000e+00
    outer loop
      vertex   4.171018e+01 3.340000e+00 1.370112e+01
      vertex   4.207876e+01 3.340000e+00 1.397228e+01
      vertex   4.165242e+01 3.340000e+00 1.382464e+01
    endloop
  endfacet
  facet normal 0.000000e+00 -1.000000e+00 0.000000e+00
    outer loop
      vertex   4.165242e+01 3.340000e+00 1.382464e+01
      vertex   4.207876e+01 3.340000e+00 1.397228e+01
      vertex   4.203562e+01 3.340000e+00 1.408466e+01
    endloop
  endfacet
  facet normal 0.000000e+00 -1.000000e+00 0.000000e+00
    outer loop
      vertex   4.281465e+01 3.340000e+00 1.717196e+01
      vertex   4.280327e+01 3.340000e+00 1.717063e+01
      vertex   4.277346e+01 3.340000e+00 1.599995e+01
    endloop
  endfacet
  facet normal 0.000000e+00 -1.000000e+00 0.000000e+00
    outer loop
      vertex   4.277346e+01 3.340000e+00 1.599995e+01
      vertex   4.280327e+01 3.340000e+00 1.717063e+01
      vertex   4.279189e+01 3.340000e+00 1.716924e+01
    endloop
  endfacet
  facet normal 0.000000e+00 -1.000000e+00 0.000000e+00
    outer loop
      vertex   4.277346e+01 3.340000e+00 1.599995e+01
      vertex   4.279189e+01 3.340000e+00 1.716924e+01
      vertex   4.278052e+01 3.340000e+00 1.716781e+01
    endloop
  endfacet
  facet normal 0.000000e+00 -1.000000e+00 -0.000000e+00
    outer loop
      vertex   4.144624e+01 3.340000e+00 1.661481e+01
      vertex   4.097505e+01 3.340000e+00 1.614928e+01
      vertex   4.227228e+01 3.340000e+00 1.579112e+01
    endloop
  endfacet
  facet normal -0.000000e+00 -1.000000e+00 0.000000e+00
    outer loop
      vertex   4.227228e+01 3.340000e+00 1.579112e+01
      vertex   4.097505e+01 3.340000e+00 1.614928e+01
      vertex   4.177467e+01 3.340000e+00 1.529141e+01
    endloop
  endfacet
  facet normal 0.000000e+00 -1.000000e+00 -0.000000e+00
    outer loop
      vertex   4.097505e+01 3.340000e+00 1.614928e+01
      vertex   4.096795e+01 3.340000e+00 1.614028e+01
      vertex   4.177467e+01 3.340000e+00 1.529141e+01
    endloop
  endfacet
  facet normal 0.000000e+00 -1.000000e+00 0.000000e+00
    outer loop
      vertex   4.177467e+01 3.340000e+00 1.529141e+01
      vertex   4.096795e+01 3.340000e+00 1.614028e+01
      vertex   4.096088e+01 3.340000e+00 1.613126e+01
    endloop
  endfacet
  facet normal 0.000000e+00 -1.000000e+00 0.000000e+00
    outer loop
      vertex   4.177467e+01 3.340000e+00 1.529141e+01
      vertex   4.096088e+01 3.340000e+00 1.613126e+01
      vertex   4.095385e+01 3.340000e+00 1.612221e+01
    endloop
  endfacet
  facet normal 0.000000e+00 -1.000000e+00 -0.000000e+00
    outer loop
      vertex   4.040141e+01 3.340000e+00 1.478769e+01
      vertex   4.039740e+01 3.340000e+00 1.412534e+01
      vertex   4.156794e+01 3.340000e+00 1.478937e+01
    endloop
  endfacet
  facet normal 0.000000e+00 -1.000000e+00 -0.000000e+00
    outer loop
      vertex   4.156794e+01 3.340000e+00 1.478937e+01
      vertex   4.039740e+01 3.340000e+00 1.412534e+01
      vertex   4.156942e+01 3.340000e+00 1.408415e+01
    endloop
  endfacet
  facet normal 0.000000e+00 -1.000000e+00 0.000000e+00
    outer loop
      vertex   4.039740e+01 3.340000e+00 1.412534e+01
      vertex   4.039874e+01 3.340000e+00 1.411395e+01
      vertex   4.156942e+01 3.340000e+00 1.408415e+01
    endloop
  endfacet
  facet normal 0.000000e+00 -1.000000e+00 0.000000e+00
    outer loop
      vertex   4.156942e+01 3.340000e+00 1.408415e+01
      vertex   4.039874e+01 3.340000e+00 1.411395e+01
      vertex   4.040012e+01 3.340000e+00 1.410258e+01
    endloop
  endfacet
  facet normal 0.000000e+00 -1.000000e+00 0.000000e+00
    outer loop
      vertex   4.156942e+01 3.340000e+00 1.408415e+01
      vertex   4.040012e+01 3.340000e+00 1.410258e+01
      vertex   4.040155e+01 3.340000e+00 1.409120e+01
    endloop
  endfacet
  facet normal 0.000000e+00 -1.000000e+00 0.000000e+00
    outer loop
      vertex   4.095456e+01 3.340000e+00 1.275692e+01
      vertex   4.142009e+01 3.340000e+00 1.228574e+01
      vertex   4.177825e+01 3.340000e+00 1.358297e+01
    endloop
  endfacet
  facet normal 0.000000e+00 -1.000000e+00 -0.000000e+00
    outer loop
      vertex   4.177825e+01 3.340000e+00 1.358297e+01
      vertex   4.142009e+01 3.340000e+00 1.228574e+01
      vertex   4.227795e+01 3.340000e+00 1.308535e+01
    endloop
  endfacet
  facet normal 0.000000e+00 -1.000000e+00 0.000000e+00
    outer loop
      vertex   4.142009e+01 3.340000e+00 1.228574e+01
      vertex   4.142908e+01 3.340000e+00 1.227863e+01
      vertex   4.227795e+01 3.340000e+00 1.308535e+01
    endloop
  endfacet
  facet normal 0.000000e+00 -1.000000e+00 0.000000e+00
    outer loop
      vertex   4.227795e+01 3.340000e+00 1.308535e+01
      vertex   4.142908e+01 3.340000e+00 1.227863e+01
      vertex   4.143811e+01 3.340000e+00 1.227156e+01
    endloop
  endfacet
  facet normal 0.000000e+00 -1.000000e+00 0.000000e+00
    outer loop
      vertex   4.227795e+01 3.340000e+00 1.308535e+01
      vertex   4.143811e+01 3.340000e+00 1.227156e+01
      vertex   4.144716e+01 3.340000e+00 1.226453e+01
    endloop
  endfacet
  facet normal 0.000000e+00 -1.000000e+00 0.000000e+00
    outer loop
      vertex   4.344403e+01 3.340000e+00 1.170809e+01
      vertex   4.345541e+01 3.340000e+00 1.170943e+01
      vertex   4.348522e+01 3.340000e+00 1.288011e+01
    endloop
  endfacet
  facet normal 0.000000e+00 -1.000000e+00 0.000000e+00
    outer loop
      vertex   4.348522e+01 3.340000e+00 1.288011e+01
      vertex   4.345541e+01 3.340000e+00 1.170943e+01
      vertex   4.346679e+01 3.340000e+00 1.171081e+01
    endloop
  endfacet
  facet normal 0.000000e+00 -1.000000e+00 0.000000e+00
    outer loop
      vertex   4.348522e+01 3.340000e+00 1.288011e+01
      vertex   4.346679e+01 3.340000e+00 1.171081e+01
      vertex   4.347816e+01 3.340000e+00 1.171224e+01
    endloop
  endfacet
  facet normal 0.000000e+00 -1.000000e+00 0.000000e+00
    outer loop
      vertex   4.481244e+01 3.340000e+00 1.226525e+01
      vertex   4.528363e+01 3.340000e+00 1.273077e+01
      vertex   4.398639e+01 3.340000e+00 1.308893e+01
    endloop
  endfacet
  facet normal 0.000000e+00 -1.000000e+00 0.000000e+00
    outer loop
      vertex   4.398639e+01 3.340000e+00 1.308893e+01
      vertex   4.528363e+01 3.340000e+00 1.273077e+01
      vertex   4.448401e+01 3.340000e+00 1.358864e+01
    endloop
  endfacet
  facet normal 0.000000e+00 -1.000000e+00 0.000000e+00
    outer loop
      vertex   4.528363e+01 3.340000e+00 1.273077e+01
      vertex   4.529073e+01 3.340000e+00 1.273977e+01
      vertex   4.448401e+01 3.340000e+00 1.358864e+01
    endloop
  endfacet
  facet normal 0.000000e+00 -1.000000e+00 0.000000e+00
    outer loop
      vertex   4.448401e+01 3.340000e+00 1.358864e+01
      vertex   4.529073e+01 3.340000e+00 1.273977e+01
      vertex   4.529780e+01 3.340000e+00 1.274879e+01
    endloop
  endfacet
  facet normal 0.000000e+00 -1.000000e+00 0.000000e+00
    outer loop
      vertex   4.448401e+01 3.340000e+00 1.358864e+01
      vertex   4.529780e+01 3.340000e+00 1.274879e+01
      vertex   4.530483e+01 3.340000e+00 1.275785e+01
    endloop
  endfacet
  facet normal 0.000000e+00 -1.000000e+00 0.000000e+00
    outer loop
      vertex   4.586128e+01 3.340000e+00 1.475471e+01
      vertex   4.585994e+01 3.340000e+00 1.476610e+01
      vertex   4.468926e+01 3.340000e+00 1.479590e+01
    endloop
  endfacet
  facet normal 0.000000e+00 -1.000000e+00 0.000000e+00
    outer loop
      vertex   4.468926e+01 3.340000e+00 1.479590e+01
      vertex   4.585994e+01 3.340000e+00 1.476610e+01
      vertex   4.585856e+01 3.340000e+00 1.477748e+01
    endloop
  endfacet
  facet normal 0.000000e+00 -1.000000e+00 0.000000e+00
    outer loop
      vertex   4.468926e+01 3.340000e+00 1.479590e+01
      vertex   4.585856e+01 3.340000e+00 1.477748e+01
      vertex   4.585713e+01 3.340000e+00 1.478885e+01
    endloop
  endfacet
  facet normal -0.000000e+00 -1.000000e+00 0.000000e+00
    outer loop
      vertex   4.530412e+01 3.340000e+00 1.612313e+01
      vertex   4.483859e+01 3.340000e+00 1.659431e+01
      vertex   4.448043e+01 3.340000e+00 1.529708e+01
    endloop
  endfacet
  facet normal 0.000000e+00 -1.000000e+00 0.000000e+00
    outer loop
      vertex   4.448043e+01 3.340000e+00 1.529708e+01
      vertex   4.483859e+01 3.340000e+00 1.659431e+01
      vertex   4.398073e+01 3.340000e+00 1.579470e+01
    endloop
  endfacet
  facet normal -0.000000e+00 -1.000000e+00 0.000000e+00
    outer loop
      vertex   4.483859e+01 3.340000e+00 1.659431e+01
      vertex   4.482960e+01 3.340000e+00 1.660142e+01
      vertex   4.398073e+01 3.340000e+00 1.579470e+01
    endloop
  endfacet
  facet normal 0.000000e+00 -1.000000e+00 0.000000e+00
    outer loop
      vertex   4.398073e+01 3.340000e+00 1.579470e+01
      vertex   4.482960e+01 3.340000e+00 1.660142e+01
      vertex   4.482057e+01 3.340000e+00 1.660849e+01
    endloop
  endfacet
  facet normal 0.000000e+00 -1.000000e+00 0.000000e+00
    outer loop
      vertex   4.398073e+01 3.340000e+00 1.579470e+01
      vertex   4.482057e+01 3.340000e+00 1.660849e+01
      vertex   4.481152e+01 3.340000e+00 1.661552e+01
    endloop
  endfacet
  facet normal 7.028228e-01 0.000000e+00 -7.113650e-01
    outer loop
      vertex   4.227795e+01 3.340000e+00 1.308535e+01
      vertex   4.144716e+01 3.340000e+00 1.226453e+01
      vertex   4.227795e+01 1.000000e+01 1.308535e+01
    endloop
  endfacet
  facet normal 7.028228e-01 0.000000e+00 -7.113650e-01
    outer loop
      vertex   4.227795e+01 1.000000e+01 1.308535e+01
      vertex   4.144716e+01 3.340000e+00 1.226453e+01
      vertex   4.144716e+01 1.000000e+01 1.226453e+01
    endloop
  endfacet
  facet normal -6.133495e-01 -0.000000e+00 -7.898116e-01
    outer loop
      vertex   4.144716e+01 1.000000e+01 1.226453e+01
      vertex   4.144716e+01 3.340000e+00 1.226453e+01
      vertex   4.143811e+01 1.000000e+01 1.227156e+01
    endloop
  endfacet
  facet normal -6.133495e-01 -0.000000e+00 -7.898116e-01
    outer loop
      vertex   4.143811e+01 1.000000e+01 1.227156e+01
      vertex   4.144716e+01 3.340000e+00 1.226453e+01
      vertex   4.143811e+01 3.340000e+00 1.227156e+01
    endloop
  endfacet
  facet normal -6.166362e-01 -0.000000e+00 -7.872482e-01
    outer loop
      vertex   4.143811e+01 1.000000e+01 1.227156e+01
      vertex   4.143811e+01 3.340000e+00 1.227156e+01
      vertex   4.142908e+01 1.000000e+01 1.227863e+01
    endloop
  endfacet
  facet normal -6.166362e-01 -0.000000e+00 -7.872482e-01
    outer loop
      vertex   4.142908e+01 1.000000e+01 1.227863e+01
      vertex   4.143811e+01 3.340000e+00 1.227156e+01
      vertex   4.142908e+01 3.340000e+00 1.227863e+01
    endloop
  endfacet
  facet normal -6.199122e-01 -0.000000e+00 -7.846711e-01
    outer loop
      vertex   4.142908e+01 1.000000e+01 1.227863e+01
      vertex   4.142908e+01 3.340000e+00 1.227863e+01
      vertex   4.142009e+01 1.000000e+01 1.228574e+01
    endloop
  endfacet
  facet normal -6.199122e-01 -0.000000e+00 -7.846711e-01
    outer loop
      vertex   4.142009e+01 1.000000e+01 1.228574e+01
      vertex   4.142908e+01 3.340000e+00 1.227863e+01
      vertex   4.142009e+01 3.340000e+00 1.228574e+01
    endloop
  endfacet
  facet normal -7.113650e-01 0.000000e+00 -7.028228e-01
    outer loop
      vertex   4.142009e+01 3.340000e+00 1.228574e+01
      vertex   4.095456e+01 3.340000e+00 1.275692e+01
      vertex   4.142009e+01 1.000000e+01 1.228574e+01
    endloop
  endfacet
  facet normal -7.113650e-01 0.000000e+00 -7.028228e-01
    outer loop
      vertex   4.142009e+01 1.000000e+01 1.228574e+01
      vertex   4.095456e+01 3.340000e+00 1.275692e+01
      vertex   4.095456e+01 1.000000e+01 1.275692e+01
    endloop
  endfacet
  facet normal -7.081190e-01 0.000000e+00 7.060931e-01
    outer loop
      vertex   4.095456e+01 3.340000e+00 1.275692e+01
      vertex   4.177825e+01 3.340000e+00 1.358297e+01
      vertex   4.095456e+01 1.000000e+01 1.275692e+01
    endloop
  endfacet
  facet normal -7.081190e-01 0.000000e+00 7.060931e-01
    outer loop
      vertex   4.095456e+01 1.000000e+01 1.275692e+01
      vertex   4.177825e+01 3.340000e+00 1.358297e+01
      vertex   4.177825e+01 1.000000e+01 1.358297e+01
    endloop
  endfacet
  facet normal -8.664919e-01 0.000000e+00 -4.991911e-01
    outer loop
      vertex   4.171018e+01 3.340000e+00 1.370112e+01
      vertex   4.171018e+01 5.560000e+00 1.370112e+01
      vertex   4.177825e+01 3.340000e+00 1.358297e+01
    endloop
  endfacet
  facet normal -8.664919e-01 0.000000e+00 -4.991911e-01
    outer loop
      vertex   4.177825e+01 3.340000e+00 1.358297e+01
      vertex   4.171018e+01 5.560000e+00 1.370112e+01
      vertex   4.171018e+01 7.780000e+00 1.370112e+01
    endloop
  endfacet
  facet normal -8.664919e-01 0.000000e+00 -4.991911e-01
    outer loop
      vertex   4.177825e+01 3.340000e+00 1.358297e+01
      vertex   4.171018e+01 7.780000e+00 1.370112e+01
      vertex   4.177825e+01 1.000000e+01 1.358297e+01
    endloop
  endfacet
  facet normal -8.664919e-01 -4.011502e-16 -4.991911e-01
    outer loop
      vertex   4.177825e+01 1.000000e+01 1.358297e+01
      vertex   4.171018e+01 7.780000e+00 1.370112e+01
      vertex   4.171018e+01 1.000000e+01 1.370112e+01
    endloop
  endfacet
  facet normal -9.058485e-01 -3.389495e-16 -4.236018e-01
    outer loop
      vertex   4.171018e+01 1.000000e+01 1.370112e+01
      vertex   4.171018e+01 7.780000e+00 1.370112e+01
      vertex   4.165242e+01 1.000000e+01 1.382464e+01
    endloop
  endfacet
  facet normal -9.058485e-01 -0.000000e+00 -4.236018e-01
    outer loop
      vertex   4.165242e+01 1.000000e+01 1.382464e+01
      vertex   4.171018e+01 7.780000e+00 1.370112e+01
      vertex   4.165242e+01 7.780000e+00 1.382464e+01
    endloop
  endfacet
  facet normal -9.386262e-01 -0.000000e+00 -3.449361e-01
    outer loop
      vertex   4.165242e+01 1.000000e+01 1.382464e+01
      vertex   4.165242e+01 7.780000e+00 1.382464e+01
      vertex   4.160539e+01 1.000000e+01 1.395262e+01
    endloop
  endfacet
  facet normal -9.386262e-01 -0.000000e+00 -3.449361e-01
    outer loop
      vertex   4.160539e+01 1.000000e+01 1.395262e+01
      vertex   4.165242e+01 7.780000e+00 1.382464e+01
      vertex   4.160539e+01 7.780000e+00 1.395262e+01
    endloop
  endfacet
  facet normal -9.645869e-01 -0.000000e+00 -2.637652e-01
    outer loop
      vertex   4.160539e+01 1.000000e+01 1.395262e+01
      vertex   4.160539e+01 7.780000e+00 1.395262e+01
      vertex   4.156942e+01 1.000000e+01 1.408415e+01
    endloop
  endfacet
  facet normal -9.645869e-01 0.000000e+00 -2.637652e-01
    outer loop
      vertex   4.156942e+01 1.000000e+01 1.408415e+01
      vertex   4.160539e+01 7.780000e+00 1.395262e+01
      vertex   4.160539e+01 5.560000e+00 1.395262e+01
    endloop
  endfacet
  facet normal -9.645869e-01 -0.000000e+00 -2.637652e-01
    outer loop
      vertex   4.156942e+01 1.000000e+01 1.408415e+01
      vertex   4.160539e+01 5.560000e+00 1.395262e+01
      vertex   4.156942e+01 3.340000e+00 1.408415e+01
    endloop
  endfacet
  facet normal -9.645869e-01 0.000000e+00 -2.637652e-01
    outer loop
      vertex   4.156942e+01 3.340000e+00 1.408415e+01
      vertex   4.160539e+01 5.560000e+00 1.395262e+01
      vertex   4.160539e+01 3.340000e+00 1.395262e+01
    endloop
  endfacet
  facet normal -9.386262e-01 0.000000e+00 -3.449361e-01
    outer loop
      vertex   4.160539e+01 3.340000e+00 1.395262e+01
      vertex   4.160539e+01 5.560000e+00 1.395262e+01
      vertex   4.165242e+01 3.340000e+00 1.382464e+01
    endloop
  endfacet
  facet normal -9.386262e-01 0.000000e+00 -3.449361e-01
    outer loop
      vertex   4.165242e+01 3.340000e+00 1.382464e+01
      vertex   4.160539e+01 5.560000e+00 1.395262e+01
      vertex   4.165242e+01 5.560000e+00 1.382464e+01
    endloop
  endfacet
  facet normal -9.058485e-01 0.000000e+00 -4.236018e-01
    outer loop
      vertex   4.165242e+01 3.340000e+00 1.382464e+01
      vertex   4.165242e+01 5.560000e+00 1.382464e+01
      vertex   4.171018e+01 3.340000e+00 1.370112e+01
    endloop
  endfacet
  facet normal -9.058485e-01 0.000000e+00 -4.236018e-01
    outer loop
      vertex   4.171018e+01 3.340000e+00 1.370112e+01
      vertex   4.165242e+01 5.560000e+00 1.382464e+01
      vertex   4.171018e+01 5.560000e+00 1.370112e+01
    endloop
  endfacet
  facet normal -9.058485e-01 0.000000e+00 -4.236018e-01
    outer loop
      vertex   4.165242e+01 7.780000e+00 1.382464e+01
      vertex   4.171018e+01 7.780000e+00 1.370112e+01
      vertex   4.171018e+01 5.560000e+00 1.370112e+01
    endloop
  endfacet
  facet normal -9.058485e-01 -0.000000e+00 -4.236018e-01
    outer loop
      vertex   4.165242e+01 7.780000e+00 1.382464e+01
      vertex   4.171018e+01 5.560000e+00 1.370112e+01
      vertex   4.165242e+01 5.560000e+00 1.382464e+01
    endloop
  endfacet
  facet normal -9.386262e-01 0.000000e+00 -3.449361e-01
    outer loop
      vertex   4.160539e+01 7.780000e+00 1.395262e+01
      vertex   4.165242e+01 7.780000e+00 1.382464e+01
      vertex   4.165242e+01 5.560000e+00 1.382464e+01
    endloop
  endfacet
  facet normal -9.386262e-01 -0.000000e+00 -3.449361e-01
    outer loop
      vertex   4.160539e+01 7.780000e+00 1.395262e+01
      vertex   4.165242e+01 5.560000e+00 1.382464e+01
      vertex   4.160539e+01 5.560000e+00 1.395262e+01
    endloop
  endfacet
  facet normal -6.040233e-03 0.000000e+00 -9.999818e-01
    outer loop
      vertex   4.156942e+01 3.340000e+00 1.408415e+01
      vertex   4.040155e+01 3.340000e+00 1.409120e+01
      vertex   4.156942e+01 1.000000e+01 1.408415e+01
    endloop
  endfacet
  facet normal -6.040233e-03 0.000000e+00 -9.999818e-01
    outer loop
      vertex   4.156942e+01 1.000000e+01 1.408415e+01
      vertex   4.040155e+01 3.340000e+00 1.409120e+01
      vertex   4.040155e+01 1.000000e+01 1.409120e+01
    endloop
  endfacet
  facet normal -9.921847e-01 -0.000000e+00 -1.247775e-01
    outer loop
      vertex   4.040155e+01 1.000000e+01 1.409120e+01
      vertex   4.040155e+01 3.340000e+00 1.409120e+01
      vertex   4.040012e+01 1.000000e+01 1.410258e+01
    endloop
  endfacet
  facet normal -9.921847e-01 -0.000000e+00 -1.247775e-01
    outer loop
      vertex   4.040012e+01 1.000000e+01 1.410258e+01
      vertex   4.040155e+01 3.340000e+00 1.409120e+01
      vertex   4.040012e+01 3.340000e+00 1.410258e+01
    endloop
  endfacet
  facet normal -9.926962e-01 -0.000000e+00 -1.206409e-01
    outer loop
      vertex   4.040012e+01 1.000000e+01 1.410258e+01
      vertex   4.040012e+01 3.340000e+00 1.410258e+01
      vertex   4.039874e+01 1.000000e+01 1.411395e+01
    endloop
  endfacet
  facet normal -9.926962e-01 -0.000000e+00 -1.206409e-01
    outer loop
      vertex   4.039874e+01 1.000000e+01 1.411395e+01
      vertex   4.040012e+01 3.340000e+00 1.410258e+01
      vertex   4.039874e+01 3.340000e+00 1.411395e+01
    endloop
  endfacet
  facet normal -9.931904e-01 -0.000000e+00 -1.165021e-01
    outer loop
      vertex   4.039874e+01 1.000000e+01 1.411395e+01
      vertex   4.039874e+01 3.340000e+00 1.411395e+01
      vertex   4.039740e+01 1.000000e+01 1.412534e+01
    endloop
  endfacet
  facet normal -9.931904e-01 -0.000000e+00 -1.165021e-01
    outer loop
      vertex   4.039740e+01 1.000000e+01 1.412534e+01
      vertex   4.039874e+01 3.340000e+00 1.411395e+01
      vertex   4.039740e+01 3.340000e+00 1.412534e+01
    endloop
  endfacet
  facet normal -9.999818e-01 0.000000e+00 6.040233e-03
    outer loop
      vertex   4.039740e+01 3.340000e+00 1.412534e+01
      vertex   4.040141e+01 3.340000e+00 1.478769e+01
      vertex   4.039740e+01 1.000000e+01 1.412534e+01
    endloop
  endfacet
  facet normal -9.999818e-01 0.000000e+00 6.040233e-03
    outer loop
      vertex   4.039740e+01 1.000000e+01 1.412534e+01
      vertex   4.040141e+01 3.340000e+00 1.478769e+01
      vertex   4.040141e+01 1.000000e+01 1.478769e+01
    endloop
  endfacet
  facet normal -1.432496e-03 0.000000e+00 9.999990e-01
    outer loop
      vertex   4.040141e+01 3.340000e+00 1.478769e+01
      vertex   4.156794e+01 3.340000e+00 1.478937e+01
      vertex   4.040141e+01 1.000000e+01 1.478769e+01
    endloop
  endfacet
  facet normal -1.432496e-03 0.000000e+00 9.999990e-01
    outer loop
      vertex   4.040141e+01 1.000000e+01 1.478769e+01
      vertex   4.156794e+01 3.340000e+00 1.478937e+01
      vertex   4.156794e+01 1.000000e+01 1.478937e+01
    endloop
  endfacet
  facet normal -9.656837e-01 0.000000e+00 2.597209e-01
    outer loop
      vertex   4.160336e+01 3.340000e+00 1.492104e+01
      vertex   4.160336e+01 5.560000e+00 1.492104e+01
      vertex   4.156794e+01 3.340000e+00 1.478937e+01
    endloop
  endfacet
  facet normal -9.656837e-01 0.000000e+00 2.597209e-01
    outer loop
      vertex   4.156794e+01 3.340000e+00 1.478937e+01
      vertex   4.160336e+01 5.560000e+00 1.492104e+01
      vertex   4.160336e+01 7.780000e+00 1.492104e+01
    endloop
  endfacet
  facet normal -9.656837e-01 0.000000e+00 2.597209e-01
    outer loop
      vertex   4.156794e+01 3.340000e+00 1.478937e+01
      vertex   4.160336e+01 7.780000e+00 1.492104e+01
      vertex   4.156794e+01 1.000000e+01 1.478937e+01
    endloop
  endfacet
  facet normal -9.656837e-01 0.000000e+00 2.597209e-01
    outer loop
      vertex   4.156794e+01 1.000000e+01 1.478937e+01
      vertex   4.160336e+01 7.780000e+00 1.492104e+01
      vertex   4.160336e+01 1.000000e+01 1.492104e+01
    endloop
  endfacet
  facet normal -9.400633e-01 0.000000e+00 3.409999e-01
    outer loop
      vertex   4.160336e+01 1.000000e+01 1.492104e+01
      vertex   4.160336e+01 7.780000e+00 1.492104e+01
      vertex   4.164985e+01 1.000000e+01 1.504922e+01
    endloop
  endfacet
  facet normal -9.400633e-01 -2.728547e-16 3.409999e-01
    outer loop
      vertex   4.164985e+01 1.000000e+01 1.504922e+01
      vertex   4.160336e+01 7.780000e+00 1.492104e+01
      vertex   4.164985e+01 7.780000e+00 1.504922e+01
    endloop
  endfacet
  facet normal -9.076156e-01 -3.359093e-16 4.198023e-01
    outer loop
      vertex   4.164985e+01 1.000000e+01 1.504922e+01
      vertex   4.164985e+01 7.780000e+00 1.504922e+01
      vertex   4.170709e+01 1.000000e+01 1.517298e+01
    endloop
  endfacet
  facet normal -9.076156e-01 -3.359093e-16 4.198023e-01
    outer loop
      vertex   4.170709e+01 1.000000e+01 1.517298e+01
      vertex   4.164985e+01 7.780000e+00 1.504922e+01
      vertex   4.170709e+01 7.780000e+00 1.517298e+01
    endloop
  endfacet
  facet normal -8.685761e-01 -3.965243e-16 4.955558e-01
    outer loop
      vertex   4.170709e+01 1.000000e+01 1.517298e+01
      vertex   4.170709e+01 7.780000e+00 1.517298e+01
      vertex   4.177467e+01 1.000000e+01 1.529141e+01
    endloop
  endfacet
  facet normal -8.685761e-01 0.000000e+00 4.955558e-01
    outer loop
      vertex   4.177467e+01 1.000000e+01 1.529141e+01
      vertex   4.170709e+01 7.780000e+00 1.517298e+01
      vertex   4.170709e+01 5.560000e+00 1.517298e+01
    endloop
  endfacet
  facet normal -8.685761e-01 0.000000e+00 4.955558e-01
    outer loop
      vertex   4.177467e+01 1.000000e+01 1.529141e+01
      vertex   4.170709e+01 5.560000e+00 1.517298e+01
      vertex   4.177467e+01 3.340000e+00 1.529141e+01
    endloop
  endfacet
  facet normal -8.685761e-01 3.954195e-16 4.955558e-01
    outer loop
      vertex   4.177467e+01 3.340000e+00 1.529141e+01
      vertex   4.170709e+01 5.560000e+00 1.517298e+01
      vertex   4.170709e+01 3.340000e+00 1.517298e+01
    endloop
  endfacet
  facet normal -9.076156e-01 3.359093e-16 4.198023e-01
    outer loop
      vertex   4.170709e+01 3.340000e+00 1.517298e+01
      vertex   4.170709e+01 5.560000e+00 1.517298e+01
      vertex   4.164985e+01 3.340000e+00 1.504922e+01
    endloop
  endfacet
  facet normal -9.076156e-01 0.000000e+00 4.198023e-01
    outer loop
      vertex   4.164985e+01 3.340000e+00 1.504922e+01
      vertex   4.170709e+01 5.560000e+00 1.517298e+01
      vertex   4.164985e+01 5.560000e+00 1.504922e+01
    endloop
  endfacet
  facet normal -9.400633e-01 0.000000e+00 3.409999e-01
    outer loop
      vertex   4.164985e+01 3.340000e+00 1.504922e+01
      vertex   4.164985e+01 5.560000e+00 1.504922e+01
      vertex   4.160336e+01 3.340000e+00 1.492104e+01
    endloop
  endfacet
  facet normal -9.400633e-01 0.000000e+00 3.409999e-01
    outer loop
      vertex   4.160336e+01 3.340000e+00 1.492104e+01
      vertex   4.164985e+01 5.560000e+00 1.504922e+01
      vertex   4.160336e+01 5.560000e+00 1.492104e+01
    endloop
  endfacet
  facet normal -9.400633e-01 0.000000e+00 3.409999e-01
    outer loop
      vertex   4.164985e+01 7.780000e+00 1.504922e+01
      vertex   4.160336e+01 7.780000e+00 1.492104e+01
      vertex   4.160336e+01 5.560000e+00 1.492104e+01
    endloop
  endfacet
  facet normal -9.400633e-01 0.000000e+00 3.409999e-01
    outer loop
      vertex   4.164985e+01 7.780000e+00 1.504922e+01
      vertex   4.160336e+01 5.560000e+00 1.492104e+01
      vertex   4.164985e+01 5.560000e+00 1.504922e+01
    endloop
  endfacet
  facet normal -9.076156e-01 0.000000e+00 4.198023e-01
    outer loop
      vertex   4.170709e+01 7.780000e+00 1.517298e+01
      vertex   4.164985e+01 7.780000e+00 1.504922e+01
      vertex   4.164985e+01 5.560000e+00 1.504922e+01
    endloop
  endfacet
  facet normal -9.076156e-01 0.000000e+00 4.198023e-01
    outer loop
      vertex   4.170709e+01 7.780000e+00 1.517298e+01
      vertex   4.164985e+01 5.560000e+00 1.504922e+01
      vertex   4.170709e+01 5.560000e+00 1.517298e+01
    endloop
  endfacet
  facet normal -7.113650e-01 0.000000e+00 -7.028228e-01
    outer loop
      vertex   4.177467e+01 3.340000e+00 1.529141e+01
      vertex   4.095385e+01 3.340000e+00 1.612221e+01
      vertex   4.177467e+01 1.000000e+01 1.529141e+01
    endloop
  endfacet
  facet normal -7.113650e-01 0.000000e+00 -7.028228e-01
    outer loop
      vertex   4.177467e+01 1.000000e+01 1.529141e+01
      vertex   4.095385e+01 3.340000e+00 1.612221e+01
      vertex   4.095385e+01 1.000000e+01 1.612221e+01
    endloop
  endfacet
  facet normal -7.898116e-01 0.000000e+00 6.133495e-01
    outer loop
      vertex   4.095385e+01 1.000000e+01 1.612221e+01
      vertex   4.095385e+01 3.340000e+00 1.612221e+01
      vertex   4.096088e+01 1.000000e+01 1.613126e+01
    endloop
  endfacet
  facet normal -7.898116e-01 0.000000e+00 6.133495e-01
    outer loop
      vertex   4.096088e+01 1.000000e+01 1.613126e+01
      vertex   4.095385e+01 3.340000e+00 1.612221e+01
      vertex   4.096088e+01 3.340000e+00 1.613126e+01
    endloop
  endfacet
  facet normal -7.872482e-01 0.000000e+00 6.166362e-01
    outer loop
      vertex   4.096088e+01 1.000000e+01 1.613126e+01
      vertex   4.096088e+01 3.340000e+00 1.613126e+01
      vertex   4.096795e+01 1.000000e+01 1.614028e+01
    endloop
  endfacet
  facet normal -7.872482e-01 0.000000e+00 6.166362e-01
    outer loop
      vertex   4.096795e+01 1.000000e+01 1.614028e+01
      vertex   4.096088e+01 3.340000e+00 1.613126e+01
      vertex   4.096795e+01 3.340000e+00 1.614028e+01
    endloop
  endfacet
  facet normal -7.846711e-01 0.000000e+00 6.199122e-01
    outer loop
      vertex   4.096795e+01 1.000000e+01 1.614028e+01
      vertex   4.096795e+01 3.340000e+00 1.614028e+01
      vertex   4.097505e+01 1.000000e+01 1.614928e+01
    endloop
  endfacet
  facet normal -7.846711e-01 0.000000e+00 6.199122e-01
    outer loop
      vertex   4.097505e+01 1.000000e+01 1.614928e+01
      vertex   4.096795e+01 3.340000e+00 1.614028e+01
      vertex   4.097505e+01 3.340000e+00 1.614928e+01
    endloop
  endfacet
  facet normal -7.028228e-01 0.000000e+00 7.113650e-01
    outer loop
      vertex   4.097505e+01 3.340000e+00 1.614928e+01
      vertex   4.144624e+01 3.340000e+00 1.661481e+01
      vertex   4.097505e+01 1.000000e+01 1.614928e+01
    endloop
  endfacet
  facet normal -7.028228e-01 0.000000e+00 7.113650e-01
    outer loop
      vertex   4.097505e+01 1.000000e+01 1.614928e+01
      vertex   4.144624e+01 3.340000e+00 1.661481e+01
      vertex   4.144624e+01 1.000000e+01 1.661481e+01
    endloop
  endfacet
  facet normal 7.060931e-01 -0.000000e+00 7.081190e-01
    outer loop
      vertex   4.144624e+01 3.340000e+00 1.661481e+01
      vertex   4.227228e+01 3.340000e+00 1.579112e+01
      vertex   4.144624e+01 1.000000e+01 1.661481e+01
    endloop
  endfacet
  facet normal 7.060931e-01 0.000000e+00 7.081190e-01
    outer loop
      vertex   4.144624e+01 1.000000e+01 1.661481e+01
      vertex   4.227228e+01 3.340000e+00 1.579112e+01
      vertex   4.227228e+01 1.000000e+01 1.579112e+01
    endloop
  endfacet
  facet normal -4.991911e-01 1.386666e-15 8.664919e-01
    outer loop
      vertex   4.239043e+01 3.340000e+00 1.585919e+01
      vertex   4.239043e+01 5.560000e+00 1.585919e+01
      vertex   4.227228e+01 3.340000e+00 1.579112e+01
    endloop
  endfacet
  facet normal -4.991911e-01 0.000000e+00 8.664919e-01
    outer loop
      vertex   4.227228e+01 3.340000e+00 1.579112e+01
      vertex   4.239043e+01 5.560000e+00 1.585919e+01
      vertex   4.239043e+01 7.780000e+00 1.585919e+01
    endloop
  endfacet
  facet normal -4.991911e-01 0.000000e+00 8.664919e-01
    outer loop
      vertex   4.227228e+01 3.340000e+00 1.579112e+01
      vertex   4.239043e+01 7.780000e+00 1.585919e+01
      vertex   4.227228e+01 1.000000e+01 1.579112e+01
    endloop
  endfacet
  facet normal -4.991911e-01 0.000000e+00 8.664919e-01
    outer loop
      vertex   4.227228e+01 1.000000e+01 1.579112e+01
      vertex   4.239043e+01 7.780000e+00 1.585919e+01
      vertex   4.239043e+01 1.000000e+01 1.585919e+01
    endloop
  endfacet
  facet normal -4.236018e-01 0.000000e+00 9.058485e-01
    outer loop
      vertex   4.239043e+01 1.000000e+01 1.585919e+01
      vertex   4.239043e+01 7.780000e+00 1.585919e+01
      vertex   4.251395e+01 1.000000e+01 1.591695e+01
    endloop
  endfacet
  facet normal -4.236018e-01 -7.248244e-16 9.058485e-01
    outer loop
      vertex   4.251395e+01 1.000000e+01 1.591695e+01
      vertex   4.239043e+01 7.780000e+00 1.585919e+01
      vertex   4.251395e+01 7.780000e+00 1.591695e+01
    endloop
  endfacet
  facet normal -3.449361e-01 -7.510518e-16 9.386262e-01
    outer loop
      vertex   4.251395e+01 1.000000e+01 1.591695e+01
      vertex   4.251395e+01 7.780000e+00 1.591695e+01
      vertex   4.264194e+01 1.000000e+01 1.596398e+01
    endloop
  endfacet
  facet normal -3.449361e-01 0.000000e+00 9.386262e-01
    outer loop
      vertex   4.264194e+01 1.000000e+01 1.596398e+01
      vertex   4.251395e+01 7.780000e+00 1.591695e+01
      vertex   4.264194e+01 7.780000e+00 1.596398e+01
    endloop
  endfacet
  facet normal -2.637652e-01 0.000000e+00 9.645869e-01
    outer loop
      vertex   4.264194e+01 1.000000e+01 1.596398e+01
      vertex   4.264194e+01 7.780000e+00 1.596398e+01
      vertex   4.277346e+01 1.000000e+01 1.599995e+01
    endloop
  endfacet
  facet normal -2.637652e-01 0.000000e+00 9.645869e-01
    outer loop
      vertex   4.277346e+01 1.000000e+01 1.599995e+01
      vertex   4.264194e+01 7.780000e+00 1.596398e+01
      vertex   4.264194e+01 5.560000e+00 1.596398e+01
    endloop
  endfacet
  facet normal -2.637652e-01 0.000000e+00 9.645869e-01
    outer loop
      vertex   4.277346e+01 1.000000e+01 1.599995e+01
      vertex   4.264194e+01 5.560000e+00 1.596398e+01
      vertex   4.277346e+01 3.340000e+00 1.599995e+01
    endloop
  endfacet
  facet normal -2.637652e-01 0.000000e+00 9.645869e-01
    outer loop
      vertex   4.277346e+01 3.340000e+00 1.599995e+01
      vertex   4.264194e+01 5.560000e+00 1.596398e+01
      vertex   4.264194e+01 3.340000e+00 1.596398e+01
    endloop
  endfacet
  facet normal -3.449361e-01 0.000000e+00 9.386262e-01
    outer loop
      vertex   4.264194e+01 3.340000e+00 1.596398e+01
      vertex   4.264194e+01 5.560000e+00 1.596398e+01
      vertex   4.251395e+01 3.340000e+00 1.591695e+01
    endloop
  endfacet
  facet normal -3.449361e-01 7.510518e-16 9.386262e-01
    outer loop
      vertex   4.251395e+01 3.340000e+00 1.591695e+01
      vertex   4.264194e+01 5.560000e+00 1.596398e+01
      vertex   4.251395e+01 5.560000e+00 1.591695e+01
    endloop
  endfacet
  facet normal -4.236018e-01 7.248244e-16 9.058485e-01
    outer loop
      vertex   4.251395e+01 3.340000e+00 1.591695e+01
      vertex   4.251395e+01 5.560000e+00 1.591695e+01
      vertex   4.239043e+01 3.340000e+00 1.585919e+01
    endloop
  endfacet
  facet normal -4.236018e-01 1.449649e-15 9.058485e-01
    outer loop
      vertex   4.239043e+01 3.340000e+00 1.585919e+01
      vertex   4.251395e+01 5.560000e+00 1.591695e+01
      vertex   4.239043e+01 5.560000e+00 1.585919e+01
    endloop
  endfacet
  facet normal -4.236018e-01 0.000000e+00 9.058485e-01
    outer loop
      vertex   4.251395e+01 7.780000e+00 1.591695e+01
      vertex   4.239043e+01 7.780000e+00 1.585919e+01
      vertex   4.239043e+01 5.560000e+00 1.585919e+01
    endloop
  endfacet
  facet normal -4.236018e-01 0.000000e+00 9.058485e-01
    outer loop
      vertex   4.251395e+01 7.780000e+00 1.591695e+01
      vertex   4.239043e+01 5.560000e+00 1.585919e+01
      vertex   4.251395e+01 5.560000e+00 1.591695e+01
    endloop
  endfacet
  facet normal -3.449361e-01 0.000000e+00 9.386262e-01
    outer loop
      vertex   4.264194e+01 7.780000e+00 1.596398e+01
      vertex   4.251395e+01 7.780000e+00 1.591695e+01
      vertex   4.251395e+01 5.560000e+00 1.591695e+01
    endloop
  endfacet
  facet normal -3.449361e-01 0.000000e+00 9.386262e-01
    outer loop
      vertex   4.264194e+01 7.780000e+00 1.596398e+01
      vertex   4.251395e+01 5.560000e+00 1.591695e+01
      vertex   4.264194e+01 5.560000e+00 1.596398e+01
    endloop
  endfacet
  facet normal -9.999818e-01 0.000000e+00 6.040233e-03
    outer loop
      vertex   4.277346e+01 3.340000e+00 1.599995e+01
      vertex   4.278052e+01 3.340000e+00 1.716781e+01
      vertex   4.277346e+01 1.000000e+01 1.599995e+01
    endloop
  endfacet
  facet normal -9.999818e-01 0.000000e+00 6.040233e-03
    outer loop
      vertex   4.277346e+01 1.000000e+01 1.599995e+01
      vertex   4.278052e+01 3.340000e+00 1.716781e+01
      vertex   4.278052e+01 1.000000e+01 1.716781e+01
    endloop
  endfacet
  facet normal -1.247775e-01 0.000000e+00 9.921847e-01
    outer loop
      vertex   4.278052e+01 1.000000e+01 1.716781e+01
      vertex   4.278052e+01 3.340000e+00 1.716781e+01
      vertex   4.279189e+01 1.000000e+01 1.716924e+01
    endloop
  endfacet
  facet normal -1.247775e-01 -5.292715e-16 9.921847e-01
    outer loop
      vertex   4.279189e+01 1.000000e+01 1.716924e+01
      vertex   4.278052e+01 3.340000e+00 1.716781e+01
      vertex   4.279189e+01 3.340000e+00 1.716924e+01
    endloop
  endfacet
  facet normal -1.206409e-01 -5.295444e-16 9.926962e-01
    outer loop
      vertex   4.279189e+01 1.000000e+01 1.716924e+01
      vertex   4.279189e+01 3.340000e+00 1.716924e+01
      vertex   4.280327e+01 1.000000e+01 1.717063e+01
    endloop
  endfacet
  facet normal -1.206409e-01 0.000000e+00 9.926962e-01
    outer loop
      vertex   4.280327e+01 1.000000e+01 1.717063e+01
      vertex   4.279189e+01 3.340000e+00 1.716924e+01
      vertex   4.280327e+01 3.340000e+00 1.717063e+01
    endloop
  endfacet
  facet normal -1.165021e-01 0.000000e+00 9.931904e-01
    outer loop
      vertex   4.280327e+01 1.000000e+01 1.717063e+01
      vertex   4.280327e+01 3.340000e+00 1.717063e+01
      vertex   4.281465e+01 1.000000e+01 1.717196e+01
    endloop
  endfacet
  facet normal -1.165021e-01 0.000000e+00 9.931904e-01
    outer loop
      vertex   4.281465e+01 1.000000e+01 1.717196e+01
      vertex   4.280327e+01 3.340000e+00 1.717063e+01
      vertex   4.281465e+01 3.340000e+00 1.717196e+01
    endloop
  endfacet
  facet normal 6.040233e-03 -0.000000e+00 9.999818e-01
    outer loop
      vertex   4.281465e+01 3.340000e+00 1.717196e+01
      vertex   4.347701e+01 3.340000e+00 1.716796e+01
      vertex   4.281465e+01 1.000000e+01 1.717196e+01
    endloop
  endfacet
  facet normal 6.040233e-03 0.000000e+00 9.999818e-01
    outer loop
      vertex   4.281465e+01 1.000000e+01 1.717196e+01
      vertex   4.347701e+01 3.340000e+00 1.716796e+01
      vertex   4.347701e+01 1.000000e+01 1.716796e+01
    endloop
  endfacet
  facet normal 9.999990e-01 -0.000000e+00 1.432495e-03
    outer loop
      vertex   4.347701e+01 3.340000e+00 1.716796e+01
      vertex   4.347868e+01 3.340000e+00 1.600142e+01
      vertex   4.347701e+01 1.000000e+01 1.716796e+01
    endloop
  endfacet
  facet normal 9.999990e-01 0.000000e+00 1.432495e-03
    outer loop
      vertex   4.347701e+01 1.000000e+01 1.716796e+01
      vertex   4.347868e+01 3.340000e+00 1.600142e+01
      vertex   4.347868e+01 1.000000e+01 1.600142e+01
    endloop
  endfacet
  facet normal 2.597209e-01 -0.000000e+00 9.656837e-01
    outer loop
      vertex   4.361035e+01 3.340000e+00 1.596601e+01
      vertex   4.361035e+01 5.560000e+00 1.596601e+01
      vertex   4.347868e+01 3.340000e+00 1.600142e+01
    endloop
  endfacet
  facet normal 2.597209e-01 0.000000e+00 9.656837e-01
    outer loop
      vertex   4.347868e+01 3.340000e+00 1.600142e+01
      vertex   4.361035e+01 5.560000e+00 1.596601e+01
      vertex   4.361035e+01 7.780000e+00 1.596601e+01
    endloop
  endfacet
  facet normal 2.597209e-01 -0.000000e+00 9.656837e-01
    outer loop
      vertex   4.347868e+01 3.340000e+00 1.600142e+01
      vertex   4.361035e+01 7.780000e+00 1.596601e+01
      vertex   4.347868e+01 1.000000e+01 1.600142e+01
    endloop
  endfacet
  facet normal 2.597209e-01 0.000000e+00 9.656837e-01
    outer loop
      vertex   4.347868e+01 1.000000e+01 1.600142e+01
      vertex   4.361035e+01 7.780000e+00 1.596601e+01
      vertex   4.361035e+01 1.000000e+01 1.596601e+01
    endloop
  endfacet
  facet normal 3.409999e-01 0.000000e+00 9.400633e-01
    outer loop
      vertex   4.361035e+01 1.000000e+01 1.596601e+01
      vertex   4.361035e+01 7.780000e+00 1.596601e+01
      vertex   4.373853e+01 1.000000e+01 1.591951e+01
    endloop
  endfacet
  facet normal 3.409999e-01 7.522018e-16 9.400633e-01
    outer loop
      vertex   4.373853e+01 1.000000e+01 1.591951e+01
      vertex   4.361035e+01 7.780000e+00 1.596601e+01
      vertex   4.373853e+01 7.780000e+00 1.591951e+01
    endloop
  endfacet
  facet normal 4.198023e-01 7.262383e-16 9.076156e-01
    outer loop
      vertex   4.373853e+01 1.000000e+01 1.591951e+01
      vertex   4.373853e+01 7.780000e+00 1.591951e+01
      vertex   4.386229e+01 1.000000e+01 1.586227e+01
    endloop
  endfacet
  facet normal 4.198023e-01 -7.262383e-16 9.076156e-01
    outer loop
      vertex   4.386229e+01 1.000000e+01 1.586227e+01
      vertex   4.373853e+01 7.780000e+00 1.591951e+01
      vertex   4.386229e+01 7.780000e+00 1.586227e+01
    endloop
  endfacet
  facet normal 4.955558e-01 -6.950005e-16 8.685761e-01
    outer loop
      vertex   4.386229e+01 1.000000e+01 1.586227e+01
      vertex   4.386229e+01 7.780000e+00 1.586227e+01
      vertex   4.398073e+01 1.000000e+01 1.579470e+01
    endloop
  endfacet
  facet normal 4.955558e-01 0.000000e+00 8.685761e-01
    outer loop
      vertex   4.398073e+01 1.000000e+01 1.579470e+01
      vertex   4.386229e+01 7.780000e+00 1.586227e+01
      vertex   4.386229e+01 5.560000e+00 1.586227e+01
    endloop
  endfacet
  facet normal 4.955558e-01 0.000000e+00 8.685761e-01
    outer loop
      vertex   4.398073e+01 1.000000e+01 1.579470e+01
      vertex   4.386229e+01 5.560000e+00 1.586227e+01
      vertex   4.398073e+01 3.340000e+00 1.579470e+01
    endloop
  endfacet
  facet normal 4.955558e-01 6.934167e-16 8.685761e-01
    outer loop
      vertex   4.398073e+01 3.340000e+00 1.579470e+01
      vertex   4.386229e+01 5.560000e+00 1.586227e+01
      vertex   4.386229e+01 3.340000e+00 1.586227e+01
    endloop
  endfacet
  facet normal 4.198023e-01 7.262383e-16 9.076156e-01
    outer loop
      vertex   4.386229e+01 3.340000e+00 1.586227e+01
      vertex   4.386229e+01 5.560000e+00 1.586227e+01
      vertex   4.373853e+01 3.340000e+00 1.591951e+01
    endloop
  endfacet
  facet normal 4.198023e-01 -7.262383e-16 9.076156e-01
    outer loop
      vertex   4.373853e+01 3.340000e+00 1.591951e+01
      vertex   4.386229e+01 5.560000e+00 1.586227e+01
      vertex   4.373853e+01 5.560000e+00 1.591951e+01
    endloop
  endfacet
  facet normal 3.409999e-01 -7.522018e-16 9.400633e-01
    outer loop
      vertex   4.373853e+01 3.340000e+00 1.591951e+01
      vertex   4.373853e+01 5.560000e+00 1.591951e+01
      vertex   4.361035e+01 3.340000e+00 1.596601e+01
    endloop
  endfacet
  facet normal 3.409999e-01 -0.000000e+00 9.400633e-01
    outer loop
      vertex   4.361035e+01 3.340000e+00 1.596601e+01
      vertex   4.373853e+01 5.560000e+00 1.591951e+01
      vertex   4.361035e+01 5.560000e+00 1.596601e+01
    endloop
  endfacet
  facet normal 3.409999e-01 0.000000e+00 9.400633e-01
    outer loop
      vertex   4.373853e+01 7.780000e+00 1.591951e+01
      vertex   4.361035e+01 7.780000e+00 1.596601e+01
      vertex   4.361035e+01 5.560000e+00 1.596601e+01
    endloop
  endfacet
  facet normal 3.409999e-01 0.000000e+00 9.400633e-01
    outer loop
      vertex   4.373853e+01 7.780000e+00 1.591951e+01
      vertex   4.361035e+01 5.560000e+00 1.596601e+01
      vertex   4.373853e+01 5.560000e+00 1.591951e+01
    endloop
  endfacet
  facet normal 4.198023e-01 0.000000e+00 9.076156e-01
    outer loop
      vertex   4.386229e+01 7.780000e+00 1.586227e+01
      vertex   4.373853e+01 7.780000e+00 1.591951e+01
      vertex   4.373853e+01 5.560000e+00 1.591951e+01
    endloop
  endfacet
  facet normal 4.198023e-01 0.000000e+00 9.076156e-01
    outer loop
      vertex   4.386229e+01 7.780000e+00 1.586227e+01
      vertex   4.373853e+01 5.560000e+00 1.591951e+01
      vertex   4.386229e+01 5.560000e+00 1.586227e+01
    endloop
  endfacet
  facet normal 6.040233e-03 -0.000000e+00 9.999818e-01
    outer loop
      vertex   4.468926e+01 3.340000e+00 1.479590e+01
      vertex   4.585713e+01 3.340000e+00 1.478885e+01
      vertex   4.468926e+01 1.000000e+01 1.479590e+01
    endloop
  endfacet
  facet normal 6.040233e-03 0.000000e+00 9.999818e-01
    outer loop
      vertex   4.468926e+01 1.000000e+01 1.479590e+01
      vertex   4.585713e+01 3.340000e+00 1.478885e+01
      vertex   4.585713e+01 1.000000e+01 1.478885e+01
    endloop
  endfacet
  facet normal 1.432496e-03 0.000000e+00 -9.999990e-01
    outer loop
      vertex   4.585727e+01 3.340000e+00 1.409236e+01
      vertex   4.469074e+01 3.340000e+00 1.409069e+01
      vertex   4.585727e+01 1.000000e+01 1.409236e+01
    endloop
  endfacet
  facet normal 1.432496e-03 0.000000e+00 -9.999990e-01
    outer loop
      vertex   4.585727e+01 1.000000e+01 1.409236e+01
      vertex   4.469074e+01 3.340000e+00 1.409069e+01
      vertex   4.469074e+01 1.000000e+01 1.409069e+01
    endloop
  endfacet
  facet normal 9.999818e-01 0.000000e+00 -6.040233e-03
    outer loop
      vertex   4.586128e+01 3.340000e+00 1.475471e+01
      vertex   4.585727e+01 3.340000e+00 1.409236e+01
      vertex   4.586128e+01 1.000000e+01 1.475471e+01
    endloop
  endfacet
  facet normal 9.999818e-01 0.000000e+00 -6.040233e-03
    outer loop
      vertex   4.586128e+01 1.000000e+01 1.475471e+01
      vertex   4.585727e+01 3.340000e+00 1.409236e+01
      vertex   4.585727e+01 1.000000e+01 1.409236e+01
    endloop
  endfacet
  facet normal 9.921847e-01 0.000000e+00 1.247775e-01
    outer loop
      vertex   4.585713e+01 1.000000e+01 1.478885e+01
      vertex   4.585713e+01 3.340000e+00 1.478885e+01
      vertex   4.585856e+01 1.000000e+01 1.477748e+01
    endloop
  endfacet
  facet normal 9.921847e-01 0.000000e+00 1.247775e-01
    outer loop
      vertex   4.585856e+01 1.000000e+01 1.477748e+01
      vertex   4.585713e+01 3.340000e+00 1.478885e+01
      vertex   4.585856e+01 3.340000e+00 1.477748e+01
    endloop
  endfacet
  facet normal 9.926962e-01 0.000000e+00 1.206409e-01
    outer loop
      vertex   4.585856e+01 1.000000e+01 1.477748e+01
      vertex   4.585856e+01 3.340000e+00 1.477748e+01
      vertex   4.585994e+01 1.000000e+01 1.476610e+01
    endloop
  endfacet
  facet normal 9.926962e-01 0.000000e+00 1.206409e-01
    outer loop
      vertex   4.585994e+01 1.000000e+01 1.476610e+01
      vertex   4.585856e+01 3.340000e+00 1.477748e+01
      vertex   4.585994e+01 3.340000e+00 1.476610e+01
    endloop
  endfacet
  facet normal 9.931904e-01 0.000000e+00 1.165021e-01
    outer loop
      vertex   4.585994e+01 1.000000e+01 1.476610e+01
      vertex   4.585994e+01 3.340000e+00 1.476610e+01
      vertex   4.586128e+01 1.000000e+01 1.475471e+01
    endloop
  endfacet
  facet normal 9.931904e-01 0.000000e+00 1.165021e-01
    outer loop
      vertex   4.586128e+01 1.000000e+01 1.475471e+01
      vertex   4.585994e+01 3.340000e+00 1.476610e+01
      vertex   4.586128e+01 3.340000e+00 1.475471e+01
    endloop
  endfacet
  facet normal 8.664919e-01 -0.000000e+00 4.991911e-01
    outer loop
      vertex   4.454850e+01 3.340000e+00 1.517893e+01
      vertex   4.454850e+01 5.560000e+00 1.517893e+01
      vertex   4.448043e+01 3.340000e+00 1.529708e+01
    endloop
  endfacet
  facet normal 8.664919e-01 0.000000e+00 4.991911e-01
    outer loop
      vertex   4.448043e+01 3.340000e+00 1.529708e+01
      vertex   4.454850e+01 5.560000e+00 1.517893e+01
      vertex   4.454850e+01 7.780000e+00 1.517893e+01
    endloop
  endfacet
  facet normal 8.664919e-01 -0.000000e+00 4.991911e-01
    outer loop
      vertex   4.448043e+01 3.340000e+00 1.529708e+01
      vertex   4.454850e+01 7.780000e+00 1.517893e+01
      vertex   4.448043e+01 1.000000e+01 1.529708e+01
    endloop
  endfacet
  facet normal 8.664919e-01 0.000000e+00 4.991911e-01
    outer loop
      vertex   4.448043e+01 1.000000e+01 1.529708e+01
      vertex   4.454850e+01 7.780000e+00 1.517893e+01
      vertex   4.454850e+01 1.000000e+01 1.517893e+01
    endloop
  endfacet
  facet normal 9.058485e-01 0.000000e+00 4.236018e-01
    outer loop
      vertex   4.454850e+01 1.000000e+01 1.517893e+01
      vertex   4.454850e+01 7.780000e+00 1.517893e+01
      vertex   4.460626e+01 1.000000e+01 1.505542e+01
    endloop
  endfacet
  facet normal 9.058485e-01 0.000000e+00 4.236018e-01
    outer loop
      vertex   4.460626e+01 1.000000e+01 1.505542e+01
      vertex   4.454850e+01 7.780000e+00 1.517893e+01
      vertex   4.460626e+01 7.780000e+00 1.505542e+01
    endloop
  endfacet
  facet normal 9.386262e-01 0.000000e+00 3.449361e-01
    outer loop
      vertex   4.460626e+01 1.000000e+01 1.505542e+01
      vertex   4.460626e+01 7.780000e+00 1.505542e+01
      vertex   4.465329e+01 1.000000e+01 1.492743e+01
    endloop
  endfacet
  facet normal 9.386262e-01 0.000000e+00 3.449361e-01
    outer loop
      vertex   4.465329e+01 1.000000e+01 1.492743e+01
      vertex   4.460626e+01 7.780000e+00 1.505542e+01
      vertex   4.465329e+01 7.780000e+00 1.492743e+01
    endloop
  endfacet
  facet normal 9.645869e-01 0.000000e+00 2.637652e-01
    outer loop
      vertex   4.465329e+01 1.000000e+01 1.492743e+01
      vertex   4.465329e+01 7.780000e+00 1.492743e+01
      vertex   4.468926e+01 1.000000e+01 1.479590e+01
    endloop
  endfacet
  facet normal 9.645869e-01 0.000000e+00 2.637652e-01
    outer loop
      vertex   4.468926e+01 1.000000e+01 1.479590e+01
      vertex   4.465329e+01 7.780000e+00 1.492743e+01
      vertex   4.465329e+01 5.560000e+00 1.492743e+01
    endloop
  endfacet
  facet normal 9.645869e-01 0.000000e+00 2.637652e-01
    outer loop
      vertex   4.468926e+01 1.000000e+01 1.479590e+01
      vertex   4.465329e+01 5.560000e+00 1.492743e+01
      vertex   4.468926e+01 3.340000e+00 1.479590e+01
    endloop
  endfacet
  facet normal 9.645869e-01 0.000000e+00 2.637652e-01
    outer loop
      vertex   4.468926e+01 3.340000e+00 1.479590e+01
      vertex   4.465329e+01 5.560000e+00 1.492743e+01
      vertex   4.465329e+01 3.340000e+00 1.492743e+01
    endloop
  endfacet
  facet normal 9.386262e-01 -0.000000e+00 3.449361e-01
    outer loop
      vertex   4.465329e+01 3.340000e+00 1.492743e+01
      vertex   4.465329e+01 5.560000e+00 1.492743e+01
      vertex   4.460626e+01 3.340000e+00 1.505542e+01
    endloop
  endfacet
  facet normal 9.386262e-01 -0.000000e+00 3.449361e-01
    outer loop
      vertex   4.460626e+01 3.340000e+00 1.505542e+01
      vertex   4.465329e+01 5.560000e+00 1.492743e+01
      vertex   4.460626e+01 5.560000e+00 1.505542e+01
    endloop
  endfacet
  facet normal 9.058485e-01 -0.000000e+00 4.236018e-01
    outer loop
      vertex   4.460626e+01 3.340000e+00 1.505542e+01
      vertex   4.460626e+01 5.560000e+00 1.505542e+01
      vertex   4.454850e+01 3.340000e+00 1.517893e+01
    endloop
  endfacet
  facet normal 9.058485e-01 -0.000000e+00 4.236018e-01
    outer loop
      vertex   4.454850e+01 3.340000e+00 1.517893e+01
      vertex   4.460626e+01 5.560000e+00 1.505542e+01
      vertex   4.454850e+01 5.560000e+00 1.517893e+01
    endloop
  endfacet
  facet normal 9.058485e-01 0.000000e+00 4.236018e-01
    outer loop
      vertex   4.460626e+01 7.780000e+00 1.505542e+01
      vertex   4.454850e+01 7.780000e+00 1.517893e+01
      vertex   4.454850e+01 5.560000e+00 1.517893e+01
    endloop
  endfacet
  facet normal 9.058485e-01 0.000000e+00 4.236018e-01
    outer loop
      vertex   4.460626e+01 7.780000e+00 1.505542e+01
      vertex   4.454850e+01 5.560000e+00 1.517893e+01
      vertex   4.460626e+01 5.560000e+00 1.505542e+01
    endloop
  endfacet
  facet normal 9.386262e-01 0.000000e+00 3.449361e-01
    outer loop
      vertex   4.465329e+01 7.780000e+00 1.492743e+01
      vertex   4.460626e+01 7.780000e+00 1.505542e+01
      vertex   4.460626e+01 5.560000e+00 1.505542e+01
    endloop
  endfacet
  facet normal 9.386262e-01 0.000000e+00 3.449361e-01
    outer loop
      vertex   4.465329e+01 7.780000e+00 1.492743e+01
      vertex   4.460626e+01 5.560000e+00 1.505542e+01
      vertex   4.465329e+01 5.560000e+00 1.492743e+01
    endloop
  endfacet
  facet normal 9.656837e-01 0.000000e+00 -2.597209e-01
    outer loop
      vertex   4.465532e+01 3.340000e+00 1.395901e+01
      vertex   4.465532e+01 5.560000e+00 1.395901e+01
      vertex   4.469074e+01 3.340000e+00 1.409069e+01
    endloop
  endfacet
  facet normal 9.656837e-01 0.000000e+00 -2.597209e-01
    outer loop
      vertex   4.469074e+01 3.340000e+00 1.409069e+01
      vertex   4.465532e+01 5.560000e+00 1.395901e+01
      vertex   4.465532e+01 7.780000e+00 1.395901e+01
    endloop
  endfacet
  facet normal 9.656837e-01 0.000000e+00 -2.597209e-01
    outer loop
      vertex   4.469074e+01 3.340000e+00 1.409069e+01
      vertex   4.465532e+01 7.780000e+00 1.395901e+01
      vertex   4.469074e+01 1.000000e+01 1.409069e+01
    endloop
  endfacet
  facet normal 9.656837e-01 -2.063058e-16 -2.597209e-01
    outer loop
      vertex   4.469074e+01 1.000000e+01 1.409069e+01
      vertex   4.465532e+01 7.780000e+00 1.395901e+01
      vertex   4.465532e+01 1.000000e+01 1.395901e+01
    endloop
  endfacet
  facet normal 9.400633e-01 -2.728547e-16 -3.409999e-01
    outer loop
      vertex   4.465532e+01 1.000000e+01 1.395901e+01
      vertex   4.465532e+01 7.780000e+00 1.395901e+01
      vertex   4.460883e+01 1.000000e+01 1.383083e+01
    endloop
  endfacet
  facet normal 9.400633e-01 -2.728547e-16 -3.409999e-01
    outer loop
      vertex   4.460883e+01 1.000000e+01 1.383083e+01
      vertex   4.465532e+01 7.780000e+00 1.395901e+01
      vertex   4.460883e+01 7.780000e+00 1.383083e+01
    endloop
  endfacet
  facet normal 9.076156e-01 -3.359093e-16 -4.198023e-01
    outer loop
      vertex   4.460883e+01 1.000000e+01 1.383083e+01
      vertex   4.460883e+01 7.780000e+00 1.383083e+01
      vertex   4.455158e+01 1.000000e+01 1.370707e+01
    endloop
  endfacet
  facet normal 9.076156e-01 0.000000e+00 -4.198023e-01
    outer loop
      vertex   4.455158e+01 1.000000e+01 1.370707e+01
      vertex   4.460883e+01 7.780000e+00 1.383083e+01
      vertex   4.455158e+01 7.780000e+00 1.370707e+01
    endloop
  endfacet
  facet normal 8.685761e-01 0.000000e+00 -4.955558e-01
    outer loop
      vertex   4.455158e+01 1.000000e+01 1.370707e+01
      vertex   4.455158e+01 7.780000e+00 1.370707e+01
      vertex   4.448401e+01 1.000000e+01 1.358864e+01
    endloop
  endfacet
  facet normal 8.685761e-01 0.000000e+00 -4.955558e-01
    outer loop
      vertex   4.448401e+01 1.000000e+01 1.358864e+01
      vertex   4.455158e+01 7.780000e+00 1.370707e+01
      vertex   4.455158e+01 5.560000e+00 1.370707e+01
    endloop
  endfacet
  facet normal 8.685761e-01 0.000000e+00 -4.955558e-01
    outer loop
      vertex   4.448401e+01 1.000000e+01 1.358864e+01
      vertex   4.455158e+01 5.560000e+00 1.370707e+01
      vertex   4.448401e+01 3.340000e+00 1.358864e+01
    endloop
  endfacet
  facet normal 8.685761e-01 0.000000e+00 -4.955558e-01
    outer loop
      vertex   4.448401e+01 3.340000e+00 1.358864e+01
      vertex   4.455158e+01 5.560000e+00 1.370707e+01
      vertex   4.455158e+01 3.340000e+00 1.370707e+01
    endloop
  endfacet
  facet normal 9.076156e-01 0.000000e+00 -4.198023e-01
    outer loop
      vertex   4.455158e+01 3.340000e+00 1.370707e+01
      vertex   4.455158e+01 5.560000e+00 1.370707e+01
      vertex   4.460883e+01 3.340000e+00 1.383083e+01
    endloop
  endfacet
  facet normal 9.076156e-01 3.359093e-16 -4.198023e-01
    outer loop
      vertex   4.460883e+01 3.340000e+00 1.383083e+01
      vertex   4.455158e+01 5.560000e+00 1.370707e+01
      vertex   4.460883e+01 5.560000e+00 1.383083e+01
    endloop
  endfacet
  facet normal 9.400633e-01 2.728547e-16 -3.409999e-01
    outer loop
      vertex   4.460883e+01 3.340000e+00 1.383083e+01
      vertex   4.460883e+01 5.560000e+00 1.383083e+01
      vertex   4.465532e+01 3.340000e+00 1.395901e+01
    endloop
  endfacet
  facet normal 9.400633e-01 0.000000e+00 -3.409999e-01
    outer loop
      vertex   4.465532e+01 3.340000e+00 1.395901e+01
      vertex   4.460883e+01 5.560000e+00 1.383083e+01
      vertex   4.465532e+01 5.560000e+00 1.395901e+01
    endloop
  endfacet
  facet normal 9.400633e-01 0.000000e+00 -3.409999e-01
    outer loop
      vertex   4.460883e+01 7.780000e+00 1.383083e+01
      vertex   4.465532e+01 7.780000e+00 1.395901e+01
      vertex   4.465532e+01 5.560000e+00 1.395901e+01
    endloop
  endfacet
  facet normal 9.400633e-01 0.000000e+00 -3.409999e-01
    outer loop
      vertex   4.460883e+01 7.780000e+00 1.383083e+01
      vertex   4.465532e+01 5.560000e+00 1.395901e+01
      vertex   4.460883e+01 5.560000e+00 1.383083e+01
    endloop
  endfacet
  facet normal 9.076156e-01 0.000000e+00 -4.198023e-01
    outer loop
      vertex   4.455158e+01 7.780000e+00 1.370707e+01
      vertex   4.460883e+01 7.780000e+00 1.383083e+01
      vertex   4.460883e+01 5.560000e+00 1.383083e+01
    endloop
  endfacet
  facet normal 9.076156e-01 0.000000e+00 -4.198023e-01
    outer loop
      vertex   4.455158e+01 7.780000e+00 1.370707e+01
      vertex   4.460883e+01 5.560000e+00 1.383083e+01
      vertex   4.455158e+01 5.560000e+00 1.370707e+01
    endloop
  endfacet
  facet normal -2.597209e-01 0.000000e+00 -9.656837e-01
    outer loop
      vertex   4.264833e+01 3.340000e+00 1.291404e+01
      vertex   4.264833e+01 5.560000e+00 1.291404e+01
      vertex   4.278000e+01 3.340000e+00 1.287863e+01
    endloop
  endfacet
  facet normal -2.597209e-01 0.000000e+00 -9.656837e-01
    outer loop
      vertex   4.278000e+01 3.340000e+00 1.287863e+01
      vertex   4.264833e+01 5.560000e+00 1.291404e+01
      vertex   4.264833e+01 7.780000e+00 1.291404e+01
    endloop
  endfacet
  facet normal -2.597209e-01 0.000000e+00 -9.656837e-01
    outer loop
      vertex   4.278000e+01 3.340000e+00 1.287863e+01
      vertex   4.264833e+01 7.780000e+00 1.291404e+01
      vertex   4.278000e+01 1.000000e+01 1.287863e+01
    endloop
  endfacet
  facet normal -2.597209e-01 0.000000e+00 -9.656837e-01
    outer loop
      vertex   4.278000e+01 1.000000e+01 1.287863e+01
      vertex   4.264833e+01 7.780000e+00 1.291404e+01
      vertex   4.264833e+01 1.000000e+01 1.291404e+01
    endloop
  endfacet
  facet normal -3.409999e-01 -0.000000e+00 -9.400633e-01
    outer loop
      vertex   4.264833e+01 1.000000e+01 1.291404e+01
      vertex   4.264833e+01 7.780000e+00 1.291404e+01
      vertex   4.252014e+01 1.000000e+01 1.296054e+01
    endloop
  endfacet
  facet normal -3.409999e-01 -0.000000e+00 -9.400633e-01
    outer loop
      vertex   4.252014e+01 1.000000e+01 1.296054e+01
      vertex   4.264833e+01 7.780000e+00 1.291404e+01
      vertex   4.252014e+01 7.780000e+00 1.296054e+01
    endloop
  endfacet
  facet normal -4.198023e-01 -0.000000e+00 -9.076156e-01
    outer loop
      vertex   4.252014e+01 1.000000e+01 1.296054e+01
      vertex   4.252014e+01 7.780000e+00 1.296054e+01
      vertex   4.239639e+01 1.000000e+01 1.301778e+01
    endloop
  endfacet
  facet normal -4.198023e-01 7.262383e-16 -9.076156e-01
    outer loop
      vertex   4.239639e+01 1.000000e+01 1.301778e+01
      vertex   4.252014e+01 7.780000e+00 1.296054e+01
      vertex   4.239639e+01 7.780000e+00 1.301778e+01
    endloop
  endfacet
  facet normal -4.955558e-01 6.950005e-16 -8.685761e-01
    outer loop
      vertex   4.239639e+01 1.000000e+01 1.301778e+01
      vertex   4.239639e+01 7.780000e+00 1.301778e+01
      vertex   4.227795e+01 1.000000e+01 1.308535e+01
    endloop
  endfacet
  facet normal -4.955558e-01 0.000000e+00 -8.685761e-01
    outer loop
      vertex   4.227795e+01 1.000000e+01 1.308535e+01
      vertex   4.239639e+01 7.780000e+00 1.301778e+01
      vertex   4.239639e+01 5.560000e+00 1.301778e+01
    endloop
  endfacet
  facet normal -4.955558e-01 -0.000000e+00 -8.685761e-01
    outer loop
      vertex   4.227795e+01 1.000000e+01 1.308535e+01
      vertex   4.239639e+01 5.560000e+00 1.301778e+01
      vertex   4.227795e+01 3.340000e+00 1.308535e+01
    endloop
  endfacet
  facet normal -4.955558e-01 -6.934167e-16 -8.685761e-01
    outer loop
      vertex   4.227795e+01 3.340000e+00 1.308535e+01
      vertex   4.239639e+01 5.560000e+00 1.301778e+01
      vertex   4.239639e+01 3.340000e+00 1.301778e+01
    endloop
  endfacet
  facet normal -4.198023e-01 -7.262383e-16 -9.076156e-01
    outer loop
      vertex   4.239639e+01 3.340000e+00 1.301778e+01
      vertex   4.239639e+01 5.560000e+00 1.301778e+01
      vertex   4.252014e+01 3.340000e+00 1.296054e+01
    endloop
  endfacet
  facet normal -4.198023e-01 0.000000e+00 -9.076156e-01
    outer loop
      vertex   4.252014e+01 3.340000e+00 1.296054e+01
      vertex   4.239639e+01 5.560000e+00 1.301778e+01
      vertex   4.252014e+01 5.560000e+00 1.296054e+01
    endloop
  endfacet
  facet normal -3.409999e-01 0.000000e+00 -9.400633e-01
    outer loop
      vertex   4.252014e+01 3.340000e+00 1.296054e+01
      vertex   4.252014e+01 5.560000e+00 1.296054e+01
      vertex   4.264833e+01 3.340000e+00 1.291404e+01
    endloop
  endfacet
  facet normal -3.409999e-01 0.000000e+00 -9.400633e-01
    outer loop
      vertex   4.264833e+01 3.340000e+00 1.291404e+01
      vertex   4.252014e+01 5.560000e+00 1.296054e+01
      vertex   4.264833e+01 5.560000e+00 1.291404e+01
    endloop
  endfacet
  facet normal -3.409999e-01 0.000000e+00 -9.400633e-01
    outer loop
      vertex   4.252014e+01 7.780000e+00 1.296054e+01
      vertex   4.264833e+01 7.780000e+00 1.291404e+01
      vertex   4.264833e+01 5.560000e+00 1.291404e+01
    endloop
  endfacet
  facet normal -3.409999e-01 -0.000000e+00 -9.400633e-01
    outer loop
      vertex   4.252014e+01 7.780000e+00 1.296054e+01
      vertex   4.264833e+01 5.560000e+00 1.291404e+01
      vertex   4.252014e+01 5.560000e+00 1.296054e+01
    endloop
  endfacet
  facet normal -4.198023e-01 0.000000e+00 -9.076156e-01
    outer loop
      vertex   4.239639e+01 7.780000e+00 1.301778e+01
      vertex   4.252014e+01 7.780000e+00 1.296054e+01
      vertex   4.252014e+01 5.560000e+00 1.296054e+01
    endloop
  endfacet
  facet normal -4.198023e-01 -0.000000e+00 -9.076156e-01
    outer loop
      vertex   4.239639e+01 7.780000e+00 1.301778e+01
      vertex   4.252014e+01 5.560000e+00 1.296054e+01
      vertex   4.239639e+01 5.560000e+00 1.301778e+01
    endloop
  endfacet
  facet normal 7.081190e-01 0.000000e+00 -7.060931e-01
    outer loop
      vertex   4.530412e+01 3.340000e+00 1.612313e+01
      vertex   4.448043e+01 3.340000e+00 1.529708e+01
      vertex   4.530412e+01 1.000000e+01 1.612313e+01
    endloop
  endfacet
  facet normal 7.081190e-01 0.000000e+00 -7.060931e-01
    outer loop
      vertex   4.530412e+01 1.000000e+01 1.612313e+01
      vertex   4.448043e+01 3.340000e+00 1.529708e+01
      vertex   4.448043e+01 1.000000e+01 1.529708e+01
    endloop
  endfacet
  facet normal 7.113650e-01 -0.000000e+00 7.028228e-01
    outer loop
      vertex   4.483859e+01 3.340000e+00 1.659431e+01
      vertex   4.530412e+01 3.340000e+00 1.612313e+01
      vertex   4.483859e+01 1.000000e+01 1.659431e+01
    endloop
  endfacet
  facet normal 7.113650e-01 0.000000e+00 7.028228e-01
    outer loop
      vertex   4.483859e+01 1.000000e+01 1.659431e+01
      vertex   4.530412e+01 3.340000e+00 1.612313e+01
      vertex   4.530412e+01 1.000000e+01 1.612313e+01
    endloop
  endfacet
  facet normal 6.133495e-01 0.000000e+00 7.898116e-01
    outer loop
      vertex   4.481152e+01 1.000000e+01 1.661552e+01
      vertex   4.481152e+01 3.340000e+00 1.661552e+01
      vertex   4.482057e+01 1.000000e+01 1.660849e+01
    endloop
  endfacet
  facet normal 6.133495e-01 0.000000e+00 7.898116e-01
    outer loop
      vertex   4.482057e+01 1.000000e+01 1.660849e+01
      vertex   4.481152e+01 3.340000e+00 1.661552e+01
      vertex   4.482057e+01 3.340000e+00 1.660849e+01
    endloop
  endfacet
  facet normal 6.166362e-01 0.000000e+00 7.872482e-01
    outer loop
      vertex   4.482057e+01 1.000000e+01 1.660849e+01
      vertex   4.482057e+01 3.340000e+00 1.660849e+01
      vertex   4.482960e+01 1.000000e+01 1.660142e+01
    endloop
  endfacet
  facet normal 6.166362e-01 0.000000e+00 7.872482e-01
    outer loop
      vertex   4.482960e+01 1.000000e+01 1.660142e+01
      vertex   4.482057e+01 3.340000e+00 1.660849e+01
      vertex   4.482960e+01 3.340000e+00 1.660142e+01
    endloop
  endfacet
  facet normal 6.199122e-01 0.000000e+00 7.846711e-01
    outer loop
      vertex   4.482960e+01 1.000000e+01 1.660142e+01
      vertex   4.482960e+01 3.340000e+00 1.660142e+01
      vertex   4.483859e+01 1.000000e+01 1.659431e+01
    endloop
  endfacet
  facet normal 6.199122e-01 0.000000e+00 7.846711e-01
    outer loop
      vertex   4.483859e+01 1.000000e+01 1.659431e+01
      vertex   4.482960e+01 3.340000e+00 1.660142e+01
      vertex   4.483859e+01 3.340000e+00 1.659431e+01
    endloop
  endfacet
  facet normal -7.028228e-01 0.000000e+00 7.113650e-01
    outer loop
      vertex   4.398073e+01 3.340000e+00 1.579470e+01
      vertex   4.481152e+01 3.340000e+00 1.661552e+01
      vertex   4.398073e+01 1.000000e+01 1.579470e+01
    endloop
  endfacet
  facet normal -7.028228e-01 0.000000e+00 7.113650e-01
    outer loop
      vertex   4.398073e+01 1.000000e+01 1.579470e+01
      vertex   4.481152e+01 3.340000e+00 1.661552e+01
      vertex   4.481152e+01 1.000000e+01 1.661552e+01
    endloop
  endfacet
  facet normal -7.060931e-01 0.000000e+00 -7.081190e-01
    outer loop
      vertex   4.481244e+01 3.340000e+00 1.226525e+01
      vertex   4.398639e+01 3.340000e+00 1.308893e+01
      vertex   4.481244e+01 1.000000e+01 1.226525e+01
    endloop
  endfacet
  facet normal -7.060931e-01 0.000000e+00 -7.081190e-01
    outer loop
      vertex   4.481244e+01 1.000000e+01 1.226525e+01
      vertex   4.398639e+01 3.340000e+00 1.308893e+01
      vertex   4.398639e+01 1.000000e+01 1.308893e+01
    endloop
  endfacet
  facet normal 7.028228e-01 0.000000e+00 -7.113650e-01
    outer loop
      vertex   4.528363e+01 3.340000e+00 1.273077e+01
      vertex   4.481244e+01 3.340000e+00 1.226525e+01
      vertex   4.528363e+01 1.000000e+01 1.273077e+01
    endloop
  endfacet
  facet normal 7.028228e-01 0.000000e+00 -7.113650e-01
    outer loop
      vertex   4.528363e+01 1.000000e+01 1.273077e+01
      vertex   4.481244e+01 3.340000e+00 1.226525e+01
      vertex   4.481244e+01 1.000000e+01 1.226525e+01
    endloop
  endfacet
  facet normal 7.898116e-01 0.000000e+00 -6.133495e-01
    outer loop
      vertex   4.530483e+01 1.000000e+01 1.275785e+01
      vertex   4.530483e+01 3.340000e+00 1.275785e+01
      vertex   4.529780e+01 1.000000e+01 1.274879e+01
    endloop
  endfacet
  facet normal 7.898116e-01 0.000000e+00 -6.133495e-01
    outer loop
      vertex   4.529780e+01 1.000000e+01 1.274879e+01
      vertex   4.530483e+01 3.340000e+00 1.275785e+01
      vertex   4.529780e+01 3.340000e+00 1.274879e+01
    endloop
  endfacet
  facet normal 7.872482e-01 0.000000e+00 -6.166362e-01
    outer loop
      vertex   4.529780e+01 1.000000e+01 1.274879e+01
      vertex   4.529780e+01 3.340000e+00 1.274879e+01
      vertex   4.529073e+01 1.000000e+01 1.273977e+01
    endloop
  endfacet
  facet normal 7.872482e-01 0.000000e+00 -6.166362e-01
    outer loop
      vertex   4.529073e+01 1.000000e+01 1.273977e+01
      vertex   4.529780e+01 3.340000e+00 1.274879e+01
      vertex   4.529073e+01 3.340000e+00 1.273977e+01
    endloop
  endfacet
  facet normal 7.846711e-01 0.000000e+00 -6.199122e-01
    outer loop
      vertex   4.529073e+01 1.000000e+01 1.273977e+01
      vertex   4.529073e+01 3.340000e+00 1.273977e+01
      vertex   4.528363e+01 1.000000e+01 1.273077e+01
    endloop
  endfacet
  facet normal 7.846711e-01 0.000000e+00 -6.199122e-01
    outer loop
      vertex   4.528363e+01 1.000000e+01 1.273077e+01
      vertex   4.529073e+01 3.340000e+00 1.273977e+01
      vertex   4.528363e+01 3.340000e+00 1.273077e+01
    endloop
  endfacet
  facet normal 7.113650e-01 -0.000000e+00 7.028228e-01
    outer loop
      vertex   4.448401e+01 3.340000e+00 1.358864e+01
      vertex   4.530483e+01 3.340000e+00 1.275785e+01
      vertex   4.448401e+01 1.000000e+01 1.358864e+01
    endloop
  endfacet
  facet normal 7.113650e-01 0.000000e+00 7.028228e-01
    outer loop
      vertex   4.448401e+01 1.000000e+01 1.358864e+01
      vertex   4.530483e+01 3.340000e+00 1.275785e+01
      vertex   4.530483e+01 1.000000e+01 1.275785e+01
    endloop
  endfacet
  facet normal 4.991911e-01 6.933328e-16 -8.664919e-01
    outer loop
      vertex   4.386825e+01 3.340000e+00 1.302087e+01
      vertex   4.386825e+01 5.560000e+00 1.302087e+01
      vertex   4.398639e+01 3.340000e+00 1.308893e+01
    endloop
  endfacet
  facet normal 4.991911e-01 0.000000e+00 -8.664919e-01
    outer loop
      vertex   4.398639e+01 3.340000e+00 1.308893e+01
      vertex   4.386825e+01 5.560000e+00 1.302087e+01
      vertex   4.386825e+01 7.780000e+00 1.302087e+01
    endloop
  endfacet
  facet normal 4.991911e-01 0.000000e+00 -8.664919e-01
    outer loop
      vertex   4.398639e+01 3.340000e+00 1.308893e+01
      vertex   4.386825e+01 7.780000e+00 1.302087e+01
      vertex   4.398639e+01 1.000000e+01 1.308893e+01
    endloop
  endfacet
  facet normal 4.991911e-01 -6.934167e-16 -8.664919e-01
    outer loop
      vertex   4.398639e+01 1.000000e+01 1.308893e+01
      vertex   4.386825e+01 7.780000e+00 1.302087e+01
      vertex   4.386825e+01 1.000000e+01 1.302087e+01
    endloop
  endfacet
  facet normal 4.236018e-01 -7.248244e-16 -9.058485e-01
    outer loop
      vertex   4.386825e+01 1.000000e+01 1.302087e+01
      vertex   4.386825e+01 7.780000e+00 1.302087e+01
      vertex   4.374473e+01 1.000000e+01 1.296311e+01
    endloop
  endfacet
  facet normal 4.236018e-01 0.000000e+00 -9.058485e-01
    outer loop
      vertex   4.374473e+01 1.000000e+01 1.296311e+01
      vertex   4.386825e+01 7.780000e+00 1.302087e+01
      vertex   4.374473e+01 7.780000e+00 1.296311e+01
    endloop
  endfacet
  facet normal 3.449361e-01 0.000000e+00 -9.386262e-01
    outer loop
      vertex   4.374473e+01 1.000000e+01 1.296311e+01
      vertex   4.374473e+01 7.780000e+00 1.296311e+01
      vertex   4.361674e+01 1.000000e+01 1.291607e+01
    endloop
  endfacet
  facet normal 3.449361e-01 0.000000e+00 -9.386262e-01
    outer loop
      vertex   4.361674e+01 1.000000e+01 1.291607e+01
      vertex   4.374473e+01 7.780000e+00 1.296311e+01
      vertex   4.361674e+01 7.780000e+00 1.291607e+01
    endloop
  endfacet
  facet normal 2.637652e-01 0.000000e+00 -9.645869e-01
    outer loop
      vertex   4.361674e+01 1.000000e+01 1.291607e+01
      vertex   4.361674e+01 7.780000e+00 1.291607e+01
      vertex   4.348522e+01 1.000000e+01 1.288011e+01
    endloop
  endfacet
  facet normal 2.637652e-01 0.000000e+00 -9.645869e-01
    outer loop
      vertex   4.348522e+01 1.000000e+01 1.288011e+01
      vertex   4.361674e+01 7.780000e+00 1.291607e+01
      vertex   4.361674e+01 5.560000e+00 1.291607e+01
    endloop
  endfacet
  facet normal 2.637652e-01 0.000000e+00 -9.645869e-01
    outer loop
      vertex   4.348522e+01 1.000000e+01 1.288011e+01
      vertex   4.361674e+01 5.560000e+00 1.291607e+01
      vertex   4.348522e+01 3.340000e+00 1.288011e+01
    endloop
  endfacet
  facet normal 2.637652e-01 0.000000e+00 -9.645869e-01
    outer loop
      vertex   4.348522e+01 3.340000e+00 1.288011e+01
      vertex   4.361674e+01 5.560000e+00 1.291607e+01
      vertex   4.361674e+01 3.340000e+00 1.291607e+01
    endloop
  endfacet
  facet normal 3.449361e-01 0.000000e+00 -9.386262e-01
    outer loop
      vertex   4.361674e+01 3.340000e+00 1.291607e+01
      vertex   4.361674e+01 5.560000e+00 1.291607e+01
      vertex   4.374473e+01 3.340000e+00 1.296311e+01
    endloop
  endfacet
  facet normal 3.449361e-01 0.000000e+00 -9.386262e-01
    outer loop
      vertex   4.374473e+01 3.340000e+00 1.296311e+01
      vertex   4.361674e+01 5.560000e+00 1.291607e+01
      vertex   4.374473e+01 5.560000e+00 1.296311e+01
    endloop
  endfacet
  facet normal 4.236018e-01 0.000000e+00 -9.058485e-01
    outer loop
      vertex   4.374473e+01 3.340000e+00 1.296311e+01
      vertex   4.374473e+01 5.560000e+00 1.296311e+01
      vertex   4.386825e+01 3.340000e+00 1.302087e+01
    endloop
  endfacet
  facet normal 4.236018e-01 7.248244e-16 -9.058485e-01
    outer loop
      vertex   4.386825e+01 3.340000e+00 1.302087e+01
      vertex   4.374473e+01 5.560000e+00 1.296311e+01
      vertex   4.386825e+01 5.560000e+00 1.302087e+01
    endloop
  endfacet
  facet normal 4.236018e-01 0.000000e+00 -9.058485e-01
    outer loop
      vertex   4.374473e+01 7.780000e+00 1.296311e+01
      vertex   4.386825e+01 7.780000e+00 1.302087e+01
      vertex   4.386825e+01 5.560000e+00 1.302087e+01
    endloop
  endfacet
  facet normal 4.236018e-01 0.000000e+00 -9.058485e-01
    outer loop
      vertex   4.374473e+01 7.780000e+00 1.296311e+01
      vertex   4.386825e+01 5.560000e+00 1.302087e+01
      vertex   4.374473e+01 5.560000e+00 1.296311e+01
    endloop
  endfacet
  facet normal 3.449361e-01 0.000000e+00 -9.386262e-01
    outer loop
      vertex   4.361674e+01 7.780000e+00 1.291607e+01
      vertex   4.374473e+01 7.780000e+00 1.296311e+01
      vertex   4.374473e+01 5.560000e+00 1.296311e+01
    endloop
  endfacet
  facet normal 3.449361e-01 0.000000e+00 -9.386262e-01
    outer loop
      vertex   4.361674e+01 7.780000e+00 1.291607e+01
      vertex   4.374473e+01 5.560000e+00 1.296311e+01
      vertex   4.361674e+01 5.560000e+00 1.291607e+01
    endloop
  endfacet
  facet normal -9.999990e-01 0.000000e+00 -1.432496e-03
    outer loop
      vertex   4.278167e+01 3.340000e+00 1.171209e+01
      vertex   4.278000e+01 3.340000e+00 1.287863e+01
      vertex   4.278167e+01 1.000000e+01 1.171209e+01
    endloop
  endfacet
  facet normal -9.999990e-01 0.000000e+00 -1.432496e-03
    outer loop
      vertex   4.278167e+01 1.000000e+01 1.171209e+01
      vertex   4.278000e+01 3.340000e+00 1.287863e+01
      vertex   4.278000e+01 1.000000e+01 1.287863e+01
    endloop
  endfacet
  facet normal -6.040233e-03 0.000000e+00 -9.999818e-01
    outer loop
      vertex   4.344403e+01 3.340000e+00 1.170809e+01
      vertex   4.278167e+01 3.340000e+00 1.171209e+01
      vertex   4.344403e+01 1.000000e+01 1.170809e+01
    endloop
  endfacet
  facet normal -6.040233e-03 0.000000e+00 -9.999818e-01
    outer loop
      vertex   4.344403e+01 1.000000e+01 1.170809e+01
      vertex   4.278167e+01 3.340000e+00 1.171209e+01
      vertex   4.278167e+01 1.000000e+01 1.171209e+01
    endloop
  endfacet
  facet normal 1.247775e-01 0.000000e+00 -9.921847e-01
    outer loop
      vertex   4.347816e+01 1.000000e+01 1.171224e+01
      vertex   4.347816e+01 3.340000e+00 1.171224e+01
      vertex   4.346679e+01 1.000000e+01 1.171081e+01
    endloop
  endfacet
  facet normal 1.247775e-01 0.000000e+00 -9.921847e-01
    outer loop
      vertex   4.346679e+01 1.000000e+01 1.171081e+01
      vertex   4.347816e+01 3.340000e+00 1.171224e+01
      vertex   4.346679e+01 3.340000e+00 1.171081e+01
    endloop
  endfacet
  facet normal 1.206409e-01 0.000000e+00 -9.926962e-01
    outer loop
      vertex   4.346679e+01 1.000000e+01 1.171081e+01
      vertex   4.346679e+01 3.340000e+00 1.171081e+01
      vertex   4.345541e+01 1.000000e+01 1.170943e+01
    endloop
  endfacet
  facet normal 1.206409e-01 0.000000e+00 -9.926962e-01
    outer loop
      vertex   4.345541e+01 1.000000e+01 1.170943e+01
      vertex   4.346679e+01 3.340000e+00 1.171081e+01
      vertex   4.345541e+01 3.340000e+00 1.170943e+01
    endloop
  endfacet
  facet normal 1.165021e-01 0.000000e+00 -9.931904e-01
    outer loop
      vertex   4.345541e+01 1.000000e+01 1.170943e+01
      vertex   4.345541e+01 3.340000e+00 1.170943e+01
      vertex   4.344403e+01 1.000000e+01 1.170809e+01
    endloop
  endfacet
  facet normal 1.165021e-01 0.000000e+00 -9.931904e-01
    outer loop
      vertex   4.344403e+01 1.000000e+01 1.170809e+01
      vertex   4.345541e+01 3.340000e+00 1.170943e+01
      vertex   4.344403e+01 3.340000e+00 1.170809e+01
    endloop
  endfacet
  facet normal 9.999818e-01 0.000000e+00 -6.040233e-03
    outer loop
      vertex   4.348522e+01 3.340000e+00 1.288011e+01
      vertex   4.347816e+01 3.340000e+00 1.171224e+01
      vertex   4.348522e+01 1.000000e+01 1.288011e+01
    endloop
  endfacet
  facet normal 9.999818e-01 0.000000e+00 -6.040233e-03
    outer loop
      vertex   4.348522e+01 1.000000e+01 1.288011e+01
      vertex   4.347816e+01 3.340000e+00 1.171224e+01
      vertex   4.347816e+01 1.000000e+01 1.171224e+01
    endloop
  endfacet
  facet normal 9.986295e-01 -0.000000e+00 5.233596e-02
    outer loop
      vertex   4.198564e+01 3.340000e+00 1.431982e+01
      vertex   4.198564e+01 5.560000e+00 1.431982e+01
      vertex   4.197934e+01 3.340000e+00 1.444003e+01
    endloop
  endfacet
  facet normal 9.986295e-01 -0.000000e+00 5.233596e-02
    outer loop
      vertex   4.197934e+01 3.340000e+00 1.444003e+01
      vertex   4.198564e+01 5.560000e+00 1.431982e+01
      vertex   4.197934e+01 5.560000e+00 1.444003e+01
    endloop
  endfacet
  facet normal 9.986295e-01 0.000000e+00 -5.233596e-02
    outer loop
      vertex   4.197934e+01 3.340000e+00 1.444003e+01
      vertex   4.197934e+01 5.560000e+00 1.444003e+01
      vertex   4.198564e+01 3.340000e+00 1.456023e+01
    endloop
  endfacet
  facet normal 9.986295e-01 0.000000e+00 -5.233596e-02
    outer loop
      vertex   4.198564e+01 3.340000e+00 1.456023e+01
      vertex   4.197934e+01 5.560000e+00 1.444003e+01
      vertex   4.198564e+01 5.560000e+00 1.456023e+01
    endloop
  endfacet
  facet normal 9.876883e-01 0.000000e+00 -1.564345e-01
    outer loop
      vertex   4.198564e+01 3.340000e+00 1.456023e+01
      vertex   4.198564e+01 5.560000e+00 1.456023e+01
      vertex   4.200447e+01 3.340000e+00 1.467912e+01
    endloop
  endfacet
  facet normal 9.876883e-01 0.000000e+00 -1.564345e-01
    outer loop
      vertex   4.200447e+01 3.340000e+00 1.467912e+01
      vertex   4.198564e+01 5.560000e+00 1.456023e+01
      vertex   4.200447e+01 5.560000e+00 1.467912e+01
    endloop
  endfacet
  facet normal 9.659258e-01 0.000000e+00 -2.588190e-01
    outer loop
      vertex   4.200447e+01 3.340000e+00 1.467912e+01
      vertex   4.200447e+01 5.560000e+00 1.467912e+01
      vertex   4.203562e+01 3.340000e+00 1.479540e+01
    endloop
  endfacet
  facet normal 9.659258e-01 0.000000e+00 -2.588190e-01
    outer loop
      vertex   4.203562e+01 3.340000e+00 1.479540e+01
      vertex   4.200447e+01 5.560000e+00 1.467912e+01
      vertex   4.203562e+01 5.560000e+00 1.479540e+01
    endloop
  endfacet
  facet normal 9.335804e-01 0.000000e+00 -3.583679e-01
    outer loop
      vertex   4.203562e+01 3.340000e+00 1.479540e+01
      vertex   4.203562e+01 5.560000e+00 1.479540e+01
      vertex   4.207876e+01 3.340000e+00 1.490777e+01
    endloop
  endfacet
  facet normal 9.335804e-01 2.867520e-16 -3.583679e-01
    outer loop
      vertex   4.207876e+01 3.340000e+00 1.490777e+01
      vertex   4.203562e+01 5.560000e+00 1.479540e+01
      vertex   4.207876e+01 5.560000e+00 1.490777e+01
    endloop
  endfacet
  facet normal 8.910065e-01 3.632654e-16 -4.539905e-01
    outer loop
      vertex   4.207876e+01 3.340000e+00 1.490777e+01
      vertex   4.207876e+01 5.560000e+00 1.490777e+01
      vertex   4.213341e+01 3.340000e+00 1.501503e+01
    endloop
  endfacet
  facet normal 8.910065e-01 3.632654e-16 -4.539905e-01
    outer loop
      vertex   4.213341e+01 3.340000e+00 1.501503e+01
      vertex   4.207876e+01 5.560000e+00 1.490777e+01
      vertex   4.213341e+01 5.560000e+00 1.501503e+01
    endloop
  endfacet
  facet normal 8.386706e-01 4.357988e-16 -5.446390e-01
    outer loop
      vertex   4.213341e+01 3.340000e+00 1.501503e+01
      vertex   4.213341e+01 5.560000e+00 1.501503e+01
      vertex   4.219897e+01 3.340000e+00 1.511598e+01
    endloop
  endfacet
  facet normal 8.386706e-01 0.000000e+00 -5.446390e-01
    outer loop
      vertex   4.219897e+01 3.340000e+00 1.511598e+01
      vertex   4.213341e+01 5.560000e+00 1.501503e+01
      vertex   4.219897e+01 5.560000e+00 1.511598e+01
    endloop
  endfacet
  facet normal 7.771460e-01 0.000000e+00 -6.293204e-01
    outer loop
      vertex   4.219897e+01 3.340000e+00 1.511598e+01
      vertex   4.219897e+01 5.560000e+00 1.511598e+01
      vertex   4.227472e+01 3.340000e+00 1.520953e+01
    endloop
  endfacet
  facet normal 7.771460e-01 5.035575e-16 -6.293204e-01
    outer loop
      vertex   4.227472e+01 3.340000e+00 1.520953e+01
      vertex   4.219897e+01 5.560000e+00 1.511598e+01
      vertex   4.227472e+01 5.560000e+00 1.520953e+01
    endloop
  endfacet
  facet normal 7.071068e-01 5.657991e-16 -7.071068e-01
    outer loop
      vertex   4.227472e+01 3.340000e+00 1.520953e+01
      vertex   4.227472e+01 5.560000e+00 1.520953e+01
      vertex   4.235984e+01 3.340000e+00 1.529464e+01
    endloop
  endfacet
  facet normal 7.071068e-01 -5.657991e-16 -7.071068e-01
    outer loop
      vertex   4.235984e+01 3.340000e+00 1.529464e+01
      vertex   4.227472e+01 5.560000e+00 1.520953e+01
      vertex   4.235984e+01 5.560000e+00 1.529464e+01
    endloop
  endfacet
  facet normal 6.293204e-01 -6.218417e-16 -7.771460e-01
    outer loop
      vertex   4.235984e+01 3.340000e+00 1.529464e+01
      vertex   4.235984e+01 5.560000e+00 1.529464e+01
      vertex   4.245339e+01 3.340000e+00 1.537040e+01
    endloop
  endfacet
  facet normal 6.293204e-01 0.000000e+00 -7.771460e-01
    outer loop
      vertex   4.245339e+01 3.340000e+00 1.537040e+01
      vertex   4.235984e+01 5.560000e+00 1.529464e+01
      vertex   4.245339e+01 5.560000e+00 1.537040e+01
    endloop
  endfacet
  facet normal 5.446390e-01 0.000000e+00 -8.386706e-01
    outer loop
      vertex   4.245339e+01 3.340000e+00 1.537040e+01
      vertex   4.245339e+01 5.560000e+00 1.537040e+01
      vertex   4.255434e+01 3.340000e+00 1.543596e+01
    endloop
  endfacet
  facet normal 5.446390e-01 0.000000e+00 -8.386706e-01
    outer loop
      vertex   4.255434e+01 3.340000e+00 1.543596e+01
      vertex   4.245339e+01 5.560000e+00 1.537040e+01
      vertex   4.255434e+01 5.560000e+00 1.543596e+01
    endloop
  endfacet
  facet normal 4.539905e-01 0.000000e+00 -8.910065e-01
    outer loop
      vertex   4.255434e+01 3.340000e+00 1.543596e+01
      vertex   4.255434e+01 5.560000e+00 1.543596e+01
      vertex   4.266159e+01 3.340000e+00 1.549060e+01
    endloop
  endfacet
  facet normal 4.539905e-01 7.129484e-16 -8.910065e-01
    outer loop
      vertex   4.266159e+01 3.340000e+00 1.549060e+01
      vertex   4.255434e+01 5.560000e+00 1.543596e+01
      vertex   4.266159e+01 5.560000e+00 1.549060e+01
    endloop
  endfacet
  facet normal 3.583679e-01 7.470144e-16 -9.335804e-01
    outer loop
      vertex   4.266159e+01 3.340000e+00 1.549060e+01
      vertex   4.266159e+01 5.560000e+00 1.549060e+01
      vertex   4.277397e+01 3.340000e+00 1.553374e+01
    endloop
  endfacet
  facet normal 3.583679e-01 0.000000e+00 -9.335804e-01
    outer loop
      vertex   4.277397e+01 3.340000e+00 1.553374e+01
      vertex   4.266159e+01 5.560000e+00 1.549060e+01
      vertex   4.277397e+01 5.560000e+00 1.553374e+01
    endloop
  endfacet
  facet normal 2.588190e-01 0.000000e+00 -9.659258e-01
    outer loop
      vertex   4.277397e+01 3.340000e+00 1.553374e+01
      vertex   4.277397e+01 5.560000e+00 1.553374e+01
      vertex   4.289024e+01 3.340000e+00 1.556490e+01
    endloop
  endfacet
  facet normal 2.588190e-01 0.000000e+00 -9.659258e-01
    outer loop
      vertex   4.289024e+01 3.340000e+00 1.556490e+01
      vertex   4.277397e+01 5.560000e+00 1.553374e+01
      vertex   4.289024e+01 5.560000e+00 1.556490e+01
    endloop
  endfacet
  facet normal 1.564345e-01 0.000000e+00 -9.876883e-01
    outer loop
      vertex   4.289024e+01 3.340000e+00 1.556490e+01
      vertex   4.289024e+01 5.560000e+00 1.556490e+01
      vertex   4.300913e+01 3.340000e+00 1.558373e+01
    endloop
  endfacet
  facet normal 1.564345e-01 0.000000e+00 -9.876883e-01
    outer loop
      vertex   4.300913e+01 3.340000e+00 1.558373e+01
      vertex   4.289024e+01 5.560000e+00 1.556490e+01
      vertex   4.300913e+01 5.560000e+00 1.558373e+01
    endloop
  endfacet
  facet normal 5.233596e-02 0.000000e+00 -9.986295e-01
    outer loop
      vertex   4.300913e+01 3.340000e+00 1.558373e+01
      vertex   4.300913e+01 5.560000e+00 1.558373e+01
      vertex   4.312934e+01 3.340000e+00 1.559003e+01
    endloop
  endfacet
  facet normal 5.233596e-02 0.000000e+00 -9.986295e-01
    outer loop
      vertex   4.312934e+01 3.340000e+00 1.559003e+01
      vertex   4.300913e+01 5.560000e+00 1.558373e+01
      vertex   4.312934e+01 5.560000e+00 1.559003e+01
    endloop
  endfacet
  facet normal -5.233596e-02 0.000000e+00 -9.986295e-01
    outer loop
      vertex   4.312934e+01 3.340000e+00 1.559003e+01
      vertex   4.312934e+01 5.560000e+00 1.559003e+01
      vertex   4.324955e+01 3.340000e+00 1.558373e+01
    endloop
  endfacet
  facet normal -5.233596e-02 0.000000e+00 -9.986295e-01
    outer loop
      vertex   4.324955e+01 3.340000e+00 1.558373e+01
      vertex   4.312934e+01 5.560000e+00 1.559003e+01
      vertex   4.324955e+01 5.560000e+00 1.558373e+01
    endloop
  endfacet
  facet normal -1.564345e-01 0.000000e+00 -9.876883e-01
    outer loop
      vertex   4.324955e+01 3.340000e+00 1.558373e+01
      vertex   4.324955e+01 5.560000e+00 1.558373e+01
      vertex   4.336844e+01 3.340000e+00 1.556490e+01
    endloop
  endfacet
  facet normal -1.564345e-01 0.000000e+00 -9.876883e-01
    outer loop
      vertex   4.336844e+01 3.340000e+00 1.556490e+01
      vertex   4.324955e+01 5.560000e+00 1.558373e+01
      vertex   4.336844e+01 5.560000e+00 1.556490e+01
    endloop
  endfacet
  facet normal -2.588190e-01 0.000000e+00 -9.659258e-01
    outer loop
      vertex   4.336844e+01 3.340000e+00 1.556490e+01
      vertex   4.336844e+01 5.560000e+00 1.556490e+01
      vertex   4.348471e+01 3.340000e+00 1.553374e+01
    endloop
  endfacet
  facet normal -2.588190e-01 0.000000e+00 -9.659258e-01
    outer loop
      vertex   4.348471e+01 3.340000e+00 1.553374e+01
      vertex   4.336844e+01 5.560000e+00 1.556490e+01
      vertex   4.348471e+01 5.560000e+00 1.553374e+01
    endloop
  endfacet
  facet normal -3.583679e-01 0.000000e+00 -9.335804e-01
    outer loop
      vertex   4.348471e+01 3.340000e+00 1.553374e+01
      vertex   4.348471e+01 5.560000e+00 1.553374e+01
      vertex   4.359709e+01 3.340000e+00 1.549060e+01
    endloop
  endfacet
  facet normal -3.583679e-01 -7.470144e-16 -9.335804e-01
    outer loop
      vertex   4.359709e+01 3.340000e+00 1.549060e+01
      vertex   4.348471e+01 5.560000e+00 1.553374e+01
      vertex   4.359709e+01 5.560000e+00 1.549060e+01
    endloop
  endfacet
  facet normal -4.539905e-01 -7.129484e-16 -8.910065e-01
    outer loop
      vertex   4.359709e+01 3.340000e+00 1.549060e+01
      vertex   4.359709e+01 5.560000e+00 1.549060e+01
      vertex   4.370434e+01 3.340000e+00 1.543596e+01
    endloop
  endfacet
  facet normal -4.539905e-01 0.000000e+00 -8.910065e-01
    outer loop
      vertex   4.370434e+01 3.340000e+00 1.543596e+01
      vertex   4.359709e+01 5.560000e+00 1.549060e+01
      vertex   4.370434e+01 5.560000e+00 1.543596e+01
    endloop
  endfacet
  facet normal -5.446390e-01 0.000000e+00 -8.386706e-01
    outer loop
      vertex   4.370434e+01 3.340000e+00 1.543596e+01
      vertex   4.370434e+01 5.560000e+00 1.543596e+01
      vertex   4.380529e+01 3.340000e+00 1.537040e+01
    endloop
  endfacet
  facet normal -5.446390e-01 0.000000e+00 -8.386706e-01
    outer loop
      vertex   4.380529e+01 3.340000e+00 1.537040e+01
      vertex   4.370434e+01 5.560000e+00 1.543596e+01
      vertex   4.380529e+01 5.560000e+00 1.537040e+01
    endloop
  endfacet
  facet normal -6.293204e-01 0.000000e+00 -7.771460e-01
    outer loop
      vertex   4.380529e+01 3.340000e+00 1.537040e+01
      vertex   4.380529e+01 5.560000e+00 1.537040e+01
      vertex   4.389884e+01 3.340000e+00 1.529464e+01
    endloop
  endfacet
  facet normal -6.293204e-01 -6.218417e-16 -7.771460e-01
    outer loop
      vertex   4.389884e+01 3.340000e+00 1.529464e+01
      vertex   4.380529e+01 5.560000e+00 1.537040e+01
      vertex   4.389884e+01 5.560000e+00 1.529464e+01
    endloop
  endfacet
  facet normal -7.071068e-01 -5.657991e-16 -7.071068e-01
    outer loop
      vertex   4.389884e+01 3.340000e+00 1.529464e+01
      vertex   4.389884e+01 5.560000e+00 1.529464e+01
      vertex   4.398396e+01 3.340000e+00 1.520953e+01
    endloop
  endfacet
  facet normal -7.071068e-01 5.657991e-16 -7.071068e-01
    outer loop
      vertex   4.398396e+01 3.340000e+00 1.520953e+01
      vertex   4.389884e+01 5.560000e+00 1.529464e+01
      vertex   4.398396e+01 5.560000e+00 1.520953e+01
    endloop
  endfacet
  facet normal -7.771460e-01 5.035575e-16 -6.293204e-01
    outer loop
      vertex   4.398396e+01 3.340000e+00 1.520953e+01
      vertex   4.398396e+01 5.560000e+00 1.520953e+01
      vertex   4.405971e+01 3.340000e+00 1.511598e+01
    endloop
  endfacet
  facet normal -7.771460e-01 0.000000e+00 -6.293204e-01
    outer loop
      vertex   4.405971e+01 3.340000e+00 1.511598e+01
      vertex   4.398396e+01 5.560000e+00 1.520953e+01
      vertex   4.405971e+01 5.560000e+00 1.511598e+01
    endloop
  endfacet
  facet normal -8.386706e-01 0.000000e+00 -5.446390e-01
    outer loop
      vertex   4.405971e+01 3.340000e+00 1.511598e+01
      vertex   4.405971e+01 5.560000e+00 1.511598e+01
      vertex   4.412527e+01 3.340000e+00 1.501503e+01
    endloop
  endfacet
  facet normal -8.386706e-01 4.357988e-16 -5.446390e-01
    outer loop
      vertex   4.412527e+01 3.340000e+00 1.501503e+01
      vertex   4.405971e+01 5.560000e+00 1.511598e+01
      vertex   4.412527e+01 5.560000e+00 1.501503e+01
    endloop
  endfacet
  facet normal -8.910065e-01 3.632654e-16 -4.539905e-01
    outer loop
      vertex   4.412527e+01 3.340000e+00 1.501503e+01
      vertex   4.412527e+01 5.560000e+00 1.501503e+01
      vertex   4.417992e+01 3.340000e+00 1.490777e+01
    endloop
  endfacet
  facet normal -8.910065e-01 3.632654e-16 -4.539905e-01
    outer loop
      vertex   4.417992e+01 3.340000e+00 1.490777e+01
      vertex   4.412527e+01 5.560000e+00 1.501503e+01
      vertex   4.417992e+01 5.560000e+00 1.490777e+01
    endloop
  endfacet
  facet normal -9.335804e-01 2.867520e-16 -3.583679e-01
    outer loop
      vertex   4.417992e+01 3.340000e+00 1.490777e+01
      vertex   4.417992e+01 5.560000e+00 1.490777e+01
      vertex   4.422305e+01 3.340000e+00 1.479540e+01
    endloop
  endfacet
  facet normal -9.335804e-01 0.000000e+00 -3.583679e-01
    outer loop
      vertex   4.422305e+01 3.340000e+00 1.479540e+01
      vertex   4.417992e+01 5.560000e+00 1.490777e+01
      vertex   4.422305e+01 5.560000e+00 1.479540e+01
    endloop
  endfacet
  facet normal -9.659258e-01 0.000000e+00 -2.588190e-01
    outer loop
      vertex   4.422305e+01 3.340000e+00 1.479540e+01
      vertex   4.422305e+01 5.560000e+00 1.479540e+01
      vertex   4.425421e+01 3.340000e+00 1.467912e+01
    endloop
  endfacet
  facet normal -9.659258e-01 0.000000e+00 -2.588190e-01
    outer loop
      vertex   4.425421e+01 3.340000e+00 1.467912e+01
      vertex   4.422305e+01 5.560000e+00 1.479540e+01
      vertex   4.425421e+01 5.560000e+00 1.467912e+01
    endloop
  endfacet
  facet normal -9.876883e-01 0.000000e+00 -1.564345e-01
    outer loop
      vertex   4.425421e+01 3.340000e+00 1.467912e+01
      vertex   4.425421e+01 5.560000e+00 1.467912e+01
      vertex   4.427304e+01 3.340000e+00 1.456023e+01
    endloop
  endfacet
  facet normal -9.876883e-01 0.000000e+00 -1.564345e-01
    outer loop
      vertex   4.427304e+01 3.340000e+00 1.456023e+01
      vertex   4.425421e+01 5.560000e+00 1.467912e+01
      vertex   4.427304e+01 5.560000e+00 1.456023e+01
    endloop
  endfacet
  facet normal -9.986295e-01 0.000000e+00 -5.233596e-02
    outer loop
      vertex   4.427304e+01 3.340000e+00 1.456023e+01
      vertex   4.427304e+01 5.560000e+00 1.456023e+01
      vertex   4.427934e+01 3.340000e+00 1.444003e+01
    endloop
  endfacet
  facet normal -9.986295e-01 0.000000e+00 -5.233596e-02
    outer loop
      vertex   4.427934e+01 3.340000e+00 1.444003e+01
      vertex   4.427304e+01 5.560000e+00 1.456023e+01
      vertex   4.427934e+01 5.560000e+00 1.444003e+01
    endloop
  endfacet
  facet normal -9.986295e-01 0.000000e+00 5.233596e-02
    outer loop
      vertex   4.427934e+01 3.340000e+00 1.444003e+01
      vertex   4.427934e+01 5.560000e+00 1.444003e+01
      vertex   4.427304e+01 3.340000e+00 1.431982e+01
    endloop
  endfacet
  facet normal -9.986295e-01 0.000000e+00 5.233596e-02
    outer loop
      vertex   4.427304e+01 3.340000e+00 1.431982e+01
      vertex   4.427934e+01 5.560000e+00 1.444003e+01
      vertex   4.427304e+01 5.560000e+00 1.431982e+01
    endloop
  endfacet
  facet normal -9.876883e-01 0.000000e+00 1.564345e-01
    outer loop
      vertex   4.427304e+01 3.340000e+00 1.431982e+01
      vertex   4.427304e+01 5.560000e+00 1.431982e+01
      vertex   4.425421e+01 3.340000e+00 1.420093e+01
    endloop
  endfacet
  facet normal -9.876883e-01 0.000000e+00 1.564345e-01
    outer loop
      vertex   4.425421e+01 3.340000e+00 1.420093e+01
      vertex   4.427304e+01 5.560000e+00 1.431982e+01
      vertex   4.425421e+01 5.560000e+00 1.420093e+01
    endloop
  endfacet
  facet normal -9.659258e-01 0.000000e+00 2.588190e-01
    outer loop
      vertex   4.425421e+01 3.340000e+00 1.420093e+01
      vertex   4.425421e+01 5.560000e+00 1.420093e+01
      vertex   4.422305e+01 3.340000e+00 1.408466e+01
    endloop
  endfacet
  facet normal -9.659258e-01 0.000000e+00 2.588190e-01
    outer loop
      vertex   4.422305e+01 3.340000e+00 1.408466e+01
      vertex   4.425421e+01 5.560000e+00 1.420093e+01
      vertex   4.422305e+01 5.560000e+00 1.408466e+01
    endloop
  endfacet
  facet normal -9.335804e-01 0.000000e+00 3.583679e-01
    outer loop
      vertex   4.422305e+01 3.340000e+00 1.408466e+01
      vertex   4.422305e+01 5.560000e+00 1.408466e+01
      vertex   4.417992e+01 3.340000e+00 1.397228e+01
    endloop
  endfacet
  facet normal -9.335804e-01 2.867520e-16 3.583679e-01
    outer loop
      vertex   4.417992e+01 3.340000e+00 1.397228e+01
      vertex   4.422305e+01 5.560000e+00 1.408466e+01
      vertex   4.417992e+01 5.560000e+00 1.397228e+01
    endloop
  endfacet
  facet normal -8.910065e-01 3.632654e-16 4.539905e-01
    outer loop
      vertex   4.417992e+01 3.340000e+00 1.397228e+01
      vertex   4.417992e+01 5.560000e+00 1.397228e+01
      vertex   4.412527e+01 3.340000e+00 1.386503e+01
    endloop
  endfacet
  facet normal -8.910065e-01 7.265307e-16 4.539905e-01
    outer loop
      vertex   4.412527e+01 3.340000e+00 1.386503e+01
      vertex   4.417992e+01 5.560000e+00 1.397228e+01
      vertex   4.412527e+01 5.560000e+00 1.386503e+01
    endloop
  endfacet
  facet normal -8.386706e-01 8.715975e-16 5.446390e-01
    outer loop
      vertex   4.412527e+01 3.340000e+00 1.386503e+01
      vertex   4.412527e+01 5.560000e+00 1.386503e+01
      vertex   4.405971e+01 3.340000e+00 1.376407e+01
    endloop
  endfacet
  facet normal -8.386706e-01 0.000000e+00 5.446390e-01
    outer loop
      vertex   4.405971e+01 3.340000e+00 1.376407e+01
      vertex   4.412527e+01 5.560000e+00 1.386503e+01
      vertex   4.405971e+01 5.560000e+00 1.376407e+01
    endloop
  endfacet
  facet normal -7.771460e-01 0.000000e+00 6.293204e-01
    outer loop
      vertex   4.405971e+01 3.340000e+00 1.376407e+01
      vertex   4.405971e+01 5.560000e+00 1.376407e+01
      vertex   4.398396e+01 3.340000e+00 1.367053e+01
    endloop
  endfacet
  facet normal -7.771460e-01 1.007115e-15 6.293204e-01
    outer loop
      vertex   4.398396e+01 3.340000e+00 1.367053e+01
      vertex   4.405971e+01 5.560000e+00 1.376407e+01
      vertex   4.398396e+01 5.560000e+00 1.367053e+01
    endloop
  endfacet
  facet normal -7.071068e-01 1.131598e-15 7.071068e-01
    outer loop
      vertex   4.398396e+01 3.340000e+00 1.367053e+01
      vertex   4.398396e+01 5.560000e+00 1.367053e+01
      vertex   4.389884e+01 3.340000e+00 1.358541e+01
    endloop
  endfacet
  facet normal -7.071068e-01 -5.657991e-16 7.071068e-01
    outer loop
      vertex   4.389884e+01 3.340000e+00 1.358541e+01
      vertex   4.398396e+01 5.560000e+00 1.367053e+01
      vertex   4.389884e+01 5.560000e+00 1.358541e+01
    endloop
  endfacet
  facet normal -6.293204e-01 -6.218417e-16 7.771460e-01
    outer loop
      vertex   4.389884e+01 3.340000e+00 1.358541e+01
      vertex   4.389884e+01 5.560000e+00 1.358541e+01
      vertex   4.380529e+01 3.340000e+00 1.350966e+01
    endloop
  endfacet
  facet normal -6.293204e-01 0.000000e+00 7.771460e-01
    outer loop
      vertex   4.380529e+01 3.340000e+00 1.350966e+01
      vertex   4.389884e+01 5.560000e+00 1.358541e+01
      vertex   4.380529e+01 5.560000e+00 1.350966e+01
    endloop
  endfacet
  facet normal -5.446390e-01 0.000000e+00 8.386706e-01
    outer loop
      vertex   4.380529e+01 3.340000e+00 1.350966e+01
      vertex   4.380529e+01 5.560000e+00 1.350966e+01
      vertex   4.370434e+01 3.340000e+00 1.344410e+01
    endloop
  endfacet
  facet normal -5.446390e-01 0.000000e+00 8.386706e-01
    outer loop
      vertex   4.370434e+01 3.340000e+00 1.344410e+01
      vertex   4.380529e+01 5.560000e+00 1.350966e+01
      vertex   4.370434e+01 5.560000e+00 1.344410e+01
    endloop
  endfacet
  facet normal -4.539905e-01 0.000000e+00 8.910065e-01
    outer loop
      vertex   4.370434e+01 3.340000e+00 1.344410e+01
      vertex   4.370434e+01 5.560000e+00 1.344410e+01
      vertex   4.359709e+01 3.340000e+00 1.338945e+01
    endloop
  endfacet
  facet normal -4.539905e-01 7.129484e-16 8.910065e-01
    outer loop
      vertex   4.359709e+01 3.340000e+00 1.338945e+01
      vertex   4.370434e+01 5.560000e+00 1.344410e+01
      vertex   4.359709e+01 5.560000e+00 1.338945e+01
    endloop
  endfacet
  facet normal -3.583679e-01 7.470144e-16 9.335804e-01
    outer loop
      vertex   4.359709e+01 3.340000e+00 1.338945e+01
      vertex   4.359709e+01 5.560000e+00 1.338945e+01
      vertex   4.348471e+01 3.340000e+00 1.334631e+01
    endloop
  endfacet
  facet normal -3.583679e-01 0.000000e+00 9.335804e-01
    outer loop
      vertex   4.348471e+01 3.340000e+00 1.334631e+01
      vertex   4.359709e+01 5.560000e+00 1.338945e+01
      vertex   4.348471e+01 5.560000e+00 1.334631e+01
    endloop
  endfacet
  facet normal -2.588190e-01 0.000000e+00 9.659258e-01
    outer loop
      vertex   4.348471e+01 3.340000e+00 1.334631e+01
      vertex   4.348471e+01 5.560000e+00 1.334631e+01
      vertex   4.336844e+01 3.340000e+00 1.331516e+01
    endloop
  endfacet
  facet normal -2.588190e-01 0.000000e+00 9.659258e-01
    outer loop
      vertex   4.336844e+01 3.340000e+00 1.331516e+01
      vertex   4.348471e+01 5.560000e+00 1.334631e+01
      vertex   4.336844e+01 5.560000e+00 1.331516e+01
    endloop
  endfacet
  facet normal -1.564345e-01 0.000000e+00 9.876883e-01
    outer loop
      vertex   4.336844e+01 3.340000e+00 1.331516e+01
      vertex   4.336844e+01 5.560000e+00 1.331516e+01
      vertex   4.324955e+01 3.340000e+00 1.329633e+01
    endloop
  endfacet
  facet normal -1.564345e-01 0.000000e+00 9.876883e-01
    outer loop
      vertex   4.324955e+01 3.340000e+00 1.329633e+01
      vertex   4.336844e+01 5.560000e+00 1.331516e+01
      vertex   4.324955e+01 5.560000e+00 1.329633e+01
    endloop
  endfacet
  facet normal -5.233596e-02 0.000000e+00 9.986295e-01
    outer loop
      vertex   4.324955e+01 3.340000e+00 1.329633e+01
      vertex   4.324955e+01 5.560000e+00 1.329633e+01
      vertex   4.312934e+01 3.340000e+00 1.329003e+01
    endloop
  endfacet
  facet normal -5.233596e-02 0.000000e+00 9.986295e-01
    outer loop
      vertex   4.312934e+01 3.340000e+00 1.329003e+01
      vertex   4.324955e+01 5.560000e+00 1.329633e+01
      vertex   4.312934e+01 5.560000e+00 1.329003e+01
    endloop
  endfacet
  facet normal 5.233596e-02 -0.000000e+00 9.986295e-01
    outer loop
      vertex   4.312934e+01 3.340000e+00 1.329003e+01
      vertex   4.312934e+01 5.560000e+00 1.329003e+01
      vertex   4.300913e+01 3.340000e+00 1.329633e+01
    endloop
  endfacet
  facet normal 5.233596e-02 -0.000000e+00 9.986295e-01
    outer loop
      vertex   4.300913e+01 3.340000e+00 1.329633e+01
      vertex   4.312934e+01 5.560000e+00 1.329003e+01
      vertex   4.300913e+01 5.560000e+00 1.329633e+01
    endloop
  endfacet
  facet normal 1.564345e-01 -0.000000e+00 9.876883e-01
    outer loop
      vertex   4.300913e+01 3.340000e+00 1.329633e+01
      vertex   4.300913e+01 5.560000e+00 1.329633e+01
      vertex   4.289024e+01 3.340000e+00 1.331516e+01
    endloop
  endfacet
  facet normal 1.564345e-01 -0.000000e+00 9.876883e-01
    outer loop
      vertex   4.289024e+01 3.340000e+00 1.331516e+01
      vertex   4.300913e+01 5.560000e+00 1.329633e+01
      vertex   4.289024e+01 5.560000e+00 1.331516e+01
    endloop
  endfacet
  facet normal 2.588190e-01 -0.000000e+00 9.659258e-01
    outer loop
      vertex   4.289024e+01 3.340000e+00 1.331516e+01
      vertex   4.289024e+01 5.560000e+00 1.331516e+01
      vertex   4.277397e+01 3.340000e+00 1.334631e+01
    endloop
  endfacet
  facet normal 2.588190e-01 -0.000000e+00 9.659258e-01
    outer loop
      vertex   4.277397e+01 3.340000e+00 1.334631e+01
      vertex   4.289024e+01 5.560000e+00 1.331516e+01
      vertex   4.277397e+01 5.560000e+00 1.334631e+01
    endloop
  endfacet
  facet normal 3.583679e-01 -0.000000e+00 9.335804e-01
    outer loop
      vertex   4.277397e+01 3.340000e+00 1.334631e+01
      vertex   4.277397e+01 5.560000e+00 1.334631e+01
      vertex   4.266159e+01 3.340000e+00 1.338945e+01
    endloop
  endfacet
  facet normal 3.583679e-01 7.470144e-16 9.335804e-01
    outer loop
      vertex   4.266159e+01 3.340000e+00 1.338945e+01
      vertex   4.277397e+01 5.560000e+00 1.334631e+01
      vertex   4.266159e+01 5.560000e+00 1.338945e+01
    endloop
  endfacet
  facet normal 4.539905e-01 7.129484e-16 8.910065e-01
    outer loop
      vertex   4.266159e+01 3.340000e+00 1.338945e+01
      vertex   4.266159e+01 5.560000e+00 1.338945e+01
      vertex   4.255434e+01 3.340000e+00 1.344410e+01
    endloop
  endfacet
  facet normal 4.539905e-01 -0.000000e+00 8.910065e-01
    outer loop
      vertex   4.255434e+01 3.340000e+00 1.344410e+01
      vertex   4.266159e+01 5.560000e+00 1.338945e+01
      vertex   4.255434e+01 5.560000e+00 1.344410e+01
    endloop
  endfacet
  facet normal 5.446390e-01 -0.000000e+00 8.386706e-01
    outer loop
      vertex   4.255434e+01 3.340000e+00 1.344410e+01
      vertex   4.255434e+01 5.560000e+00 1.344410e+01
      vertex   4.245339e+01 3.340000e+00 1.350966e+01
    endloop
  endfacet
  facet normal 5.446390e-01 -0.000000e+00 8.386706e-01
    outer loop
      vertex   4.245339e+01 3.340000e+00 1.350966e+01
      vertex   4.255434e+01 5.560000e+00 1.344410e+01
      vertex   4.245339e+01 5.560000e+00 1.350966e+01
    endloop
  endfacet
  facet normal 6.293204e-01 -0.000000e+00 7.771460e-01
    outer loop
      vertex   4.245339e+01 3.340000e+00 1.350966e+01
      vertex   4.245339e+01 5.560000e+00 1.350966e+01
      vertex   4.235984e+01 3.340000e+00 1.358541e+01
    endloop
  endfacet
  facet normal 6.293204e-01 -6.218417e-16 7.771460e-01
    outer loop
      vertex   4.235984e+01 3.340000e+00 1.358541e+01
      vertex   4.245339e+01 5.560000e+00 1.350966e+01
      vertex   4.235984e+01 5.560000e+00 1.358541e+01
    endloop
  endfacet
  facet normal 7.071068e-01 -5.657991e-16 7.071068e-01
    outer loop
      vertex   4.235984e+01 3.340000e+00 1.358541e+01
      vertex   4.235984e+01 5.560000e+00 1.358541e+01
      vertex   4.227472e+01 3.340000e+00 1.367053e+01
    endloop
  endfacet
  facet normal 7.071068e-01 1.131598e-15 7.071068e-01
    outer loop
      vertex   4.227472e+01 3.340000e+00 1.367053e+01
      vertex   4.235984e+01 5.560000e+00 1.358541e+01
      vertex   4.227472e+01 5.560000e+00 1.367053e+01
    endloop
  endfacet
  facet normal 7.771460e-01 1.007115e-15 6.293204e-01
    outer loop
      vertex   4.227472e+01 3.340000e+00 1.367053e+01
      vertex   4.227472e+01 5.560000e+00 1.367053e+01
      vertex   4.219897e+01 3.340000e+00 1.376407e+01
    endloop
  endfacet
  facet normal 7.771460e-01 -0.000000e+00 6.293204e-01
    outer loop
      vertex   4.219897e+01 3.340000e+00 1.376407e+01
      vertex   4.227472e+01 5.560000e+00 1.367053e+01
      vertex   4.219897e+01 5.560000e+00 1.376407e+01
    endloop
  endfacet
  facet normal 8.386706e-01 -0.000000e+00 5.446390e-01
    outer loop
      vertex   4.219897e+01 3.340000e+00 1.376407e+01
      vertex   4.219897e+01 5.560000e+00 1.376407e+01
      vertex   4.213341e+01 3.340000e+00 1.386503e+01
    endloop
  endfacet
  facet normal 8.386706e-01 8.715975e-16 5.446390e-01
    outer loop
      vertex   4.213341e+01 3.340000e+00 1.386503e+01
      vertex   4.219897e+01 5.560000e+00 1.376407e+01
      vertex   4.213341e+01 5.560000e+00 1.386503e+01
    endloop
  endfacet
  facet normal 8.910065e-01 7.265307e-16 4.539905e-01
    outer loop
      vertex   4.213341e+01 3.340000e+00 1.386503e+01
      vertex   4.213341e+01 5.560000e+00 1.386503e+01
      vertex   4.207876e+01 3.340000e+00 1.397228e+01
    endloop
  endfacet
  facet normal 8.910065e-01 3.632654e-16 4.539905e-01
    outer loop
      vertex   4.207876e+01 3.340000e+00 1.397228e+01
      vertex   4.213341e+01 5.560000e+00 1.386503e+01
      vertex   4.207876e+01 5.560000e+00 1.397228e+01
    endloop
  endfacet
  facet normal 9.335804e-01 2.867520e-16 3.583679e-01
    outer loop
      vertex   4.207876e+01 3.340000e+00 1.397228e+01
      vertex   4.207876e+01 5.560000e+00 1.397228e+01
      vertex   4.203562e+01 3.340000e+00 1.408466e+01
    endloop
  endfacet
  facet normal 9.335804e-01 -0.000000e+00 3.583679e-01
    outer loop
      vertex   4.203562e+01 3.340000e+00 1.408466e+01
      vertex   4.207876e+01 5.560000e+00 1.397228e+01
      vertex   4.203562e+01 5.560000e+00 1.408466e+01
    endloop
  endfacet
  facet normal 9.659258e-01 -0.000000e+00 2.588190e-01
    outer loop
      vertex   4.203562e+01 3.340000e+00 1.408466e+01
      vertex   4.203562e+01 5.560000e+00 1.408466e+01
      vertex   4.200447e+01 3.340000e+00 1.420093e+01
    endloop
  endfacet
  facet normal 9.659258e-01 -0.000000e+00 2.588190e-01
    outer loop
      vertex   4.200447e+01 3.340000e+00 1.420093e+01
      vertex   4.203562e+01 5.560000e+00 1.408466e+01
      vertex   4.200447e+01 5.560000e+00 1.420093e+01
    endloop
  endfacet
  facet normal 9.876883e-01 -0.000000e+00 1.564345e-01
    outer loop
      vertex   4.200447e+01 3.340000e+00 1.420093e+01
      vertex   4.200447e+01 5.560000e+00 1.420093e+01
      vertex   4.198564e+01 3.340000e+00 1.431982e+01
    endloop
  endfacet
  facet normal 9.876883e-01 -0.000000e+00 1.564345e-01
    outer loop
      vertex   4.198564e+01 3.340000e+00 1.431982e+01
      vertex   4.200447e+01 5.560000e+00 1.420093e+01
      vertex   4.198564e+01 5.560000e+00 1.431982e+01
    endloop
  endfacet
  facet normal 9.986295e-01 0.000000e+00 -5.233596e-02
    outer loop
      vertex   4.198564e+01 1.000000e+01 1.456023e+01
      vertex   4.198564e+01 7.780000e+00 1.456023e+01
      vertex   4.197934e+01 1.000000e+01 1.444003e+01
    endloop
  endfacet
  facet normal 9.986295e-01 0.000000e+00 -5.233596e-02
    outer loop
      vertex   4.197934e+01 1.000000e+01 1.444003e+01
      vertex   4.198564e+01 7.780000e+00 1.456023e+01
      vertex   4.197934e+01 7.780000e+00 1.444003e+01
    endloop
  endfacet
  facet normal 9.986295e-01 0.000000e+00 5.233596e-02
    outer loop
      vertex   4.197934e+01 1.000000e+01 1.444003e+01
      vertex   4.197934e+01 7.780000e+00 1.444003e+01
      vertex   4.198564e+01 1.000000e+01 1.431982e+01
    endloop
  endfacet
  facet normal 9.986295e-01 0.000000e+00 5.233596e-02
    outer loop
      vertex   4.198564e+01 1.000000e+01 1.431982e+01
      vertex   4.197934e+01 7.780000e+00 1.444003e+01
      vertex   4.198564e+01 7.780000e+00 1.431982e+01
    endloop
  endfacet
  facet normal 9.876883e-01 0.000000e+00 1.564345e-01
    outer loop
      vertex   4.198564e+01 1.000000e+01 1.431982e+01
      vertex   4.198564e+01 7.780000e+00 1.431982e+01
      vertex   4.200447e+01 1.000000e+01 1.420093e+01
    endloop
  endfacet
  facet normal 9.876883e-01 0.000000e+00 1.564345e-01
    outer loop
      vertex   4.200447e+01 1.000000e+01 1.420093e+01
      vertex   4.198564e+01 7.780000e+00 1.431982e+01
      vertex   4.200447e+01 7.780000e+00 1.420093e+01
    endloop
  endfacet
  facet normal 9.659258e-01 0.000000e+00 2.588190e-01
    outer loop
      vertex   4.200447e+01 1.000000e+01 1.420093e+01
      vertex   4.200447e+01 7.780000e+00 1.420093e+01
      vertex   4.203562e+01 1.000000e+01 1.408466e+01
    endloop
  endfacet
  facet normal 9.659258e-01 0.000000e+00 2.588190e-01
    outer loop
      vertex   4.203562e+01 1.000000e+01 1.408466e+01
      vertex   4.200447e+01 7.780000e+00 1.420093e+01
      vertex   4.203562e+01 7.780000e+00 1.408466e+01
    endloop
  endfacet
  facet normal 9.335804e-01 0.000000e+00 3.583679e-01
    outer loop
      vertex   4.203562e+01 1.000000e+01 1.408466e+01
      vertex   4.203562e+01 7.780000e+00 1.408466e+01
      vertex   4.207876e+01 1.000000e+01 1.397228e+01
    endloop
  endfacet
  facet normal 9.335804e-01 -2.867520e-16 3.583679e-01
    outer loop
      vertex   4.207876e+01 1.000000e+01 1.397228e+01
      vertex   4.203562e+01 7.780000e+00 1.408466e+01
      vertex   4.207876e+01 7.780000e+00 1.397228e+01
    endloop
  endfacet
  facet normal 8.910065e-01 -3.632654e-16 4.539905e-01
    outer loop
      vertex   4.207876e+01 1.000000e+01 1.397228e+01
      vertex   4.207876e+01 7.780000e+00 1.397228e+01
      vertex   4.213341e+01 1.000000e+01 1.386503e+01
    endloop
  endfacet
  facet normal 8.910065e-01 -7.265307e-16 4.539905e-01
    outer loop
      vertex   4.213341e+01 1.000000e+01 1.386503e+01
      vertex   4.207876e+01 7.780000e+00 1.397228e+01
      vertex   4.213341e+01 7.780000e+00 1.386503e+01
    endloop
  endfacet
  facet normal 8.386706e-01 -8.715975e-16 5.446390e-01
    outer loop
      vertex   4.213341e+01 1.000000e+01 1.386503e+01
      vertex   4.213341e+01 7.780000e+00 1.386503e+01
      vertex   4.219897e+01 1.000000e+01 1.376407e+01
    endloop
  endfacet
  facet normal 8.386706e-01 0.000000e+00 5.446390e-01
    outer loop
      vertex   4.219897e+01 1.000000e+01 1.376407e+01
      vertex   4.213341e+01 7.780000e+00 1.386503e+01
      vertex   4.219897e+01 7.780000e+00 1.376407e+01
    endloop
  endfacet
  facet normal 7.771460e-01 0.000000e+00 6.293204e-01
    outer loop
      vertex   4.219897e+01 1.000000e+01 1.376407e+01
      vertex   4.219897e+01 7.780000e+00 1.376407e+01
      vertex   4.227472e+01 1.000000e+01 1.367053e+01
    endloop
  endfacet
  facet normal 7.771460e-01 -1.007115e-15 6.293204e-01
    outer loop
      vertex   4.227472e+01 1.000000e+01 1.367053e+01
      vertex   4.219897e+01 7.780000e+00 1.376407e+01
      vertex   4.227472e+01 7.780000e+00 1.367053e+01
    endloop
  endfacet
  facet normal 7.071068e-01 -1.131598e-15 7.071068e-01
    outer loop
      vertex   4.227472e+01 1.000000e+01 1.367053e+01
      vertex   4.227472e+01 7.780000e+00 1.367053e+01
      vertex   4.235984e+01 1.000000e+01 1.358541e+01
    endloop
  endfacet
  facet normal 7.071068e-01 5.657991e-16 7.071068e-01
    outer loop
      vertex   4.235984e+01 1.000000e+01 1.358541e+01
      vertex   4.227472e+01 7.780000e+00 1.367053e+01
      vertex   4.235984e+01 7.780000e+00 1.358541e+01
    endloop
  endfacet
  facet normal 6.293204e-01 6.218417e-16 7.771460e-01
    outer loop
      vertex   4.235984e+01 1.000000e+01 1.358541e+01
      vertex   4.235984e+01 7.780000e+00 1.358541e+01
      vertex   4.245339e+01 1.000000e+01 1.350966e+01
    endloop
  endfacet
  facet normal 6.293204e-01 0.000000e+00 7.771460e-01
    outer loop
      vertex   4.245339e+01 1.000000e+01 1.350966e+01
      vertex   4.235984e+01 7.780000e+00 1.358541e+01
      vertex   4.245339e+01 7.780000e+00 1.350966e+01
    endloop
  endfacet
  facet normal 5.446390e-01 0.000000e+00 8.386706e-01
    outer loop
      vertex   4.245339e+01 1.000000e+01 1.350966e+01
      vertex   4.245339e+01 7.780000e+00 1.350966e+01
      vertex   4.255434e+01 1.000000e+01 1.344410e+01
    endloop
  endfacet
  facet normal 5.446390e-01 0.000000e+00 8.386706e-01
    outer loop
      vertex   4.255434e+01 1.000000e+01 1.344410e+01
      vertex   4.245339e+01 7.780000e+00 1.350966e+01
      vertex   4.255434e+01 7.780000e+00 1.344410e+01
    endloop
  endfacet
  facet normal 4.539905e-01 0.000000e+00 8.910065e-01
    outer loop
      vertex   4.255434e+01 1.000000e+01 1.344410e+01
      vertex   4.255434e+01 7.780000e+00 1.344410e+01
      vertex   4.266159e+01 1.000000e+01 1.338945e+01
    endloop
  endfacet
  facet normal 4.539905e-01 -7.129484e-16 8.910065e-01
    outer loop
      vertex   4.266159e+01 1.000000e+01 1.338945e+01
      vertex   4.255434e+01 7.780000e+00 1.344410e+01
      vertex   4.266159e+01 7.780000e+00 1.338945e+01
    endloop
  endfacet
  facet normal 3.583679e-01 -7.470144e-16 9.335804e-01
    outer loop
      vertex   4.266159e+01 1.000000e+01 1.338945e+01
      vertex   4.266159e+01 7.780000e+00 1.338945e+01
      vertex   4.277397e+01 1.000000e+01 1.334631e+01
    endloop
  endfacet
  facet normal 3.583679e-01 0.000000e+00 9.335804e-01
    outer loop
      vertex   4.277397e+01 1.000000e+01 1.334631e+01
      vertex   4.266159e+01 7.780000e+00 1.338945e+01
      vertex   4.277397e+01 7.780000e+00 1.334631e+01
    endloop
  endfacet
  facet normal 2.588190e-01 0.000000e+00 9.659258e-01
    outer loop
      vertex   4.277397e+01 1.000000e+01 1.334631e+01
      vertex   4.277397e+01 7.780000e+00 1.334631e+01
      vertex   4.289024e+01 1.000000e+01 1.331516e+01
    endloop
  endfacet
  facet normal 2.588190e-01 0.000000e+00 9.659258e-01
    outer loop
      vertex   4.289024e+01 1.000000e+01 1.331516e+01
      vertex   4.277397e+01 7.780000e+00 1.334631e+01
      vertex   4.289024e+01 7.780000e+00 1.331516e+01
    endloop
  endfacet
  facet normal 1.564345e-01 0.000000e+00 9.876883e-01
    outer loop
      vertex   4.289024e+01 1.000000e+01 1.331516e+01
      vertex   4.289024e+01 7.780000e+00 1.331516e+01
      vertex   4.300913e+01 1.000000e+01 1.329633e+01
    endloop
  endfacet
  facet normal 1.564345e-01 0.000000e+00 9.876883e-01
    outer loop
      vertex   4.300913e+01 1.000000e+01 1.329633e+01
      vertex   4.289024e+01 7.780000e+00 1.331516e+01
      vertex   4.300913e+01 7.780000e+00 1.329633e+01
    endloop
  endfacet
  facet normal 5.233596e-02 0.000000e+00 9.986295e-01
    outer loop
      vertex   4.300913e+01 1.000000e+01 1.329633e+01
      vertex   4.300913e+01 7.780000e+00 1.329633e+01
      vertex   4.312934e+01 1.000000e+01 1.329003e+01
    endloop
  endfacet
  facet normal 5.233596e-02 0.000000e+00 9.986295e-01
    outer loop
      vertex   4.312934e+01 1.000000e+01 1.329003e+01
      vertex   4.300913e+01 7.780000e+00 1.329633e+01
      vertex   4.312934e+01 7.780000e+00 1.329003e+01
    endloop
  endfacet
  facet normal -5.233596e-02 0.000000e+00 9.986295e-01
    outer loop
      vertex   4.312934e+01 1.000000e+01 1.329003e+01
      vertex   4.312934e+01 7.780000e+00 1.329003e+01
      vertex   4.324955e+01 1.000000e+01 1.329633e+01
    endloop
  endfacet
  facet normal -5.233596e-02 0.000000e+00 9.986295e-01
    outer loop
      vertex   4.324955e+01 1.000000e+01 1.329633e+01
      vertex   4.312934e+01 7.780000e+00 1.329003e+01
      vertex   4.324955e+01 7.780000e+00 1.329633e+01
    endloop
  endfacet
  facet normal -1.564345e-01 0.000000e+00 9.876883e-01
    outer loop
      vertex   4.324955e+01 1.000000e+01 1.329633e+01
      vertex   4.324955e+01 7.780000e+00 1.329633e+01
      vertex   4.336844e+01 1.000000e+01 1.331516e+01
    endloop
  endfacet
  facet normal -1.564345e-01 0.000000e+00 9.876883e-01
    outer loop
      vertex   4.336844e+01 1.000000e+01 1.331516e+01
      vertex   4.324955e+01 7.780000e+00 1.329633e+01
      vertex   4.336844e+01 7.780000e+00 1.331516e+01
    endloop
  endfacet
  facet normal -2.588190e-01 0.000000e+00 9.659258e-01
    outer loop
      vertex   4.336844e+01 1.000000e+01 1.331516e+01
      vertex   4.336844e+01 7.780000e+00 1.331516e+01
      vertex   4.348471e+01 1.000000e+01 1.334631e+01
    endloop
  endfacet
  facet normal -2.588190e-01 0.000000e+00 9.659258e-01
    outer loop
      vertex   4.348471e+01 1.000000e+01 1.334631e+01
      vertex   4.336844e+01 7.780000e+00 1.331516e+01
      vertex   4.348471e+01 7.780000e+00 1.334631e+01
    endloop
  endfacet
  facet normal -3.583679e-01 0.000000e+00 9.335804e-01
    outer loop
      vertex   4.348471e+01 1.000000e+01 1.334631e+01
      vertex   4.348471e+01 7.780000e+00 1.334631e+01
      vertex   4.359709e+01 1.000000e+01 1.338945e+01
    endloop
  endfacet
  facet normal -3.583679e-01 -7.470144e-16 9.335804e-01
    outer loop
      vertex   4.359709e+01 1.000000e+01 1.338945e+01
      vertex   4.348471e+01 7.780000e+00 1.334631e+01
      vertex   4.359709e+01 7.780000e+00 1.338945e+01
    endloop
  endfacet
  facet normal -4.539905e-01 -7.129484e-16 8.910065e-01
    outer loop
      vertex   4.359709e+01 1.000000e+01 1.338945e+01
      vertex   4.359709e+01 7.780000e+00 1.338945e+01
      vertex   4.370434e+01 1.000000e+01 1.344410e+01
    endloop
  endfacet
  facet normal -4.539905e-01 0.000000e+00 8.910065e-01
    outer loop
      vertex   4.370434e+01 1.000000e+01 1.344410e+01
      vertex   4.359709e+01 7.780000e+00 1.338945e+01
      vertex   4.370434e+01 7.780000e+00 1.344410e+01
    endloop
  endfacet
  facet normal -5.446390e-01 0.000000e+00 8.386706e-01
    outer loop
      vertex   4.370434e+01 1.000000e+01 1.344410e+01
      vertex   4.370434e+01 7.780000e+00 1.344410e+01
      vertex   4.380529e+01 1.000000e+01 1.350966e+01
    endloop
  endfacet
  facet normal -5.446390e-01 0.000000e+00 8.386706e-01
    outer loop
      vertex   4.380529e+01 1.000000e+01 1.350966e+01
      vertex   4.370434e+01 7.780000e+00 1.344410e+01
      vertex   4.380529e+01 7.780000e+00 1.350966e+01
    endloop
  endfacet
  facet normal -6.293204e-01 0.000000e+00 7.771460e-01
    outer loop
      vertex   4.380529e+01 1.000000e+01 1.350966e+01
      vertex   4.380529e+01 7.780000e+00 1.350966e+01
      vertex   4.389884e+01 1.000000e+01 1.358541e+01
    endloop
  endfacet
  facet normal -6.293204e-01 6.218417e-16 7.771460e-01
    outer loop
      vertex   4.389884e+01 1.000000e+01 1.358541e+01
      vertex   4.380529e+01 7.780000e+00 1.350966e+01
      vertex   4.389884e+01 7.780000e+00 1.358541e+01
    endloop
  endfacet
  facet normal -7.071068e-01 5.657991e-16 7.071068e-01
    outer loop
      vertex   4.389884e+01 1.000000e+01 1.358541e+01
      vertex   4.389884e+01 7.780000e+00 1.358541e+01
      vertex   4.398396e+01 1.000000e+01 1.367053e+01
    endloop
  endfacet
  facet normal -7.071068e-01 -1.131598e-15 7.071068e-01
    outer loop
      vertex   4.398396e+01 1.000000e+01 1.367053e+01
      vertex   4.389884e+01 7.780000e+00 1.358541e+01
      vertex   4.398396e+01 7.780000e+00 1.367053e+01
    endloop
  endfacet
  facet normal -7.771460e-01 -1.007115e-15 6.293204e-01
    outer loop
      vertex   4.398396e+01 1.000000e+01 1.367053e+01
      vertex   4.398396e+01 7.780000e+00 1.367053e+01
      vertex   4.405971e+01 1.000000e+01 1.376407e+01
    endloop
  endfacet
  facet normal -7.771460e-01 0.000000e+00 6.293204e-01
    outer loop
      vertex   4.405971e+01 1.000000e+01 1.376407e+01
      vertex   4.398396e+01 7.780000e+00 1.367053e+01
      vertex   4.405971e+01 7.780000e+00 1.376407e+01
    endloop
  endfacet
  facet normal -8.386706e-01 0.000000e+00 5.446390e-01
    outer loop
      vertex   4.405971e+01 1.000000e+01 1.376407e+01
      vertex   4.405971e+01 7.780000e+00 1.376407e+01
      vertex   4.412527e+01 1.000000e+01 1.386503e+01
    endloop
  endfacet
  facet normal -8.386706e-01 -8.715975e-16 5.446390e-01
    outer loop
      vertex   4.412527e+01 1.000000e+01 1.386503e+01
      vertex   4.405971e+01 7.780000e+00 1.376407e+01
      vertex   4.412527e+01 7.780000e+00 1.386503e+01
    endloop
  endfacet
  facet normal -8.910065e-01 -7.265307e-16 4.539905e-01
    outer loop
      vertex   4.412527e+01 1.000000e+01 1.386503e+01
      vertex   4.412527e+01 7.780000e+00 1.386503e+01
      vertex   4.417992e+01 1.000000e+01 1.397228e+01
    endloop
  endfacet
  facet normal -8.910065e-01 -3.632654e-16 4.539905e-01
    outer loop
      vertex   4.417992e+01 1.000000e+01 1.397228e+01
      vertex   4.412527e+01 7.780000e+00 1.386503e+01
      vertex   4.417992e+01 7.780000e+00 1.397228e+01
    endloop
  endfacet
  facet normal -9.335804e-01 -2.867520e-16 3.583679e-01
    outer loop
      vertex   4.417992e+01 1.000000e+01 1.397228e+01
      vertex   4.417992e+01 7.780000e+00 1.397228e+01
      vertex   4.422305e+01 1.000000e+01 1.408466e+01
    endloop
  endfacet
  facet normal -9.335804e-01 0.000000e+00 3.583679e-01
    outer loop
      vertex   4.422305e+01 1.000000e+01 1.408466e+01
      vertex   4.417992e+01 7.780000e+00 1.397228e+01
      vertex   4.422305e+01 7.780000e+00 1.408466e+01
    endloop
  endfacet
  facet normal -9.659258e-01 0.000000e+00 2.588190e-01
    outer loop
      vertex   4.422305e+01 1.000000e+01 1.408466e+01
      vertex   4.422305e+01 7.780000e+00 1.408466e+01
      vertex   4.425421e+01 1.000000e+01 1.420093e+01
    endloop
  endfacet
  facet normal -9.659258e-01 0.000000e+00 2.588190e-01
    outer loop
      vertex   4.425421e+01 1.000000e+01 1.420093e+01
      vertex   4.422305e+01 7.780000e+00 1.408466e+01
      vertex   4.425421e+01 7.780000e+00 1.420093e+01
    endloop
  endfacet
  facet normal -9.876883e-01 0.000000e+00 1.564345e-01
    outer loop
      vertex   4.425421e+01 1.000000e+01 1.420093e+01
      vertex   4.425421e+01 7.780000e+00 1.420093e+01
      vertex   4.427304e+01 1.000000e+01 1.431982e+01
    endloop
  endfacet
  facet normal -9.876883e-01 0.000000e+00 1.564345e-01
    outer loop
      vertex   4.427304e+01 1.000000e+01 1.431982e+01
      vertex   4.425421e+01 7.780000e+00 1.420093e+01
      vertex   4.427304e+01 7.780000e+00 1.431982e+01
    endloop
  endfacet
  facet normal -9.986295e-01 0.000000e+00 5.233596e-02
    outer loop
      vertex   4.427304e+01 1.000000e+01 1.431982e+01
      vertex   4.427304e+01 7.780000e+00 1.431982e+01
      vertex   4.427934e+01 1.000000e+01 1.444003e+01
    endloop
  endfacet
  facet normal -9.986295e-01 0.000000e+00 5.233596e-02
    outer loop
      vertex   4.427934e+01 1.000000e+01 1.444003e+01
      vertex   4.427304e+01 7.780000e+00 1.431982e+01
      vertex   4.427934e+01 7.780000e+00 1.444003e+01
    endloop
  endfacet
  facet normal -9.986295e-01 -0.000000e+00 -5.233596e-02
    outer loop
      vertex   4.427934e+01 1.000000e+01 1.444003e+01
      vertex   4.427934e+01 7.780000e+00 1.444003e+01
      vertex   4.427304e+01 1.000000e+01 1.456023e+01
    endloop
  endfacet
  facet normal -9.986295e-01 -0.000000e+00 -5.233596e-02
    outer loop
      vertex   4.427304e+01 1.000000e+01 1.456023e+01
      vertex   4.427934e+01 7.780000e+00 1.444003e+01
      vertex   4.427304e+01 7.780000e+00 1.456023e+01
    endloop
  endfacet
  facet normal -9.876883e-01 -0.000000e+00 -1.564345e-01
    outer loop
      vertex   4.427304e+01 1.000000e+01 1.456023e+01
      vertex   4.427304e+01 7.780000e+00 1.456023e+01
      vertex   4.425421e+01 1.000000e+01 1.467912e+01
    endloop
  endfacet
  facet normal -9.876883e-01 -0.000000e+00 -1.564345e-01
    outer loop
      vertex   4.425421e+01 1.000000e+01 1.467912e+01
      vertex   4.427304e+01 7.780000e+00 1.456023e+01
      vertex   4.425421e+01 7.780000e+00 1.467912e+01
    endloop
  endfacet
  facet normal -9.659258e-01 -0.000000e+00 -2.588190e-01
    outer loop
      vertex   4.425421e+01 1.000000e+01 1.467912e+01
      vertex   4.425421e+01 7.780000e+00 1.467912e+01
      vertex   4.422305e+01 1.000000e+01 1.479540e+01
    endloop
  endfacet
  facet normal -9.659258e-01 -0.000000e+00 -2.588190e-01
    outer loop
      vertex   4.422305e+01 1.000000e+01 1.479540e+01
      vertex   4.425421e+01 7.780000e+00 1.467912e+01
      vertex   4.422305e+01 7.780000e+00 1.479540e+01
    endloop
  endfacet
  facet normal -9.335804e-01 -0.000000e+00 -3.583679e-01
    outer loop
      vertex   4.422305e+01 1.000000e+01 1.479540e+01
      vertex   4.422305e+01 7.780000e+00 1.479540e+01
      vertex   4.417992e+01 1.000000e+01 1.490777e+01
    endloop
  endfacet
  facet normal -9.335804e-01 -2.867520e-16 -3.583679e-01
    outer loop
      vertex   4.417992e+01 1.000000e+01 1.490777e+01
      vertex   4.422305e+01 7.780000e+00 1.479540e+01
      vertex   4.417992e+01 7.780000e+00 1.490777e+01
    endloop
  endfacet
  facet normal -8.910065e-01 -3.632654e-16 -4.539905e-01
    outer loop
      vertex   4.417992e+01 1.000000e+01 1.490777e+01
      vertex   4.417992e+01 7.780000e+00 1.490777e+01
      vertex   4.412527e+01 1.000000e+01 1.501503e+01
    endloop
  endfacet
  facet normal -8.910065e-01 -3.632654e-16 -4.539905e-01
    outer loop
      vertex   4.412527e+01 1.000000e+01 1.501503e+01
      vertex   4.417992e+01 7.780000e+00 1.490777e+01
      vertex   4.412527e+01 7.780000e+00 1.501503e+01
    endloop
  endfacet
  facet normal -8.386706e-01 -4.357988e-16 -5.446390e-01
    outer loop
      vertex   4.412527e+01 1.000000e+01 1.501503e+01
      vertex   4.412527e+01 7.780000e+00 1.501503e+01
      vertex   4.405971e+01 1.000000e+01 1.511598e+01
    endloop
  endfacet
  facet normal -8.386706e-01 -0.000000e+00 -5.446390e-01
    outer loop
      vertex   4.405971e+01 1.000000e+01 1.511598e+01
      vertex   4.412527e+01 7.780000e+00 1.501503e+01
      vertex   4.405971e+01 7.780000e+00 1.511598e+01
    endloop
  endfacet
  facet normal -7.771460e-01 -0.000000e+00 -6.293204e-01
    outer loop
      vertex   4.405971e+01 1.000000e+01 1.511598e+01
      vertex   4.405971e+01 7.780000e+00 1.511598e+01
      vertex   4.398396e+01 1.000000e+01 1.520953e+01
    endloop
  endfacet
  facet normal -7.771460e-01 -5.035575e-16 -6.293204e-01
    outer loop
      vertex   4.398396e+01 1.000000e+01 1.520953e+01
      vertex   4.405971e+01 7.780000e+00 1.511598e+01
      vertex   4.398396e+01 7.780000e+00 1.520953e+01
    endloop
  endfacet
  facet normal -7.071068e-01 -5.657991e-16 -7.071068e-01
    outer loop
      vertex   4.398396e+01 1.000000e+01 1.520953e+01
      vertex   4.398396e+01 7.780000e+00 1.520953e+01
      vertex   4.389884e+01 1.000000e+01 1.529464e+01
    endloop
  endfacet
  facet normal -7.071068e-01 5.657991e-16 -7.071068e-01
    outer loop
      vertex   4.389884e+01 1.000000e+01 1.529464e+01
      vertex   4.398396e+01 7.780000e+00 1.520953e+01
      vertex   4.389884e+01 7.780000e+00 1.529464e+01
    endloop
  endfacet
  facet normal -6.293204e-01 6.218417e-16 -7.771460e-01
    outer loop
      vertex   4.389884e+01 1.000000e+01 1.529464e+01
      vertex   4.389884e+01 7.780000e+00 1.529464e+01
      vertex   4.380529e+01 1.000000e+01 1.537040e+01
    endloop
  endfacet
  facet normal -6.293204e-01 -0.000000e+00 -7.771460e-01
    outer loop
      vertex   4.380529e+01 1.000000e+01 1.537040e+01
      vertex   4.389884e+01 7.780000e+00 1.529464e+01
      vertex   4.380529e+01 7.780000e+00 1.537040e+01
    endloop
  endfacet
  facet normal -5.446390e-01 -0.000000e+00 -8.386706e-01
    outer loop
      vertex   4.380529e+01 1.000000e+01 1.537040e+01
      vertex   4.380529e+01 7.780000e+00 1.537040e+01
      vertex   4.370434e+01 1.000000e+01 1.543596e+01
    endloop
  endfacet
  facet normal -5.446390e-01 -0.000000e+00 -8.386706e-01
    outer loop
      vertex   4.370434e+01 1.000000e+01 1.543596e+01
      vertex   4.380529e+01 7.780000e+00 1.537040e+01
      vertex   4.370434e+01 7.780000e+00 1.543596e+01
    endloop
  endfacet
  facet normal -4.539905e-01 -0.000000e+00 -8.910065e-01
    outer loop
      vertex   4.370434e+01 1.000000e+01 1.543596e+01
      vertex   4.370434e+01 7.780000e+00 1.543596e+01
      vertex   4.359709e+01 1.000000e+01 1.549060e+01
    endloop
  endfacet
  facet normal -4.539905e-01 7.129484e-16 -8.910065e-01
    outer loop
      vertex   4.359709e+01 1.000000e+01 1.549060e+01
      vertex   4.370434e+01 7.780000e+00 1.543596e+01
      vertex   4.359709e+01 7.780000e+00 1.549060e+01
    endloop
  endfacet
  facet normal -3.583679e-01 7.470144e-16 -9.335804e-01
    outer loop
      vertex   4.359709e+01 1.000000e+01 1.549060e+01
      vertex   4.359709e+01 7.780000e+00 1.549060e+01
      vertex   4.348471e+01 1.000000e+01 1.553374e+01
    endloop
  endfacet
  facet normal -3.583679e-01 -0.000000e+00 -9.335804e-01
    outer loop
      vertex   4.348471e+01 1.000000e+01 1.553374e+01
      vertex   4.359709e+01 7.780000e+00 1.549060e+01
      vertex   4.348471e+01 7.780000e+00 1.553374e+01
    endloop
  endfacet
  facet normal -2.588190e-01 -0.000000e+00 -9.659258e-01
    outer loop
      vertex   4.348471e+01 1.000000e+01 1.553374e+01
      vertex   4.348471e+01 7.780000e+00 1.553374e+01
      vertex   4.336844e+01 1.000000e+01 1.556490e+01
    endloop
  endfacet
  facet normal -2.588190e-01 -0.000000e+00 -9.659258e-01
    outer loop
      vertex   4.336844e+01 1.000000e+01 1.556490e+01
      vertex   4.348471e+01 7.780000e+00 1.553374e+01
      vertex   4.336844e+01 7.780000e+00 1.556490e+01
    endloop
  endfacet
  facet normal -1.564345e-01 -0.000000e+00 -9.876883e-01
    outer loop
      vertex   4.336844e+01 1.000000e+01 1.556490e+01
      vertex   4.336844e+01 7.780000e+00 1.556490e+01
      vertex   4.324955e+01 1.000000e+01 1.558373e+01
    endloop
  endfacet
  facet normal -1.564345e-01 -0.000000e+00 -9.876883e-01
    outer loop
      vertex   4.324955e+01 1.000000e+01 1.558373e+01
      vertex   4.336844e+01 7.780000e+00 1.556490e+01
      vertex   4.324955e+01 7.780000e+00 1.558373e+01
    endloop
  endfacet
  facet normal -5.233596e-02 -0.000000e+00 -9.986295e-01
    outer loop
      vertex   4.324955e+01 1.000000e+01 1.558373e+01
      vertex   4.324955e+01 7.780000e+00 1.558373e+01
      vertex   4.312934e+01 1.000000e+01 1.559003e+01
    endloop
  endfacet
  facet normal -5.233596e-02 -0.000000e+00 -9.986295e-01
    outer loop
      vertex   4.312934e+01 1.000000e+01 1.559003e+01
      vertex   4.324955e+01 7.780000e+00 1.558373e+01
      vertex   4.312934e+01 7.780000e+00 1.559003e+01
    endloop
  endfacet
  facet normal 5.233596e-02 0.000000e+00 -9.986295e-01
    outer loop
      vertex   4.312934e+01 1.000000e+01 1.559003e+01
      vertex   4.312934e+01 7.780000e+00 1.559003e+01
      vertex   4.300913e+01 1.000000e+01 1.558373e+01
    endloop
  endfacet
  facet normal 5.233596e-02 0.000000e+00 -9.986295e-01
    outer loop
      vertex   4.300913e+01 1.000000e+01 1.558373e+01
      vertex   4.312934e+01 7.780000e+00 1.559003e+01
      vertex   4.300913e+01 7.780000e+00 1.558373e+01
    endloop
  endfacet
  facet normal 1.564345e-01 0.000000e+00 -9.876883e-01
    outer loop
      vertex   4.300913e+01 1.000000e+01 1.558373e+01
      vertex   4.300913e+01 7.780000e+00 1.558373e+01
      vertex   4.289024e+01 1.000000e+01 1.556490e+01
    endloop
  endfacet
  facet normal 1.564345e-01 0.000000e+00 -9.876883e-01
    outer loop
      vertex   4.289024e+01 1.000000e+01 1.556490e+01
      vertex   4.300913e+01 7.780000e+00 1.558373e+01
      vertex   4.289024e+01 7.780000e+00 1.556490e+01
    endloop
  endfacet
  facet normal 2.588190e-01 0.000000e+00 -9.659258e-01
    outer loop
      vertex   4.289024e+01 1.000000e+01 1.556490e+01
      vertex   4.289024e+01 7.780000e+00 1.556490e+01
      vertex   4.277397e+01 1.000000e+01 1.553374e+01
    endloop
  endfacet
  facet normal 2.588190e-01 0.000000e+00 -9.659258e-01
    outer loop
      vertex   4.277397e+01 1.000000e+01 1.553374e+01
      vertex   4.289024e+01 7.780000e+00 1.556490e+01
      vertex   4.277397e+01 7.780000e+00 1.553374e+01
    endloop
  endfacet
  facet normal 3.583679e-01 0.000000e+00 -9.335804e-01
    outer loop
      vertex   4.277397e+01 1.000000e+01 1.553374e+01
      vertex   4.277397e+01 7.780000e+00 1.553374e+01
      vertex   4.266159e+01 1.000000e+01 1.549060e+01
    endloop
  endfacet
  facet normal 3.583679e-01 -7.470144e-16 -9.335804e-01
    outer loop
      vertex   4.266159e+01 1.000000e+01 1.549060e+01
      vertex   4.277397e+01 7.780000e+00 1.553374e+01
      vertex   4.266159e+01 7.780000e+00 1.549060e+01
    endloop
  endfacet
  facet normal 4.539905e-01 -7.129484e-16 -8.910065e-01
    outer loop
      vertex   4.266159e+01 1.000000e+01 1.549060e+01
      vertex   4.266159e+01 7.780000e+00 1.549060e+01
      vertex   4.255434e+01 1.000000e+01 1.543596e+01
    endloop
  endfacet
  facet normal 4.539905e-01 0.000000e+00 -8.910065e-01
    outer loop
      vertex   4.255434e+01 1.000000e+01 1.543596e+01
      vertex   4.266159e+01 7.780000e+00 1.549060e+01
      vertex   4.255434e+01 7.780000e+00 1.543596e+01
    endloop
  endfacet
  facet normal 5.446390e-01 0.000000e+00 -8.386706e-01
    outer loop
      vertex   4.255434e+01 1.000000e+01 1.543596e+01
      vertex   4.255434e+01 7.780000e+00 1.543596e+01
      vertex   4.245339e+01 1.000000e+01 1.537040e+01
    endloop
  endfacet
  facet normal 5.446390e-01 0.000000e+00 -8.386706e-01
    outer loop
      vertex   4.245339e+01 1.000000e+01 1.537040e+01
      vertex   4.255434e+01 7.780000e+00 1.543596e+01
      vertex   4.245339e+01 7.780000e+00 1.537040e+01
    endloop
  endfacet
  facet normal 6.293204e-01 0.000000e+00 -7.771460e-01
    outer loop
      vertex   4.245339e+01 1.000000e+01 1.537040e+01
      vertex   4.245339e+01 7.780000e+00 1.537040e+01
      vertex   4.235984e+01 1.000000e+01 1.529464e+01
    endloop
  endfacet
  facet normal 6.293204e-01 6.218417e-16 -7.771460e-01
    outer loop
      vertex   4.235984e+01 1.000000e+01 1.529464e+01
      vertex   4.245339e+01 7.780000e+00 1.537040e+01
      vertex   4.235984e+01 7.780000e+00 1.529464e+01
    endloop
  endfacet
  facet normal 7.071068e-01 5.657991e-16 -7.071068e-01
    outer loop
      vertex   4.235984e+01 1.000000e+01 1.529464e+01
      vertex   4.235984e+01 7.780000e+00 1.529464e+01
      vertex   4.227472e+01 1.000000e+01 1.520953e+01
    endloop
  endfacet
  facet normal 7.071068e-01 -5.657991e-16 -7.071068e-01
    outer loop
      vertex   4.227472e+01 1.000000e+01 1.520953e+01
      vertex   4.235984e+01 7.780000e+00 1.529464e+01
      vertex   4.227472e+01 7.780000e+00 1.520953e+01
    endloop
  endfacet
  facet normal 7.771460e-01 -5.035575e-16 -6.293204e-01
    outer loop
      vertex   4.227472e+01 1.000000e+01 1.520953e+01
      vertex   4.227472e+01 7.780000e+00 1.520953e+01
      vertex   4.219897e+01 1.000000e+01 1.511598e+01
    endloop
  endfacet
  facet normal 7.771460e-01 0.000000e+00 -6.293204e-01
    outer loop
      vertex   4.219897e+01 1.000000e+01 1.511598e+01
      vertex   4.227472e+01 7.780000e+00 1.520953e+01
      vertex   4.219897e+01 7.780000e+00 1.511598e+01
    endloop
  endfacet
  facet normal 8.386706e-01 0.000000e+00 -5.446390e-01
    outer loop
      vertex   4.219897e+01 1.000000e+01 1.511598e+01
      vertex   4.219897e+01 7.780000e+00 1.511598e+01
      vertex   4.213341e+01 1.000000e+01 1.501503e+01
    endloop
  endfacet
  facet normal 8.386706e-01 -4.357988e-16 -5.446390e-01
    outer loop
      vertex   4.213341e+01 1.000000e+01 1.501503e+01
      vertex   4.219897e+01 7.780000e+00 1.511598e+01
      vertex   4.213341e+01 7.780000e+00 1.501503e+01
    endloop
  endfacet
  facet normal 8.910065e-01 -3.632654e-16 -4.539905e-01
    outer loop
      vertex   4.213341e+01 1.000000e+01 1.501503e+01
      vertex   4.213341e+01 7.780000e+00 1.501503e+01
      vertex   4.207876e+01 1.000000e+01 1.490777e+01
    endloop
  endfacet
  facet normal 8.910065e-01 -3.632654e-16 -4.539905e-01
    outer loop
      vertex   4.207876e+01 1.000000e+01 1.490777e+01
      vertex   4.213341e+01 7.780000e+00 1.501503e+01
      vertex   4.207876e+01 7.780000e+00 1.490777e+01
    endloop
  endfacet
  facet normal 9.335804e-01 -2.867520e-16 -3.583679e-01
    outer loop
      vertex   4.207876e+01 1.000000e+01 1.490777e+01
      vertex   4.207876e+01 7.780000e+00 1.490777e+01
      vertex   4.203562e+01 1.000000e+01 1.479540e+01
    endloop
  endfacet
  facet normal 9.335804e-01 0.000000e+00 -3.583679e-01
    outer loop
      vertex   4.203562e+01 1.000000e+01 1.479540e+01
      vertex   4.207876e+01 7.780000e+00 1.490777e+01
      vertex   4.203562e+01 7.780000e+00 1.479540e+01
    endloop
  endfacet
  facet normal 9.659258e-01 0.000000e+00 -2.588190e-01
    outer loop
      vertex   4.203562e+01 1.000000e+01 1.479540e+01
      vertex   4.203562e+01 7.780000e+00 1.479540e+01
      vertex   4.200447e+01 1.000000e+01 1.467912e+01
    endloop
  endfacet
  facet normal 9.659258e-01 0.000000e+00 -2.588190e-01
    outer loop
      vertex   4.200447e+01 1.000000e+01 1.467912e+01
      vertex   4.203562e+01 7.780000e+00 1.479540e+01
      vertex   4.200447e+01 7.780000e+00 1.467912e+01
    endloop
  endfacet
  facet normal 9.876883e-01 0.000000e+00 -1.564345e-01
    outer loop
      vertex   4.200447e+01 1.000000e+01 1.467912e+01
      vertex   4.200447e+01 7.780000e+00 1.467912e+01
      vertex   4.198564e+01 1.000000e+01 1.456023e+01
    endloop
  endfacet
  facet normal 9.876883e-01 0.000000e+00 -1.564345e-01
    outer loop
      vertex   4.198564e+01 1.000000e+01 1.456023e+01
      vertex   4.200447e+01 7.780000e+00 1.467912e+01
      vertex   4.198564e+01 7.780000e+00 1.456023e+01
    endloop
  endfacet
  facet normal 9.986295e-01 0.000000e+00 -5.233596e-02
    outer loop
      vertex   4.197934e+01 5.560000e+00 1.444003e+01
      vertex   4.197934e+01 7.780000e+00 1.444003e+01
      vertex   4.198564e+01 5.560000e+00 1.456023e+01
    endloop
  endfacet
  facet normal 9.986295e-01 0.000000e+00 -5.233596e-02
    outer loop
      vertex   4.198564e+01 5.560000e+00 1.456023e+01
      vertex   4.197934e+01 7.780000e+00 1.444003e+01
      vertex   4.198564e+01 7.780000e+00 1.456023e+01
    endloop
  endfacet
  facet normal 9.876883e-01 0.000000e+00 -1.564345e-01
    outer loop
      vertex   4.198564e+01 5.560000e+00 1.456023e+01
      vertex   4.198564e+01 7.780000e+00 1.456023e+01
      vertex   4.200447e+01 5.560000e+00 1.467912e+01
    endloop
  endfacet
  facet normal 9.876883e-01 0.000000e+00 -1.564345e-01
    outer loop
      vertex   4.200447e+01 5.560000e+00 1.467912e+01
      vertex   4.198564e+01 7.780000e+00 1.456023e+01
      vertex   4.200447e+01 7.780000e+00 1.467912e+01
    endloop
  endfacet
  facet normal 9.659258e-01 0.000000e+00 -2.588190e-01
    outer loop
      vertex   4.200447e+01 5.560000e+00 1.467912e+01
      vertex   4.200447e+01 7.780000e+00 1.467912e+01
      vertex   4.203562e+01 5.560000e+00 1.479540e+01
    endloop
  endfacet
  facet normal 9.659258e-01 0.000000e+00 -2.588190e-01
    outer loop
      vertex   4.203562e+01 5.560000e+00 1.479540e+01
      vertex   4.200447e+01 7.780000e+00 1.467912e+01
      vertex   4.203562e+01 7.780000e+00 1.479540e+01
    endloop
  endfacet
  facet normal 9.335804e-01 0.000000e+00 -3.583679e-01
    outer loop
      vertex   4.203562e+01 5.560000e+00 1.479540e+01
      vertex   4.203562e+01 7.780000e+00 1.479540e+01
      vertex   4.207876e+01 5.560000e+00 1.490777e+01
    endloop
  endfacet
  facet normal 9.335804e-01 0.000000e+00 -3.583679e-01
    outer loop
      vertex   4.207876e+01 5.560000e+00 1.490777e+01
      vertex   4.203562e+01 7.780000e+00 1.479540e+01
      vertex   4.207876e+01 7.780000e+00 1.490777e+01
    endloop
  endfacet
  facet normal 8.910065e-01 0.000000e+00 -4.539905e-01
    outer loop
      vertex   4.207876e+01 5.560000e+00 1.490777e+01
      vertex   4.207876e+01 7.780000e+00 1.490777e+01
      vertex   4.213341e+01 5.560000e+00 1.501503e+01
    endloop
  endfacet
  facet normal 8.910065e-01 0.000000e+00 -4.539905e-01
    outer loop
      vertex   4.213341e+01 5.560000e+00 1.501503e+01
      vertex   4.207876e+01 7.780000e+00 1.490777e+01
      vertex   4.213341e+01 7.780000e+00 1.501503e+01
    endloop
  endfacet
  facet normal 8.386706e-01 0.000000e+00 -5.446390e-01
    outer loop
      vertex   4.213341e+01 5.560000e+00 1.501503e+01
      vertex   4.213341e+01 7.780000e+00 1.501503e+01
      vertex   4.219897e+01 5.560000e+00 1.511598e+01
    endloop
  endfacet
  facet normal 8.386706e-01 0.000000e+00 -5.446390e-01
    outer loop
      vertex   4.219897e+01 5.560000e+00 1.511598e+01
      vertex   4.213341e+01 7.780000e+00 1.501503e+01
      vertex   4.219897e+01 7.780000e+00 1.511598e+01
    endloop
  endfacet
  facet normal 7.771460e-01 0.000000e+00 -6.293204e-01
    outer loop
      vertex   4.219897e+01 5.560000e+00 1.511598e+01
      vertex   4.219897e+01 7.780000e+00 1.511598e+01
      vertex   4.227472e+01 5.560000e+00 1.520953e+01
    endloop
  endfacet
  facet normal 7.771460e-01 0.000000e+00 -6.293204e-01
    outer loop
      vertex   4.227472e+01 5.560000e+00 1.520953e+01
      vertex   4.219897e+01 7.780000e+00 1.511598e+01
      vertex   4.227472e+01 7.780000e+00 1.520953e+01
    endloop
  endfacet
  facet normal 7.071068e-01 0.000000e+00 -7.071068e-01
    outer loop
      vertex   4.227472e+01 5.560000e+00 1.520953e+01
      vertex   4.227472e+01 7.780000e+00 1.520953e+01
      vertex   4.235984e+01 5.560000e+00 1.529464e+01
    endloop
  endfacet
  facet normal 7.071068e-01 0.000000e+00 -7.071068e-01
    outer loop
      vertex   4.235984e+01 5.560000e+00 1.529464e+01
      vertex   4.227472e+01 7.780000e+00 1.520953e+01
      vertex   4.235984e+01 7.780000e+00 1.529464e+01
    endloop
  endfacet
  facet normal 6.293204e-01 0.000000e+00 -7.771460e-01
    outer loop
      vertex   4.235984e+01 5.560000e+00 1.529464e+01
      vertex   4.235984e+01 7.780000e+00 1.529464e+01
      vertex   4.245339e+01 5.560000e+00 1.537040e+01
    endloop
  endfacet
  facet normal 6.293204e-01 0.000000e+00 -7.771460e-01
    outer loop
      vertex   4.245339e+01 5.560000e+00 1.537040e+01
      vertex   4.235984e+01 7.780000e+00 1.529464e+01
      vertex   4.245339e+01 7.780000e+00 1.537040e+01
    endloop
  endfacet
  facet normal 5.446390e-01 0.000000e+00 -8.386706e-01
    outer loop
      vertex   4.245339e+01 5.560000e+00 1.537040e+01
      vertex   4.245339e+01 7.780000e+00 1.537040e+01
      vertex   4.255434e+01 5.560000e+00 1.543596e+01
    endloop
  endfacet
  facet normal 5.446390e-01 0.000000e+00 -8.386706e-01
    outer loop
      vertex   4.255434e+01 5.560000e+00 1.543596e+01
      vertex   4.245339e+01 7.780000e+00 1.537040e+01
      vertex   4.255434e+01 7.780000e+00 1.543596e+01
    endloop
  endfacet
  facet normal 4.539905e-01 0.000000e+00 -8.910065e-01
    outer loop
      vertex   4.255434e+01 5.560000e+00 1.543596e+01
      vertex   4.255434e+01 7.780000e+00 1.543596e+01
      vertex   4.266159e+01 5.560000e+00 1.549060e+01
    endloop
  endfacet
  facet normal 4.539905e-01 0.000000e+00 -8.910065e-01
    outer loop
      vertex   4.266159e+01 5.560000e+00 1.549060e+01
      vertex   4.255434e+01 7.780000e+00 1.543596e+01
      vertex   4.266159e+01 7.780000e+00 1.549060e+01
    endloop
  endfacet
  facet normal 3.583679e-01 0.000000e+00 -9.335804e-01
    outer loop
      vertex   4.266159e+01 5.560000e+00 1.549060e+01
      vertex   4.266159e+01 7.780000e+00 1.549060e+01
      vertex   4.277397e+01 5.560000e+00 1.553374e+01
    endloop
  endfacet
  facet normal 3.583679e-01 0.000000e+00 -9.335804e-01
    outer loop
      vertex   4.277397e+01 5.560000e+00 1.553374e+01
      vertex   4.266159e+01 7.780000e+00 1.549060e+01
      vertex   4.277397e+01 7.780000e+00 1.553374e+01
    endloop
  endfacet
  facet normal 2.588190e-01 0.000000e+00 -9.659258e-01
    outer loop
      vertex   4.277397e+01 5.560000e+00 1.553374e+01
      vertex   4.277397e+01 7.780000e+00 1.553374e+01
      vertex   4.289024e+01 5.560000e+00 1.556490e+01
    endloop
  endfacet
  facet normal 2.588190e-01 0.000000e+00 -9.659258e-01
    outer loop
      vertex   4.289024e+01 5.560000e+00 1.556490e+01
      vertex   4.277397e+01 7.780000e+00 1.553374e+01
      vertex   4.289024e+01 7.780000e+00 1.556490e+01
    endloop
  endfacet
  facet normal 1.564345e-01 0.000000e+00 -9.876883e-01
    outer loop
      vertex   4.289024e+01 5.560000e+00 1.556490e+01
      vertex   4.289024e+01 7.780000e+00 1.556490e+01
      vertex   4.300913e+01 5.560000e+00 1.558373e+01
    endloop
  endfacet
  facet normal 1.564345e-01 0.000000e+00 -9.876883e-01
    outer loop
      vertex   4.300913e+01 5.560000e+00 1.558373e+01
      vertex   4.289024e+01 7.780000e+00 1.556490e+01
      vertex   4.300913e+01 7.780000e+00 1.558373e+01
    endloop
  endfacet
  facet normal 5.233596e-02 0.000000e+00 -9.986295e-01
    outer loop
      vertex   4.300913e+01 5.560000e+00 1.558373e+01
      vertex   4.300913e+01 7.780000e+00 1.558373e+01
      vertex   4.312934e+01 5.560000e+00 1.559003e+01
    endloop
  endfacet
  facet normal 5.233596e-02 0.000000e+00 -9.986295e-01
    outer loop
      vertex   4.312934e+01 5.560000e+00 1.559003e+01
      vertex   4.300913e+01 7.780000e+00 1.558373e+01
      vertex   4.312934e+01 7.780000e+00 1.559003e+01
    endloop
  endfacet
  facet normal -5.233596e-02 0.000000e+00 -9.986295e-01
    outer loop
      vertex   4.312934e+01 5.560000e+00 1.559003e+01
      vertex   4.312934e+01 7.780000e+00 1.559003e+01
      vertex   4.324955e+01 5.560000e+00 1.558373e+01
    endloop
  endfacet
  facet normal -5.233596e-02 0.000000e+00 -9.986295e-01
    outer loop
      vertex   4.324955e+01 5.560000e+00 1.558373e+01
      vertex   4.312934e+01 7.780000e+00 1.559003e+01
      vertex   4.324955e+01 7.780000e+00 1.558373e+01
    endloop
  endfacet
  facet normal -1.564345e-01 0.000000e+00 -9.876883e-01
    outer loop
      vertex   4.324955e+01 5.560000e+00 1.558373e+01
      vertex   4.324955e+01 7.780000e+00 1.558373e+01
      vertex   4.336844e+01 5.560000e+00 1.556490e+01
    endloop
  endfacet
  facet normal -1.564345e-01 0.000000e+00 -9.876883e-01
    outer loop
      vertex   4.336844e+01 5.560000e+00 1.556490e+01
      vertex   4.324955e+01 7.780000e+00 1.558373e+01
      vertex   4.336844e+01 7.780000e+00 1.556490e+01
    endloop
  endfacet
  facet normal -2.588190e-01 0.000000e+00 -9.659258e-01
    outer loop
      vertex   4.336844e+01 5.560000e+00 1.556490e+01
      vertex   4.336844e+01 7.780000e+00 1.556490e+01
      vertex   4.348471e+01 5.560000e+00 1.553374e+01
    endloop
  endfacet
  facet normal -2.588190e-01 0.000000e+00 -9.659258e-01
    outer loop
      vertex   4.348471e+01 5.560000e+00 1.553374e+01
      vertex   4.336844e+01 7.780000e+00 1.556490e+01
      vertex   4.348471e+01 7.780000e+00 1.553374e+01
    endloop
  endfacet
  facet normal -3.583679e-01 0.000000e+00 -9.335804e-01
    outer loop
      vertex   4.348471e+01 5.560000e+00 1.553374e+01
      vertex   4.348471e+01 7.780000e+00 1.553374e+01
      vertex   4.359709e+01 5.560000e+00 1.549060e+01
    endloop
  endfacet
  facet normal -3.583679e-01 0.000000e+00 -9.335804e-01
    outer loop
      vertex   4.359709e+01 5.560000e+00 1.549060e+01
      vertex   4.348471e+01 7.780000e+00 1.553374e+01
      vertex   4.359709e+01 7.780000e+00 1.549060e+01
    endloop
  endfacet
  facet normal -4.539905e-01 0.000000e+00 -8.910065e-01
    outer loop
      vertex   4.359709e+01 5.560000e+00 1.549060e+01
      vertex   4.359709e+01 7.780000e+00 1.549060e+01
      vertex   4.370434e+01 5.560000e+00 1.543596e+01
    endloop
  endfacet
  facet normal -4.539905e-01 0.000000e+00 -8.910065e-01
    outer loop
      vertex   4.370434e+01 5.560000e+00 1.543596e+01
      vertex   4.359709e+01 7.780000e+00 1.549060e+01
      vertex   4.370434e+01 7.780000e+00 1.543596e+01
    endloop
  endfacet
  facet normal -5.446390e-01 0.000000e+00 -8.386706e-01
    outer loop
      vertex   4.370434e+01 5.560000e+00 1.543596e+01
      vertex   4.370434e+01 7.780000e+00 1.543596e+01
      vertex   4.380529e+01 5.560000e+00 1.537040e+01
    endloop
  endfacet
  facet normal -5.446390e-01 0.000000e+00 -8.386706e-01
    outer loop
      vertex   4.380529e+01 5.560000e+00 1.537040e+01
      vertex   4.370434e+01 7.780000e+00 1.543596e+01
      vertex   4.380529e+01 7.780000e+00 1.537040e+01
    endloop
  endfacet
  facet normal -6.293204e-01 0.000000e+00 -7.771460e-01
    outer loop
      vertex   4.380529e+01 5.560000e+00 1.537040e+01
      vertex   4.380529e+01 7.780000e+00 1.537040e+01
      vertex   4.389884e+01 5.560000e+00 1.529464e+01
    endloop
  endfacet
  facet normal -6.293204e-01 0.000000e+00 -7.771460e-01
    outer loop
      vertex   4.389884e+01 5.560000e+00 1.529464e+01
      vertex   4.380529e+01 7.780000e+00 1.537040e+01
      vertex   4.389884e+01 7.780000e+00 1.529464e+01
    endloop
  endfacet
  facet normal -7.071068e-01 0.000000e+00 -7.071068e-01
    outer loop
      vertex   4.389884e+01 5.560000e+00 1.529464e+01
      vertex   4.389884e+01 7.780000e+00 1.529464e+01
      vertex   4.398396e+01 5.560000e+00 1.520953e+01
    endloop
  endfacet
  facet normal -7.071068e-01 0.000000e+00 -7.071068e-01
    outer loop
      vertex   4.398396e+01 5.560000e+00 1.520953e+01
      vertex   4.389884e+01 7.780000e+00 1.529464e+01
      vertex   4.398396e+01 7.780000e+00 1.520953e+01
    endloop
  endfacet
  facet normal -7.771460e-01 0.000000e+00 -6.293204e-01
    outer loop
      vertex   4.398396e+01 5.560000e+00 1.520953e+01
      vertex   4.398396e+01 7.780000e+00 1.520953e+01
      vertex   4.405971e+01 5.560000e+00 1.511598e+01
    endloop
  endfacet
  facet normal -7.771460e-01 0.000000e+00 -6.293204e-01
    outer loop
      vertex   4.405971e+01 5.560000e+00 1.511598e+01
      vertex   4.398396e+01 7.780000e+00 1.520953e+01
      vertex   4.405971e+01 7.780000e+00 1.511598e+01
    endloop
  endfacet
  facet normal -8.386706e-01 0.000000e+00 -5.446390e-01
    outer loop
      vertex   4.405971e+01 5.560000e+00 1.511598e+01
      vertex   4.405971e+01 7.780000e+00 1.511598e+01
      vertex   4.412527e+01 5.560000e+00 1.501503e+01
    endloop
  endfacet
  facet normal -8.386706e-01 0.000000e+00 -5.446390e-01
    outer loop
      vertex   4.412527e+01 5.560000e+00 1.501503e+01
      vertex   4.405971e+01 7.780000e+00 1.511598e+01
      vertex   4.412527e+01 7.780000e+00 1.501503e+01
    endloop
  endfacet
  facet normal -8.910065e-01 0.000000e+00 -4.539905e-01
    outer loop
      vertex   4.412527e+01 5.560000e+00 1.501503e+01
      vertex   4.412527e+01 7.780000e+00 1.501503e+01
      vertex   4.417992e+01 5.560000e+00 1.490777e+01
    endloop
  endfacet
  facet normal -8.910065e-01 0.000000e+00 -4.539905e-01
    outer loop
      vertex   4.417992e+01 5.560000e+00 1.490777e+01
      vertex   4.412527e+01 7.780000e+00 1.501503e+01
      vertex   4.417992e+01 7.780000e+00 1.490777e+01
    endloop
  endfacet
  facet normal -9.335804e-01 0.000000e+00 -3.583679e-01
    outer loop
      vertex   4.417992e+01 5.560000e+00 1.490777e+01
      vertex   4.417992e+01 7.780000e+00 1.490777e+01
      vertex   4.422305e+01 5.560000e+00 1.479540e+01
    endloop
  endfacet
  facet normal -9.335804e-01 0.000000e+00 -3.583679e-01
    outer loop
      vertex   4.422305e+01 5.560000e+00 1.479540e+01
      vertex   4.417992e+01 7.780000e+00 1.490777e+01
      vertex   4.422305e+01 7.780000e+00 1.479540e+01
    endloop
  endfacet
  facet normal -9.659258e-01 0.000000e+00 -2.588190e-01
    outer loop
      vertex   4.422305e+01 5.560000e+00 1.479540e+01
      vertex   4.422305e+01 7.780000e+00 1.479540e+01
      vertex   4.425421e+01 5.560000e+00 1.467912e+01
    endloop
  endfacet
  facet normal -9.659258e-01 0.000000e+00 -2.588190e-01
    outer loop
      vertex   4.425421e+01 5.560000e+00 1.467912e+01
      vertex   4.422305e+01 7.780000e+00 1.479540e+01
      vertex   4.425421e+01 7.780000e+00 1.467912e+01
    endloop
  endfacet
  facet normal -9.876883e-01 0.000000e+00 -1.564345e-01
    outer loop
      vertex   4.425421e+01 5.560000e+00 1.467912e+01
      vertex   4.425421e+01 7.780000e+00 1.467912e+01
      vertex   4.427304e+01 5.560000e+00 1.456023e+01
    endloop
  endfacet
  facet normal -9.876883e-01 0.000000e+00 -1.564345e-01
    outer loop
      vertex   4.427304e+01 5.560000e+00 1.456023e+01
      vertex   4.425421e+01 7.780000e+00 1.467912e+01
      vertex   4.427304e+01 7.780000e+00 1.456023e+01
    endloop
  endfacet
  facet normal -9.986295e-01 0.000000e+00 -5.233596e-02
    outer loop
      vertex   4.427304e+01 5.560000e+00 1.456023e+01
      vertex   4.427304e+01 7.780000e+00 1.456023e+01
      vertex   4.427934e+01 5.560000e+00 1.444003e+01
    endloop
  endfacet
  facet normal -9.986295e-01 0.000000e+00 -5.233596e-02
    outer loop
      vertex   4.427934e+01 5.560000e+00 1.444003e+01
      vertex   4.427304e+01 7.780000e+00 1.456023e+01
      vertex   4.427934e+01 7.780000e+00 1.444003e+01
    endloop
  endfacet
  facet normal -9.986295e-01 0.000000e+00 5.233596e-02
    outer loop
      vertex   4.427934e+01 5.560000e+00 1.444003e+01
      vertex   4.427934e+01 7.780000e+00 1.444003e+01
      vertex   4.427304e+01 5.560000e+00 1.431982e+01
    endloop
  endfacet
  facet normal -9.986295e-01 0.000000e+00 5.233596e-02
    outer loop
      vertex   4.427304e+01 5.560000e+00 1.431982e+01
      vertex   4.427934e+01 7.780000e+00 1.444003e+01
      vertex   4.427304e+01 7.780000e+00 1.431982e+01
    endloop
  endfacet
  facet normal -9.876883e-01 0.000000e+00 1.564345e-01
    outer loop
      vertex   4.427304e+01 5.560000e+00 1.431982e+01
      vertex   4.427304e+01 7.780000e+00 1.431982e+01
      vertex   4.425421e+01 5.560000e+00 1.420093e+01
    endloop
  endfacet
  facet normal -9.876883e-01 0.000000e+00 1.564345e-01
    outer loop
      vertex   4.425421e+01 5.560000e+00 1.420093e+01
      vertex   4.427304e+01 7.780000e+00 1.431982e+01
      vertex   4.425421e+01 7.780000e+00 1.420093e+01
    endloop
  endfacet
  facet normal -9.659258e-01 0.000000e+00 2.588190e-01
    outer loop
      vertex   4.425421e+01 5.560000e+00 1.420093e+01
      vertex   4.425421e+01 7.780000e+00 1.420093e+01
      vertex   4.422305e+01 5.560000e+00 1.408466e+01
    endloop
  endfacet
  facet normal -9.659258e-01 0.000000e+00 2.588190e-01
    outer loop
      vertex   4.422305e+01 5.560000e+00 1.408466e+01
      vertex   4.425421e+01 7.780000e+00 1.420093e+01
      vertex   4.422305e+01 7.780000e+00 1.408466e+01
    endloop
  endfacet
  facet normal -9.335804e-01 0.000000e+00 3.583679e-01
    outer loop
      vertex   4.422305e+01 5.560000e+00 1.408466e+01
      vertex   4.422305e+01 7.780000e+00 1.408466e+01
      vertex   4.417992e+01 5.560000e+00 1.397228e+01
    endloop
  endfacet
  facet normal -9.335804e-01 0.000000e+00 3.583679e-01
    outer loop
      vertex   4.417992e+01 5.560000e+00 1.397228e+01
      vertex   4.422305e+01 7.780000e+00 1.408466e+01
      vertex   4.417992e+01 7.780000e+00 1.397228e+01
    endloop
  endfacet
  facet normal -8.910065e-01 0.000000e+00 4.539905e-01
    outer loop
      vertex   4.417992e+01 5.560000e+00 1.397228e+01
      vertex   4.417992e+01 7.780000e+00 1.397228e+01
      vertex   4.412527e+01 5.560000e+00 1.386503e+01
    endloop
  endfacet
  facet normal -8.910065e-01 0.000000e+00 4.539905e-01
    outer loop
      vertex   4.412527e+01 5.560000e+00 1.386503e+01
      vertex   4.417992e+01 7.780000e+00 1.397228e+01
      vertex   4.412527e+01 7.780000e+00 1.386503e+01
    endloop
  endfacet
  facet normal -8.386706e-01 0.000000e+00 5.446390e-01
    outer loop
      vertex   4.412527e+01 5.560000e+00 1.386503e+01
      vertex   4.412527e+01 7.780000e+00 1.386503e+01
      vertex   4.405971e+01 5.560000e+00 1.376407e+01
    endloop
  endfacet
  facet normal -8.386706e-01 0.000000e+00 5.446390e-01
    outer loop
      vertex   4.405971e+01 5.560000e+00 1.376407e+01
      vertex   4.412527e+01 7.780000e+00 1.386503e+01
      vertex   4.405971e+01 7.780000e+00 1.376407e+01
    endloop
  endfacet
  facet normal -7.771460e-01 0.000000e+00 6.293204e-01
    outer loop
      vertex   4.405971e+01 5.560000e+00 1.376407e+01
      vertex   4.405971e+01 7.780000e+00 1.376407e+01
      vertex   4.398396e+01 5.560000e+00 1.367053e+01
    endloop
  endfacet
  facet normal -7.771460e-01 0.000000e+00 6.293204e-01
    outer loop
      vertex   4.398396e+01 5.560000e+00 1.367053e+01
      vertex   4.405971e+01 7.780000e+00 1.376407e+01
      vertex   4.398396e+01 7.780000e+00 1.367053e+01
    endloop
  endfacet
  facet normal -7.071068e-01 0.000000e+00 7.071068e-01
    outer loop
      vertex   4.398396e+01 5.560000e+00 1.367053e+01
      vertex   4.398396e+01 7.780000e+00 1.367053e+01
      vertex   4.389884e+01 5.560000e+00 1.358541e+01
    endloop
  endfacet
  facet normal -7.071068e-01 0.000000e+00 7.071068e-01
    outer loop
      vertex   4.389884e+01 5.560000e+00 1.358541e+01
      vertex   4.398396e+01 7.780000e+00 1.367053e+01
      vertex   4.389884e+01 7.780000e+00 1.358541e+01
    endloop
  endfacet
  facet normal -6.293204e-01 0.000000e+00 7.771460e-01
    outer loop
      vertex   4.389884e+01 5.560000e+00 1.358541e+01
      vertex   4.389884e+01 7.780000e+00 1.358541e+01
      vertex   4.380529e+01 5.560000e+00 1.350966e+01
    endloop
  endfacet
  facet normal -6.293204e-01 0.000000e+00 7.771460e-01
    outer loop
      vertex   4.380529e+01 5.560000e+00 1.350966e+01
      vertex   4.389884e+01 7.780000e+00 1.358541e+01
      vertex   4.380529e+01 7.780000e+00 1.350966e+01
    endloop
  endfacet
  facet normal -5.446390e-01 0.000000e+00 8.386706e-01
    outer loop
      vertex   4.380529e+01 5.560000e+00 1.350966e+01
      vertex   4.380529e+01 7.780000e+00 1.350966e+01
      vertex   4.370434e+01 5.560000e+00 1.344410e+01
    endloop
  endfacet
  facet normal -5.446390e-01 0.000000e+00 8.386706e-01
    outer loop
      vertex   4.370434e+01 5.560000e+00 1.344410e+01
      vertex   4.380529e+01 7.780000e+00 1.350966e+01
      vertex   4.370434e+01 7.780000e+00 1.344410e+01
    endloop
  endfacet
  facet normal -4.539905e-01 0.000000e+00 8.910065e-01
    outer loop
      vertex   4.370434e+01 5.560000e+00 1.344410e+01
      vertex   4.370434e+01 7.780000e+00 1.344410e+01
      vertex   4.359709e+01 5.560000e+00 1.338945e+01
    endloop
  endfacet
  facet normal -4.539905e-01 0.000000e+00 8.910065e-01
    outer loop
      vertex   4.359709e+01 5.560000e+00 1.338945e+01
      vertex   4.370434e+01 7.780000e+00 1.344410e+01
      vertex   4.359709e+01 7.780000e+00 1.338945e+01
    endloop
  endfacet
  facet normal -3.583679e-01 0.000000e+00 9.335804e-01
    outer loop
      vertex   4.359709e+01 5.560000e+00 1.338945e+01
      vertex   4.359709e+01 7.780000e+00 1.338945e+01
      vertex   4.348471e+01 5.560000e+00 1.334631e+01
    endloop
  endfacet
  facet normal -3.583679e-01 0.000000e+00 9.335804e-01
    outer loop
      vertex   4.348471e+01 5.560000e+00 1.334631e+01
      vertex   4.359709e+01 7.780000e+00 1.338945e+01
      vertex   4.348471e+01 7.780000e+00 1.334631e+01
    endloop
  endfacet
  facet normal -2.588190e-01 0.000000e+00 9.659258e-01
    outer loop
      vertex   4.348471e+01 5.560000e+00 1.334631e+01
      vertex   4.348471e+01 7.780000e+00 1.334631e+01
      vertex   4.336844e+01 5.560000e+00 1.331516e+01
    endloop
  endfacet
  facet normal -2.588190e-01 0.000000e+00 9.659258e-01
    outer loop
      vertex   4.336844e+01 5.560000e+00 1.331516e+01
      vertex   4.348471e+01 7.780000e+00 1.334631e+01
      vertex   4.336844e+01 7.780000e+00 1.331516e+01
    endloop
  endfacet
  facet normal -1.564345e-01 0.000000e+00 9.876883e-01
    outer loop
      vertex   4.336844e+01 5.560000e+00 1.331516e+01
      vertex   4.336844e+01 7.780000e+00 1.331516e+01
      vertex   4.324955e+01 5.560000e+00 1.329633e+01
    endloop
  endfacet
  facet normal -1.564345e-01 0.000000e+00 9.876883e-01
    outer loop
      vertex   4.324955e+01 5.560000e+00 1.329633e+01
      vertex   4.336844e+01 7.780000e+00 1.331516e+01
      vertex   4.324955e+01 7.780000e+00 1.329633e+01
    endloop
  endfacet
  facet normal -5.233596e-02 0.000000e+00 9.986295e-01
    outer loop
      vertex   4.324955e+01 5.560000e+00 1.329633e+01
      vertex   4.324955e+01 7.780000e+00 1.329633e+01
      vertex   4.312934e+01 5.560000e+00 1.329003e+01
    endloop
  endfacet
  facet normal -5.233596e-02 0.000000e+00 9.986295e-01
    outer loop
      vertex   4.312934e+01 5.560000e+00 1.329003e+01
      vertex   4.324955e+01 7.780000e+00 1.329633e+01
      vertex   4.312934e+01 7.780000e+00 1.329003e+01
    endloop
  endfacet
  facet normal 5.233596e-02 -0.000000e+00 9.986295e-01
    outer loop
      vertex   4.312934e+01 5.560000e+00 1.329003e+01
      vertex   4.312934e+01 7.780000e+00 1.329003e+01
      vertex   4.300913e+01 5.560000e+00 1.329633e+01
    endloop
  endfacet
  facet normal 5.233596e-02 -0.000000e+00 9.986295e-01
    outer loop
      vertex   4.300913e+01 5.560000e+00 1.329633e+01
      vertex   4.312934e+01 7.780000e+00 1.329003e+01
      vertex   4.300913e+01 7.780000e+00 1.329633e+01
    endloop
  endfacet
  facet normal 1.564345e-01 -0.000000e+00 9.876883e-01
    outer loop
      vertex   4.300913e+01 5.560000e+00 1.329633e+01
      vertex   4.300913e+01 7.780000e+00 1.329633e+01
      vertex   4.289024e+01 5.560000e+00 1.331516e+01
    endloop
  endfacet
  facet normal 1.564345e-01 -0.000000e+00 9.876883e-01
    outer loop
      vertex   4.289024e+01 5.560000e+00 1.331516e+01
      vertex   4.300913e+01 7.780000e+00 1.329633e+01
      vertex   4.289024e+01 7.780000e+00 1.331516e+01
    endloop
  endfacet
  facet normal 2.588190e-01 -0.000000e+00 9.659258e-01
    outer loop
      vertex   4.289024e+01 5.560000e+00 1.331516e+01
      vertex   4.289024e+01 7.780000e+00 1.331516e+01
      vertex   4.277397e+01 5.560000e+00 1.334631e+01
    endloop
  endfacet
  facet normal 2.588190e-01 -0.000000e+00 9.659258e-01
    outer loop
      vertex   4.277397e+01 5.560000e+00 1.334631e+01
      vertex   4.289024e+01 7.780000e+00 1.331516e+01
      vertex   4.277397e+01 7.780000e+00 1.334631e+01
    endloop
  endfacet
  facet normal 3.583679e-01 -0.000000e+00 9.335804e-01
    outer loop
      vertex   4.277397e+01 5.560000e+00 1.334631e+01
      vertex   4.277397e+01 7.780000e+00 1.334631e+01
      vertex   4.266159e+01 5.560000e+00 1.338945e+01
    endloop
  endfacet
  facet normal 3.583679e-01 -0.000000e+00 9.335804e-01
    outer loop
      vertex   4.266159e+01 5.560000e+00 1.338945e+01
      vertex   4.277397e+01 7.780000e+00 1.334631e+01
      vertex   4.266159e+01 7.780000e+00 1.338945e+01
    endloop
  endfacet
  facet normal 4.539905e-01 -0.000000e+00 8.910065e-01
    outer loop
      vertex   4.266159e+01 5.560000e+00 1.338945e+01
      vertex   4.266159e+01 7.780000e+00 1.338945e+01
      vertex   4.255434e+01 5.560000e+00 1.344410e+01
    endloop
  endfacet
  facet normal 4.539905e-01 -0.000000e+00 8.910065e-01
    outer loop
      vertex   4.255434e+01 5.560000e+00 1.344410e+01
      vertex   4.266159e+01 7.780000e+00 1.338945e+01
      vertex   4.255434e+01 7.780000e+00 1.344410e+01
    endloop
  endfacet
  facet normal 5.446390e-01 -0.000000e+00 8.386706e-01
    outer loop
      vertex   4.255434e+01 5.560000e+00 1.344410e+01
      vertex   4.255434e+01 7.780000e+00 1.344410e+01
      vertex   4.245339e+01 5.560000e+00 1.350966e+01
    endloop
  endfacet
  facet normal 5.446390e-01 -0.000000e+00 8.386706e-01
    outer loop
      vertex   4.245339e+01 5.560000e+00 1.350966e+01
      vertex   4.255434e+01 7.780000e+00 1.344410e+01
      vertex   4.245339e+01 7.780000e+00 1.350966e+01
    endloop
  endfacet
  facet normal 6.293204e-01 -0.000000e+00 7.771460e-01
    outer loop
      vertex   4.245339e+01 5.560000e+00 1.350966e+01
      vertex   4.245339e+01 7.780000e+00 1.350966e+01
      vertex   4.235984e+01 5.560000e+00 1.358541e+01
    endloop
  endfacet
  facet normal 6.293204e-01 -0.000000e+00 7.771460e-01
    outer loop
      vertex   4.235984e+01 5.560000e+00 1.358541e+01
      vertex   4.245339e+01 7.780000e+00 1.350966e+01
      vertex   4.235984e+01 7.780000e+00 1.358541e+01
    endloop
  endfacet
  facet normal 7.071068e-01 -0.000000e+00 7.071068e-01
    outer loop
      vertex   4.235984e+01 5.560000e+00 1.358541e+01
      vertex   4.235984e+01 7.780000e+00 1.358541e+01
      vertex   4.227472e+01 5.560000e+00 1.367053e+01
    endloop
  endfacet
  facet normal 7.071068e-01 -0.000000e+00 7.071068e-01
    outer loop
      vertex   4.227472e+01 5.560000e+00 1.367053e+01
      vertex   4.235984e+01 7.780000e+00 1.358541e+01
      vertex   4.227472e+01 7.780000e+00 1.367053e+01
    endloop
  endfacet
  facet normal 7.771460e-01 -0.000000e+00 6.293204e-01
    outer loop
      vertex   4.227472e+01 5.560000e+00 1.367053e+01
      vertex   4.227472e+01 7.780000e+00 1.367053e+01
      vertex   4.219897e+01 5.560000e+00 1.376407e+01
    endloop
  endfacet
  facet normal 7.771460e-01 -0.000000e+00 6.293204e-01
    outer loop
      vertex   4.219897e+01 5.560000e+00 1.376407e+01
      vertex   4.227472e+01 7.780000e+00 1.367053e+01
      vertex   4.219897e+01 7.780000e+00 1.376407e+01
    endloop
  endfacet
  facet normal 8.386706e-01 -0.000000e+00 5.446390e-01
    outer loop
      vertex   4.219897e+01 5.560000e+00 1.376407e+01
      vertex   4.219897e+01 7.780000e+00 1.376407e+01
      vertex   4.213341e+01 5.560000e+00 1.386503e+01
    endloop
  endfacet
  facet normal 8.386706e-01 -0.000000e+00 5.446390e-01
    outer loop
      vertex   4.213341e+01 5.560000e+00 1.386503e+01
      vertex   4.219897e+01 7.780000e+00 1.376407e+01
      vertex   4.213341e+01 7.780000e+00 1.386503e+01
    endloop
  endfacet
  facet normal 8.910065e-01 -0.000000e+00 4.539905e-01
    outer loop
      vertex   4.213341e+01 5.560000e+00 1.386503e+01
      vertex   4.213341e+01 7.780000e+00 1.386503e+01
      vertex   4.207876e+01 5.560000e+00 1.397228e+01
    endloop
  endfacet
  facet normal 8.910065e-01 -0.000000e+00 4.539905e-01
    outer loop
      vertex   4.207876e+01 5.560000e+00 1.397228e+01
      vertex   4.213341e+01 7.780000e+00 1.386503e+01
      vertex   4.207876e+01 7.780000e+00 1.397228e+01
    endloop
  endfacet
  facet normal 9.335804e-01 -0.000000e+00 3.583679e-01
    outer loop
      vertex   4.207876e+01 5.560000e+00 1.397228e+01
      vertex   4.207876e+01 7.780000e+00 1.397228e+01
      vertex   4.203562e+01 5.560000e+00 1.408466e+01
    endloop
  endfacet
  facet normal 9.335804e-01 -0.000000e+00 3.583679e-01
    outer loop
      vertex   4.203562e+01 5.560000e+00 1.408466e+01
      vertex   4.207876e+01 7.780000e+00 1.397228e+01
      vertex   4.203562e+01 7.780000e+00 1.408466e+01
    endloop
  endfacet
  facet normal 9.659258e-01 -0.000000e+00 2.588190e-01
    outer loop
      vertex   4.203562e+01 5.560000e+00 1.408466e+01
      vertex   4.203562e+01 7.780000e+00 1.408466e+01
      vertex   4.200447e+01 5.560000e+00 1.420093e+01
    endloop
  endfacet
  facet normal 9.659258e-01 -0.000000e+00 2.588190e-01
    outer loop
      vertex   4.200447e+01 5.560000e+00 1.420093e+01
      vertex   4.203562e+01 7.780000e+00 1.408466e+01
      vertex   4.200447e+01 7.780000e+00 1.420093e+01
    endloop
  endfacet
  facet normal 9.876883e-01 -0.000000e+00 1.564345e-01
    outer loop
      vertex   4.200447e+01 5.560000e+00 1.420093e+01
      vertex   4.200447e+01 7.780000e+00 1.420093e+01
      vertex   4.198564e+01 5.560000e+00 1.431982e+01
    endloop
  endfacet
  facet normal 9.876883e-01 -0.000000e+00 1.564345e-01
    outer loop
      vertex   4.198564e+01 5.560000e+00 1.431982e+01
      vertex   4.200447e+01 7.780000e+00 1.420093e+01
      vertex   4.198564e+01 7.780000e+00 1.431982e+01
    endloop
  endfacet
  facet normal 9.986295e-01 -0.000000e+00 5.233596e-02
    outer loop
      vertex   4.198564e+01 5.560000e+00 1.431982e+01
      vertex   4.198564e+01 7.780000e+00 1.431982e+01
      vertex   4.197934e+01 5.560000e+00 1.444003e+01
    endloop
  endfacet
  facet normal 9.986295e-01 -0.000000e+00 5.233596e-02
    outer loop
      vertex   4.197934e+01 5.560000e+00 1.444003e+01
      vertex   4.198564e+01 7.780000e+00 1.431982e+01
      vertex   4.197934e+01 7.780000e+00 1.444003e+01
    endloop
  endfacet
  facet normal 0.000000e+00 1.000000e+00 0.000000e+00
    outer loop
      vertex   4.198564e+01 1.000000e+01 1.431982e+01
      vertex   4.156942e+01 1.000000e+01 1.408415e+01
      vertex   4.197934e+01 1.000000e+01 1.444003e+01
    endloop
  endfacet
  facet normal 0.000000e+00 1.000000e+00 0.000000e+00
    outer loop
      vertex   4.197934e+01 1.000000e+01 1.444003e+01
      vertex   4.156942e+01 1.000000e+01 1.408415e+01
      vertex   4.156794e+01 1.000000e+01 1.478937e+01
    endloop
  endfacet
  facet normal 0.000000e+00 1.000000e+00 -0.000000e+00
    outer loop
      vertex   4.197934e+01 1.000000e+01 1.444003e+01
      vertex   4.156794e+01 1.000000e+01 1.478937e+01
      vertex   4.198564e+01 1.000000e+01 1.456023e+01
    endloop
  endfacet
  facet normal 0.000000e+00 1.000000e+00 -0.000000e+00
    outer loop
      vertex   4.198564e+01 1.000000e+01 1.456023e+01
      vertex   4.156794e+01 1.000000e+01 1.478937e+01
      vertex   4.200447e+01 1.000000e+01 1.467912e+01
    endloop
  endfacet
  facet normal 0.000000e+00 1.000000e+00 -0.000000e+00
    outer loop
      vertex   4.200447e+01 1.000000e+01 1.467912e+01
      vertex   4.156794e+01 1.000000e+01 1.478937e+01
      vertex   4.203562e+01 1.000000e+01 1.479540e+01
    endloop
  endfacet
  facet normal 0.000000e+00 1.000000e+00 0.000000e+00
    outer loop
      vertex   4.203562e+01 1.000000e+01 1.479540e+01
      vertex   4.156794e+01 1.000000e+01 1.478937e+01
      vertex   4.160336e+01 1.000000e+01 1.492104e+01
    endloop
  endfacet
  facet normal 0.000000e+00 1.000000e+00 0.000000e+00
    outer loop
      vertex   4.203562e+01 1.000000e+01 1.479540e+01
      vertex   4.160336e+01 1.000000e+01 1.492104e+01
      vertex   4.164985e+01 1.000000e+01 1.504922e+01
    endloop
  endfacet
  facet normal 0.000000e+00 1.000000e+00 0.000000e+00
    outer loop
      vertex   4.198564e+01 1.000000e+01 1.431982e+01
      vertex   4.200447e+01 1.000000e+01 1.420093e+01
      vertex   4.156942e+01 1.000000e+01 1.408415e+01
    endloop
  endfacet
  facet normal 0.000000e+00 1.000000e+00 0.000000e+00
    outer loop
      vertex   4.156942e+01 1.000000e+01 1.408415e+01
      vertex   4.200447e+01 1.000000e+01 1.420093e+01
      vertex   4.203562e+01 1.000000e+01 1.408466e+01
    endloop
  endfacet
  facet normal -0.000000e+00 1.000000e+00 0.000000e+00
    outer loop
      vertex   4.156942e+01 1.000000e+01 1.408415e+01
      vertex   4.203562e+01 1.000000e+01 1.408466e+01
      vertex   4.160539e+01 1.000000e+01 1.395262e+01
    endloop
  endfacet
  facet normal -0.000000e+00 1.000000e+00 0.000000e+00
    outer loop
      vertex   4.160539e+01 1.000000e+01 1.395262e+01
      vertex   4.203562e+01 1.000000e+01 1.408466e+01
      vertex   4.165242e+01 1.000000e+01 1.382464e+01
    endloop
  endfacet
  facet normal 0.000000e+00 1.000000e+00 0.000000e+00
    outer loop
      vertex   4.165242e+01 1.000000e+01 1.382464e+01
      vertex   4.203562e+01 1.000000e+01 1.408466e+01
      vertex   4.207876e+01 1.000000e+01 1.397228e+01
    endloop
  endfacet
  facet normal -0.000000e+00 1.000000e+00 0.000000e+00
    outer loop
      vertex   4.165242e+01 1.000000e+01 1.382464e+01
      vertex   4.207876e+01 1.000000e+01 1.397228e+01
      vertex   4.171018e+01 1.000000e+01 1.370112e+01
    endloop
  endfacet
  facet normal 0.000000e+00 1.000000e+00 0.000000e+00
    outer loop
      vertex   4.171018e+01 1.000000e+01 1.370112e+01
      vertex   4.207876e+01 1.000000e+01 1.397228e+01
      vertex   4.213341e+01 1.000000e+01 1.386503e+01
    endloop
  endfacet
  facet normal -0.000000e+00 1.000000e+00 0.000000e+00
    outer loop
      vertex   4.171018e+01 1.000000e+01 1.370112e+01
      vertex   4.213341e+01 1.000000e+01 1.386503e+01
      vertex   4.177825e+01 1.000000e+01 1.358297e+01
    endloop
  endfacet
  facet normal 0.000000e+00 1.000000e+00 0.000000e+00
    outer loop
      vertex   4.177825e+01 1.000000e+01 1.358297e+01
      vertex   4.213341e+01 1.000000e+01 1.386503e+01
      vertex   4.219897e+01 1.000000e+01 1.376407e+01
    endloop
  endfacet
  facet normal 0.000000e+00 1.000000e+00 0.000000e+00
    outer loop
      vertex   4.177825e+01 1.000000e+01 1.358297e+01
      vertex   4.219897e+01 1.000000e+01 1.376407e+01
      vertex   4.227472e+01 1.000000e+01 1.367053e+01
    endloop
  endfacet
  facet normal 0.000000e+00 1.000000e+00 0.000000e+00
    outer loop
      vertex   4.227472e+01 1.000000e+01 1.367053e+01
      vertex   4.235984e+01 1.000000e+01 1.358541e+01
      vertex   4.177825e+01 1.000000e+01 1.358297e+01
    endloop
  endfacet
  facet normal -0.000000e+00 1.000000e+00 0.000000e+00
    outer loop
      vertex   4.177825e+01 1.000000e+01 1.358297e+01
      vertex   4.235984e+01 1.000000e+01 1.358541e+01
      vertex   4.227795e+01 1.000000e+01 1.308535e+01
    endloop
  endfacet
  facet normal 0.000000e+00 1.000000e+00 0.000000e+00
    outer loop
      vertex   4.177825e+01 1.000000e+01 1.358297e+01
      vertex   4.227795e+01 1.000000e+01 1.308535e+01
      vertex   4.142009e+01 1.000000e+01 1.228574e+01
    endloop
  endfacet
  facet normal -0.000000e+00 1.000000e+00 0.000000e+00
    outer loop
      vertex   4.142009e+01 1.000000e+01 1.228574e+01
      vertex   4.227795e+01 1.000000e+01 1.308535e+01
      vertex   4.142908e+01 1.000000e+01 1.227863e+01
    endloop
  endfacet
  facet normal -0.000000e+00 1.000000e+00 0.000000e+00
    outer loop
      vertex   4.142908e+01 1.000000e+01 1.227863e+01
      vertex   4.227795e+01 1.000000e+01 1.308535e+01
      vertex   4.143811e+01 1.000000e+01 1.227156e+01
    endloop
  endfacet
  facet normal -0.000000e+00 1.000000e+00 0.000000e+00
    outer loop
      vertex   4.143811e+01 1.000000e+01 1.227156e+01
      vertex   4.227795e+01 1.000000e+01 1.308535e+01
      vertex   4.144716e+01 1.000000e+01 1.226453e+01
    endloop
  endfacet
  facet normal 0.000000e+00 1.000000e+00 0.000000e+00
    outer loop
      vertex   4.235984e+01 1.000000e+01 1.358541e+01
      vertex   4.245339e+01 1.000000e+01 1.350966e+01
      vertex   4.227795e+01 1.000000e+01 1.308535e+01
    endloop
  endfacet
  facet normal 0.000000e+00 1.000000e+00 0.000000e+00
    outer loop
      vertex   4.227795e+01 1.000000e+01 1.308535e+01
      vertex   4.245339e+01 1.000000e+01 1.350966e+01
      vertex   4.255434e+01 1.000000e+01 1.344410e+01
    endloop
  endfacet
  facet normal -0.000000e+00 1.000000e+00 0.000000e+00
    outer loop
      vertex   4.227795e+01 1.000000e+01 1.308535e+01
      vertex   4.255434e+01 1.000000e+01 1.344410e+01
      vertex   4.239639e+01 1.000000e+01 1.301778e+01
    endloop
  endfacet
  facet normal 0.000000e+00 1.000000e+00 0.000000e+00
    outer loop
      vertex   4.239639e+01 1.000000e+01 1.301778e+01
      vertex   4.255434e+01 1.000000e+01 1.344410e+01
      vertex   4.266159e+01 1.000000e+01 1.338945e+01
    endloop
  endfacet
  facet normal -0.000000e+00 1.000000e+00 0.000000e+00
    outer loop
      vertex   4.239639e+01 1.000000e+01 1.301778e+01
      vertex   4.266159e+01 1.000000e+01 1.338945e+01
      vertex   4.252014e+01 1.000000e+01 1.296054e+01
    endloop
  endfacet
  facet normal 0.000000e+00 1.000000e+00 0.000000e+00
    outer loop
      vertex   4.252014e+01 1.000000e+01 1.296054e+01
      vertex   4.266159e+01 1.000000e+01 1.338945e+01
      vertex   4.277397e+01 1.000000e+01 1.334631e+01
    endloop
  endfacet
  facet normal -0.000000e+00 1.000000e+00 0.000000e+00
    outer loop
      vertex   4.252014e+01 1.000000e+01 1.296054e+01
      vertex   4.277397e+01 1.000000e+01 1.334631e+01
      vertex   4.264833e+01 1.000000e+01 1.291404e+01
    endloop
  endfacet
  facet normal -0.000000e+00 1.000000e+00 0.000000e+00
    outer loop
      vertex   4.264833e+01 1.000000e+01 1.291404e+01
      vertex   4.277397e+01 1.000000e+01 1.334631e+01
      vertex   4.278000e+01 1.000000e+01 1.287863e+01
    endloop
  endfacet
  facet normal 0.000000e+00 1.000000e+00 -0.000000e+00
    outer loop
      vertex   4.278000e+01 1.000000e+01 1.287863e+01
      vertex   4.277397e+01 1.000000e+01 1.334631e+01
      vertex   4.289024e+01 1.000000e+01 1.331516e+01
    endloop
  endfacet
  facet normal 0.000000e+00 1.000000e+00 0.000000e+00
    outer loop
      vertex   4.278000e+01 1.000000e+01 1.287863e+01
      vertex   4.289024e+01 1.000000e+01 1.331516e+01
      vertex   4.300913e+01 1.000000e+01 1.329633e+01
    endloop
  endfacet
  facet normal 0.000000e+00 1.000000e+00 0.000000e+00
    outer loop
      vertex   4.300913e+01 1.000000e+01 1.329633e+01
      vertex   4.312934e+01 1.000000e+01 1.329003e+01
      vertex   4.278000e+01 1.000000e+01 1.287863e+01
    endloop
  endfacet
  facet normal 0.000000e+00 1.000000e+00 0.000000e+00
    outer loop
      vertex   4.278000e+01 1.000000e+01 1.287863e+01
      vertex   4.312934e+01 1.000000e+01 1.329003e+01
      vertex   4.348522e+01 1.000000e+01 1.288011e+01
    endloop
  endfacet
  facet normal -0.000000e+00 1.000000e+00 0.000000e+00
    outer loop
      vertex   4.278000e+01 1.000000e+01 1.287863e+01
      vertex   4.348522e+01 1.000000e+01 1.288011e+01
      vertex   4.344403e+01 1.000000e+01 1.170809e+01
    endloop
  endfacet
  facet normal 0.000000e+00 1.000000e+00 0.000000e+00
    outer loop
      vertex   4.344403e+01 1.000000e+01 1.170809e+01
      vertex   4.348522e+01 1.000000e+01 1.288011e+01
      vertex   4.345541e+01 1.000000e+01 1.170943e+01
    endloop
  endfacet
  facet normal 0.000000e+00 1.000000e+00 0.000000e+00
    outer loop
      vertex   4.345541e+01 1.000000e+01 1.170943e+01
      vertex   4.348522e+01 1.000000e+01 1.288011e+01
      vertex   4.346679e+01 1.000000e+01 1.171081e+01
    endloop
  endfacet
  facet normal 0.000000e+00 1.000000e+00 0.000000e+00
    outer loop
      vertex   4.346679e+01 1.000000e+01 1.171081e+01
      vertex   4.348522e+01 1.000000e+01 1.288011e+01
      vertex   4.347816e+01 1.000000e+01 1.171224e+01
    endloop
  endfacet
  facet normal -0.000000e+00 1.000000e+00 0.000000e+00
    outer loop
      vertex   4.312934e+01 1.000000e+01 1.329003e+01
      vertex   4.324955e+01 1.000000e+01 1.329633e+01
      vertex   4.348522e+01 1.000000e+01 1.288011e+01
    endloop
  endfacet
  facet normal 0.000000e+00 1.000000e+00 0.000000e+00
    outer loop
      vertex   4.348522e+01 1.000000e+01 1.288011e+01
      vertex   4.324955e+01 1.000000e+01 1.329633e+01
      vertex   4.336844e+01 1.000000e+01 1.331516e+01
    endloop
  endfacet
  facet normal 0.000000e+00 1.000000e+00 0.000000e+00
    outer loop
      vertex   4.348522e+01 1.000000e+01 1.288011e+01
      vertex   4.336844e+01 1.000000e+01 1.331516e+01
      vertex   4.348471e+01 1.000000e+01 1.334631e+01
    endloop
  endfacet
  facet normal 0.000000e+00 1.000000e+00 0.000000e+00
    outer loop
      vertex   4.359709e+01 1.000000e+01 1.338945e+01
      vertex   4.374473e+01 1.000000e+01 1.296311e+01
      vertex   4.348471e+01 1.000000e+01 1.334631e+01
    endloop
  endfacet
  facet normal 0.000000e+00 1.000000e+00 0.000000e+00
    outer loop
      vertex   4.348471e+01 1.000000e+01 1.334631e+01
      vertex   4.374473e+01 1.000000e+01 1.296311e+01
      vertex   4.361674e+01 1.000000e+01 1.291607e+01
    endloop
  endfacet
  facet normal 0.000000e+00 1.000000e+00 0.000000e+00
    outer loop
      vertex   4.348471e+01 1.000000e+01 1.334631e+01
      vertex   4.361674e+01 1.000000e+01 1.291607e+01
      vertex   4.348522e+01 1.000000e+01 1.288011e+01
    endloop
  endfacet
  facet normal 0.000000e+00 1.000000e+00 -0.000000e+00
    outer loop
      vertex   4.374473e+01 1.000000e+01 1.296311e+01
      vertex   4.359709e+01 1.000000e+01 1.338945e+01
      vertex   4.386825e+01 1.000000e+01 1.302087e+01
    endloop
  endfacet
  facet normal 0.000000e+00 1.000000e+00 0.000000e+00
    outer loop
      vertex   4.386825e+01 1.000000e+01 1.302087e+01
      vertex   4.359709e+01 1.000000e+01 1.338945e+01
      vertex   4.370434e+01 1.000000e+01 1.344410e+01
    endloop
  endfacet
  facet normal 0.000000e+00 1.000000e+00 -0.000000e+00
    outer loop
      vertex   4.386825e+01 1.000000e+01 1.302087e+01
      vertex   4.370434e+01 1.000000e+01 1.344410e+01
      vertex   4.398639e+01 1.000000e+01 1.308893e+01
    endloop
  endfacet
  facet normal 0.000000e+00 1.000000e+00 0.000000e+00
    outer loop
      vertex   4.398639e+01 1.000000e+01 1.308893e+01
      vertex   4.370434e+01 1.000000e+01 1.344410e+01
      vertex   4.380529e+01 1.000000e+01 1.350966e+01
    endloop
  endfacet
  facet normal 0.000000e+00 1.000000e+00 0.000000e+00
    outer loop
      vertex   4.398639e+01 1.000000e+01 1.308893e+01
      vertex   4.380529e+01 1.000000e+01 1.350966e+01
      vertex   4.389884e+01 1.000000e+01 1.358541e+01
    endloop
  endfacet
  facet normal -0.000000e+00 1.000000e+00 0.000000e+00
    outer loop
      vertex   4.389884e+01 1.000000e+01 1.358541e+01
      vertex   4.398396e+01 1.000000e+01 1.367053e+01
      vertex   4.398639e+01 1.000000e+01 1.308893e+01
    endloop
  endfacet
  facet normal 0.000000e+00 1.000000e+00 -0.000000e+00
    outer loop
      vertex   4.398639e+01 1.000000e+01 1.308893e+01
      vertex   4.398396e+01 1.000000e+01 1.367053e+01
      vertex   4.448401e+01 1.000000e+01 1.358864e+01
    endloop
  endfacet
  facet normal -0.000000e+00 1.000000e+00 0.000000e+00
    outer loop
      vertex   4.398639e+01 1.000000e+01 1.308893e+01
      vertex   4.448401e+01 1.000000e+01 1.358864e+01
      vertex   4.528363e+01 1.000000e+01 1.273077e+01
    endloop
  endfacet
  facet normal 0.000000e+00 1.000000e+00 -0.000000e+00
    outer loop
      vertex   4.528363e+01 1.000000e+01 1.273077e+01
      vertex   4.448401e+01 1.000000e+01 1.358864e+01
      vertex   4.529073e+01 1.000000e+01 1.273977e+01
    endloop
  endfacet
  facet normal 0.000000e+00 1.000000e+00 -0.000000e+00
    outer loop
      vertex   4.529073e+01 1.000000e+01 1.273977e+01
      vertex   4.448401e+01 1.000000e+01 1.358864e+01
      vertex   4.529780e+01 1.000000e+01 1.274879e+01
    endloop
  endfacet
  facet normal 0.000000e+00 1.000000e+00 -0.000000e+00
    outer loop
      vertex   4.529780e+01 1.000000e+01 1.274879e+01
      vertex   4.448401e+01 1.000000e+01 1.358864e+01
      vertex   4.530483e+01 1.000000e+01 1.275785e+01
    endloop
  endfacet
  facet normal -0.000000e+00 1.000000e+00 0.000000e+00
    outer loop
      vertex   4.398396e+01 1.000000e+01 1.367053e+01
      vertex   4.405971e+01 1.000000e+01 1.376407e+01
      vertex   4.448401e+01 1.000000e+01 1.358864e+01
    endloop
  endfacet
  facet normal 0.000000e+00 1.000000e+00 0.000000e+00
    outer loop
      vertex   4.448401e+01 1.000000e+01 1.358864e+01
      vertex   4.405971e+01 1.000000e+01 1.376407e+01
      vertex   4.412527e+01 1.000000e+01 1.386503e+01
    endloop
  endfacet
  facet normal 0.000000e+00 1.000000e+00 -0.000000e+00
    outer loop
      vertex   4.448401e+01 1.000000e+01 1.358864e+01
      vertex   4.412527e+01 1.000000e+01 1.386503e+01
      vertex   4.455158e+01 1.000000e+01 1.370707e+01
    endloop
  endfacet
  facet normal 0.000000e+00 1.000000e+00 0.000000e+00
    outer loop
      vertex   4.455158e+01 1.000000e+01 1.370707e+01
      vertex   4.412527e+01 1.000000e+01 1.386503e+01
      vertex   4.417992e+01 1.000000e+01 1.397228e+01
    endloop
  endfacet
  facet normal 0.000000e+00 1.000000e+00 -0.000000e+00
    outer loop
      vertex   4.455158e+01 1.000000e+01 1.370707e+01
      vertex   4.417992e+01 1.000000e+01 1.397228e+01
      vertex   4.460883e+01 1.000000e+01 1.383083e+01
    endloop
  endfacet
  facet normal 0.000000e+00 1.000000e+00 0.000000e+00
    outer loop
      vertex   4.460883e+01 1.000000e+01 1.383083e+01
      vertex   4.417992e+01 1.000000e+01 1.397228e+01
      vertex   4.422305e+01 1.000000e+01 1.408466e+01
    endloop
  endfacet
  facet normal 0.000000e+00 1.000000e+00 -0.000000e+00
    outer loop
      vertex   4.460883e+01 1.000000e+01 1.383083e+01
      vertex   4.422305e+01 1.000000e+01 1.408466e+01
      vertex   4.465532e+01 1.000000e+01 1.395901e+01
    endloop
  endfacet
  facet normal 0.000000e+00 1.000000e+00 -0.000000e+00
    outer loop
      vertex   4.465532e+01 1.000000e+01 1.395901e+01
      vertex   4.422305e+01 1.000000e+01 1.408466e+01
      vertex   4.469074e+01 1.000000e+01 1.409069e+01
    endloop
  endfacet
  facet normal 0.000000e+00 1.000000e+00 0.000000e+00
    outer loop
      vertex   4.469074e+01 1.000000e+01 1.409069e+01
      vertex   4.422305e+01 1.000000e+01 1.408466e+01
      vertex   4.425421e+01 1.000000e+01 1.420093e+01
    endloop
  endfacet
  facet normal 0.000000e+00 1.000000e+00 0.000000e+00
    outer loop
      vertex   4.469074e+01 1.000000e+01 1.409069e+01
      vertex   4.425421e+01 1.000000e+01 1.420093e+01
      vertex   4.427304e+01 1.000000e+01 1.431982e+01
    endloop
  endfacet
  facet normal -0.000000e+00 1.000000e+00 0.000000e+00
    outer loop
      vertex   4.427304e+01 1.000000e+01 1.431982e+01
      vertex   4.427934e+01 1.000000e+01 1.444003e+01
      vertex   4.469074e+01 1.000000e+01 1.409069e+01
    endloop
  endfacet
  facet normal 0.000000e+00 1.000000e+00 0.000000e+00
    outer loop
      vertex   4.469074e+01 1.000000e+01 1.409069e+01
      vertex   4.427934e+01 1.000000e+01 1.444003e+01
      vertex   4.468926e+01 1.000000e+01 1.479590e+01
    endloop
  endfacet
  facet normal 0.000000e+00 1.000000e+00 -0.000000e+00
    outer loop
      vertex   4.469074e+01 1.000000e+01 1.409069e+01
      vertex   4.468926e+01 1.000000e+01 1.479590e+01
      vertex   4.586128e+01 1.000000e+01 1.475471e+01
    endloop
  endfacet
  facet normal 0.000000e+00 1.000000e+00 0.000000e+00
    outer loop
      vertex   4.586128e+01 1.000000e+01 1.475471e+01
      vertex   4.468926e+01 1.000000e+01 1.479590e+01
      vertex   4.585994e+01 1.000000e+01 1.476610e+01
    endloop
  endfacet
  facet normal 0.000000e+00 1.000000e+00 0.000000e+00
    outer loop
      vertex   4.585994e+01 1.000000e+01 1.476610e+01
      vertex   4.468926e+01 1.000000e+01 1.479590e+01
      vertex   4.585856e+01 1.000000e+01 1.477748e+01
    endloop
  endfacet
  facet normal 0.000000e+00 1.000000e+00 0.000000e+00
    outer loop
      vertex   4.585856e+01 1.000000e+01 1.477748e+01
      vertex   4.468926e+01 1.000000e+01 1.479590e+01
      vertex   4.585713e+01 1.000000e+01 1.478885e+01
    endloop
  endfacet
  facet normal 0.000000e+00 1.000000e+00 -0.000000e+00
    outer loop
      vertex   4.427934e+01 1.000000e+01 1.444003e+01
      vertex   4.427304e+01 1.000000e+01 1.456023e+01
      vertex   4.468926e+01 1.000000e+01 1.479590e+01
    endloop
  endfacet
  facet normal 0.000000e+00 1.000000e+00 0.000000e+00
    outer loop
      vertex   4.468926e+01 1.000000e+01 1.479590e+01
      vertex   4.427304e+01 1.000000e+01 1.456023e+01
      vertex   4.425421e+01 1.000000e+01 1.467912e+01
    endloop
  endfacet
  facet normal 0.000000e+00 1.000000e+00 0.000000e+00
    outer loop
      vertex   4.468926e+01 1.000000e+01 1.479590e+01
      vertex   4.425421e+01 1.000000e+01 1.467912e+01
      vertex   4.422305e+01 1.000000e+01 1.479540e+01
    endloop
  endfacet
  facet normal -0.000000e+00 1.000000e+00 0.000000e+00
    outer loop
      vertex   4.417992e+01 1.000000e+01 1.490777e+01
      vertex   4.460626e+01 1.000000e+01 1.505542e+01
      vertex   4.422305e+01 1.000000e+01 1.479540e+01
    endloop
  endfacet
  facet normal 0.000000e+00 1.000000e+00 0.000000e+00
    outer loop
      vertex   4.422305e+01 1.000000e+01 1.479540e+01
      vertex   4.460626e+01 1.000000e+01 1.505542e+01
      vertex   4.465329e+01 1.000000e+01 1.492743e+01
    endloop
  endfacet
  facet normal 0.000000e+00 1.000000e+00 0.000000e+00
    outer loop
      vertex   4.422305e+01 1.000000e+01 1.479540e+01
      vertex   4.465329e+01 1.000000e+01 1.492743e+01
      vertex   4.468926e+01 1.000000e+01 1.479590e+01
    endloop
  endfacet
  facet normal 0.000000e+00 1.000000e+00 0.000000e+00
    outer loop
      vertex   4.460626e+01 1.000000e+01 1.505542e+01
      vertex   4.417992e+01 1.000000e+01 1.490777e+01
      vertex   4.454850e+01 1.000000e+01 1.517893e+01
    endloop
  endfacet
  facet normal 0.000000e+00 1.000000e+00 0.000000e+00
    outer loop
      vertex   4.454850e+01 1.000000e+01 1.517893e+01
      vertex   4.417992e+01 1.000000e+01 1.490777e+01
      vertex   4.412527e+01 1.000000e+01 1.501503e+01
    endloop
  endfacet
  facet normal 0.000000e+00 1.000000e+00 0.000000e+00
    outer loop
      vertex   4.454850e+01 1.000000e+01 1.517893e+01
      vertex   4.412527e+01 1.000000e+01 1.501503e+01
      vertex   4.448043e+01 1.000000e+01 1.529708e+01
    endloop
  endfacet
  facet normal 0.000000e+00 1.000000e+00 0.000000e+00
    outer loop
      vertex   4.448043e+01 1.000000e+01 1.529708e+01
      vertex   4.412527e+01 1.000000e+01 1.501503e+01
      vertex   4.405971e+01 1.000000e+01 1.511598e+01
    endloop
  endfacet
  facet normal 0.000000e+00 1.000000e+00 0.000000e+00
    outer loop
      vertex   4.448043e+01 1.000000e+01 1.529708e+01
      vertex   4.405971e+01 1.000000e+01 1.511598e+01
      vertex   4.398396e+01 1.000000e+01 1.520953e+01
    endloop
  endfacet
  facet normal 0.000000e+00 1.000000e+00 -0.000000e+00
    outer loop
      vertex   4.398396e+01 1.000000e+01 1.520953e+01
      vertex   4.389884e+01 1.000000e+01 1.529464e+01
      vertex   4.448043e+01 1.000000e+01 1.529708e+01
    endloop
  endfacet
  facet normal 0.000000e+00 1.000000e+00 0.000000e+00
    outer loop
      vertex   4.448043e+01 1.000000e+01 1.529708e+01
      vertex   4.389884e+01 1.000000e+01 1.529464e+01
      vertex   4.398073e+01 1.000000e+01 1.579470e+01
    endloop
  endfacet
  facet normal 0.000000e+00 1.000000e+00 -0.000000e+00
    outer loop
      vertex   4.448043e+01 1.000000e+01 1.529708e+01
      vertex   4.398073e+01 1.000000e+01 1.579470e+01
      vertex   4.483859e+01 1.000000e+01 1.659431e+01
    endloop
  endfacet
  facet normal 0.000000e+00 1.000000e+00 0.000000e+00
    outer loop
      vertex   4.483859e+01 1.000000e+01 1.659431e+01
      vertex   4.398073e+01 1.000000e+01 1.579470e+01
      vertex   4.482960e+01 1.000000e+01 1.660142e+01
    endloop
  endfacet
  facet normal 0.000000e+00 1.000000e+00 0.000000e+00
    outer loop
      vertex   4.482960e+01 1.000000e+01 1.660142e+01
      vertex   4.398073e+01 1.000000e+01 1.579470e+01
      vertex   4.482057e+01 1.000000e+01 1.660849e+01
    endloop
  endfacet
  facet normal 0.000000e+00 1.000000e+00 0.000000e+00
    outer loop
      vertex   4.482057e+01 1.000000e+01 1.660849e+01
      vertex   4.398073e+01 1.000000e+01 1.579470e+01
      vertex   4.481152e+01 1.000000e+01 1.661552e+01
    endloop
  endfacet
  facet normal 0.000000e+00 1.000000e+00 -0.000000e+00
    outer loop
      vertex   4.389884e+01 1.000000e+01 1.529464e+01
      vertex   4.380529e+01 1.000000e+01 1.537040e+01
      vertex   4.398073e+01 1.000000e+01 1.579470e+01
    endloop
  endfacet
  facet normal 0.000000e+00 1.000000e+00 0.000000e+00
    outer loop
      vertex   4.398073e+01 1.000000e+01 1.579470e+01
      vertex   4.380529e+01 1.000000e+01 1.537040e+01
      vertex   4.370434e+01 1.000000e+01 1.543596e+01
    endloop
  endfacet
  facet normal 0.000000e+00 1.000000e+00 0.000000e+00
    outer loop
      vertex   4.398073e+01 1.000000e+01 1.579470e+01
      vertex   4.370434e+01 1.000000e+01 1.543596e+01
      vertex   4.386229e+01 1.000000e+01 1.586227e+01
    endloop
  endfacet
  facet normal 0.000000e+00 1.000000e+00 0.000000e+00
    outer loop
      vertex   4.386229e+01 1.000000e+01 1.586227e+01
      vertex   4.370434e+01 1.000000e+01 1.543596e+01
      vertex   4.359709e+01 1.000000e+01 1.549060e+01
    endloop
  endfacet
  facet normal 0.000000e+00 1.000000e+00 0.000000e+00
    outer loop
      vertex   4.386229e+01 1.000000e+01 1.586227e+01
      vertex   4.359709e+01 1.000000e+01 1.549060e+01
      vertex   4.373853e+01 1.000000e+01 1.591951e+01
    endloop
  endfacet
  facet normal 0.000000e+00 1.000000e+00 0.000000e+00
    outer loop
      vertex   4.373853e+01 1.000000e+01 1.591951e+01
      vertex   4.359709e+01 1.000000e+01 1.549060e+01
      vertex   4.348471e+01 1.000000e+01 1.553374e+01
    endloop
  endfacet
  facet normal 0.000000e+00 1.000000e+00 0.000000e+00
    outer loop
      vertex   4.373853e+01 1.000000e+01 1.591951e+01
      vertex   4.348471e+01 1.000000e+01 1.553374e+01
      vertex   4.361035e+01 1.000000e+01 1.596601e+01
    endloop
  endfacet
  facet normal 0.000000e+00 1.000000e+00 0.000000e+00
    outer loop
      vertex   4.361035e+01 1.000000e+01 1.596601e+01
      vertex   4.348471e+01 1.000000e+01 1.553374e+01
      vertex   4.347868e+01 1.000000e+01 1.600142e+01
    endloop
  endfacet
  facet normal 0.000000e+00 1.000000e+00 0.000000e+00
    outer loop
      vertex   4.347868e+01 1.000000e+01 1.600142e+01
      vertex   4.348471e+01 1.000000e+01 1.553374e+01
      vertex   4.336844e+01 1.000000e+01 1.556490e+01
    endloop
  endfacet
  facet normal 0.000000e+00 1.000000e+00 0.000000e+00
    outer loop
      vertex   4.347868e+01 1.000000e+01 1.600142e+01
      vertex   4.336844e+01 1.000000e+01 1.556490e+01
      vertex   4.324955e+01 1.000000e+01 1.558373e+01
    endloop
  endfacet
  facet normal 0.000000e+00 1.000000e+00 -0.000000e+00
    outer loop
      vertex   4.324955e+01 1.000000e+01 1.558373e+01
      vertex   4.312934e+01 1.000000e+01 1.559003e+01
      vertex   4.347868e+01 1.000000e+01 1.600142e+01
    endloop
  endfacet
  facet normal 0.000000e+00 1.000000e+00 0.000000e+00
    outer loop
      vertex   4.347868e+01 1.000000e+01 1.600142e+01
      vertex   4.312934e+01 1.000000e+01 1.559003e+01
      vertex   4.277346e+01 1.000000e+01 1.599995e+01
    endloop
  endfacet
  facet normal 0.000000e+00 1.000000e+00 0.000000e+00
    outer loop
      vertex   4.347868e+01 1.000000e+01 1.600142e+01
      vertex   4.277346e+01 1.000000e+01 1.599995e+01
      vertex   4.281465e+01 1.000000e+01 1.717196e+01
    endloop
  endfacet
  facet normal 0.000000e+00 1.000000e+00 0.000000e+00
    outer loop
      vertex   4.281465e+01 1.000000e+01 1.717196e+01
      vertex   4.277346e+01 1.000000e+01 1.599995e+01
      vertex   4.280327e+01 1.000000e+01 1.717063e+01
    endloop
  endfacet
  facet normal 0.000000e+00 1.000000e+00 0.000000e+00
    outer loop
      vertex   4.280327e+01 1.000000e+01 1.717063e+01
      vertex   4.277346e+01 1.000000e+01 1.599995e+01
      vertex   4.279189e+01 1.000000e+01 1.716924e+01
    endloop
  endfacet
  facet normal 0.000000e+00 1.000000e+00 0.000000e+00
    outer loop
      vertex   4.279189e+01 1.000000e+01 1.716924e+01
      vertex   4.277346e+01 1.000000e+01 1.599995e+01
      vertex   4.278052e+01 1.000000e+01 1.716781e+01
    endloop
  endfacet
  facet normal 0.000000e+00 1.000000e+00 0.000000e+00
    outer loop
      vertex   4.312934e+01 1.000000e+01 1.559003e+01
      vertex   4.300913e+01 1.000000e+01 1.558373e+01
      vertex   4.277346e+01 1.000000e+01 1.599995e+01
    endloop
  endfacet
  facet normal 0.000000e+00 1.000000e+00 0.000000e+00
    outer loop
      vertex   4.277346e+01 1.000000e+01 1.599995e+01
      vertex   4.300913e+01 1.000000e+01 1.558373e+01
      vertex   4.289024e+01 1.000000e+01 1.556490e+01
    endloop
  endfacet
  facet normal 0.000000e+00 1.000000e+00 0.000000e+00
    outer loop
      vertex   4.277346e+01 1.000000e+01 1.599995e+01
      vertex   4.289024e+01 1.000000e+01 1.556490e+01
      vertex   4.277397e+01 1.000000e+01 1.553374e+01
    endloop
  endfacet
  facet normal 0.000000e+00 1.000000e+00 -0.000000e+00
    outer loop
      vertex   4.266159e+01 1.000000e+01 1.549060e+01
      vertex   4.251395e+01 1.000000e+01 1.591695e+01
      vertex   4.277397e+01 1.000000e+01 1.553374e+01
    endloop
  endfacet
  facet normal 0.000000e+00 1.000000e+00 0.000000e+00
    outer loop
      vertex   4.277397e+01 1.000000e+01 1.553374e+01
      vertex   4.251395e+01 1.000000e+01 1.591695e+01
      vertex   4.264194e+01 1.000000e+01 1.596398e+01
    endloop
  endfacet
  facet normal 0.000000e+00 1.000000e+00 0.000000e+00
    outer loop
      vertex   4.277397e+01 1.000000e+01 1.553374e+01
      vertex   4.264194e+01 1.000000e+01 1.596398e+01
      vertex   4.277346e+01 1.000000e+01 1.599995e+01
    endloop
  endfacet
  facet normal 0.000000e+00 1.000000e+00 0.000000e+00
    outer loop
      vertex   4.251395e+01 1.000000e+01 1.591695e+01
      vertex   4.266159e+01 1.000000e+01 1.549060e+01
      vertex   4.239043e+01 1.000000e+01 1.585919e+01
    endloop
  endfacet
  facet normal 0.000000e+00 1.000000e+00 0.000000e+00
    outer loop
      vertex   4.239043e+01 1.000000e+01 1.585919e+01
      vertex   4.266159e+01 1.000000e+01 1.549060e+01
      vertex   4.255434e+01 1.000000e+01 1.543596e+01
    endloop
  endfacet
  facet normal 0.000000e+00 1.000000e+00 0.000000e+00
    outer loop
      vertex   4.239043e+01 1.000000e+01 1.585919e+01
      vertex   4.255434e+01 1.000000e+01 1.543596e+01
      vertex   4.227228e+01 1.000000e+01 1.579112e+01
    endloop
  endfacet
  facet normal 0.000000e+00 1.000000e+00 0.000000e+00
    outer loop
      vertex   4.227228e+01 1.000000e+01 1.579112e+01
      vertex   4.255434e+01 1.000000e+01 1.543596e+01
      vertex   4.245339e+01 1.000000e+01 1.537040e+01
    endloop
  endfacet
  facet normal 0.000000e+00 1.000000e+00 0.000000e+00
    outer loop
      vertex   4.227228e+01 1.000000e+01 1.579112e+01
      vertex   4.245339e+01 1.000000e+01 1.537040e+01
      vertex   4.235984e+01 1.000000e+01 1.529464e+01
    endloop
  endfacet
  facet normal 0.000000e+00 1.000000e+00 0.000000e+00
    outer loop
      vertex   4.235984e+01 1.000000e+01 1.529464e+01
      vertex   4.227472e+01 1.000000e+01 1.520953e+01
      vertex   4.227228e+01 1.000000e+01 1.579112e+01
    endloop
  endfacet
  facet normal 0.000000e+00 1.000000e+00 0.000000e+00
    outer loop
      vertex   4.227228e+01 1.000000e+01 1.579112e+01
      vertex   4.227472e+01 1.000000e+01 1.520953e+01
      vertex   4.177467e+01 1.000000e+01 1.529141e+01
    endloop
  endfacet
  facet normal 0.000000e+00 1.000000e+00 0.000000e+00
    outer loop
      vertex   4.227228e+01 1.000000e+01 1.579112e+01
      vertex   4.177467e+01 1.000000e+01 1.529141e+01
      vertex   4.097505e+01 1.000000e+01 1.614928e+01
    endloop
  endfacet
  facet normal 0.000000e+00 1.000000e+00 0.000000e+00
    outer loop
      vertex   4.097505e+01 1.000000e+01 1.614928e+01
      vertex   4.177467e+01 1.000000e+01 1.529141e+01
      vertex   4.096795e+01 1.000000e+01 1.614028e+01
    endloop
  endfacet
  facet normal 0.000000e+00 1.000000e+00 0.000000e+00
    outer loop
      vertex   4.096795e+01 1.000000e+01 1.614028e+01
      vertex   4.177467e+01 1.000000e+01 1.529141e+01
      vertex   4.096088e+01 1.000000e+01 1.613126e+01
    endloop
  endfacet
  facet normal 0.000000e+00 1.000000e+00 0.000000e+00
    outer loop
      vertex   4.096088e+01 1.000000e+01 1.613126e+01
      vertex   4.177467e+01 1.000000e+01 1.529141e+01
      vertex   4.095385e+01 1.000000e+01 1.612221e+01
    endloop
  endfacet
  facet normal 0.000000e+00 1.000000e+00 0.000000e+00
    outer loop
      vertex   4.227472e+01 1.000000e+01 1.520953e+01
      vertex   4.219897e+01 1.000000e+01 1.511598e+01
      vertex   4.177467e+01 1.000000e+01 1.529141e+01
    endloop
  endfacet
  facet normal 0.000000e+00 1.000000e+00 0.000000e+00
    outer loop
      vertex   4.177467e+01 1.000000e+01 1.529141e+01
      vertex   4.219897e+01 1.000000e+01 1.511598e+01
      vertex   4.213341e+01 1.000000e+01 1.501503e+01
    endloop
  endfacet
  facet normal 0.000000e+00 1.000000e+00 0.000000e+00
    outer loop
      vertex   4.177467e+01 1.000000e+01 1.529141e+01
      vertex   4.213341e+01 1.000000e+01 1.501503e+01
      vertex   4.170709e+01 1.000000e+01 1.517298e+01
    endloop
  endfacet
  facet normal 0.000000e+00 1.000000e+00 0.000000e+00
    outer loop
      vertex   4.170709e+01 1.000000e+01 1.517298e+01
      vertex   4.213341e+01 1.000000e+01 1.501503e+01
      vertex   4.207876e+01 1.000000e+01 1.490777e+01
    endloop
  endfacet
  facet normal 0.000000e+00 1.000000e+00 0.000000e+00
    outer loop
      vertex   4.170709e+01 1.000000e+01 1.517298e+01
      vertex   4.207876e+01 1.000000e+01 1.490777e+01
      vertex   4.164985e+01 1.000000e+01 1.504922e+01
    endloop
  endfacet
  facet normal 0.000000e+00 1.000000e+00 0.000000e+00
    outer loop
      vertex   4.164985e+01 1.000000e+01 1.504922e+01
      vertex   4.207876e+01 1.000000e+01 1.490777e+01
      vertex   4.203562e+01 1.000000e+01 1.479540e+01
    endloop
  endfacet
  facet normal 0.000000e+00 1.000000e+00 0.000000e+00
    outer loop
      vertex   4.483859e+01 1.000000e+01 1.659431e+01
      vertex   4.530412e+01 1.000000e+01 1.612313e+01
      vertex   4.448043e+01 1.000000e+01 1.529708e+01
    endloop
  endfacet
  facet normal 0.000000e+00 1.000000e+00 0.000000e+00
    outer loop
      vertex   4.586128e+01 1.000000e+01 1.475471e+01
      vertex   4.585727e+01 1.000000e+01 1.409236e+01
      vertex   4.469074e+01 1.000000e+01 1.409069e+01
    endloop
  endfacet
  facet normal 0.000000e+00 1.000000e+00 0.000000e+00
    outer loop
      vertex   4.528363e+01 1.000000e+01 1.273077e+01
      vertex   4.481244e+01 1.000000e+01 1.226525e+01
      vertex   4.398639e+01 1.000000e+01 1.308893e+01
    endloop
  endfacet
  facet normal 0.000000e+00 1.000000e+00 0.000000e+00
    outer loop
      vertex   4.344403e+01 1.000000e+01 1.170809e+01
      vertex   4.278167e+01 1.000000e+01 1.171209e+01
      vertex   4.278000e+01 1.000000e+01 1.287863e+01
    endloop
  endfacet
  facet normal 0.000000e+00 1.000000e+00 -0.000000e+00
    outer loop
      vertex   4.142009e+01 1.000000e+01 1.228574e+01
      vertex   4.095456e+01 1.000000e+01 1.275692e+01
      vertex   4.177825e+01 1.000000e+01 1.358297e+01
    endloop
  endfacet
  facet normal -0.000000e+00 1.000000e+00 -0.000000e+00
    outer loop
      vertex   4.040155e+01 1.000000e+01 1.409120e+01
      vertex   4.040012e+01 1.000000e+01 1.410258e+01
      vertex   4.156942e+01 1.000000e+01 1.408415e+01
    endloop
  endfacet
  facet normal 0.000000e+00 1.000000e+00 0.000000e+00
    outer loop
      vertex   4.156942e+01 1.000000e+01 1.408415e+01
      vertex   4.040012e+01 1.000000e+01 1.410258e+01
      vertex   4.039874e+01 1.000000e+01 1.411395e+01
    endloop
  endfacet
  facet normal 0.000000e+00 1.000000e+00 0.000000e+00
    outer loop
      vertex   4.156942e+01 1.000000e+01 1.408415e+01
      vertex   4.039874e+01 1.000000e+01 1.411395e+01
      vertex   4.039740e+01 1.000000e+01 1.412534e+01
    endloop
  endfacet
  facet normal -0.000000e+00 1.000000e+00 0.000000e+00
    outer loop
      vertex   4.040141e+01 1.000000e+01 1.478769e+01
      vertex   4.156794e+01 1.000000e+01 1.478937e+01
      vertex   4.039740e+01 1.000000e+01 1.412534e+01
    endloop
  endfacet
  facet normal -0.000000e+00 1.000000e+00 0.000000e+00
    outer loop
      vertex   4.039740e+01 1.000000e+01 1.412534e+01
      vertex   4.156794e+01 1.000000e+01 1.478937e+01
      vertex   4.156942e+01 1.000000e+01 1.408415e+01
    endloop
  endfacet
  facet normal -0.000000e+00 1.000000e+00 0.000000e+00
    outer loop
      vertex   4.097505e+01 1.000000e+01 1.614928e+01
      vertex   4.144624e+01 1.000000e+01 1.661481e+01
      vertex   4.227228e+01 1.000000e+01 1.579112e+01
    endloop
  endfacet
  facet normal 0.000000e+00 1.000000e+00 0.000000e+00
    outer loop
      vertex   4.281465e+01 1.000000e+01 1.717196e+01
      vertex   4.347701e+01 1.000000e+01 1.716796e+01
      vertex   4.347868e+01 1.000000e+01 1.600142e+01
    endloop
  endfacet
endsolid
