solid ASCII
  facet normal -0.000000e+00 -1.571747e-01 -9.875708e-01
    outer loop
      vertex   -1.443687e+02 5.239206e+01 -4.340473e+01
      vertex   -1.443687e+02 4.808724e+01 -4.271960e+01
      vertex   -1.514392e+02 5.239206e+01 -4.340473e+01
    endloop
  endfacet
  facet normal -0.000000e+00 -1.571747e-01 -9.875708e-01
    outer loop
      vertex   -1.514392e+02 5.239206e+01 -4.340473e+01
      vertex   -1.443687e+02 4.808724e+01 -4.271960e+01
      vertex   -1.514395e+02 5.239206e+01 -4.340473e+01
    endloop
  endfacet
  facet normal -3.171337e-16 -1.571747e-01 -9.875708e-01
    outer loop
      vertex   -1.514395e+02 5.239206e+01 -4.340473e+01
      vertex   -1.443687e+02 4.808724e+01 -4.271960e+01
      vertex   -1.514395e+02 4.613345e+01 -4.240865e+01
    endloop
  endfacet
  facet normal 0.000000e+00 -1.571747e-01 -9.875708e-01
    outer loop
      vertex   -1.514395e+02 4.613345e+01 -4.240865e+01
      vertex   -1.443687e+02 4.808724e+01 -4.271960e+01
      vertex   -1.319295e+02 4.613345e+01 -4.240865e+01
    endloop
  endfacet
  facet normal 0.000000e+00 -1.571747e-01 -9.875708e-01
    outer loop
      vertex   -1.319295e+02 4.613345e+01 -4.240865e+01
      vertex   -1.443687e+02 4.808724e+01 -4.271960e+01
      vertex   -1.390000e+02 4.808724e+01 -4.271960e+01
    endloop
  endfacet
  facet normal 3.072341e-16 -1.571747e-01 -9.875708e-01
    outer loop
      vertex   -1.319295e+02 4.613345e+01 -4.240865e+01
      vertex   -1.390000e+02 4.808724e+01 -4.271960e+01
      vertex   -1.319295e+02 5.239206e+01 -4.340473e+01
    endloop
  endfacet
  facet normal -0.000000e+00 -1.571747e-01 -9.875708e-01
    outer loop
      vertex   -1.319295e+02 5.239206e+01 -4.340473e+01
      vertex   -1.390000e+02 4.808724e+01 -4.271960e+01
      vertex   -1.390000e+02 5.239206e+01 -4.340473e+01
    endloop
  endfacet
  facet normal 1.945388e-03 -4.542194e-01 -8.908877e-01
    outer loop
      vertex   -1.514395e+02 4.535969e+01 -4.218339e+01
      vertex   -1.416845e+02 4.554744e+01 -4.225781e+01
      vertex   -1.514395e+02 4.500000e+01 -4.200000e+01
    endloop
  endfacet
  facet normal -9.735335e-04 -4.118058e-01 -9.112711e-01
    outer loop
      vertex   -1.514395e+02 4.500000e+01 -4.200000e+01
      vertex   -1.416845e+02 4.554744e+01 -4.225781e+01
      vertex   -1.319295e+02 4.535969e+01 -4.218339e+01
    endloop
  endfacet
  facet normal 0.000000e+00 -4.542203e-01 -8.908894e-01
    outer loop
      vertex   -1.514395e+02 4.500000e+01 -4.200000e+01
      vertex   -1.319295e+02 4.535969e+01 -4.218339e+01
      vertex   -1.319295e+02 4.500000e+01 -4.200000e+01
    endloop
  endfacet
  facet normal -6.493153e-04 -3.391655e-01 -9.407265e-01
    outer loop
      vertex   -1.514395e+02 4.535969e+01 -4.218339e+01
      vertex   -1.514395e+02 4.573950e+01 -4.232032e+01
      vertex   -1.416845e+02 4.554744e+01 -4.225781e+01
    endloop
  endfacet
  facet normal 9.735335e-04 -2.644410e-01 -9.644014e-01
    outer loop
      vertex   -1.416845e+02 4.554744e+01 -4.225781e+01
      vertex   -1.514395e+02 4.573950e+01 -4.232032e+01
      vertex   -1.319295e+02 4.613345e+01 -4.240865e+01
    endloop
  endfacet
  facet normal -1.945388e-03 -2.187782e-01 -9.757727e-01
    outer loop
      vertex   -1.416845e+02 4.554744e+01 -4.225781e+01
      vertex   -1.319295e+02 4.613345e+01 -4.240865e+01
      vertex   -1.319295e+02 4.573950e+01 -4.232032e+01
    endloop
  endfacet
  facet normal 0.000000e+00 -2.187787e-01 -9.757745e-01
    outer loop
      vertex   -1.514395e+02 4.573950e+01 -4.232032e+01
      vertex   -1.514395e+02 4.613345e+01 -4.240865e+01
      vertex   -1.319295e+02 4.613345e+01 -4.240865e+01
    endloop
  endfacet
  facet normal 6.493153e-04 -3.391655e-01 -9.407265e-01
    outer loop
      vertex   -1.319295e+02 4.573950e+01 -4.232032e+01
      vertex   -1.319295e+02 4.535969e+01 -4.218339e+01
      vertex   -1.416845e+02 4.554744e+01 -4.225781e+01
    endloop
  endfacet
  facet normal 1.000000e+00 -0.000000e+00 -0.000000e+00
    outer loop
      vertex   -1.319295e+02 4.535969e+01 -4.218339e+01
      vertex   -1.319295e+02 4.573950e+01 -4.232032e+01
      vertex   -1.319295e+02 4.500000e+01 -4.200000e+01
    endloop
  endfacet
  facet normal 1.000000e+00 0.000000e+00 0.000000e+00
    outer loop
      vertex   -1.319295e+02 4.500000e+01 -4.200000e+01
      vertex   -1.319295e+02 4.573950e+01 -4.232032e+01
      vertex   -1.319295e+02 4.613345e+01 -4.240865e+01
    endloop
  endfacet
  facet normal 1.000000e+00 -0.000000e+00 0.000000e+00
    outer loop
      vertex   -1.319295e+02 4.500000e+01 -4.200000e+01
      vertex   -1.319295e+02 4.613345e+01 -4.240865e+01
      vertex   -1.319295e+02 4.500000e+01 -3.977148e+01
    endloop
  endfacet
  facet normal 1.000000e+00 0.000000e+00 0.000000e+00
    outer loop
      vertex   -1.319295e+02 4.500000e+01 -3.977148e+01
      vertex   -1.319295e+02 4.613345e+01 -4.240865e+01
      vertex   -1.319295e+02 5.239206e+01 -4.340473e+01
    endloop
  endfacet
  facet normal 1.000000e+00 0.000000e+00 0.000000e+00
    outer loop
      vertex   -1.319295e+02 4.500000e+01 -3.977148e+01
      vertex   -1.319295e+02 5.239206e+01 -4.340473e+01
      vertex   -1.319295e+02 5.218663e+01 -4.060687e+01
    endloop
  endfacet
  facet normal 1.000000e+00 0.000000e+00 0.000000e+00
    outer loop
      vertex   -1.319295e+02 5.218663e+01 -4.060687e+01
      vertex   -1.319295e+02 5.239206e+01 -4.340473e+01
      vertex   -1.319295e+02 5.248693e+01 -4.083730e+01
    endloop
  endfacet
  facet normal 1.000000e+00 0.000000e+00 0.000000e+00
    outer loop
      vertex   -1.319295e+02 5.248693e+01 -4.083730e+01
      vertex   -1.319295e+02 5.239206e+01 -4.340473e+01
      vertex   -1.319295e+02 5.391553e+01 -4.370568e+01
    endloop
  endfacet
  facet normal 1.000000e+00 0.000000e+00 0.000000e+00
    outer loop
      vertex   -1.319295e+02 5.248693e+01 -4.083730e+01
      vertex   -1.319295e+02 5.391553e+01 -4.370568e+01
      vertex   -1.319295e+02 5.468344e+01 -4.355188e+01
    endloop
  endfacet
  facet normal 1.000000e+00 0.000000e+00 0.000000e+00
    outer loop
      vertex   -1.319295e+02 5.239206e+01 -4.340473e+01
      vertex   -1.319295e+02 5.313399e+01 -4.365549e+01
      vertex   -1.319295e+02 5.391553e+01 -4.370568e+01
    endloop
  endfacet
  facet normal 1.000000e+00 0.000000e+00 0.000000e+00
    outer loop
      vertex   -1.319295e+02 5.248693e+01 -4.083730e+01
      vertex   -1.319295e+02 5.468344e+01 -4.355188e+01
      vertex   -1.319295e+02 5.283665e+01 -4.098216e+01
    endloop
  endfacet
  facet normal 1.000000e+00 0.000000e+00 0.000000e+00
    outer loop
      vertex   -1.319295e+02 5.283665e+01 -4.098216e+01
      vertex   -1.319295e+02 5.468344e+01 -4.355188e+01
      vertex   -1.319295e+02 5.538538e+01 -4.320457e+01
    endloop
  endfacet
  facet normal 1.000000e+00 0.000000e+00 0.000000e+00
    outer loop
      vertex   -1.319295e+02 5.283665e+01 -4.098216e+01
      vertex   -1.319295e+02 5.538538e+01 -4.320457e+01
      vertex   -1.319295e+02 5.321193e+01 -4.103157e+01
    endloop
  endfacet
  facet normal 1.000000e+00 0.000000e+00 0.000000e+00
    outer loop
      vertex   -1.319295e+02 5.321193e+01 -4.103157e+01
      vertex   -1.319295e+02 5.538538e+01 -4.320457e+01
      vertex   -1.319295e+02 5.597350e+01 -4.268742e+01
    endloop
  endfacet
  facet normal 1.000000e+00 -0.000000e+00 0.000000e+00
    outer loop
      vertex   -1.319295e+02 5.321193e+01 -4.103157e+01
      vertex   -1.319295e+02 5.597350e+01 -4.268742e+01
      vertex   -1.319295e+02 5.358722e+01 -4.098216e+01
    endloop
  endfacet
  facet normal 1.000000e+00 0.000000e+00 0.000000e+00
    outer loop
      vertex   -1.319295e+02 5.358722e+01 -4.098216e+01
      vertex   -1.319295e+02 5.597350e+01 -4.268742e+01
      vertex   -1.319295e+02 5.640774e+01 -4.203568e+01
    endloop
  endfacet
  facet normal 1.000000e+00 -0.000000e+00 0.000000e+00
    outer loop
      vertex   -1.319295e+02 5.358722e+01 -4.098216e+01
      vertex   -1.319295e+02 5.640774e+01 -4.203568e+01
      vertex   -1.319295e+02 5.393693e+01 -4.083730e+01
    endloop
  endfacet
  facet normal 1.000000e+00 -0.000000e+00 0.000000e+00
    outer loop
      vertex   -1.319295e+02 5.393693e+01 -4.083730e+01
      vertex   -1.319295e+02 5.640774e+01 -4.203568e+01
      vertex   -1.319295e+02 5.423724e+01 -4.060687e+01
    endloop
  endfacet
  facet normal 1.000000e+00 -0.000000e+00 0.000000e+00
    outer loop
      vertex   -1.319295e+02 5.423724e+01 -4.060687e+01
      vertex   -1.319295e+02 5.640774e+01 -4.203568e+01
      vertex   -1.319295e+02 5.446767e+01 -4.030657e+01
    endloop
  endfacet
  facet normal 1.000000e+00 0.000000e+00 0.000000e+00
    outer loop
      vertex   -1.319295e+02 5.446767e+01 -4.030657e+01
      vertex   -1.319295e+02 5.640774e+01 -4.203568e+01
      vertex   -1.319295e+02 5.696354e+01 -4.090488e+01
    endloop
  endfacet
  facet normal 1.000000e+00 -0.000000e+00 0.000000e+00
    outer loop
      vertex   -1.319295e+02 5.446767e+01 -4.030657e+01
      vertex   -1.319295e+02 5.696354e+01 -4.090488e+01
      vertex   -1.319295e+02 5.461253e+01 -3.995685e+01
    endloop
  endfacet
  facet normal 1.000000e+00 -0.000000e+00 0.000000e+00
    outer loop
      vertex   -1.319295e+02 5.461253e+01 -3.995685e+01
      vertex   -1.319295e+02 5.696354e+01 -4.090488e+01
      vertex   -1.319295e+02 5.466193e+01 -3.958157e+01
    endloop
  endfacet
  facet normal 1.000000e+00 0.000000e+00 0.000000e+00
    outer loop
      vertex   -1.319295e+02 5.466193e+01 -3.958157e+01
      vertex   -1.319295e+02 5.696354e+01 -4.090488e+01
      vertex   -1.319295e+02 5.721430e+01 -4.016296e+01
    endloop
  endfacet
  facet normal 1.000000e+00 -0.000000e+00 -0.000000e+00
    outer loop
      vertex   -1.319295e+02 5.466193e+01 -3.958157e+01
      vertex   -1.319295e+02 5.721430e+01 -4.016296e+01
      vertex   -1.319295e+02 5.461253e+01 -3.920628e+01
    endloop
  endfacet
  facet normal 1.000000e+00 -0.000000e+00 -0.000000e+00
    outer loop
      vertex   -1.319295e+02 5.461253e+01 -3.920628e+01
      vertex   -1.319295e+02 5.721430e+01 -4.016296e+01
      vertex   -1.319295e+02 5.446767e+01 -3.885657e+01
    endloop
  endfacet
  facet normal 1.000000e+00 0.000000e+00 0.000000e+00
    outer loop
      vertex   -1.319295e+02 5.446767e+01 -3.885657e+01
      vertex   -1.319295e+02 5.721430e+01 -4.016296e+01
      vertex   -1.319295e+02 5.726449e+01 -3.938141e+01
    endloop
  endfacet
  facet normal 1.000000e+00 -0.000000e+00 -0.000000e+00
    outer loop
      vertex   -1.319295e+02 5.446767e+01 -3.885657e+01
      vertex   -1.319295e+02 5.726449e+01 -3.938141e+01
      vertex   -1.319295e+02 5.423724e+01 -3.855626e+01
    endloop
  endfacet
  facet normal 1.000000e+00 0.000000e+00 0.000000e+00
    outer loop
      vertex   -1.319295e+02 5.423724e+01 -3.855626e+01
      vertex   -1.319295e+02 5.726449e+01 -3.938141e+01
      vertex   -1.319295e+02 5.711069e+01 -3.861350e+01
    endloop
  endfacet
  facet normal 1.000000e+00 -0.000000e+00 -0.000000e+00
    outer loop
      vertex   -1.319295e+02 5.423724e+01 -3.855626e+01
      vertex   -1.319295e+02 5.711069e+01 -3.861350e+01
      vertex   -1.319295e+02 5.393693e+01 -3.832583e+01
    endloop
  endfacet
  facet normal 1.000000e+00 -0.000000e+00 0.000000e+00
    outer loop
      vertex   -1.319295e+02 5.393693e+01 -3.832583e+01
      vertex   -1.319295e+02 5.711069e+01 -3.861350e+01
      vertex   -1.319295e+02 5.676338e+01 -3.791157e+01
    endloop
  endfacet
  facet normal 1.000000e+00 0.000000e+00 0.000000e+00
    outer loop
      vertex   -1.319295e+02 5.393693e+01 -3.832583e+01
      vertex   -1.319295e+02 5.676338e+01 -3.791157e+01
      vertex   -1.319295e+02 5.559449e+01 -3.688920e+01
    endloop
  endfacet
  facet normal 1.000000e+00 0.000000e+00 0.000000e+00
    outer loop
      vertex   -1.319295e+02 5.559449e+01 -3.688920e+01
      vertex   -1.319295e+02 5.676338e+01 -3.791157e+01
      vertex   -1.319295e+02 5.624623e+01 -3.732344e+01
    endloop
  endfacet
  facet normal 1.000000e+00 0.000000e+00 0.000000e+00
    outer loop
      vertex   -1.319295e+02 4.321897e+01 -3.080655e+01
      vertex   -1.319295e+02 5.321193e+01 -3.813157e+01
      vertex   -1.319295e+02 5.559449e+01 -3.688920e+01
    endloop
  endfacet
  facet normal 1.000000e+00 0.000000e+00 0.000000e+00
    outer loop
      vertex   -1.319295e+02 5.559449e+01 -3.688920e+01
      vertex   -1.319295e+02 5.321193e+01 -3.813157e+01
      vertex   -1.319295e+02 5.358722e+01 -3.818097e+01
    endloop
  endfacet
  facet normal 1.000000e+00 0.000000e+00 0.000000e+00
    outer loop
      vertex   -1.319295e+02 5.559449e+01 -3.688920e+01
      vertex   -1.319295e+02 5.358722e+01 -3.818097e+01
      vertex   -1.319295e+02 5.393693e+01 -3.832583e+01
    endloop
  endfacet
  facet normal 1.000000e+00 0.000000e+00 0.000000e+00
    outer loop
      vertex   -1.319295e+02 4.174472e+01 -3.022839e+01
      vertex   -1.319295e+02 4.019515e+01 -2.990207e+01
      vertex   -1.319295e+02 4.321897e+01 -3.080655e+01
    endloop
  endfacet
  facet normal 1.000000e+00 0.000000e+00 0.000000e+00
    outer loop
      vertex   -1.319295e+02 4.321897e+01 -3.080655e+01
      vertex   -1.319295e+02 4.019515e+01 -2.990207e+01
      vertex   -1.319295e+02 3.861294e+01 -2.983658e+01
    endloop
  endfacet
  facet normal 1.000000e+00 0.000000e+00 0.000000e+00
    outer loop
      vertex   -1.319295e+02 4.321897e+01 -3.080655e+01
      vertex   -1.319295e+02 3.861294e+01 -2.983658e+01
      vertex   -1.319295e+02 5.195620e+01 -3.885657e+01
    endloop
  endfacet
  facet normal 1.000000e+00 0.000000e+00 0.000000e+00
    outer loop
      vertex   -1.319295e+02 5.195620e+01 -3.885657e+01
      vertex   -1.319295e+02 3.861294e+01 -2.983658e+01
      vertex   -1.319295e+02 3.704169e+01 -3.003371e+01
    endloop
  endfacet
  facet normal 1.000000e+00 0.000000e+00 0.000000e+00
    outer loop
      vertex   -1.319295e+02 5.195620e+01 -3.885657e+01
      vertex   -1.319295e+02 3.704169e+01 -3.003371e+01
      vertex   -1.319295e+02 5.181134e+01 -3.920628e+01
    endloop
  endfacet
  facet normal 1.000000e+00 0.000000e+00 0.000000e+00
    outer loop
      vertex   -1.319295e+02 5.181134e+01 -3.920628e+01
      vertex   -1.319295e+02 3.704169e+01 -3.003371e+01
      vertex   -1.319295e+02 3.552470e+01 -3.048804e+01
    endloop
  endfacet
  facet normal 1.000000e+00 0.000000e+00 0.000000e+00
    outer loop
      vertex   -1.319295e+02 5.181134e+01 -3.920628e+01
      vertex   -1.319295e+02 3.552470e+01 -3.048804e+01
      vertex   -1.319295e+02 4.500000e+01 -3.977148e+01
    endloop
  endfacet
  facet normal 1.000000e+00 0.000000e+00 0.000000e+00
    outer loop
      vertex   -1.319295e+02 4.500000e+01 -3.977148e+01
      vertex   -1.319295e+02 3.552470e+01 -3.048804e+01
      vertex   -1.319295e+02 3.410376e+01 -3.118706e+01
    endloop
  endfacet
  facet normal 1.000000e+00 0.000000e+00 0.000000e+00
    outer loop
      vertex   -1.319295e+02 4.500000e+01 -3.977148e+01
      vertex   -1.319295e+02 3.410376e+01 -3.118706e+01
      vertex   -1.319295e+02 3.281803e+01 -3.211149e+01
    endloop
  endfacet
  facet normal 1.000000e+00 0.000000e+00 0.000000e+00
    outer loop
      vertex   -1.319295e+02 3.281803e+01 -3.211149e+01
      vertex   -1.319295e+02 3.170294e+01 -3.323588e+01
      vertex   -1.319295e+02 4.500000e+01 -3.977148e+01
    endloop
  endfacet
  facet normal 1.000000e+00 0.000000e+00 0.000000e+00
    outer loop
      vertex   -1.319295e+02 5.218663e+01 -4.060687e+01
      vertex   -1.319295e+02 5.195620e+01 -4.030657e+01
      vertex   -1.319295e+02 4.500000e+01 -3.977148e+01
    endloop
  endfacet
  facet normal 1.000000e+00 0.000000e+00 0.000000e+00
    outer loop
      vertex   -1.319295e+02 4.500000e+01 -3.977148e+01
      vertex   -1.319295e+02 5.195620e+01 -4.030657e+01
      vertex   -1.319295e+02 5.181134e+01 -3.995685e+01
    endloop
  endfacet
  facet normal 1.000000e+00 -0.000000e+00 0.000000e+00
    outer loop
      vertex   -1.319295e+02 4.500000e+01 -3.977148e+01
      vertex   -1.319295e+02 5.181134e+01 -3.995685e+01
      vertex   -1.319295e+02 5.176193e+01 -3.958157e+01
    endloop
  endfacet
  facet normal 1.000000e+00 0.000000e+00 -0.000000e+00
    outer loop
      vertex   -1.319295e+02 5.176193e+01 -3.958157e+01
      vertex   -1.319295e+02 5.181134e+01 -3.920628e+01
      vertex   -1.319295e+02 4.500000e+01 -3.977148e+01
    endloop
  endfacet
  facet normal 1.000000e+00 0.000000e+00 -0.000000e+00
    outer loop
      vertex   -1.319295e+02 5.195620e+01 -3.885657e+01
      vertex   -1.319295e+02 5.218663e+01 -3.855626e+01
      vertex   -1.319295e+02 4.321897e+01 -3.080655e+01
    endloop
  endfacet
  facet normal 1.000000e+00 0.000000e+00 0.000000e+00
    outer loop
      vertex   -1.319295e+02 4.321897e+01 -3.080655e+01
      vertex   -1.319295e+02 5.218663e+01 -3.855626e+01
      vertex   -1.319295e+02 5.248693e+01 -3.832583e+01
    endloop
  endfacet
  facet normal 1.000000e+00 0.000000e+00 0.000000e+00
    outer loop
      vertex   -1.319295e+02 4.321897e+01 -3.080655e+01
      vertex   -1.319295e+02 5.248693e+01 -3.832583e+01
      vertex   -1.319295e+02 5.283665e+01 -3.818097e+01
    endloop
  endfacet
  facet normal 1.000000e+00 0.000000e+00 -0.000000e+00
    outer loop
      vertex   -1.319295e+02 5.283665e+01 -3.818097e+01
      vertex   -1.319295e+02 5.321193e+01 -3.813157e+01
      vertex   -1.319295e+02 4.321897e+01 -3.080655e+01
    endloop
  endfacet
  facet normal -1.000000e+00 0.000000e+00 0.000000e+00
    outer loop
      vertex   -1.514395e+02 4.573950e+01 -4.232032e+01
      vertex   -1.514395e+02 4.535969e+01 -4.218339e+01
      vertex   -1.514395e+02 4.613345e+01 -4.240865e+01
    endloop
  endfacet
  facet normal -1.000000e+00 0.000000e+00 0.000000e+00
    outer loop
      vertex   -1.514395e+02 4.613345e+01 -4.240865e+01
      vertex   -1.514395e+02 4.535969e+01 -4.218339e+01
      vertex   -1.514395e+02 4.500000e+01 -4.200000e+01
    endloop
  endfacet
  facet normal -1.000000e+00 0.000000e+00 0.000000e+00
    outer loop
      vertex   -1.514395e+02 4.613345e+01 -4.240865e+01
      vertex   -1.514395e+02 4.500000e+01 -4.200000e+01
      vertex   -1.514395e+02 4.500000e+01 -3.977148e+01
    endloop
  endfacet
  facet normal -1.000000e+00 0.000000e+00 0.000000e+00
    outer loop
      vertex   -1.514395e+02 4.500000e+01 -3.977148e+01
      vertex   -1.514395e+02 5.239206e+01 -4.340473e+01
      vertex   -1.514395e+02 4.613345e+01 -4.240865e+01
    endloop
  endfacet
  facet normal 6.686883e-17 1.000000e+00 -3.188402e-15
    outer loop
      vertex   -1.319295e+02 4.500000e+01 -4.200000e+01
      vertex   -1.319295e+02 4.500000e+01 -3.977148e+01
      vertex   -2.567026e+01 4.500000e+01 -4.200000e+01
    endloop
  endfacet
  facet normal 8.513971e-31 1.000000e+00 -6.376803e-15
    outer loop
      vertex   -2.567026e+01 4.500000e+01 -4.200000e+01
      vertex   -1.319295e+02 4.500000e+01 -3.977148e+01
      vertex   -2.549283e+01 4.500000e+01 -3.977148e+01
    endloop
  endfacet
  facet normal -5.599490e-15 1.000000e+00 -5.930983e-15
    outer loop
      vertex   -2.567026e+01 4.500000e+01 -4.200000e+01
      vertex   -2.549283e+01 4.500000e+01 -3.977148e+01
      vertex   -2.313238e+01 4.500000e+01 -4.200000e+01
    endloop
  endfacet
  facet normal 0.000000e+00 1.000000e+00 -0.000000e+00
    outer loop
      vertex   -2.313238e+01 4.500000e+01 -4.200000e+01
      vertex   -2.549283e+01 4.500000e+01 -3.977148e+01
      vertex   -2.295495e+01 4.500000e+01 -3.977148e+01
    endloop
  endfacet
  facet normal -6.883049e-17 1.000000e+00 0.000000e+00
    outer loop
      vertex   -1.514395e+02 4.500000e+01 -4.200000e+01
      vertex   -2.546703e+02 4.500000e+01 -4.200000e+01
      vertex   -1.514395e+02 4.500000e+01 -3.977148e+01
    endloop
  endfacet
  facet normal 6.871239e-17 1.000000e+00 -6.371333e-15
    outer loop
      vertex   -1.514395e+02 4.500000e+01 -3.977148e+01
      vertex   -2.546703e+02 4.500000e+01 -4.200000e+01
      vertex   -2.548477e+02 4.500000e+01 -3.977148e+01
    endloop
  endfacet
  facet normal 0.000000e+00 1.000000e+00 -6.376803e-15
    outer loop
      vertex   -2.548477e+02 4.500000e+01 -3.977148e+01
      vertex   -2.546703e+02 4.500000e+01 -4.200000e+01
      vertex   -2.548885e+02 4.500000e+01 -3.977148e+01
    endloop
  endfacet
  facet normal 0.000000e+00 1.000000e+00 3.936036e-14
    outer loop
      vertex   -2.548477e+02 4.500000e+01 -3.977148e+01
      vertex   -2.548885e+02 4.500000e+01 -3.977148e+01
      vertex   -2.574000e+02 4.500000e+01 -3.959095e+01
    endloop
  endfacet
  facet normal -4.394330e-14 1.000000e+00 2.852199e-13
    outer loop
      vertex   -2.546683e+02 4.500000e+01 -4.202461e+01
      vertex   -2.547060e+02 4.500000e+01 -4.203043e+01
      vertex   -2.546703e+02 4.500000e+01 -4.200000e+01
    endloop
  endfacet
  facet normal -2.052246e-14 1.000000e+00 2.576736e-13
    outer loop
      vertex   -2.546703e+02 4.500000e+01 -4.200000e+01
      vertex   -2.547060e+02 4.500000e+01 -4.203043e+01
      vertex   -2.571900e+02 4.500000e+01 -4.222826e+01
    endloop
  endfacet
  facet normal 3.367729e-15 1.000000e+00 -6.046984e-15
    outer loop
      vertex   -2.546703e+02 4.500000e+01 -4.200000e+01
      vertex   -2.571900e+02 4.500000e+01 -4.222826e+01
      vertex   -2.548885e+02 4.500000e+01 -3.977148e+01
    endloop
  endfacet
  facet normal 0.000000e+00 1.000000e+00 -2.892169e-15
    outer loop
      vertex   -2.548885e+02 4.500000e+01 -3.977148e+01
      vertex   -2.571900e+02 4.500000e+01 -4.222826e+01
      vertex   -2.573856e+02 4.500000e+01 -3.977148e+01
    endloop
  endfacet
  facet normal -0.000000e+00 1.000000e+00 0.000000e+00
    outer loop
      vertex   -2.632637e+02 4.500000e+01 3.405810e+01
      vertex   -2.608675e+02 4.500000e+01 3.424895e+01
      vertex   -2.574000e+02 4.500000e+01 -3.959095e+01
    endloop
  endfacet
  facet normal 5.633177e-14 1.000000e+00 2.645369e-15
    outer loop
      vertex   -2.574000e+02 4.500000e+01 -3.959095e+01
      vertex   -2.608675e+02 4.500000e+01 3.424895e+01
      vertex   -2.607418e+02 4.500000e+01 3.425879e+01
    endloop
  endfacet
  facet normal -2.786091e-15 1.000000e+00 -2.986295e-17
    outer loop
      vertex   -2.574000e+02 4.500000e+01 -3.959095e+01
      vertex   -2.607418e+02 4.500000e+01 3.425879e+01
      vertex   -2.548477e+02 4.500000e+01 -3.977148e+01
    endloop
  endfacet
  facet normal 0.000000e+00 8.974553e-01 -4.411054e-01
    outer loop
      vertex   -1.443687e+02 5.185605e+01 -3.505174e+01
      vertex   -1.390000e+02 5.185605e+01 -3.505174e+01
      vertex   -1.443687e+02 4.808724e+01 -4.271960e+01
    endloop
  endfacet
  facet normal 0.000000e+00 8.974553e-01 -4.411054e-01
    outer loop
      vertex   -1.443687e+02 4.808724e+01 -4.271960e+01
      vertex   -1.390000e+02 5.185605e+01 -3.505174e+01
      vertex   -1.390000e+02 4.808724e+01 -4.271960e+01
    endloop
  endfacet
  facet normal -1.000000e+00 0.000000e+00 0.000000e+00
    outer loop
      vertex   -1.390000e+02 5.185605e+01 -3.505174e+01
      vertex   -1.390000e+02 5.181134e+01 -3.920628e+01
      vertex   -1.390000e+02 4.808724e+01 -4.271960e+01
    endloop
  endfacet
  facet normal -1.000000e+00 0.000000e+00 0.000000e+00
    outer loop
      vertex   -1.390000e+02 4.808724e+01 -4.271960e+01
      vertex   -1.390000e+02 5.181134e+01 -3.920628e+01
      vertex   -1.390000e+02 5.176193e+01 -3.958157e+01
    endloop
  endfacet
  facet normal -1.000000e+00 0.000000e+00 0.000000e+00
    outer loop
      vertex   -1.390000e+02 4.808724e+01 -4.271960e+01
      vertex   -1.390000e+02 5.176193e+01 -3.958157e+01
      vertex   -1.390000e+02 5.181134e+01 -3.995685e+01
    endloop
  endfacet
  facet normal -1.000000e+00 -0.000000e+00 0.000000e+00
    outer loop
      vertex   -1.390000e+02 5.559449e+01 -3.688920e+01
      vertex   -1.390000e+02 5.321193e+01 -3.813157e+01
      vertex   -1.390000e+02 5.185605e+01 -3.505174e+01
    endloop
  endfacet
  facet normal -1.000000e+00 0.000000e+00 0.000000e+00
    outer loop
      vertex   -1.390000e+02 5.185605e+01 -3.505174e+01
      vertex   -1.390000e+02 5.321193e+01 -3.813157e+01
      vertex   -1.390000e+02 5.283665e+01 -3.818097e+01
    endloop
  endfacet
  facet normal -1.000000e+00 0.000000e+00 0.000000e+00
    outer loop
      vertex   -1.390000e+02 5.185605e+01 -3.505174e+01
      vertex   -1.390000e+02 5.283665e+01 -3.818097e+01
      vertex   -1.390000e+02 5.248693e+01 -3.832583e+01
    endloop
  endfacet
  facet normal -1.000000e+00 -0.000000e+00 0.000000e+00
    outer loop
      vertex   -1.390000e+02 5.624623e+01 -3.732344e+01
      vertex   -1.390000e+02 5.446767e+01 -3.885657e+01
      vertex   -1.390000e+02 5.559449e+01 -3.688920e+01
    endloop
  endfacet
  facet normal -1.000000e+00 0.000000e+00 0.000000e+00
    outer loop
      vertex   -1.390000e+02 5.559449e+01 -3.688920e+01
      vertex   -1.390000e+02 5.446767e+01 -3.885657e+01
      vertex   -1.390000e+02 5.423724e+01 -3.855626e+01
    endloop
  endfacet
  facet normal -1.000000e+00 0.000000e+00 0.000000e+00
    outer loop
      vertex   -1.390000e+02 5.559449e+01 -3.688920e+01
      vertex   -1.390000e+02 5.423724e+01 -3.855626e+01
      vertex   -1.390000e+02 5.393693e+01 -3.832583e+01
    endloop
  endfacet
  facet normal -1.000000e+00 0.000000e+00 0.000000e+00
    outer loop
      vertex   -1.390000e+02 5.446767e+01 -3.885657e+01
      vertex   -1.390000e+02 5.624623e+01 -3.732344e+01
      vertex   -1.390000e+02 5.461253e+01 -3.920628e+01
    endloop
  endfacet
  facet normal -1.000000e+00 0.000000e+00 0.000000e+00
    outer loop
      vertex   -1.390000e+02 5.461253e+01 -3.920628e+01
      vertex   -1.390000e+02 5.624623e+01 -3.732344e+01
      vertex   -1.390000e+02 5.676338e+01 -3.791157e+01
    endloop
  endfacet
  facet normal -1.000000e+00 0.000000e+00 0.000000e+00
    outer loop
      vertex   -1.390000e+02 5.461253e+01 -3.920628e+01
      vertex   -1.390000e+02 5.676338e+01 -3.791157e+01
      vertex   -1.390000e+02 5.466193e+01 -3.958157e+01
    endloop
  endfacet
  facet normal -1.000000e+00 0.000000e+00 0.000000e+00
    outer loop
      vertex   -1.390000e+02 5.466193e+01 -3.958157e+01
      vertex   -1.390000e+02 5.676338e+01 -3.791157e+01
      vertex   -1.390000e+02 5.711069e+01 -3.861350e+01
    endloop
  endfacet
  facet normal -1.000000e+00 0.000000e+00 0.000000e+00
    outer loop
      vertex   -1.390000e+02 5.466193e+01 -3.958157e+01
      vertex   -1.390000e+02 5.711069e+01 -3.861350e+01
      vertex   -1.390000e+02 5.726449e+01 -3.938141e+01
    endloop
  endfacet
  facet normal -1.000000e+00 0.000000e+00 -0.000000e+00
    outer loop
      vertex   -1.390000e+02 5.466193e+01 -3.958157e+01
      vertex   -1.390000e+02 5.726449e+01 -3.938141e+01
      vertex   -1.390000e+02 5.461253e+01 -3.995685e+01
    endloop
  endfacet
  facet normal -1.000000e+00 0.000000e+00 0.000000e+00
    outer loop
      vertex   -1.390000e+02 5.461253e+01 -3.995685e+01
      vertex   -1.390000e+02 5.726449e+01 -3.938141e+01
      vertex   -1.390000e+02 5.721430e+01 -4.016296e+01
    endloop
  endfacet
  facet normal -1.000000e+00 0.000000e+00 0.000000e+00
    outer loop
      vertex   -1.390000e+02 5.461253e+01 -3.995685e+01
      vertex   -1.390000e+02 5.721430e+01 -4.016296e+01
      vertex   -1.390000e+02 5.696354e+01 -4.090488e+01
    endloop
  endfacet
  facet normal -1.000000e+00 0.000000e+00 -0.000000e+00
    outer loop
      vertex   -1.390000e+02 5.461253e+01 -3.995685e+01
      vertex   -1.390000e+02 5.696354e+01 -4.090488e+01
      vertex   -1.390000e+02 5.446767e+01 -4.030657e+01
    endloop
  endfacet
  facet normal -1.000000e+00 0.000000e+00 0.000000e+00
    outer loop
      vertex   -1.390000e+02 5.446767e+01 -4.030657e+01
      vertex   -1.390000e+02 5.696354e+01 -4.090488e+01
      vertex   -1.390000e+02 5.640774e+01 -4.203568e+01
    endloop
  endfacet
  facet normal -1.000000e+00 0.000000e+00 -0.000000e+00
    outer loop
      vertex   -1.390000e+02 5.446767e+01 -4.030657e+01
      vertex   -1.390000e+02 5.640774e+01 -4.203568e+01
      vertex   -1.390000e+02 5.423724e+01 -4.060687e+01
    endloop
  endfacet
  facet normal -1.000000e+00 0.000000e+00 0.000000e+00
    outer loop
      vertex   -1.390000e+02 5.423724e+01 -4.060687e+01
      vertex   -1.390000e+02 5.640774e+01 -4.203568e+01
      vertex   -1.390000e+02 5.597350e+01 -4.268742e+01
    endloop
  endfacet
  facet normal -1.000000e+00 0.000000e+00 0.000000e+00
    outer loop
      vertex   -1.390000e+02 5.423724e+01 -4.060687e+01
      vertex   -1.390000e+02 5.597350e+01 -4.268742e+01
      vertex   -1.390000e+02 5.538538e+01 -4.320457e+01
    endloop
  endfacet
  facet normal -1.000000e+00 0.000000e+00 -0.000000e+00
    outer loop
      vertex   -1.390000e+02 5.423724e+01 -4.060687e+01
      vertex   -1.390000e+02 5.538538e+01 -4.320457e+01
      vertex   -1.390000e+02 5.393693e+01 -4.083730e+01
    endloop
  endfacet
  facet normal -1.000000e+00 0.000000e+00 0.000000e+00
    outer loop
      vertex   -1.390000e+02 5.393693e+01 -4.083730e+01
      vertex   -1.390000e+02 5.538538e+01 -4.320457e+01
      vertex   -1.390000e+02 5.468344e+01 -4.355188e+01
    endloop
  endfacet
  facet normal -1.000000e+00 0.000000e+00 -0.000000e+00
    outer loop
      vertex   -1.390000e+02 5.393693e+01 -4.083730e+01
      vertex   -1.390000e+02 5.468344e+01 -4.355188e+01
      vertex   -1.390000e+02 5.391553e+01 -4.370568e+01
    endloop
  endfacet
  facet normal -1.000000e+00 0.000000e+00 0.000000e+00
    outer loop
      vertex   -1.390000e+02 5.393693e+01 -4.083730e+01
      vertex   -1.390000e+02 5.391553e+01 -4.370568e+01
      vertex   -1.390000e+02 5.358722e+01 -4.098216e+01
    endloop
  endfacet
  facet normal -1.000000e+00 0.000000e+00 -0.000000e+00
    outer loop
      vertex   -1.390000e+02 5.358722e+01 -4.098216e+01
      vertex   -1.390000e+02 5.391553e+01 -4.370568e+01
      vertex   -1.390000e+02 5.313399e+01 -4.365549e+01
    endloop
  endfacet
  facet normal -1.000000e+00 0.000000e+00 0.000000e+00
    outer loop
      vertex   -1.390000e+02 5.358722e+01 -4.098216e+01
      vertex   -1.390000e+02 5.313399e+01 -4.365549e+01
      vertex   -1.390000e+02 5.321193e+01 -4.103157e+01
    endloop
  endfacet
  facet normal -1.000000e+00 0.000000e+00 0.000000e+00
    outer loop
      vertex   -1.390000e+02 5.321193e+01 -4.103157e+01
      vertex   -1.390000e+02 5.313399e+01 -4.365549e+01
      vertex   -1.390000e+02 5.239206e+01 -4.340473e+01
    endloop
  endfacet
  facet normal -1.000000e+00 -0.000000e+00 0.000000e+00
    outer loop
      vertex   -1.390000e+02 5.321193e+01 -4.103157e+01
      vertex   -1.390000e+02 5.239206e+01 -4.340473e+01
      vertex   -1.390000e+02 5.283665e+01 -4.098216e+01
    endloop
  endfacet
  facet normal -1.000000e+00 -0.000000e+00 0.000000e+00
    outer loop
      vertex   -1.390000e+02 5.283665e+01 -4.098216e+01
      vertex   -1.390000e+02 5.239206e+01 -4.340473e+01
      vertex   -1.390000e+02 5.248693e+01 -4.083730e+01
    endloop
  endfacet
  facet normal -1.000000e+00 -0.000000e+00 0.000000e+00
    outer loop
      vertex   -1.390000e+02 5.248693e+01 -4.083730e+01
      vertex   -1.390000e+02 5.239206e+01 -4.340473e+01
      vertex   -1.390000e+02 5.218663e+01 -4.060687e+01
    endloop
  endfacet
  facet normal -1.000000e+00 0.000000e+00 -0.000000e+00
    outer loop
      vertex   -1.390000e+02 5.218663e+01 -4.060687e+01
      vertex   -1.390000e+02 5.239206e+01 -4.340473e+01
      vertex   -1.390000e+02 4.808724e+01 -4.271960e+01
    endloop
  endfacet
  facet normal -1.000000e+00 -0.000000e+00 0.000000e+00
    outer loop
      vertex   -1.390000e+02 5.218663e+01 -4.060687e+01
      vertex   -1.390000e+02 4.808724e+01 -4.271960e+01
      vertex   -1.390000e+02 5.195620e+01 -4.030657e+01
    endloop
  endfacet
  facet normal -1.000000e+00 -0.000000e+00 0.000000e+00
    outer loop
      vertex   -1.390000e+02 5.195620e+01 -4.030657e+01
      vertex   -1.390000e+02 4.808724e+01 -4.271960e+01
      vertex   -1.390000e+02 5.181134e+01 -3.995685e+01
    endloop
  endfacet
  facet normal -1.000000e+00 -0.000000e+00 0.000000e+00
    outer loop
      vertex   -1.390000e+02 5.248693e+01 -3.832583e+01
      vertex   -1.390000e+02 5.218663e+01 -3.855626e+01
      vertex   -1.390000e+02 5.185605e+01 -3.505174e+01
    endloop
  endfacet
  facet normal -1.000000e+00 0.000000e+00 0.000000e+00
    outer loop
      vertex   -1.390000e+02 5.185605e+01 -3.505174e+01
      vertex   -1.390000e+02 5.218663e+01 -3.855626e+01
      vertex   -1.390000e+02 5.195620e+01 -3.885657e+01
    endloop
  endfacet
  facet normal -1.000000e+00 0.000000e+00 -0.000000e+00
    outer loop
      vertex   -1.390000e+02 5.185605e+01 -3.505174e+01
      vertex   -1.390000e+02 5.195620e+01 -3.885657e+01
      vertex   -1.390000e+02 5.181134e+01 -3.920628e+01
    endloop
  endfacet
  facet normal -1.000000e+00 0.000000e+00 0.000000e+00
    outer loop
      vertex   -1.390000e+02 5.393693e+01 -3.832583e+01
      vertex   -1.390000e+02 5.358722e+01 -3.818097e+01
      vertex   -1.390000e+02 5.559449e+01 -3.688920e+01
    endloop
  endfacet
  facet normal -1.000000e+00 0.000000e+00 0.000000e+00
    outer loop
      vertex   -1.390000e+02 5.559449e+01 -3.688920e+01
      vertex   -1.390000e+02 5.358722e+01 -3.818097e+01
      vertex   -1.390000e+02 5.321193e+01 -3.813157e+01
    endloop
  endfacet
  facet normal 1.000000e+00 0.000000e+00 -0.000000e+00
    outer loop
      vertex   -1.443687e+02 5.313399e+01 -4.365549e+01
      vertex   -1.443687e+02 5.321193e+01 -4.103157e+01
      vertex   -1.443687e+02 5.239206e+01 -4.340473e+01
    endloop
  endfacet
  facet normal 1.000000e+00 0.000000e+00 0.000000e+00
    outer loop
      vertex   -1.443687e+02 5.239206e+01 -4.340473e+01
      vertex   -1.443687e+02 5.321193e+01 -4.103157e+01
      vertex   -1.443687e+02 5.283665e+01 -4.098216e+01
    endloop
  endfacet
  facet normal 1.000000e+00 0.000000e+00 0.000000e+00
    outer loop
      vertex   -1.443687e+02 5.239206e+01 -4.340473e+01
      vertex   -1.443687e+02 5.283665e+01 -4.098216e+01
      vertex   -1.443687e+02 5.248693e+01 -4.083730e+01
    endloop
  endfacet
  facet normal 1.000000e+00 -0.000000e+00 0.000000e+00
    outer loop
      vertex   -1.443687e+02 5.321193e+01 -4.103157e+01
      vertex   -1.443687e+02 5.313399e+01 -4.365549e+01
      vertex   -1.443687e+02 5.358722e+01 -4.098216e+01
    endloop
  endfacet
  facet normal 1.000000e+00 0.000000e+00 0.000000e+00
    outer loop
      vertex   -1.443687e+02 5.358722e+01 -4.098216e+01
      vertex   -1.443687e+02 5.313399e+01 -4.365549e+01
      vertex   -1.443687e+02 5.391553e+01 -4.370568e+01
    endloop
  endfacet
  facet normal 1.000000e+00 -0.000000e+00 0.000000e+00
    outer loop
      vertex   -1.443687e+02 5.358722e+01 -4.098216e+01
      vertex   -1.443687e+02 5.391553e+01 -4.370568e+01
      vertex   -1.443687e+02 5.393693e+01 -4.083730e+01
    endloop
  endfacet
  facet normal 1.000000e+00 0.000000e+00 0.000000e+00
    outer loop
      vertex   -1.443687e+02 5.393693e+01 -4.083730e+01
      vertex   -1.443687e+02 5.391553e+01 -4.370568e+01
      vertex   -1.443687e+02 5.468344e+01 -4.355188e+01
    endloop
  endfacet
  facet normal 1.000000e+00 0.000000e+00 0.000000e+00
    outer loop
      vertex   -1.443687e+02 5.393693e+01 -4.083730e+01
      vertex   -1.443687e+02 5.468344e+01 -4.355188e+01
      vertex   -1.443687e+02 5.538538e+01 -4.320457e+01
    endloop
  endfacet
  facet normal 1.000000e+00 -0.000000e+00 0.000000e+00
    outer loop
      vertex   -1.443687e+02 5.393693e+01 -4.083730e+01
      vertex   -1.443687e+02 5.538538e+01 -4.320457e+01
      vertex   -1.443687e+02 5.423724e+01 -4.060687e+01
    endloop
  endfacet
  facet normal 1.000000e+00 0.000000e+00 0.000000e+00
    outer loop
      vertex   -1.443687e+02 5.423724e+01 -4.060687e+01
      vertex   -1.443687e+02 5.538538e+01 -4.320457e+01
      vertex   -1.443687e+02 5.597350e+01 -4.268742e+01
    endloop
  endfacet
  facet normal 1.000000e+00 0.000000e+00 0.000000e+00
    outer loop
      vertex   -1.443687e+02 5.423724e+01 -4.060687e+01
      vertex   -1.443687e+02 5.597350e+01 -4.268742e+01
      vertex   -1.443687e+02 5.640774e+01 -4.203568e+01
    endloop
  endfacet
  facet normal 1.000000e+00 -0.000000e+00 0.000000e+00
    outer loop
      vertex   -1.443687e+02 5.423724e+01 -4.060687e+01
      vertex   -1.443687e+02 5.640774e+01 -4.203568e+01
      vertex   -1.443687e+02 5.446767e+01 -4.030657e+01
    endloop
  endfacet
  facet normal 1.000000e+00 0.000000e+00 0.000000e+00
    outer loop
      vertex   -1.443687e+02 5.446767e+01 -4.030657e+01
      vertex   -1.443687e+02 5.640774e+01 -4.203568e+01
      vertex   -1.443687e+02 5.696354e+01 -4.090488e+01
    endloop
  endfacet
  facet normal 1.000000e+00 -0.000000e+00 0.000000e+00
    outer loop
      vertex   -1.443687e+02 5.446767e+01 -4.030657e+01
      vertex   -1.443687e+02 5.696354e+01 -4.090488e+01
      vertex   -1.443687e+02 5.461253e+01 -3.995685e+01
    endloop
  endfacet
  facet normal 1.000000e+00 0.000000e+00 0.000000e+00
    outer loop
      vertex   -1.443687e+02 5.461253e+01 -3.995685e+01
      vertex   -1.443687e+02 5.696354e+01 -4.090488e+01
      vertex   -1.443687e+02 5.721430e+01 -4.016296e+01
    endloop
  endfacet
  facet normal 1.000000e+00 -0.000000e+00 0.000000e+00
    outer loop
      vertex   -1.443687e+02 5.461253e+01 -3.995685e+01
      vertex   -1.443687e+02 5.721430e+01 -4.016296e+01
      vertex   -1.443687e+02 5.726449e+01 -3.938141e+01
    endloop
  endfacet
  facet normal 1.000000e+00 0.000000e+00 0.000000e+00
    outer loop
      vertex   -1.443687e+02 5.461253e+01 -3.995685e+01
      vertex   -1.443687e+02 5.726449e+01 -3.938141e+01
      vertex   -1.443687e+02 5.466193e+01 -3.958157e+01
    endloop
  endfacet
  facet normal 1.000000e+00 0.000000e+00 0.000000e+00
    outer loop
      vertex   -1.443687e+02 5.466193e+01 -3.958157e+01
      vertex   -1.443687e+02 5.726449e+01 -3.938141e+01
      vertex   -1.443687e+02 5.711069e+01 -3.861350e+01
    endloop
  endfacet
  facet normal 1.000000e+00 0.000000e+00 0.000000e+00
    outer loop
      vertex   -1.443687e+02 5.466193e+01 -3.958157e+01
      vertex   -1.443687e+02 5.711069e+01 -3.861350e+01
      vertex   -1.443687e+02 5.676338e+01 -3.791157e+01
    endloop
  endfacet
  facet normal 1.000000e+00 0.000000e+00 -0.000000e+00
    outer loop
      vertex   -1.443687e+02 5.466193e+01 -3.958157e+01
      vertex   -1.443687e+02 5.676338e+01 -3.791157e+01
      vertex   -1.443687e+02 5.461253e+01 -3.920628e+01
    endloop
  endfacet
  facet normal 1.000000e+00 0.000000e+00 0.000000e+00
    outer loop
      vertex   -1.443687e+02 5.461253e+01 -3.920628e+01
      vertex   -1.443687e+02 5.676338e+01 -3.791157e+01
      vertex   -1.443687e+02 5.624623e+01 -3.732344e+01
    endloop
  endfacet
  facet normal 1.000000e+00 0.000000e+00 -0.000000e+00
    outer loop
      vertex   -1.443687e+02 5.461253e+01 -3.920628e+01
      vertex   -1.443687e+02 5.624623e+01 -3.732344e+01
      vertex   -1.443687e+02 5.446767e+01 -3.885657e+01
    endloop
  endfacet
  facet normal 1.000000e+00 0.000000e+00 0.000000e+00
    outer loop
      vertex   -1.443687e+02 5.446767e+01 -3.885657e+01
      vertex   -1.443687e+02 5.624623e+01 -3.732344e+01
      vertex   -1.443687e+02 5.559449e+01 -3.688920e+01
    endloop
  endfacet
  facet normal 1.000000e+00 0.000000e+00 -0.000000e+00
    outer loop
      vertex   -1.443687e+02 5.446767e+01 -3.885657e+01
      vertex   -1.443687e+02 5.559449e+01 -3.688920e+01
      vertex   -1.443687e+02 5.423724e+01 -3.855626e+01
    endloop
  endfacet
  facet normal 1.000000e+00 0.000000e+00 -0.000000e+00
    outer loop
      vertex   -1.443687e+02 5.423724e+01 -3.855626e+01
      vertex   -1.443687e+02 5.559449e+01 -3.688920e+01
      vertex   -1.443687e+02 5.393693e+01 -3.832583e+01
    endloop
  endfacet
  facet normal 1.000000e+00 0.000000e+00 -0.000000e+00
    outer loop
      vertex   -1.443687e+02 5.393693e+01 -3.832583e+01
      vertex   -1.443687e+02 5.559449e+01 -3.688920e+01
      vertex   -1.443687e+02 5.358722e+01 -3.818097e+01
    endloop
  endfacet
  facet normal 1.000000e+00 0.000000e+00 -0.000000e+00
    outer loop
      vertex   -1.443687e+02 5.358722e+01 -3.818097e+01
      vertex   -1.443687e+02 5.559449e+01 -3.688920e+01
      vertex   -1.443687e+02 5.321193e+01 -3.813157e+01
    endloop
  endfacet
  facet normal 1.000000e+00 0.000000e+00 -0.000000e+00
    outer loop
      vertex   -1.443687e+02 5.321193e+01 -3.813157e+01
      vertex   -1.443687e+02 5.559449e+01 -3.688920e+01
      vertex   -1.443687e+02 5.185605e+01 -3.505174e+01
    endloop
  endfacet
  facet normal 1.000000e+00 0.000000e+00 0.000000e+00
    outer loop
      vertex   -1.443687e+02 5.321193e+01 -3.813157e+01
      vertex   -1.443687e+02 5.185605e+01 -3.505174e+01
      vertex   -1.443687e+02 5.283665e+01 -3.818097e+01
    endloop
  endfacet
  facet normal 1.000000e+00 0.000000e+00 0.000000e+00
    outer loop
      vertex   -1.443687e+02 5.283665e+01 -3.818097e+01
      vertex   -1.443687e+02 5.185605e+01 -3.505174e+01
      vertex   -1.443687e+02 5.248693e+01 -3.832583e+01
    endloop
  endfacet
  facet normal 1.000000e+00 0.000000e+00 0.000000e+00
    outer loop
      vertex   -1.443687e+02 5.248693e+01 -3.832583e+01
      vertex   -1.443687e+02 5.185605e+01 -3.505174e+01
      vertex   -1.443687e+02 5.218663e+01 -3.855626e+01
    endloop
  endfacet
  facet normal 1.000000e+00 0.000000e+00 0.000000e+00
    outer loop
      vertex   -1.443687e+02 5.218663e+01 -3.855626e+01
      vertex   -1.443687e+02 5.185605e+01 -3.505174e+01
      vertex   -1.443687e+02 5.195620e+01 -3.885657e+01
    endloop
  endfacet
  facet normal 1.000000e+00 0.000000e+00 0.000000e+00
    outer loop
      vertex   -1.443687e+02 5.195620e+01 -3.885657e+01
      vertex   -1.443687e+02 5.185605e+01 -3.505174e+01
      vertex   -1.443687e+02 5.181134e+01 -3.920628e+01
    endloop
  endfacet
  facet normal 1.000000e+00 0.000000e+00 -0.000000e+00
    outer loop
      vertex   -1.443687e+02 5.181134e+01 -3.920628e+01
      vertex   -1.443687e+02 5.185605e+01 -3.505174e+01
      vertex   -1.443687e+02 4.808724e+01 -4.271960e+01
    endloop
  endfacet
  facet normal 1.000000e+00 0.000000e+00 0.000000e+00
    outer loop
      vertex   -1.443687e+02 5.181134e+01 -3.920628e+01
      vertex   -1.443687e+02 4.808724e+01 -4.271960e+01
      vertex   -1.443687e+02 5.176193e+01 -3.958157e+01
    endloop
  endfacet
  facet normal 1.000000e+00 0.000000e+00 0.000000e+00
    outer loop
      vertex   -1.443687e+02 5.176193e+01 -3.958157e+01
      vertex   -1.443687e+02 4.808724e+01 -4.271960e+01
      vertex   -1.443687e+02 5.181134e+01 -3.995685e+01
    endloop
  endfacet
  facet normal 1.000000e+00 0.000000e+00 0.000000e+00
    outer loop
      vertex   -1.443687e+02 5.181134e+01 -3.995685e+01
      vertex   -1.443687e+02 4.808724e+01 -4.271960e+01
      vertex   -1.443687e+02 5.195620e+01 -4.030657e+01
    endloop
  endfacet
  facet normal 1.000000e+00 0.000000e+00 0.000000e+00
    outer loop
      vertex   -1.443687e+02 5.195620e+01 -4.030657e+01
      vertex   -1.443687e+02 4.808724e+01 -4.271960e+01
      vertex   -1.443687e+02 5.218663e+01 -4.060687e+01
    endloop
  endfacet
  facet normal 1.000000e+00 0.000000e+00 0.000000e+00
    outer loop
      vertex   -1.443687e+02 5.218663e+01 -4.060687e+01
      vertex   -1.443687e+02 4.808724e+01 -4.271960e+01
      vertex   -1.443687e+02 5.239206e+01 -4.340473e+01
    endloop
  endfacet
  facet normal 1.000000e+00 0.000000e+00 0.000000e+00
    outer loop
      vertex   -1.443687e+02 5.218663e+01 -4.060687e+01
      vertex   -1.443687e+02 5.239206e+01 -4.340473e+01
      vertex   -1.443687e+02 5.248693e+01 -4.083730e+01
    endloop
  endfacet
  facet normal -0.000000e+00 -3.201903e-01 -9.473532e-01
    outer loop
      vertex   -1.319295e+02 5.239206e+01 -4.340473e+01
      vertex   -1.390000e+02 5.239206e+01 -4.340473e+01
      vertex   -1.319295e+02 5.313399e+01 -4.365549e+01
    endloop
  endfacet
  facet normal -0.000000e+00 -3.201903e-01 -9.473532e-01
    outer loop
      vertex   -1.319295e+02 5.313399e+01 -4.365549e+01
      vertex   -1.390000e+02 5.239206e+01 -4.340473e+01
      vertex   -1.390000e+02 5.313399e+01 -4.365549e+01
    endloop
  endfacet
  facet normal -0.000000e+00 -6.408703e-02 -9.979443e-01
    outer loop
      vertex   -1.319295e+02 5.313399e+01 -4.365549e+01
      vertex   -1.390000e+02 5.313399e+01 -4.365549e+01
      vertex   -1.319295e+02 5.391553e+01 -4.370568e+01
    endloop
  endfacet
  facet normal -0.000000e+00 -6.408703e-02 -9.979443e-01
    outer loop
      vertex   -1.319295e+02 5.391553e+01 -4.370568e+01
      vertex   -1.390000e+02 5.313399e+01 -4.365549e+01
      vertex   -1.390000e+02 5.391553e+01 -4.370568e+01
    endloop
  endfacet
  facet normal 0.000000e+00 1.963837e-01 -9.805271e-01
    outer loop
      vertex   -1.319295e+02 5.391553e+01 -4.370568e+01
      vertex   -1.390000e+02 5.391553e+01 -4.370568e+01
      vertex   -1.319295e+02 5.468344e+01 -4.355188e+01
    endloop
  endfacet
  facet normal 0.000000e+00 1.963837e-01 -9.805271e-01
    outer loop
      vertex   -1.319295e+02 5.468344e+01 -4.355188e+01
      vertex   -1.390000e+02 5.391553e+01 -4.370568e+01
      vertex   -1.390000e+02 5.468344e+01 -4.355188e+01
    endloop
  endfacet
  facet normal 0.000000e+00 4.434712e-01 -8.962886e-01
    outer loop
      vertex   -1.319295e+02 5.468344e+01 -4.355188e+01
      vertex   -1.390000e+02 5.468344e+01 -4.355188e+01
      vertex   -1.319295e+02 5.538538e+01 -4.320457e+01
    endloop
  endfacet
  facet normal 0.000000e+00 4.434712e-01 -8.962886e-01
    outer loop
      vertex   -1.319295e+02 5.538538e+01 -4.320457e+01
      vertex   -1.390000e+02 5.468344e+01 -4.355188e+01
      vertex   -1.390000e+02 5.538538e+01 -4.320457e+01
    endloop
  endfacet
  facet normal 0.000000e+00 6.603368e-01 -7.509696e-01
    outer loop
      vertex   -1.319295e+02 5.538538e+01 -4.320457e+01
      vertex   -1.390000e+02 5.538538e+01 -4.320457e+01
      vertex   -1.319295e+02 5.597350e+01 -4.268742e+01
    endloop
  endfacet
  facet normal 0.000000e+00 6.603368e-01 -7.509696e-01
    outer loop
      vertex   -1.319295e+02 5.597350e+01 -4.268742e+01
      vertex   -1.390000e+02 5.538538e+01 -4.320457e+01
      vertex   -1.390000e+02 5.597350e+01 -4.268742e+01
    endloop
  endfacet
  facet normal 0.000000e+00 8.322016e-01 -5.544732e-01
    outer loop
      vertex   -1.319295e+02 5.597350e+01 -4.268742e+01
      vertex   -1.390000e+02 5.597350e+01 -4.268742e+01
      vertex   -1.319295e+02 5.640774e+01 -4.203568e+01
    endloop
  endfacet
  facet normal 0.000000e+00 8.322016e-01 -5.544732e-01
    outer loop
      vertex   -1.319295e+02 5.640774e+01 -4.203568e+01
      vertex   -1.390000e+02 5.597350e+01 -4.268742e+01
      vertex   -1.390000e+02 5.640774e+01 -4.203568e+01
    endloop
  endfacet
  facet normal 0.000000e+00 8.974553e-01 -4.411054e-01
    outer loop
      vertex   -1.390000e+02 5.640774e+01 -4.203568e+01
      vertex   -1.390000e+02 5.696354e+01 -4.090488e+01
      vertex   -1.319295e+02 5.640774e+01 -4.203568e+01
    endloop
  endfacet
  facet normal 0.000000e+00 8.974553e-01 -4.411054e-01
    outer loop
      vertex   -1.319295e+02 5.640774e+01 -4.203568e+01
      vertex   -1.390000e+02 5.696354e+01 -4.090488e+01
      vertex   -1.319295e+02 5.696354e+01 -4.090488e+01
    endloop
  endfacet
  facet normal 0.000000e+00 9.473532e-01 -3.201903e-01
    outer loop
      vertex   -1.319295e+02 5.696354e+01 -4.090488e+01
      vertex   -1.390000e+02 5.696354e+01 -4.090488e+01
      vertex   -1.319295e+02 5.721430e+01 -4.016296e+01
    endloop
  endfacet
  facet normal 0.000000e+00 9.473532e-01 -3.201903e-01
    outer loop
      vertex   -1.319295e+02 5.721430e+01 -4.016296e+01
      vertex   -1.390000e+02 5.696354e+01 -4.090488e+01
      vertex   -1.390000e+02 5.721430e+01 -4.016296e+01
    endloop
  endfacet
  facet normal 0.000000e+00 9.979443e-01 -6.408703e-02
    outer loop
      vertex   -1.319295e+02 5.721430e+01 -4.016296e+01
      vertex   -1.390000e+02 5.721430e+01 -4.016296e+01
      vertex   -1.319295e+02 5.726449e+01 -3.938141e+01
    endloop
  endfacet
  facet normal 0.000000e+00 9.979443e-01 -6.408703e-02
    outer loop
      vertex   -1.319295e+02 5.726449e+01 -3.938141e+01
      vertex   -1.390000e+02 5.721430e+01 -4.016296e+01
      vertex   -1.390000e+02 5.726449e+01 -3.938141e+01
    endloop
  endfacet
  facet normal 0.000000e+00 9.805271e-01 1.963837e-01
    outer loop
      vertex   -1.319295e+02 5.726449e+01 -3.938141e+01
      vertex   -1.390000e+02 5.726449e+01 -3.938141e+01
      vertex   -1.319295e+02 5.711069e+01 -3.861350e+01
    endloop
  endfacet
  facet normal 0.000000e+00 9.805271e-01 1.963837e-01
    outer loop
      vertex   -1.319295e+02 5.711069e+01 -3.861350e+01
      vertex   -1.390000e+02 5.726449e+01 -3.938141e+01
      vertex   -1.390000e+02 5.711069e+01 -3.861350e+01
    endloop
  endfacet
  facet normal 0.000000e+00 8.962886e-01 4.434712e-01
    outer loop
      vertex   -1.319295e+02 5.711069e+01 -3.861350e+01
      vertex   -1.390000e+02 5.711069e+01 -3.861350e+01
      vertex   -1.319295e+02 5.676338e+01 -3.791157e+01
    endloop
  endfacet
  facet normal 0.000000e+00 8.962886e-01 4.434712e-01
    outer loop
      vertex   -1.319295e+02 5.676338e+01 -3.791157e+01
      vertex   -1.390000e+02 5.711069e+01 -3.861350e+01
      vertex   -1.390000e+02 5.676338e+01 -3.791157e+01
    endloop
  endfacet
  facet normal 0.000000e+00 7.509696e-01 6.603368e-01
    outer loop
      vertex   -1.319295e+02 5.676338e+01 -3.791157e+01
      vertex   -1.390000e+02 5.676338e+01 -3.791157e+01
      vertex   -1.319295e+02 5.624623e+01 -3.732344e+01
    endloop
  endfacet
  facet normal 0.000000e+00 7.509696e-01 6.603368e-01
    outer loop
      vertex   -1.319295e+02 5.624623e+01 -3.732344e+01
      vertex   -1.390000e+02 5.676338e+01 -3.791157e+01
      vertex   -1.390000e+02 5.624623e+01 -3.732344e+01
    endloop
  endfacet
  facet normal 0.000000e+00 5.544732e-01 8.322016e-01
    outer loop
      vertex   -1.319295e+02 5.624623e+01 -3.732344e+01
      vertex   -1.390000e+02 5.624623e+01 -3.732344e+01
      vertex   -1.319295e+02 5.559449e+01 -3.688920e+01
    endloop
  endfacet
  facet normal 0.000000e+00 5.544732e-01 8.322016e-01
    outer loop
      vertex   -1.319295e+02 5.559449e+01 -3.688920e+01
      vertex   -1.390000e+02 5.624623e+01 -3.732344e+01
      vertex   -1.390000e+02 5.559449e+01 -3.688920e+01
    endloop
  endfacet
  facet normal 0.000000e+00 1.305262e-01 -9.914449e-01
    outer loop
      vertex   -1.319295e+02 5.283665e+01 -3.818097e+01
      vertex   -1.390000e+02 5.283665e+01 -3.818097e+01
      vertex   -1.319295e+02 5.321193e+01 -3.813157e+01
    endloop
  endfacet
  facet normal 0.000000e+00 1.305262e-01 -9.914449e-01
    outer loop
      vertex   -1.319295e+02 5.321193e+01 -3.813157e+01
      vertex   -1.390000e+02 5.283665e+01 -3.818097e+01
      vertex   -1.390000e+02 5.321193e+01 -3.813157e+01
    endloop
  endfacet
  facet normal -0.000000e+00 -1.305262e-01 -9.914449e-01
    outer loop
      vertex   -1.319295e+02 5.321193e+01 -3.813157e+01
      vertex   -1.390000e+02 5.321193e+01 -3.813157e+01
      vertex   -1.319295e+02 5.358722e+01 -3.818097e+01
    endloop
  endfacet
  facet normal -0.000000e+00 -1.305262e-01 -9.914449e-01
    outer loop
      vertex   -1.319295e+02 5.358722e+01 -3.818097e+01
      vertex   -1.390000e+02 5.321193e+01 -3.813157e+01
      vertex   -1.390000e+02 5.358722e+01 -3.818097e+01
    endloop
  endfacet
  facet normal -0.000000e+00 -3.826834e-01 -9.238795e-01
    outer loop
      vertex   -1.319295e+02 5.358722e+01 -3.818097e+01
      vertex   -1.390000e+02 5.358722e+01 -3.818097e+01
      vertex   -1.319295e+02 5.393693e+01 -3.832583e+01
    endloop
  endfacet
  facet normal -0.000000e+00 -3.826834e-01 -9.238795e-01
    outer loop
      vertex   -1.319295e+02 5.393693e+01 -3.832583e+01
      vertex   -1.390000e+02 5.358722e+01 -3.818097e+01
      vertex   -1.390000e+02 5.393693e+01 -3.832583e+01
    endloop
  endfacet
  facet normal -0.000000e+00 -6.087614e-01 -7.933533e-01
    outer loop
      vertex   -1.319295e+02 5.393693e+01 -3.832583e+01
      vertex   -1.390000e+02 5.393693e+01 -3.832583e+01
      vertex   -1.319295e+02 5.423724e+01 -3.855626e+01
    endloop
  endfacet
  facet normal -0.000000e+00 -6.087614e-01 -7.933533e-01
    outer loop
      vertex   -1.319295e+02 5.423724e+01 -3.855626e+01
      vertex   -1.390000e+02 5.393693e+01 -3.832583e+01
      vertex   -1.390000e+02 5.423724e+01 -3.855626e+01
    endloop
  endfacet
  facet normal -0.000000e+00 -7.933533e-01 -6.087614e-01
    outer loop
      vertex   -1.319295e+02 5.423724e+01 -3.855626e+01
      vertex   -1.390000e+02 5.423724e+01 -3.855626e+01
      vertex   -1.319295e+02 5.446767e+01 -3.885657e+01
    endloop
  endfacet
  facet normal -0.000000e+00 -7.933533e-01 -6.087614e-01
    outer loop
      vertex   -1.319295e+02 5.446767e+01 -3.885657e+01
      vertex   -1.390000e+02 5.423724e+01 -3.855626e+01
      vertex   -1.390000e+02 5.446767e+01 -3.885657e+01
    endloop
  endfacet
  facet normal -0.000000e+00 -9.238795e-01 -3.826834e-01
    outer loop
      vertex   -1.319295e+02 5.446767e+01 -3.885657e+01
      vertex   -1.390000e+02 5.446767e+01 -3.885657e+01
      vertex   -1.319295e+02 5.461253e+01 -3.920628e+01
    endloop
  endfacet
  facet normal -0.000000e+00 -9.238795e-01 -3.826834e-01
    outer loop
      vertex   -1.319295e+02 5.461253e+01 -3.920628e+01
      vertex   -1.390000e+02 5.446767e+01 -3.885657e+01
      vertex   -1.390000e+02 5.461253e+01 -3.920628e+01
    endloop
  endfacet
  facet normal -0.000000e+00 -9.914449e-01 -1.305262e-01
    outer loop
      vertex   -1.319295e+02 5.461253e+01 -3.920628e+01
      vertex   -1.390000e+02 5.461253e+01 -3.920628e+01
      vertex   -1.319295e+02 5.466193e+01 -3.958157e+01
    endloop
  endfacet
  facet normal -0.000000e+00 -9.914449e-01 -1.305262e-01
    outer loop
      vertex   -1.319295e+02 5.466193e+01 -3.958157e+01
      vertex   -1.390000e+02 5.461253e+01 -3.920628e+01
      vertex   -1.390000e+02 5.466193e+01 -3.958157e+01
    endloop
  endfacet
  facet normal 0.000000e+00 -9.914449e-01 1.305262e-01
    outer loop
      vertex   -1.319295e+02 5.466193e+01 -3.958157e+01
      vertex   -1.390000e+02 5.466193e+01 -3.958157e+01
      vertex   -1.319295e+02 5.461253e+01 -3.995685e+01
    endloop
  endfacet
  facet normal 0.000000e+00 -9.914449e-01 1.305262e-01
    outer loop
      vertex   -1.319295e+02 5.461253e+01 -3.995685e+01
      vertex   -1.390000e+02 5.466193e+01 -3.958157e+01
      vertex   -1.390000e+02 5.461253e+01 -3.995685e+01
    endloop
  endfacet
  facet normal 0.000000e+00 -9.238795e-01 3.826834e-01
    outer loop
      vertex   -1.319295e+02 5.461253e+01 -3.995685e+01
      vertex   -1.390000e+02 5.461253e+01 -3.995685e+01
      vertex   -1.319295e+02 5.446767e+01 -4.030657e+01
    endloop
  endfacet
  facet normal 0.000000e+00 -9.238795e-01 3.826834e-01
    outer loop
      vertex   -1.319295e+02 5.446767e+01 -4.030657e+01
      vertex   -1.390000e+02 5.461253e+01 -3.995685e+01
      vertex   -1.390000e+02 5.446767e+01 -4.030657e+01
    endloop
  endfacet
  facet normal 0.000000e+00 -7.933533e-01 6.087614e-01
    outer loop
      vertex   -1.319295e+02 5.446767e+01 -4.030657e+01
      vertex   -1.390000e+02 5.446767e+01 -4.030657e+01
      vertex   -1.319295e+02 5.423724e+01 -4.060687e+01
    endloop
  endfacet
  facet normal 0.000000e+00 -7.933533e-01 6.087614e-01
    outer loop
      vertex   -1.319295e+02 5.423724e+01 -4.060687e+01
      vertex   -1.390000e+02 5.446767e+01 -4.030657e+01
      vertex   -1.390000e+02 5.423724e+01 -4.060687e+01
    endloop
  endfacet
  facet normal 0.000000e+00 -6.087614e-01 7.933533e-01
    outer loop
      vertex   -1.319295e+02 5.423724e+01 -4.060687e+01
      vertex   -1.390000e+02 5.423724e+01 -4.060687e+01
      vertex   -1.319295e+02 5.393693e+01 -4.083730e+01
    endloop
  endfacet
  facet normal 0.000000e+00 -6.087614e-01 7.933533e-01
    outer loop
      vertex   -1.319295e+02 5.393693e+01 -4.083730e+01
      vertex   -1.390000e+02 5.423724e+01 -4.060687e+01
      vertex   -1.390000e+02 5.393693e+01 -4.083730e+01
    endloop
  endfacet
  facet normal 0.000000e+00 -3.826834e-01 9.238795e-01
    outer loop
      vertex   -1.319295e+02 5.393693e+01 -4.083730e+01
      vertex   -1.390000e+02 5.393693e+01 -4.083730e+01
      vertex   -1.319295e+02 5.358722e+01 -4.098216e+01
    endloop
  endfacet
  facet normal 0.000000e+00 -3.826834e-01 9.238795e-01
    outer loop
      vertex   -1.319295e+02 5.358722e+01 -4.098216e+01
      vertex   -1.390000e+02 5.393693e+01 -4.083730e+01
      vertex   -1.390000e+02 5.358722e+01 -4.098216e+01
    endloop
  endfacet
  facet normal 0.000000e+00 -1.305262e-01 9.914449e-01
    outer loop
      vertex   -1.319295e+02 5.358722e+01 -4.098216e+01
      vertex   -1.390000e+02 5.358722e+01 -4.098216e+01
      vertex   -1.319295e+02 5.321193e+01 -4.103157e+01
    endloop
  endfacet
  facet normal 0.000000e+00 -1.305262e-01 9.914449e-01
    outer loop
      vertex   -1.319295e+02 5.321193e+01 -4.103157e+01
      vertex   -1.390000e+02 5.358722e+01 -4.098216e+01
      vertex   -1.390000e+02 5.321193e+01 -4.103157e+01
    endloop
  endfacet
  facet normal 0.000000e+00 1.305262e-01 9.914449e-01
    outer loop
      vertex   -1.319295e+02 5.321193e+01 -4.103157e+01
      vertex   -1.390000e+02 5.321193e+01 -4.103157e+01
      vertex   -1.319295e+02 5.283665e+01 -4.098216e+01
    endloop
  endfacet
  facet normal 0.000000e+00 1.305262e-01 9.914449e-01
    outer loop
      vertex   -1.319295e+02 5.283665e+01 -4.098216e+01
      vertex   -1.390000e+02 5.321193e+01 -4.103157e+01
      vertex   -1.390000e+02 5.283665e+01 -4.098216e+01
    endloop
  endfacet
  facet normal 0.000000e+00 3.826834e-01 9.238795e-01
    outer loop
      vertex   -1.319295e+02 5.283665e+01 -4.098216e+01
      vertex   -1.390000e+02 5.283665e+01 -4.098216e+01
      vertex   -1.319295e+02 5.248693e+01 -4.083730e+01
    endloop
  endfacet
  facet normal 0.000000e+00 3.826834e-01 9.238795e-01
    outer loop
      vertex   -1.319295e+02 5.248693e+01 -4.083730e+01
      vertex   -1.390000e+02 5.283665e+01 -4.098216e+01
      vertex   -1.390000e+02 5.248693e+01 -4.083730e+01
    endloop
  endfacet
  facet normal 0.000000e+00 6.087614e-01 7.933533e-01
    outer loop
      vertex   -1.319295e+02 5.248693e+01 -4.083730e+01
      vertex   -1.390000e+02 5.248693e+01 -4.083730e+01
      vertex   -1.319295e+02 5.218663e+01 -4.060687e+01
    endloop
  endfacet
  facet normal 0.000000e+00 6.087614e-01 7.933533e-01
    outer loop
      vertex   -1.319295e+02 5.218663e+01 -4.060687e+01
      vertex   -1.390000e+02 5.248693e+01 -4.083730e+01
      vertex   -1.390000e+02 5.218663e+01 -4.060687e+01
    endloop
  endfacet
  facet normal 0.000000e+00 7.933533e-01 6.087614e-01
    outer loop
      vertex   -1.319295e+02 5.218663e+01 -4.060687e+01
      vertex   -1.390000e+02 5.218663e+01 -4.060687e+01
      vertex   -1.319295e+02 5.195620e+01 -4.030657e+01
    endloop
  endfacet
  facet normal 0.000000e+00 7.933533e-01 6.087614e-01
    outer loop
      vertex   -1.319295e+02 5.195620e+01 -4.030657e+01
      vertex   -1.390000e+02 5.218663e+01 -4.060687e+01
      vertex   -1.390000e+02 5.195620e+01 -4.030657e+01
    endloop
  endfacet
  facet normal 0.000000e+00 9.238795e-01 3.826834e-01
    outer loop
      vertex   -1.319295e+02 5.195620e+01 -4.030657e+01
      vertex   -1.390000e+02 5.195620e+01 -4.030657e+01
      vertex   -1.319295e+02 5.181134e+01 -3.995685e+01
    endloop
  endfacet
  facet normal 0.000000e+00 9.238795e-01 3.826834e-01
    outer loop
      vertex   -1.319295e+02 5.181134e+01 -3.995685e+01
      vertex   -1.390000e+02 5.195620e+01 -4.030657e+01
      vertex   -1.390000e+02 5.181134e+01 -3.995685e+01
    endloop
  endfacet
  facet normal 0.000000e+00 9.914449e-01 1.305262e-01
    outer loop
      vertex   -1.319295e+02 5.181134e+01 -3.995685e+01
      vertex   -1.390000e+02 5.181134e+01 -3.995685e+01
      vertex   -1.319295e+02 5.176193e+01 -3.958157e+01
    endloop
  endfacet
  facet normal 0.000000e+00 9.914449e-01 1.305262e-01
    outer loop
      vertex   -1.319295e+02 5.176193e+01 -3.958157e+01
      vertex   -1.390000e+02 5.181134e+01 -3.995685e+01
      vertex   -1.390000e+02 5.176193e+01 -3.958157e+01
    endloop
  endfacet
  facet normal 0.000000e+00 9.914449e-01 -1.305262e-01
    outer loop
      vertex   -1.319295e+02 5.176193e+01 -3.958157e+01
      vertex   -1.390000e+02 5.176193e+01 -3.958157e+01
      vertex   -1.319295e+02 5.181134e+01 -3.920628e+01
    endloop
  endfacet
  facet normal 0.000000e+00 9.914449e-01 -1.305262e-01
    outer loop
      vertex   -1.319295e+02 5.181134e+01 -3.920628e+01
      vertex   -1.390000e+02 5.176193e+01 -3.958157e+01
      vertex   -1.390000e+02 5.181134e+01 -3.920628e+01
    endloop
  endfacet
  facet normal 0.000000e+00 9.238795e-01 -3.826834e-01
    outer loop
      vertex   -1.319295e+02 5.181134e+01 -3.920628e+01
      vertex   -1.390000e+02 5.181134e+01 -3.920628e+01
      vertex   -1.319295e+02 5.195620e+01 -3.885657e+01
    endloop
  endfacet
  facet normal 0.000000e+00 9.238795e-01 -3.826834e-01
    outer loop
      vertex   -1.319295e+02 5.195620e+01 -3.885657e+01
      vertex   -1.390000e+02 5.181134e+01 -3.920628e+01
      vertex   -1.390000e+02 5.195620e+01 -3.885657e+01
    endloop
  endfacet
  facet normal 0.000000e+00 7.933533e-01 -6.087614e-01
    outer loop
      vertex   -1.319295e+02 5.195620e+01 -3.885657e+01
      vertex   -1.390000e+02 5.195620e+01 -3.885657e+01
      vertex   -1.319295e+02 5.218663e+01 -3.855626e+01
    endloop
  endfacet
  facet normal 0.000000e+00 7.933533e-01 -6.087614e-01
    outer loop
      vertex   -1.319295e+02 5.218663e+01 -3.855626e+01
      vertex   -1.390000e+02 5.195620e+01 -3.885657e+01
      vertex   -1.390000e+02 5.218663e+01 -3.855626e+01
    endloop
  endfacet
  facet normal 0.000000e+00 6.087614e-01 -7.933533e-01
    outer loop
      vertex   -1.319295e+02 5.218663e+01 -3.855626e+01
      vertex   -1.390000e+02 5.218663e+01 -3.855626e+01
      vertex   -1.319295e+02 5.248693e+01 -3.832583e+01
    endloop
  endfacet
  facet normal 0.000000e+00 6.087614e-01 -7.933533e-01
    outer loop
      vertex   -1.319295e+02 5.248693e+01 -3.832583e+01
      vertex   -1.390000e+02 5.218663e+01 -3.855626e+01
      vertex   -1.390000e+02 5.248693e+01 -3.832583e+01
    endloop
  endfacet
  facet normal 0.000000e+00 3.826834e-01 -9.238795e-01
    outer loop
      vertex   -1.319295e+02 5.248693e+01 -3.832583e+01
      vertex   -1.390000e+02 5.248693e+01 -3.832583e+01
      vertex   -1.319295e+02 5.283665e+01 -3.818097e+01
    endloop
  endfacet
  facet normal 0.000000e+00 3.826834e-01 -9.238795e-01
    outer loop
      vertex   -1.319295e+02 5.283665e+01 -3.818097e+01
      vertex   -1.390000e+02 5.248693e+01 -3.832583e+01
      vertex   -1.390000e+02 5.283665e+01 -3.818097e+01
    endloop
  endfacet
  facet normal 0.000000e+00 1.305262e-01 -9.914449e-01
    outer loop
      vertex   -1.443687e+02 5.283665e+01 -3.818097e+01
      vertex   -1.514392e+02 5.283665e+01 -3.818097e+01
      vertex   -1.443687e+02 5.321193e+01 -3.813157e+01
    endloop
  endfacet
  facet normal 0.000000e+00 1.305262e-01 -9.914449e-01
    outer loop
      vertex   -1.443687e+02 5.321193e+01 -3.813157e+01
      vertex   -1.514392e+02 5.283665e+01 -3.818097e+01
      vertex   -1.514392e+02 5.321193e+01 -3.813157e+01
    endloop
  endfacet
  facet normal -0.000000e+00 -1.305262e-01 -9.914449e-01
    outer loop
      vertex   -1.443687e+02 5.321193e+01 -3.813157e+01
      vertex   -1.514392e+02 5.321193e+01 -3.813157e+01
      vertex   -1.443687e+02 5.358722e+01 -3.818097e+01
    endloop
  endfacet
  facet normal -0.000000e+00 -1.305262e-01 -9.914449e-01
    outer loop
      vertex   -1.443687e+02 5.358722e+01 -3.818097e+01
      vertex   -1.514392e+02 5.321193e+01 -3.813157e+01
      vertex   -1.514392e+02 5.358722e+01 -3.818097e+01
    endloop
  endfacet
  facet normal -0.000000e+00 -3.826834e-01 -9.238795e-01
    outer loop
      vertex   -1.443687e+02 5.358722e+01 -3.818097e+01
      vertex   -1.514392e+02 5.358722e+01 -3.818097e+01
      vertex   -1.443687e+02 5.393693e+01 -3.832583e+01
    endloop
  endfacet
  facet normal -0.000000e+00 -3.826834e-01 -9.238795e-01
    outer loop
      vertex   -1.443687e+02 5.393693e+01 -3.832583e+01
      vertex   -1.514392e+02 5.358722e+01 -3.818097e+01
      vertex   -1.514392e+02 5.393693e+01 -3.832583e+01
    endloop
  endfacet
  facet normal -0.000000e+00 -6.087614e-01 -7.933533e-01
    outer loop
      vertex   -1.443687e+02 5.393693e+01 -3.832583e+01
      vertex   -1.514392e+02 5.393693e+01 -3.832583e+01
      vertex   -1.443687e+02 5.423724e+01 -3.855626e+01
    endloop
  endfacet
  facet normal -0.000000e+00 -6.087614e-01 -7.933533e-01
    outer loop
      vertex   -1.443687e+02 5.423724e+01 -3.855626e+01
      vertex   -1.514392e+02 5.393693e+01 -3.832583e+01
      vertex   -1.514392e+02 5.423724e+01 -3.855626e+01
    endloop
  endfacet
  facet normal -0.000000e+00 -7.933533e-01 -6.087614e-01
    outer loop
      vertex   -1.443687e+02 5.423724e+01 -3.855626e+01
      vertex   -1.514392e+02 5.423724e+01 -3.855626e+01
      vertex   -1.443687e+02 5.446767e+01 -3.885657e+01
    endloop
  endfacet
  facet normal -0.000000e+00 -7.933533e-01 -6.087614e-01
    outer loop
      vertex   -1.443687e+02 5.446767e+01 -3.885657e+01
      vertex   -1.514392e+02 5.423724e+01 -3.855626e+01
      vertex   -1.514392e+02 5.446767e+01 -3.885657e+01
    endloop
  endfacet
  facet normal -0.000000e+00 -9.238795e-01 -3.826834e-01
    outer loop
      vertex   -1.443687e+02 5.446767e+01 -3.885657e+01
      vertex   -1.514392e+02 5.446767e+01 -3.885657e+01
      vertex   -1.443687e+02 5.461253e+01 -3.920628e+01
    endloop
  endfacet
  facet normal -0.000000e+00 -9.238795e-01 -3.826834e-01
    outer loop
      vertex   -1.443687e+02 5.461253e+01 -3.920628e+01
      vertex   -1.514392e+02 5.446767e+01 -3.885657e+01
      vertex   -1.514392e+02 5.461253e+01 -3.920628e+01
    endloop
  endfacet
  facet normal -0.000000e+00 -9.914449e-01 -1.305262e-01
    outer loop
      vertex   -1.443687e+02 5.461253e+01 -3.920628e+01
      vertex   -1.514392e+02 5.461253e+01 -3.920628e+01
      vertex   -1.443687e+02 5.466193e+01 -3.958157e+01
    endloop
  endfacet
  facet normal -0.000000e+00 -9.914449e-01 -1.305262e-01
    outer loop
      vertex   -1.443687e+02 5.466193e+01 -3.958157e+01
      vertex   -1.514392e+02 5.461253e+01 -3.920628e+01
      vertex   -1.514392e+02 5.466193e+01 -3.958157e+01
    endloop
  endfacet
  facet normal 0.000000e+00 -9.914449e-01 1.305262e-01
    outer loop
      vertex   -1.443687e+02 5.466193e+01 -3.958157e+01
      vertex   -1.514392e+02 5.466193e+01 -3.958157e+01
      vertex   -1.443687e+02 5.461253e+01 -3.995685e+01
    endloop
  endfacet
  facet normal 0.000000e+00 -9.914449e-01 1.305262e-01
    outer loop
      vertex   -1.443687e+02 5.461253e+01 -3.995685e+01
      vertex   -1.514392e+02 5.466193e+01 -3.958157e+01
      vertex   -1.514392e+02 5.461253e+01 -3.995685e+01
    endloop
  endfacet
  facet normal 0.000000e+00 -9.238795e-01 3.826834e-01
    outer loop
      vertex   -1.443687e+02 5.461253e+01 -3.995685e+01
      vertex   -1.514392e+02 5.461253e+01 -3.995685e+01
      vertex   -1.443687e+02 5.446767e+01 -4.030657e+01
    endloop
  endfacet
  facet normal 0.000000e+00 -9.238795e-01 3.826834e-01
    outer loop
      vertex   -1.443687e+02 5.446767e+01 -4.030657e+01
      vertex   -1.514392e+02 5.461253e+01 -3.995685e+01
      vertex   -1.514392e+02 5.446767e+01 -4.030657e+01
    endloop
  endfacet
  facet normal 0.000000e+00 -7.933533e-01 6.087614e-01
    outer loop
      vertex   -1.443687e+02 5.446767e+01 -4.030657e+01
      vertex   -1.514392e+02 5.446767e+01 -4.030657e+01
      vertex   -1.443687e+02 5.423724e+01 -4.060687e+01
    endloop
  endfacet
  facet normal 0.000000e+00 -7.933533e-01 6.087614e-01
    outer loop
      vertex   -1.443687e+02 5.423724e+01 -4.060687e+01
      vertex   -1.514392e+02 5.446767e+01 -4.030657e+01
      vertex   -1.514392e+02 5.423724e+01 -4.060687e+01
    endloop
  endfacet
  facet normal 0.000000e+00 -6.087614e-01 7.933533e-01
    outer loop
      vertex   -1.443687e+02 5.423724e+01 -4.060687e+01
      vertex   -1.514392e+02 5.423724e+01 -4.060687e+01
      vertex   -1.443687e+02 5.393693e+01 -4.083730e+01
    endloop
  endfacet
  facet normal 0.000000e+00 -6.087614e-01 7.933533e-01
    outer loop
      vertex   -1.443687e+02 5.393693e+01 -4.083730e+01
      vertex   -1.514392e+02 5.423724e+01 -4.060687e+01
      vertex   -1.514392e+02 5.393693e+01 -4.083730e+01
    endloop
  endfacet
  facet normal 0.000000e+00 -3.826834e-01 9.238795e-01
    outer loop
      vertex   -1.443687e+02 5.393693e+01 -4.083730e+01
      vertex   -1.514392e+02 5.393693e+01 -4.083730e+01
      vertex   -1.443687e+02 5.358722e+01 -4.098216e+01
    endloop
  endfacet
  facet normal 0.000000e+00 -3.826834e-01 9.238795e-01
    outer loop
      vertex   -1.443687e+02 5.358722e+01 -4.098216e+01
      vertex   -1.514392e+02 5.393693e+01 -4.083730e+01
      vertex   -1.514392e+02 5.358722e+01 -4.098216e+01
    endloop
  endfacet
  facet normal 0.000000e+00 -1.305262e-01 9.914449e-01
    outer loop
      vertex   -1.443687e+02 5.358722e+01 -4.098216e+01
      vertex   -1.514392e+02 5.358722e+01 -4.098216e+01
      vertex   -1.443687e+02 5.321193e+01 -4.103157e+01
    endloop
  endfacet
  facet normal 0.000000e+00 -1.305262e-01 9.914449e-01
    outer loop
      vertex   -1.443687e+02 5.321193e+01 -4.103157e+01
      vertex   -1.514392e+02 5.358722e+01 -4.098216e+01
      vertex   -1.514392e+02 5.321193e+01 -4.103157e+01
    endloop
  endfacet
  facet normal 0.000000e+00 1.305262e-01 9.914449e-01
    outer loop
      vertex   -1.443687e+02 5.321193e+01 -4.103157e+01
      vertex   -1.514392e+02 5.321193e+01 -4.103157e+01
      vertex   -1.443687e+02 5.283665e+01 -4.098216e+01
    endloop
  endfacet
  facet normal 0.000000e+00 1.305262e-01 9.914449e-01
    outer loop
      vertex   -1.443687e+02 5.283665e+01 -4.098216e+01
      vertex   -1.514392e+02 5.321193e+01 -4.103157e+01
      vertex   -1.514392e+02 5.283665e+01 -4.098216e+01
    endloop
  endfacet
  facet normal 0.000000e+00 3.826834e-01 9.238795e-01
    outer loop
      vertex   -1.443687e+02 5.283665e+01 -4.098216e+01
      vertex   -1.514392e+02 5.283665e+01 -4.098216e+01
      vertex   -1.443687e+02 5.248693e+01 -4.083730e+01
    endloop
  endfacet
  facet normal 0.000000e+00 3.826834e-01 9.238795e-01
    outer loop
      vertex   -1.443687e+02 5.248693e+01 -4.083730e+01
      vertex   -1.514392e+02 5.283665e+01 -4.098216e+01
      vertex   -1.514392e+02 5.248693e+01 -4.083730e+01
    endloop
  endfacet
  facet normal 0.000000e+00 6.087614e-01 7.933533e-01
    outer loop
      vertex   -1.443687e+02 5.248693e+01 -4.083730e+01
      vertex   -1.514392e+02 5.248693e+01 -4.083730e+01
      vertex   -1.443687e+02 5.218663e+01 -4.060687e+01
    endloop
  endfacet
  facet normal 0.000000e+00 6.087614e-01 7.933533e-01
    outer loop
      vertex   -1.443687e+02 5.218663e+01 -4.060687e+01
      vertex   -1.514392e+02 5.248693e+01 -4.083730e+01
      vertex   -1.514392e+02 5.218663e+01 -4.060687e+01
    endloop
  endfacet
  facet normal 0.000000e+00 7.933533e-01 6.087614e-01
    outer loop
      vertex   -1.443687e+02 5.218663e+01 -4.060687e+01
      vertex   -1.514392e+02 5.218663e+01 -4.060687e+01
      vertex   -1.443687e+02 5.195620e+01 -4.030657e+01
    endloop
  endfacet
  facet normal 0.000000e+00 7.933533e-01 6.087614e-01
    outer loop
      vertex   -1.443687e+02 5.195620e+01 -4.030657e+01
      vertex   -1.514392e+02 5.218663e+01 -4.060687e+01
      vertex   -1.514392e+02 5.195620e+01 -4.030657e+01
    endloop
  endfacet
  facet normal 0.000000e+00 9.238795e-01 3.826834e-01
    outer loop
      vertex   -1.443687e+02 5.195620e+01 -4.030657e+01
      vertex   -1.514392e+02 5.195620e+01 -4.030657e+01
      vertex   -1.443687e+02 5.181134e+01 -3.995685e+01
    endloop
  endfacet
  facet normal 0.000000e+00 9.238795e-01 3.826834e-01
    outer loop
      vertex   -1.443687e+02 5.181134e+01 -3.995685e+01
      vertex   -1.514392e+02 5.195620e+01 -4.030657e+01
      vertex   -1.514392e+02 5.181134e+01 -3.995685e+01
    endloop
  endfacet
  facet normal 0.000000e+00 9.914449e-01 1.305262e-01
    outer loop
      vertex   -1.443687e+02 5.181134e+01 -3.995685e+01
      vertex   -1.514392e+02 5.181134e+01 -3.995685e+01
      vertex   -1.443687e+02 5.176193e+01 -3.958157e+01
    endloop
  endfacet
  facet normal 0.000000e+00 9.914449e-01 1.305262e-01
    outer loop
      vertex   -1.443687e+02 5.176193e+01 -3.958157e+01
      vertex   -1.514392e+02 5.181134e+01 -3.995685e+01
      vertex   -1.514392e+02 5.176193e+01 -3.958157e+01
    endloop
  endfacet
  facet normal 0.000000e+00 9.914449e-01 -1.305262e-01
    outer loop
      vertex   -1.443687e+02 5.176193e+01 -3.958157e+01
      vertex   -1.514392e+02 5.176193e+01 -3.958157e+01
      vertex   -1.443687e+02 5.181134e+01 -3.920628e+01
    endloop
  endfacet
  facet normal 0.000000e+00 9.914449e-01 -1.305262e-01
    outer loop
      vertex   -1.443687e+02 5.181134e+01 -3.920628e+01
      vertex   -1.514392e+02 5.176193e+01 -3.958157e+01
      vertex   -1.514392e+02 5.181134e+01 -3.920628e+01
    endloop
  endfacet
  facet normal 0.000000e+00 9.238795e-01 -3.826834e-01
    outer loop
      vertex   -1.443687e+02 5.181134e+01 -3.920628e+01
      vertex   -1.514392e+02 5.181134e+01 -3.920628e+01
      vertex   -1.443687e+02 5.195620e+01 -3.885657e+01
    endloop
  endfacet
  facet normal 0.000000e+00 9.238795e-01 -3.826834e-01
    outer loop
      vertex   -1.443687e+02 5.195620e+01 -3.885657e+01
      vertex   -1.514392e+02 5.181134e+01 -3.920628e+01
      vertex   -1.514392e+02 5.195620e+01 -3.885657e+01
    endloop
  endfacet
  facet normal 0.000000e+00 7.933533e-01 -6.087614e-01
    outer loop
      vertex   -1.443687e+02 5.195620e+01 -3.885657e+01
      vertex   -1.514392e+02 5.195620e+01 -3.885657e+01
      vertex   -1.443687e+02 5.218663e+01 -3.855626e+01
    endloop
  endfacet
  facet normal 0.000000e+00 7.933533e-01 -6.087614e-01
    outer loop
      vertex   -1.443687e+02 5.218663e+01 -3.855626e+01
      vertex   -1.514392e+02 5.195620e+01 -3.885657e+01
      vertex   -1.514392e+02 5.218663e+01 -3.855626e+01
    endloop
  endfacet
  facet normal 0.000000e+00 6.087614e-01 -7.933533e-01
    outer loop
      vertex   -1.443687e+02 5.218663e+01 -3.855626e+01
      vertex   -1.514392e+02 5.218663e+01 -3.855626e+01
      vertex   -1.443687e+02 5.248693e+01 -3.832583e+01
    endloop
  endfacet
  facet normal 0.000000e+00 6.087614e-01 -7.933533e-01
    outer loop
      vertex   -1.443687e+02 5.248693e+01 -3.832583e+01
      vertex   -1.514392e+02 5.218663e+01 -3.855626e+01
      vertex   -1.514392e+02 5.248693e+01 -3.832583e+01
    endloop
  endfacet
  facet normal 0.000000e+00 3.826834e-01 -9.238795e-01
    outer loop
      vertex   -1.443687e+02 5.248693e+01 -3.832583e+01
      vertex   -1.514392e+02 5.248693e+01 -3.832583e+01
      vertex   -1.443687e+02 5.283665e+01 -3.818097e+01
    endloop
  endfacet
  facet normal 0.000000e+00 3.826834e-01 -9.238795e-01
    outer loop
      vertex   -1.443687e+02 5.283665e+01 -3.818097e+01
      vertex   -1.514392e+02 5.248693e+01 -3.832583e+01
      vertex   -1.514392e+02 5.283665e+01 -3.818097e+01
    endloop
  endfacet
  facet normal 0.000000e+00 8.322016e-01 -5.544732e-01
    outer loop
      vertex   -1.514392e+02 5.640774e+01 -4.203568e+01
      vertex   -1.443687e+02 5.640774e+01 -4.203568e+01
      vertex   -1.514392e+02 5.597350e+01 -4.268742e+01
    endloop
  endfacet
  facet normal 0.000000e+00 8.322016e-01 -5.544732e-01
    outer loop
      vertex   -1.514392e+02 5.597350e+01 -4.268742e+01
      vertex   -1.443687e+02 5.640774e+01 -4.203568e+01
      vertex   -1.443687e+02 5.597350e+01 -4.268742e+01
    endloop
  endfacet
  facet normal 0.000000e+00 6.603368e-01 -7.509696e-01
    outer loop
      vertex   -1.514392e+02 5.597350e+01 -4.268742e+01
      vertex   -1.443687e+02 5.597350e+01 -4.268742e+01
      vertex   -1.514392e+02 5.538538e+01 -4.320457e+01
    endloop
  endfacet
  facet normal 0.000000e+00 6.603368e-01 -7.509696e-01
    outer loop
      vertex   -1.514392e+02 5.538538e+01 -4.320457e+01
      vertex   -1.443687e+02 5.597350e+01 -4.268742e+01
      vertex   -1.443687e+02 5.538538e+01 -4.320457e+01
    endloop
  endfacet
  facet normal 0.000000e+00 4.434712e-01 -8.962886e-01
    outer loop
      vertex   -1.514392e+02 5.538538e+01 -4.320457e+01
      vertex   -1.443687e+02 5.538538e+01 -4.320457e+01
      vertex   -1.514392e+02 5.468344e+01 -4.355188e+01
    endloop
  endfacet
  facet normal 0.000000e+00 4.434712e-01 -8.962886e-01
    outer loop
      vertex   -1.514392e+02 5.468344e+01 -4.355188e+01
      vertex   -1.443687e+02 5.538538e+01 -4.320457e+01
      vertex   -1.443687e+02 5.468344e+01 -4.355188e+01
    endloop
  endfacet
  facet normal 0.000000e+00 1.963837e-01 -9.805271e-01
    outer loop
      vertex   -1.514392e+02 5.468344e+01 -4.355188e+01
      vertex   -1.443687e+02 5.468344e+01 -4.355188e+01
      vertex   -1.514392e+02 5.391553e+01 -4.370568e+01
    endloop
  endfacet
  facet normal 0.000000e+00 1.963837e-01 -9.805271e-01
    outer loop
      vertex   -1.514392e+02 5.391553e+01 -4.370568e+01
      vertex   -1.443687e+02 5.468344e+01 -4.355188e+01
      vertex   -1.443687e+02 5.391553e+01 -4.370568e+01
    endloop
  endfacet
  facet normal 0.000000e+00 -6.408703e-02 -9.979443e-01
    outer loop
      vertex   -1.514392e+02 5.391553e+01 -4.370568e+01
      vertex   -1.443687e+02 5.391553e+01 -4.370568e+01
      vertex   -1.514392e+02 5.313399e+01 -4.365549e+01
    endloop
  endfacet
  facet normal 0.000000e+00 -6.408703e-02 -9.979443e-01
    outer loop
      vertex   -1.514392e+02 5.313399e+01 -4.365549e+01
      vertex   -1.443687e+02 5.391553e+01 -4.370568e+01
      vertex   -1.443687e+02 5.313399e+01 -4.365549e+01
    endloop
  endfacet
  facet normal 0.000000e+00 -3.201903e-01 -9.473532e-01
    outer loop
      vertex   -1.514392e+02 5.313399e+01 -4.365549e+01
      vertex   -1.443687e+02 5.313399e+01 -4.365549e+01
      vertex   -1.514392e+02 5.239206e+01 -4.340473e+01
    endloop
  endfacet
  facet normal 0.000000e+00 -3.201903e-01 -9.473532e-01
    outer loop
      vertex   -1.514392e+02 5.239206e+01 -4.340473e+01
      vertex   -1.443687e+02 5.313399e+01 -4.365549e+01
      vertex   -1.443687e+02 5.239206e+01 -4.340473e+01
    endloop
  endfacet
  facet normal -0.000000e+00 5.544732e-01 8.322016e-01
    outer loop
      vertex   -1.514392e+02 5.559449e+01 -3.688920e+01
      vertex   -1.443687e+02 5.559449e+01 -3.688920e+01
      vertex   -1.514392e+02 5.624623e+01 -3.732344e+01
    endloop
  endfacet
  facet normal -0.000000e+00 5.544732e-01 8.322016e-01
    outer loop
      vertex   -1.514392e+02 5.624623e+01 -3.732344e+01
      vertex   -1.443687e+02 5.559449e+01 -3.688920e+01
      vertex   -1.443687e+02 5.624623e+01 -3.732344e+01
    endloop
  endfacet
  facet normal -0.000000e+00 7.509696e-01 6.603368e-01
    outer loop
      vertex   -1.514392e+02 5.624623e+01 -3.732344e+01
      vertex   -1.443687e+02 5.624623e+01 -3.732344e+01
      vertex   -1.514392e+02 5.676338e+01 -3.791157e+01
    endloop
  endfacet
  facet normal -0.000000e+00 7.509696e-01 6.603368e-01
    outer loop
      vertex   -1.514392e+02 5.676338e+01 -3.791157e+01
      vertex   -1.443687e+02 5.624623e+01 -3.732344e+01
      vertex   -1.443687e+02 5.676338e+01 -3.791157e+01
    endloop
  endfacet
  facet normal -0.000000e+00 8.962886e-01 4.434712e-01
    outer loop
      vertex   -1.514392e+02 5.676338e+01 -3.791157e+01
      vertex   -1.443687e+02 5.676338e+01 -3.791157e+01
      vertex   -1.514392e+02 5.711069e+01 -3.861350e+01
    endloop
  endfacet
  facet normal -0.000000e+00 8.962886e-01 4.434712e-01
    outer loop
      vertex   -1.514392e+02 5.711069e+01 -3.861350e+01
      vertex   -1.443687e+02 5.676338e+01 -3.791157e+01
      vertex   -1.443687e+02 5.711069e+01 -3.861350e+01
    endloop
  endfacet
  facet normal -0.000000e+00 9.805271e-01 1.963837e-01
    outer loop
      vertex   -1.514392e+02 5.711069e+01 -3.861350e+01
      vertex   -1.443687e+02 5.711069e+01 -3.861350e+01
      vertex   -1.514392e+02 5.726449e+01 -3.938141e+01
    endloop
  endfacet
  facet normal -0.000000e+00 9.805271e-01 1.963837e-01
    outer loop
      vertex   -1.514392e+02 5.726449e+01 -3.938141e+01
      vertex   -1.443687e+02 5.711069e+01 -3.861350e+01
      vertex   -1.443687e+02 5.726449e+01 -3.938141e+01
    endloop
  endfacet
  facet normal 0.000000e+00 9.979443e-01 -6.408703e-02
    outer loop
      vertex   -1.514392e+02 5.726449e+01 -3.938141e+01
      vertex   -1.443687e+02 5.726449e+01 -3.938141e+01
      vertex   -1.514392e+02 5.721430e+01 -4.016296e+01
    endloop
  endfacet
  facet normal 0.000000e+00 9.979443e-01 -6.408703e-02
    outer loop
      vertex   -1.514392e+02 5.721430e+01 -4.016296e+01
      vertex   -1.443687e+02 5.726449e+01 -3.938141e+01
      vertex   -1.443687e+02 5.721430e+01 -4.016296e+01
    endloop
  endfacet
  facet normal 0.000000e+00 9.473532e-01 -3.201903e-01
    outer loop
      vertex   -1.514392e+02 5.721430e+01 -4.016296e+01
      vertex   -1.443687e+02 5.721430e+01 -4.016296e+01
      vertex   -1.514392e+02 5.696354e+01 -4.090488e+01
    endloop
  endfacet
  facet normal 0.000000e+00 9.473532e-01 -3.201903e-01
    outer loop
      vertex   -1.514392e+02 5.696354e+01 -4.090488e+01
      vertex   -1.443687e+02 5.721430e+01 -4.016296e+01
      vertex   -1.443687e+02 5.696354e+01 -4.090488e+01
    endloop
  endfacet
  facet normal 0.000000e+00 4.411054e-01 8.974553e-01
    outer loop
      vertex   -1.443687e+02 5.559449e+01 -3.688920e+01
      vertex   -1.514392e+02 5.559449e+01 -3.688920e+01
      vertex   -1.443687e+02 5.185605e+01 -3.505174e+01
    endloop
  endfacet
  facet normal -6.558874e-16 4.411054e-01 8.974553e-01
    outer loop
      vertex   -1.443687e+02 5.185605e+01 -3.505174e+01
      vertex   -1.514392e+02 5.559449e+01 -3.688920e+01
      vertex   -1.514392e+02 4.321897e+01 -3.080655e+01
    endloop
  endfacet
  facet normal 0.000000e+00 4.411054e-01 8.974553e-01
    outer loop
      vertex   -1.443687e+02 5.185605e+01 -3.505174e+01
      vertex   -1.514392e+02 4.321897e+01 -3.080655e+01
      vertex   -1.319295e+02 4.321897e+01 -3.080655e+01
    endloop
  endfacet
  facet normal -0.000000e+00 4.411054e-01 8.974553e-01
    outer loop
      vertex   -1.443687e+02 5.185605e+01 -3.505174e+01
      vertex   -1.319295e+02 4.321897e+01 -3.080655e+01
      vertex   -1.390000e+02 5.185605e+01 -3.505174e+01
    endloop
  endfacet
  facet normal 6.558874e-16 4.411054e-01 8.974553e-01
    outer loop
      vertex   -1.390000e+02 5.185605e+01 -3.505174e+01
      vertex   -1.319295e+02 4.321897e+01 -3.080655e+01
      vertex   -1.319295e+02 5.559449e+01 -3.688920e+01
    endloop
  endfacet
  facet normal 0.000000e+00 4.411054e-01 8.974553e-01
    outer loop
      vertex   -1.390000e+02 5.185605e+01 -3.505174e+01
      vertex   -1.319295e+02 5.559449e+01 -3.688920e+01
      vertex   -1.390000e+02 5.559449e+01 -3.688920e+01
    endloop
  endfacet
  facet normal 0.000000e+00 -7.100331e-01 7.041683e-01
    outer loop
      vertex   -1.514392e+02 3.170294e+01 -3.323588e+01
      vertex   -1.319295e+02 3.170294e+01 -3.323588e+01
      vertex   -1.514392e+02 3.281803e+01 -3.211149e+01
    endloop
  endfacet
  facet normal 2.585932e-16 -7.100331e-01 7.041683e-01
    outer loop
      vertex   -1.514392e+02 3.281803e+01 -3.211149e+01
      vertex   -1.319295e+02 3.170294e+01 -3.323588e+01
      vertex   -1.319295e+02 3.281803e+01 -3.211149e+01
    endloop
  endfacet
  facet normal 2.126076e-16 -5.837680e-01 8.119205e-01
    outer loop
      vertex   -1.514392e+02 3.281803e+01 -3.211149e+01
      vertex   -1.319295e+02 3.281803e+01 -3.211149e+01
      vertex   -1.319295e+02 3.410376e+01 -3.118706e+01
    endloop
  endfacet
  facet normal -4.240377e-16 -5.837680e-01 8.119205e-01
    outer loop
      vertex   -1.514392e+02 3.281803e+01 -3.211149e+01
      vertex   -1.319295e+02 3.410376e+01 -3.118706e+01
      vertex   -1.514392e+02 3.410376e+01 -3.118706e+01
    endloop
  endfacet
  facet normal -3.215278e-16 -4.414181e-01 8.973015e-01
    outer loop
      vertex   -1.514392e+02 3.410376e+01 -3.118706e+01
      vertex   -1.319295e+02 3.410376e+01 -3.118706e+01
      vertex   -1.319295e+02 3.552470e+01 -3.048804e+01
    endloop
  endfacet
  facet normal 0.000000e+00 -4.414181e-01 8.973015e-01
    outer loop
      vertex   -1.514392e+02 3.410376e+01 -3.118706e+01
      vertex   -1.319295e+02 3.552470e+01 -3.048804e+01
      vertex   -1.514392e+02 3.552470e+01 -3.048804e+01
    endloop
  endfacet
  facet normal 0.000000e+00 -2.869056e-01 9.579589e-01
    outer loop
      vertex   -1.514392e+02 3.552470e+01 -3.048804e+01
      vertex   -1.319295e+02 3.552470e+01 -3.048804e+01
      vertex   -1.319295e+02 3.704169e+01 -3.003371e+01
    endloop
  endfacet
  facet normal 0.000000e+00 -2.869056e-01 9.579589e-01
    outer loop
      vertex   -1.514392e+02 3.552470e+01 -3.048804e+01
      vertex   -1.319295e+02 3.704169e+01 -3.003371e+01
      vertex   -1.514392e+02 3.704169e+01 -3.003371e+01
    endloop
  endfacet
  facet normal 0.000000e+00 -1.244879e-01 9.922211e-01
    outer loop
      vertex   -1.514392e+02 3.704169e+01 -3.003371e+01
      vertex   -1.319295e+02 3.704169e+01 -3.003371e+01
      vertex   -1.319295e+02 3.861294e+01 -2.983658e+01
    endloop
  endfacet
  facet normal 0.000000e+00 -1.244879e-01 9.922211e-01
    outer loop
      vertex   -1.514392e+02 3.704169e+01 -3.003371e+01
      vertex   -1.319295e+02 3.861294e+01 -2.983658e+01
      vertex   -1.514392e+02 3.861294e+01 -2.983658e+01
    endloop
  endfacet
  facet normal -0.000000e+00 4.135984e-02 9.991443e-01
    outer loop
      vertex   -1.514392e+02 3.861294e+01 -2.983658e+01
      vertex   -1.319295e+02 3.861294e+01 -2.983658e+01
      vertex   -1.319295e+02 4.019515e+01 -2.990207e+01
    endloop
  endfacet
  facet normal 0.000000e+00 4.135984e-02 9.991443e-01
    outer loop
      vertex   -1.514392e+02 3.861294e+01 -2.983658e+01
      vertex   -1.319295e+02 4.019515e+01 -2.990207e+01
      vertex   -1.514392e+02 4.019515e+01 -2.990207e+01
    endloop
  endfacet
  facet normal -0.000000e+00 2.060680e-01 9.785377e-01
    outer loop
      vertex   -1.514392e+02 4.019515e+01 -2.990207e+01
      vertex   -1.319295e+02 4.019515e+01 -2.990207e+01
      vertex   -1.319295e+02 4.174472e+01 -3.022839e+01
    endloop
  endfacet
  facet normal 0.000000e+00 2.060680e-01 9.785377e-01
    outer loop
      vertex   -1.514392e+02 4.019515e+01 -2.990207e+01
      vertex   -1.319295e+02 4.174472e+01 -3.022839e+01
      vertex   -1.514392e+02 4.174472e+01 -3.022839e+01
    endloop
  endfacet
  facet normal -0.000000e+00 3.650983e-01 9.309690e-01
    outer loop
      vertex   -1.514392e+02 4.174472e+01 -3.022839e+01
      vertex   -1.319295e+02 4.174472e+01 -3.022839e+01
      vertex   -1.514392e+02 4.321897e+01 -3.080655e+01
    endloop
  endfacet
  facet normal -0.000000e+00 3.650983e-01 9.309690e-01
    outer loop
      vertex   -1.514392e+02 4.321897e+01 -3.080655e+01
      vertex   -1.319295e+02 4.174472e+01 -3.022839e+01
      vertex   -1.319295e+02 4.321897e+01 -3.080655e+01
    endloop
  endfacet
  facet normal 0.000000e+00 8.974553e-01 -4.411054e-01
    outer loop
      vertex   -1.443687e+02 5.696354e+01 -4.090488e+01
      vertex   -1.443687e+02 5.640774e+01 -4.203568e+01
      vertex   -1.514392e+02 5.696354e+01 -4.090488e+01
    endloop
  endfacet
  facet normal 0.000000e+00 8.974553e-01 -4.411054e-01
    outer loop
      vertex   -1.514392e+02 5.696354e+01 -4.090488e+01
      vertex   -1.443687e+02 5.640774e+01 -4.203568e+01
      vertex   -1.514392e+02 5.640774e+01 -4.203568e+01
    endloop
  endfacet
  facet normal -1.000000e+00 0.000000e+00 0.000000e+00
    outer loop
      vertex   -1.514392e+02 5.358722e+01 -3.818097e+01
      vertex   -1.514392e+02 5.321193e+01 -3.813157e+01
      vertex   -1.514392e+02 4.321897e+01 -3.080655e+01
    endloop
  endfacet
  facet normal -1.000000e+00 0.000000e+00 0.000000e+00
    outer loop
      vertex   -1.514392e+02 4.321897e+01 -3.080655e+01
      vertex   -1.514392e+02 5.321193e+01 -3.813157e+01
      vertex   -1.514392e+02 5.283665e+01 -3.818097e+01
    endloop
  endfacet
  facet normal -1.000000e+00 0.000000e+00 0.000000e+00
    outer loop
      vertex   -1.514392e+02 4.321897e+01 -3.080655e+01
      vertex   -1.514392e+02 5.283665e+01 -3.818097e+01
      vertex   -1.514392e+02 5.248693e+01 -3.832583e+01
    endloop
  endfacet
  facet normal -1.000000e+00 0.000000e+00 0.000000e+00
    outer loop
      vertex   -1.514392e+02 5.218663e+01 -3.855626e+01
      vertex   -1.514392e+02 3.861294e+01 -2.983658e+01
      vertex   -1.514392e+02 5.248693e+01 -3.832583e+01
    endloop
  endfacet
  facet normal -1.000000e+00 0.000000e+00 0.000000e+00
    outer loop
      vertex   -1.514392e+02 5.248693e+01 -3.832583e+01
      vertex   -1.514392e+02 3.861294e+01 -2.983658e+01
      vertex   -1.514392e+02 4.019515e+01 -2.990207e+01
    endloop
  endfacet
  facet normal -1.000000e+00 0.000000e+00 0.000000e+00
    outer loop
      vertex   -1.514392e+02 5.248693e+01 -3.832583e+01
      vertex   -1.514392e+02 4.019515e+01 -2.990207e+01
      vertex   -1.514392e+02 4.321897e+01 -3.080655e+01
    endloop
  endfacet
  facet normal -1.000000e+00 0.000000e+00 0.000000e+00
    outer loop
      vertex   -1.514392e+02 4.321897e+01 -3.080655e+01
      vertex   -1.514392e+02 4.019515e+01 -2.990207e+01
      vertex   -1.514392e+02 4.174472e+01 -3.022839e+01
    endloop
  endfacet
  facet normal -1.000000e+00 0.000000e+00 -0.000000e+00
    outer loop
      vertex   -1.514392e+02 3.861294e+01 -2.983658e+01
      vertex   -1.514392e+02 5.218663e+01 -3.855626e+01
      vertex   -1.514392e+02 3.704169e+01 -3.003371e+01
    endloop
  endfacet
  facet normal -1.000000e+00 0.000000e+00 0.000000e+00
    outer loop
      vertex   -1.514392e+02 3.704169e+01 -3.003371e+01
      vertex   -1.514392e+02 5.218663e+01 -3.855626e+01
      vertex   -1.514392e+02 5.195620e+01 -3.885657e+01
    endloop
  endfacet
  facet normal -1.000000e+00 0.000000e+00 -0.000000e+00
    outer loop
      vertex   -1.514392e+02 3.704169e+01 -3.003371e+01
      vertex   -1.514392e+02 5.195620e+01 -3.885657e+01
      vertex   -1.514392e+02 3.552470e+01 -3.048804e+01
    endloop
  endfacet
  facet normal -1.000000e+00 0.000000e+00 0.000000e+00
    outer loop
      vertex   -1.514392e+02 3.552470e+01 -3.048804e+01
      vertex   -1.514392e+02 5.195620e+01 -3.885657e+01
      vertex   -1.514392e+02 5.181134e+01 -3.920628e+01
    endloop
  endfacet
  facet normal -1.000000e+00 0.000000e+00 0.000000e+00
    outer loop
      vertex   -1.514392e+02 3.552470e+01 -3.048804e+01
      vertex   -1.514392e+02 5.181134e+01 -3.920628e+01
      vertex   -1.514392e+02 5.176193e+01 -3.958157e+01
    endloop
  endfacet
  facet normal -1.000000e+00 0.000000e+00 -0.000000e+00
    outer loop
      vertex   -1.514392e+02 3.552470e+01 -3.048804e+01
      vertex   -1.514392e+02 5.176193e+01 -3.958157e+01
      vertex   -1.514392e+02 3.410376e+01 -3.118706e+01
    endloop
  endfacet
  facet normal -1.000000e+00 0.000000e+00 0.000000e+00
    outer loop
      vertex   -1.514392e+02 3.410376e+01 -3.118706e+01
      vertex   -1.514392e+02 5.176193e+01 -3.958157e+01
      vertex   -1.514392e+02 5.181134e+01 -3.995685e+01
    endloop
  endfacet
  facet normal -1.000000e+00 0.000000e+00 0.000000e+00
    outer loop
      vertex   -1.514392e+02 3.410376e+01 -3.118706e+01
      vertex   -1.514392e+02 5.181134e+01 -3.995685e+01
      vertex   -1.514392e+02 5.195620e+01 -4.030657e+01
    endloop
  endfacet
  facet normal -1.000000e+00 0.000000e+00 -0.000000e+00
    outer loop
      vertex   -1.514392e+02 3.410376e+01 -3.118706e+01
      vertex   -1.514392e+02 5.195620e+01 -4.030657e+01
      vertex   -1.514392e+02 3.281803e+01 -3.211149e+01
    endloop
  endfacet
  facet normal -1.000000e+00 0.000000e+00 0.000000e+00
    outer loop
      vertex   -1.514392e+02 3.281803e+01 -3.211149e+01
      vertex   -1.514392e+02 5.195620e+01 -4.030657e+01
      vertex   -1.514392e+02 5.218663e+01 -4.060687e+01
    endloop
  endfacet
  facet normal -1.000000e+00 0.000000e+00 0.000000e+00
    outer loop
      vertex   -1.514392e+02 3.281803e+01 -3.211149e+01
      vertex   -1.514392e+02 5.218663e+01 -4.060687e+01
      vertex   -1.514392e+02 5.239206e+01 -4.340473e+01
    endloop
  endfacet
  facet normal -1.000000e+00 0.000000e+00 0.000000e+00
    outer loop
      vertex   -1.514392e+02 5.239206e+01 -4.340473e+01
      vertex   -1.514392e+02 5.218663e+01 -4.060687e+01
      vertex   -1.514392e+02 5.248693e+01 -4.083730e+01
    endloop
  endfacet
  facet normal -1.000000e+00 0.000000e+00 0.000000e+00
    outer loop
      vertex   -1.514392e+02 5.239206e+01 -4.340473e+01
      vertex   -1.514392e+02 5.248693e+01 -4.083730e+01
      vertex   -1.514392e+02 5.391553e+01 -4.370568e+01
    endloop
  endfacet
  facet normal -1.000000e+00 0.000000e+00 0.000000e+00
    outer loop
      vertex   -1.514392e+02 5.391553e+01 -4.370568e+01
      vertex   -1.514392e+02 5.248693e+01 -4.083730e+01
      vertex   -1.514392e+02 5.468344e+01 -4.355188e+01
    endloop
  endfacet
  facet normal -1.000000e+00 0.000000e+00 0.000000e+00
    outer loop
      vertex   -1.514392e+02 5.468344e+01 -4.355188e+01
      vertex   -1.514392e+02 5.248693e+01 -4.083730e+01
      vertex   -1.514392e+02 5.538538e+01 -4.320457e+01
    endloop
  endfacet
  facet normal -1.000000e+00 0.000000e+00 0.000000e+00
    outer loop
      vertex   -1.514392e+02 5.538538e+01 -4.320457e+01
      vertex   -1.514392e+02 5.248693e+01 -4.083730e+01
      vertex   -1.514392e+02 5.283665e+01 -4.098216e+01
    endloop
  endfacet
  facet normal -1.000000e+00 0.000000e+00 0.000000e+00
    outer loop
      vertex   -1.514392e+02 5.538538e+01 -4.320457e+01
      vertex   -1.514392e+02 5.283665e+01 -4.098216e+01
      vertex   -1.514392e+02 5.597350e+01 -4.268742e+01
    endloop
  endfacet
  facet normal -1.000000e+00 0.000000e+00 0.000000e+00
    outer loop
      vertex   -1.514392e+02 5.597350e+01 -4.268742e+01
      vertex   -1.514392e+02 5.283665e+01 -4.098216e+01
      vertex   -1.514392e+02 5.321193e+01 -4.103157e+01
    endloop
  endfacet
  facet normal -1.000000e+00 0.000000e+00 0.000000e+00
    outer loop
      vertex   -1.514392e+02 5.597350e+01 -4.268742e+01
      vertex   -1.514392e+02 5.321193e+01 -4.103157e+01
      vertex   -1.514392e+02 5.358722e+01 -4.098216e+01
    endloop
  endfacet
  facet normal -1.000000e+00 0.000000e+00 0.000000e+00
    outer loop
      vertex   -1.514392e+02 5.597350e+01 -4.268742e+01
      vertex   -1.514392e+02 5.358722e+01 -4.098216e+01
      vertex   -1.514392e+02 5.640774e+01 -4.203568e+01
    endloop
  endfacet
  facet normal -1.000000e+00 0.000000e+00 0.000000e+00
    outer loop
      vertex   -1.514392e+02 5.640774e+01 -4.203568e+01
      vertex   -1.514392e+02 5.358722e+01 -4.098216e+01
      vertex   -1.514392e+02 5.393693e+01 -4.083730e+01
    endloop
  endfacet
  facet normal -1.000000e+00 0.000000e+00 0.000000e+00
    outer loop
      vertex   -1.514392e+02 5.640774e+01 -4.203568e+01
      vertex   -1.514392e+02 5.393693e+01 -4.083730e+01
      vertex   -1.514392e+02 5.423724e+01 -4.060687e+01
    endloop
  endfacet
  facet normal -1.000000e+00 0.000000e+00 0.000000e+00
    outer loop
      vertex   -1.514392e+02 5.423724e+01 -4.060687e+01
      vertex   -1.514392e+02 5.446767e+01 -4.030657e+01
      vertex   -1.514392e+02 5.640774e+01 -4.203568e+01
    endloop
  endfacet
  facet normal -1.000000e+00 0.000000e+00 0.000000e+00
    outer loop
      vertex   -1.514392e+02 5.640774e+01 -4.203568e+01
      vertex   -1.514392e+02 5.446767e+01 -4.030657e+01
      vertex   -1.514392e+02 5.696354e+01 -4.090488e+01
    endloop
  endfacet
  facet normal -1.000000e+00 0.000000e+00 0.000000e+00
    outer loop
      vertex   -1.514392e+02 5.696354e+01 -4.090488e+01
      vertex   -1.514392e+02 5.446767e+01 -4.030657e+01
      vertex   -1.514392e+02 5.461253e+01 -3.995685e+01
    endloop
  endfacet
  facet normal -1.000000e+00 0.000000e+00 0.000000e+00
    outer loop
      vertex   -1.514392e+02 5.696354e+01 -4.090488e+01
      vertex   -1.514392e+02 5.461253e+01 -3.995685e+01
      vertex   -1.514392e+02 5.466193e+01 -3.958157e+01
    endloop
  endfacet
  facet normal -1.000000e+00 0.000000e+00 0.000000e+00
    outer loop
      vertex   -1.514392e+02 5.696354e+01 -4.090488e+01
      vertex   -1.514392e+02 5.466193e+01 -3.958157e+01
      vertex   -1.514392e+02 5.721430e+01 -4.016296e+01
    endloop
  endfacet
  facet normal -1.000000e+00 0.000000e+00 0.000000e+00
    outer loop
      vertex   -1.514392e+02 5.721430e+01 -4.016296e+01
      vertex   -1.514392e+02 5.466193e+01 -3.958157e+01
      vertex   -1.514392e+02 5.461253e+01 -3.920628e+01
    endloop
  endfacet
  facet normal -1.000000e+00 0.000000e+00 0.000000e+00
    outer loop
      vertex   -1.514392e+02 5.721430e+01 -4.016296e+01
      vertex   -1.514392e+02 5.461253e+01 -3.920628e+01
      vertex   -1.514392e+02 5.446767e+01 -3.885657e+01
    endloop
  endfacet
  facet normal -1.000000e+00 0.000000e+00 0.000000e+00
    outer loop
      vertex   -1.514392e+02 5.446767e+01 -3.885657e+01
      vertex   -1.514392e+02 5.423724e+01 -3.855626e+01
      vertex   -1.514392e+02 5.721430e+01 -4.016296e+01
    endloop
  endfacet
  facet normal -1.000000e+00 0.000000e+00 0.000000e+00
    outer loop
      vertex   -1.514392e+02 5.721430e+01 -4.016296e+01
      vertex   -1.514392e+02 5.423724e+01 -3.855626e+01
      vertex   -1.514392e+02 5.726449e+01 -3.938141e+01
    endloop
  endfacet
  facet normal -1.000000e+00 0.000000e+00 0.000000e+00
    outer loop
      vertex   -1.514392e+02 5.726449e+01 -3.938141e+01
      vertex   -1.514392e+02 5.423724e+01 -3.855626e+01
      vertex   -1.514392e+02 5.393693e+01 -3.832583e+01
    endloop
  endfacet
  facet normal -1.000000e+00 0.000000e+00 0.000000e+00
    outer loop
      vertex   -1.514392e+02 5.726449e+01 -3.938141e+01
      vertex   -1.514392e+02 5.393693e+01 -3.832583e+01
      vertex   -1.514392e+02 5.711069e+01 -3.861350e+01
    endloop
  endfacet
  facet normal -1.000000e+00 0.000000e+00 0.000000e+00
    outer loop
      vertex   -1.514392e+02 5.711069e+01 -3.861350e+01
      vertex   -1.514392e+02 5.393693e+01 -3.832583e+01
      vertex   -1.514392e+02 5.676338e+01 -3.791157e+01
    endloop
  endfacet
  facet normal -1.000000e+00 -0.000000e+00 0.000000e+00
    outer loop
      vertex   -1.514392e+02 5.676338e+01 -3.791157e+01
      vertex   -1.514392e+02 5.393693e+01 -3.832583e+01
      vertex   -1.514392e+02 5.559449e+01 -3.688920e+01
    endloop
  endfacet
  facet normal -1.000000e+00 0.000000e+00 0.000000e+00
    outer loop
      vertex   -1.514392e+02 5.676338e+01 -3.791157e+01
      vertex   -1.514392e+02 5.559449e+01 -3.688920e+01
      vertex   -1.514392e+02 5.624623e+01 -3.732344e+01
    endloop
  endfacet
  facet normal -1.000000e+00 0.000000e+00 0.000000e+00
    outer loop
      vertex   -1.514392e+02 5.393693e+01 -3.832583e+01
      vertex   -1.514392e+02 5.358722e+01 -3.818097e+01
      vertex   -1.514392e+02 5.559449e+01 -3.688920e+01
    endloop
  endfacet
  facet normal -1.000000e+00 -0.000000e+00 0.000000e+00
    outer loop
      vertex   -1.514392e+02 5.559449e+01 -3.688920e+01
      vertex   -1.514392e+02 5.358722e+01 -3.818097e+01
      vertex   -1.514392e+02 4.321897e+01 -3.080655e+01
    endloop
  endfacet
  facet normal -1.000000e+00 0.000000e+00 0.000000e+00
    outer loop
      vertex   -1.514392e+02 5.391553e+01 -4.370568e+01
      vertex   -1.514392e+02 5.313399e+01 -4.365549e+01
      vertex   -1.514392e+02 5.239206e+01 -4.340473e+01
    endloop
  endfacet
  facet normal -1.000000e+00 0.000000e+00 0.000000e+00
    outer loop
      vertex   -1.514392e+02 5.239206e+01 -4.340473e+01
      vertex   -1.514392e+02 3.170294e+01 -3.323588e+01
      vertex   -1.514392e+02 3.281803e+01 -3.211149e+01
    endloop
  endfacet
  facet normal 4.946371e-15 4.411054e-01 8.974553e-01
    outer loop
      vertex   -5.642952e+01 2.281461e+01 -2.886720e+01
      vertex   -3.020399e+01 4.534063e+00 -1.988219e+01
      vertex   -5.637841e+01 2.316303e+01 -2.903845e+01
    endloop
  endfacet
  facet normal -1.779154e-16 4.411054e-01 8.974553e-01
    outer loop
      vertex   -5.637841e+01 2.316303e+01 -2.903845e+01
      vertex   -3.020399e+01 4.534063e+00 -1.988219e+01
      vertex   -2.549283e+01 4.500000e+01 -3.977148e+01
    endloop
  endfacet
  facet normal 6.040063e-16 4.411054e-01 8.974553e-01
    outer loop
      vertex   -5.637841e+01 2.316303e+01 -2.903845e+01
      vertex   -2.549283e+01 4.500000e+01 -3.977148e+01
      vertex   -5.642952e+01 2.351145e+01 -2.920970e+01
    endloop
  endfacet
  facet normal 8.112582e-16 4.411054e-01 8.974553e-01
    outer loop
      vertex   -5.642952e+01 2.351145e+01 -2.920970e+01
      vertex   -2.549283e+01 4.500000e+01 -3.977148e+01
      vertex   -5.657937e+01 2.383612e+01 -2.936928e+01
    endloop
  endfacet
  facet normal -8.719712e-17 4.411054e-01 8.974553e-01
    outer loop
      vertex   -5.657937e+01 2.383612e+01 -2.936928e+01
      vertex   -2.549283e+01 4.500000e+01 -3.977148e+01
      vertex   -5.681775e+01 2.411492e+01 -2.950632e+01
    endloop
  endfacet
  facet normal -6.043395e-17 4.411054e-01 8.974553e-01
    outer loop
      vertex   -5.681775e+01 2.411492e+01 -2.950632e+01
      vertex   -2.549283e+01 4.500000e+01 -3.977148e+01
      vertex   -5.712841e+01 2.432886e+01 -2.961147e+01
    endloop
  endfacet
  facet normal 6.454135e-16 4.411054e-01 8.974553e-01
    outer loop
      vertex   -5.712841e+01 2.432886e+01 -2.961147e+01
      vertex   -2.549283e+01 4.500000e+01 -3.977148e+01
      vertex   -5.749018e+01 2.446334e+01 -2.967757e+01
    endloop
  endfacet
  facet normal -5.562016e-15 4.411054e-01 8.974553e-01
    outer loop
      vertex   -5.749018e+01 2.446334e+01 -2.967757e+01
      vertex   -2.549283e+01 4.500000e+01 -3.977148e+01
      vertex   -5.787841e+01 2.450921e+01 -2.970011e+01
    endloop
  endfacet
  facet normal -6.557734e-17 4.411054e-01 8.974553e-01
    outer loop
      vertex   -5.787841e+01 2.450921e+01 -2.970011e+01
      vertex   -2.549283e+01 4.500000e+01 -3.977148e+01
      vertex   -1.319295e+02 3.170294e+01 -3.323588e+01
    endloop
  endfacet
  facet normal 2.937838e-15 4.411054e-01 8.974553e-01
    outer loop
      vertex   -5.787841e+01 2.450921e+01 -2.970011e+01
      vertex   -1.319295e+02 3.170294e+01 -3.323588e+01
      vertex   -5.826664e+01 2.446334e+01 -2.967757e+01
    endloop
  endfacet
  facet normal -2.943252e-16 4.411054e-01 8.974553e-01
    outer loop
      vertex   -5.826664e+01 2.446334e+01 -2.967757e+01
      vertex   -1.319295e+02 3.170294e+01 -3.323588e+01
      vertex   -5.862841e+01 2.432886e+01 -2.961147e+01
    endloop
  endfacet
  facet normal -7.207103e-17 4.411054e-01 8.974553e-01
    outer loop
      vertex   -5.862841e+01 2.432886e+01 -2.961147e+01
      vertex   -1.319295e+02 3.170294e+01 -3.323588e+01
      vertex   -5.893907e+01 2.411492e+01 -2.950632e+01
    endloop
  endfacet
  facet normal -6.295133e-17 4.411054e-01 8.974553e-01
    outer loop
      vertex   -5.893907e+01 2.411492e+01 -2.950632e+01
      vertex   -1.319295e+02 3.170294e+01 -3.323588e+01
      vertex   -5.917745e+01 2.383612e+01 -2.936928e+01
    endloop
  endfacet
  facet normal -2.571343e-16 4.411054e-01 8.974553e-01
    outer loop
      vertex   -5.917745e+01 2.383612e+01 -2.936928e+01
      vertex   -1.319295e+02 3.170294e+01 -3.323588e+01
      vertex   -5.932730e+01 2.351145e+01 -2.920970e+01
    endloop
  endfacet
  facet normal -1.937376e-16 4.411054e-01 8.974553e-01
    outer loop
      vertex   -5.932730e+01 2.351145e+01 -2.920970e+01
      vertex   -1.319295e+02 3.170294e+01 -3.323588e+01
      vertex   -5.937841e+01 2.316303e+01 -2.903845e+01
    endloop
  endfacet
  facet normal 8.984455e-16 4.411054e-01 8.974553e-01
    outer loop
      vertex   -5.937841e+01 2.316303e+01 -2.903845e+01
      vertex   -1.319295e+02 3.170294e+01 -3.323588e+01
      vertex   -5.932730e+01 2.281461e+01 -2.886720e+01
    endloop
  endfacet
  facet normal -3.315265e-16 4.411054e-01 8.974553e-01
    outer loop
      vertex   -5.932730e+01 2.281461e+01 -2.886720e+01
      vertex   -1.319295e+02 3.170294e+01 -3.323588e+01
      vertex   -5.917745e+01 2.248994e+01 -2.870763e+01
    endloop
  endfacet
  facet normal -9.915639e-17 4.411054e-01 8.974553e-01
    outer loop
      vertex   -5.917745e+01 2.248994e+01 -2.870763e+01
      vertex   -1.319295e+02 3.170294e+01 -3.323588e+01
      vertex   -5.893907e+01 2.221113e+01 -2.857059e+01
    endloop
  endfacet
  facet normal -1.258610e-16 4.411054e-01 8.974553e-01
    outer loop
      vertex   -5.893907e+01 2.221113e+01 -2.857059e+01
      vertex   -1.319295e+02 3.170294e+01 -3.323588e+01
      vertex   -5.862841e+01 2.199720e+01 -2.846544e+01
    endloop
  endfacet
  facet normal 4.128946e-15 4.411054e-01 8.974553e-01
    outer loop
      vertex   -5.862841e+01 2.199720e+01 -2.846544e+01
      vertex   -1.319295e+02 3.170294e+01 -3.323588e+01
      vertex   -5.826664e+01 2.186271e+01 -2.839934e+01
    endloop
  endfacet
  facet normal -2.014413e-17 4.411054e-01 8.974553e-01
    outer loop
      vertex   -5.826664e+01 2.186271e+01 -2.839934e+01
      vertex   -1.319295e+02 3.170294e+01 -3.323588e+01
      vertex   -2.246118e+02 2.186271e+01 -2.839934e+01
    endloop
  endfacet
  facet normal -2.014413e-17 4.411054e-01 8.974553e-01
    outer loop
      vertex   -5.826664e+01 2.186271e+01 -2.839934e+01
      vertex   -2.246118e+02 2.186271e+01 -2.839934e+01
      vertex   -2.501365e+02 4.534063e+00 -1.988219e+01
    endloop
  endfacet
  facet normal 0.000000e+00 4.411054e-01 8.974553e-01
    outer loop
      vertex   -2.501365e+02 4.534063e+00 -1.988219e+01
      vertex   -2.246118e+02 2.186271e+01 -2.839934e+01
      vertex   -2.250000e+02 2.181684e+01 -2.837680e+01
    endloop
  endfacet
  facet normal 0.000000e+00 4.411054e-01 8.974553e-01
    outer loop
      vertex   -2.501365e+02 4.534063e+00 -1.988219e+01
      vertex   -2.250000e+02 2.181684e+01 -2.837680e+01
      vertex   -2.253882e+02 2.186271e+01 -2.839934e+01
    endloop
  endfacet
  facet normal -1.027000e-15 4.411054e-01 8.974553e-01
    outer loop
      vertex   -5.642952e+01 2.281461e+01 -2.886720e+01
      vertex   -5.657937e+01 2.248994e+01 -2.870763e+01
      vertex   -3.020399e+01 4.534063e+00 -1.988219e+01
    endloop
  endfacet
  facet normal 0.000000e+00 4.411054e-01 8.974553e-01
    outer loop
      vertex   -3.020399e+01 4.534063e+00 -1.988219e+01
      vertex   -5.657937e+01 2.248994e+01 -2.870763e+01
      vertex   -5.681775e+01 2.221113e+01 -2.857059e+01
    endloop
  endfacet
  facet normal 0.000000e+00 4.411054e-01 8.974553e-01
    outer loop
      vertex   -3.020399e+01 4.534063e+00 -1.988219e+01
      vertex   -5.681775e+01 2.221113e+01 -2.857059e+01
      vertex   -5.712841e+01 2.199720e+01 -2.846544e+01
    endloop
  endfacet
  facet normal 4.872314e-15 4.411054e-01 8.974553e-01
    outer loop
      vertex   -5.712841e+01 2.199720e+01 -2.846544e+01
      vertex   -5.749018e+01 2.186271e+01 -2.839934e+01
      vertex   -3.020399e+01 4.534063e+00 -1.988219e+01
    endloop
  endfacet
  facet normal 0.000000e+00 4.411054e-01 8.974553e-01
    outer loop
      vertex   -3.020399e+01 4.534063e+00 -1.988219e+01
      vertex   -5.749018e+01 2.186271e+01 -2.839934e+01
      vertex   -5.787841e+01 2.181684e+01 -2.837680e+01
    endloop
  endfacet
  facet normal 0.000000e+00 4.411054e-01 8.974553e-01
    outer loop
      vertex   -3.020399e+01 4.534063e+00 -1.988219e+01
      vertex   -5.787841e+01 2.181684e+01 -2.837680e+01
      vertex   -5.826664e+01 2.186271e+01 -2.839934e+01
    endloop
  endfacet
  facet normal -1.198235e-16 4.411054e-01 8.974553e-01
    outer loop
      vertex   -1.319295e+02 4.500000e+01 -3.977148e+01
      vertex   -1.319295e+02 3.170294e+01 -3.323588e+01
      vertex   -2.549283e+01 4.500000e+01 -3.977148e+01
    endloop
  endfacet
  facet normal 0.000000e+00 4.411054e-01 8.974553e-01
    outer loop
      vertex   -1.319295e+02 3.170294e+01 -3.323588e+01
      vertex   -1.514392e+02 3.170294e+01 -3.323588e+01
      vertex   -2.246118e+02 2.186271e+01 -2.839934e+01
    endloop
  endfacet
  facet normal -4.235747e-15 4.411054e-01 8.974553e-01
    outer loop
      vertex   -2.246118e+02 2.186271e+01 -2.839934e+01
      vertex   -1.514392e+02 3.170294e+01 -3.323588e+01
      vertex   -2.242500e+02 2.199720e+01 -2.846544e+01
    endloop
  endfacet
  facet normal 1.332574e-15 4.411054e-01 8.974553e-01
    outer loop
      vertex   -2.242500e+02 2.199720e+01 -2.846544e+01
      vertex   -1.514392e+02 3.170294e+01 -3.323588e+01
      vertex   -2.239393e+02 2.221113e+01 -2.857059e+01
    endloop
  endfacet
  facet normal 7.770887e-17 4.411054e-01 8.974553e-01
    outer loop
      vertex   -2.239393e+02 2.221113e+01 -2.857059e+01
      vertex   -1.514392e+02 3.170294e+01 -3.323588e+01
      vertex   -2.237010e+02 2.248994e+01 -2.870763e+01
    endloop
  endfacet
  facet normal -3.429411e-16 4.411054e-01 8.974553e-01
    outer loop
      vertex   -2.237010e+02 2.248994e+01 -2.870763e+01
      vertex   -1.514392e+02 3.170294e+01 -3.323588e+01
      vertex   -2.235511e+02 2.281461e+01 -2.886720e+01
    endloop
  endfacet
  facet normal 7.915827e-16 4.411054e-01 8.974553e-01
    outer loop
      vertex   -2.235511e+02 2.281461e+01 -2.886720e+01
      vertex   -1.514392e+02 3.170294e+01 -3.323588e+01
      vertex   -2.235000e+02 2.316303e+01 -2.903845e+01
    endloop
  endfacet
  facet normal 2.418411e-16 4.411054e-01 8.974553e-01
    outer loop
      vertex   -2.235000e+02 2.316303e+01 -2.903845e+01
      vertex   -1.514392e+02 3.170294e+01 -3.323588e+01
      vertex   -2.235511e+02 2.351145e+01 -2.920970e+01
    endloop
  endfacet
  facet normal -2.426206e-16 4.411054e-01 8.974553e-01
    outer loop
      vertex   -2.235511e+02 2.351145e+01 -2.920970e+01
      vertex   -1.514392e+02 3.170294e+01 -3.323588e+01
      vertex   -2.237010e+02 2.383612e+01 -2.936928e+01
    endloop
  endfacet
  facet normal 6.334204e-17 4.411054e-01 8.974553e-01
    outer loop
      vertex   -2.237010e+02 2.383612e+01 -2.936928e+01
      vertex   -1.514392e+02 3.170294e+01 -3.323588e+01
      vertex   -2.239393e+02 2.411492e+01 -2.950632e+01
    endloop
  endfacet
  facet normal 7.639760e-16 4.411054e-01 8.974553e-01
    outer loop
      vertex   -2.239393e+02 2.411492e+01 -2.950632e+01
      vertex   -1.514392e+02 3.170294e+01 -3.323588e+01
      vertex   -2.242500e+02 2.432886e+01 -2.961147e+01
    endloop
  endfacet
  facet normal -6.157557e-16 4.411054e-01 8.974553e-01
    outer loop
      vertex   -2.242500e+02 2.432886e+01 -2.961147e+01
      vertex   -1.514392e+02 3.170294e+01 -3.323588e+01
      vertex   -2.246118e+02 2.446334e+01 -2.967757e+01
    endloop
  endfacet
  facet normal -1.110755e-15 4.411054e-01 8.974553e-01
    outer loop
      vertex   -2.246118e+02 2.446334e+01 -2.967757e+01
      vertex   -1.514392e+02 3.170294e+01 -3.323588e+01
      vertex   -2.250000e+02 2.450921e+01 -2.970011e+01
    endloop
  endfacet
  facet normal 8.146738e-17 4.411054e-01 8.974553e-01
    outer loop
      vertex   -2.250000e+02 2.450921e+01 -2.970011e+01
      vertex   -1.514392e+02 3.170294e+01 -3.323588e+01
      vertex   -2.548477e+02 4.500000e+01 -3.977148e+01
    endloop
  endfacet
  facet normal 2.185262e-15 4.411054e-01 8.974553e-01
    outer loop
      vertex   -2.250000e+02 2.450921e+01 -2.970011e+01
      vertex   -2.548477e+02 4.500000e+01 -3.977148e+01
      vertex   -2.253882e+02 2.446334e+01 -2.967757e+01
    endloop
  endfacet
  facet normal -6.647512e-16 4.411054e-01 8.974553e-01
    outer loop
      vertex   -2.253882e+02 2.446334e+01 -2.967757e+01
      vertex   -2.548477e+02 4.500000e+01 -3.977148e+01
      vertex   -2.257500e+02 2.432886e+01 -2.961147e+01
    endloop
  endfacet
  facet normal -3.151423e-17 4.411054e-01 8.974553e-01
    outer loop
      vertex   -2.257500e+02 2.432886e+01 -2.961147e+01
      vertex   -2.548477e+02 4.500000e+01 -3.977148e+01
      vertex   -2.260607e+02 2.411492e+01 -2.950632e+01
    endloop
  endfacet
  facet normal 9.194150e-17 4.411054e-01 8.974553e-01
    outer loop
      vertex   -2.260607e+02 2.411492e+01 -2.950632e+01
      vertex   -2.548477e+02 4.500000e+01 -3.977148e+01
      vertex   -2.262990e+02 2.383612e+01 -2.936928e+01
    endloop
  endfacet
  facet normal 1.794056e-15 4.411054e-01 8.974553e-01
    outer loop
      vertex   -2.262990e+02 2.383612e+01 -2.936928e+01
      vertex   -2.548477e+02 4.500000e+01 -3.977148e+01
      vertex   -2.264489e+02 2.351145e+01 -2.920970e+01
    endloop
  endfacet
  facet normal -8.338662e-16 4.411054e-01 8.974553e-01
    outer loop
      vertex   -2.264489e+02 2.351145e+01 -2.920970e+01
      vertex   -2.548477e+02 4.500000e+01 -3.977148e+01
      vertex   -2.265000e+02 2.316303e+01 -2.903845e+01
    endloop
  endfacet
  facet normal 1.465597e-16 4.411054e-01 8.974553e-01
    outer loop
      vertex   -2.265000e+02 2.316303e+01 -2.903845e+01
      vertex   -2.548477e+02 4.500000e+01 -3.977148e+01
      vertex   -2.501365e+02 4.534063e+00 -1.988219e+01
    endloop
  endfacet
  facet normal 4.251184e-15 4.411054e-01 8.974553e-01
    outer loop
      vertex   -2.265000e+02 2.316303e+01 -2.903845e+01
      vertex   -2.501365e+02 4.534063e+00 -1.988219e+01
      vertex   -2.264489e+02 2.281461e+01 -2.886720e+01
    endloop
  endfacet
  facet normal -1.566672e-15 4.411054e-01 8.974553e-01
    outer loop
      vertex   -2.264489e+02 2.281461e+01 -2.886720e+01
      vertex   -2.501365e+02 4.534063e+00 -1.988219e+01
      vertex   -2.262990e+02 2.248994e+01 -2.870763e+01
    endloop
  endfacet
  facet normal 7.295269e-17 4.411054e-01 8.974553e-01
    outer loop
      vertex   -2.262990e+02 2.248994e+01 -2.870763e+01
      vertex   -2.501365e+02 4.534063e+00 -1.988219e+01
      vertex   -2.260607e+02 2.221113e+01 -2.857059e+01
    endloop
  endfacet
  facet normal 2.808749e-15 4.411054e-01 8.974553e-01
    outer loop
      vertex   -2.260607e+02 2.221113e+01 -2.857059e+01
      vertex   -2.501365e+02 4.534063e+00 -1.988219e+01
      vertex   -2.257500e+02 2.199720e+01 -2.846544e+01
    endloop
  endfacet
  facet normal -5.004059e-15 4.411054e-01 8.974553e-01
    outer loop
      vertex   -2.257500e+02 2.199720e+01 -2.846544e+01
      vertex   -2.501365e+02 4.534063e+00 -1.988219e+01
      vertex   -2.253882e+02 2.186271e+01 -2.839934e+01
    endloop
  endfacet
  facet normal 9.197571e-17 4.411054e-01 8.974553e-01
    outer loop
      vertex   -2.548477e+02 4.500000e+01 -3.977148e+01
      vertex   -1.514392e+02 3.170294e+01 -3.323588e+01
      vertex   -1.514395e+02 4.500000e+01 -3.977148e+01
    endloop
  endfacet
  facet normal -2.482092e-12 4.411054e-01 8.974553e-01
    outer loop
      vertex   -1.514395e+02 4.500000e+01 -3.977148e+01
      vertex   -1.514392e+02 3.170294e+01 -3.323588e+01
      vertex   -1.514392e+02 5.239206e+01 -4.340473e+01
    endloop
  endfacet
  facet normal 0.000000e+00 4.411054e-01 8.974553e-01
    outer loop
      vertex   -1.514395e+02 4.500000e+01 -3.977148e+01
      vertex   -1.514392e+02 5.239206e+01 -4.340473e+01
      vertex   -1.514395e+02 5.239206e+01 -4.340473e+01
    endloop
  endfacet
  facet normal -0.000000e+00 4.411054e-01 8.974553e-01
    outer loop
      vertex   -2.501365e+02 4.534063e+00 -1.988219e+01
      vertex   -3.020399e+01 4.534063e+00 -1.988219e+01
      vertex   -5.826664e+01 2.186271e+01 -2.839934e+01
    endloop
  endfacet
  facet normal 9.914449e-01 0.000000e+00 -1.305262e-01
    outer loop
      vertex   -2.317894e+02 2.500000e+00 1.969505e+01
      vertex   -2.317894e+02 -3.830838e-01 1.969505e+01
      vertex   -2.318405e+02 2.500000e+00 1.930682e+01
    endloop
  endfacet
  facet normal 9.914449e-01 0.000000e+00 -1.305262e-01
    outer loop
      vertex   -2.318405e+02 2.500000e+00 1.930682e+01
      vertex   -2.317894e+02 -3.830838e-01 1.969505e+01
      vertex   -2.318405e+02 -3.830838e-01 1.930682e+01
    endloop
  endfacet
  facet normal 9.914449e-01 0.000000e+00 1.305262e-01
    outer loop
      vertex   -2.318405e+02 2.500000e+00 1.930682e+01
      vertex   -2.318405e+02 -3.830838e-01 1.930682e+01
      vertex   -2.317894e+02 2.500000e+00 1.891859e+01
    endloop
  endfacet
  facet normal 9.914449e-01 0.000000e+00 1.305262e-01
    outer loop
      vertex   -2.317894e+02 2.500000e+00 1.891859e+01
      vertex   -2.318405e+02 -3.830838e-01 1.930682e+01
      vertex   -2.317894e+02 -3.830838e-01 1.891859e+01
    endloop
  endfacet
  facet normal 9.238795e-01 0.000000e+00 3.826834e-01
    outer loop
      vertex   -2.317894e+02 2.500000e+00 1.891859e+01
      vertex   -2.317894e+02 -3.830838e-01 1.891859e+01
      vertex   -2.316396e+02 2.500000e+00 1.855682e+01
    endloop
  endfacet
  facet normal 9.238795e-01 0.000000e+00 3.826834e-01
    outer loop
      vertex   -2.316396e+02 2.500000e+00 1.855682e+01
      vertex   -2.317894e+02 -3.830838e-01 1.891859e+01
      vertex   -2.316396e+02 -3.830838e-01 1.855682e+01
    endloop
  endfacet
  facet normal 7.933533e-01 0.000000e+00 6.087614e-01
    outer loop
      vertex   -2.316396e+02 2.500000e+00 1.855682e+01
      vertex   -2.316396e+02 -3.830838e-01 1.855682e+01
      vertex   -2.314012e+02 2.500000e+00 1.824616e+01
    endloop
  endfacet
  facet normal 7.933533e-01 0.000000e+00 6.087614e-01
    outer loop
      vertex   -2.314012e+02 2.500000e+00 1.824616e+01
      vertex   -2.316396e+02 -3.830838e-01 1.855682e+01
      vertex   -2.314012e+02 -3.830838e-01 1.824616e+01
    endloop
  endfacet
  facet normal 6.087614e-01 0.000000e+00 7.933533e-01
    outer loop
      vertex   -2.314012e+02 2.500000e+00 1.824616e+01
      vertex   -2.314012e+02 -3.830838e-01 1.824616e+01
      vertex   -2.310905e+02 2.500000e+00 1.800778e+01
    endloop
  endfacet
  facet normal 6.087614e-01 0.000000e+00 7.933533e-01
    outer loop
      vertex   -2.310905e+02 2.500000e+00 1.800778e+01
      vertex   -2.314012e+02 -3.830838e-01 1.824616e+01
      vertex   -2.310905e+02 -3.830838e-01 1.800778e+01
    endloop
  endfacet
  facet normal 3.826834e-01 0.000000e+00 9.238795e-01
    outer loop
      vertex   -2.310905e+02 2.500000e+00 1.800778e+01
      vertex   -2.310905e+02 -3.830838e-01 1.800778e+01
      vertex   -2.307288e+02 2.500000e+00 1.785793e+01
    endloop
  endfacet
  facet normal 3.826834e-01 0.000000e+00 9.238795e-01
    outer loop
      vertex   -2.307288e+02 2.500000e+00 1.785793e+01
      vertex   -2.310905e+02 -3.830838e-01 1.800778e+01
      vertex   -2.307288e+02 -3.830838e-01 1.785793e+01
    endloop
  endfacet
  facet normal 1.305262e-01 0.000000e+00 9.914449e-01
    outer loop
      vertex   -2.307288e+02 2.500000e+00 1.785793e+01
      vertex   -2.307288e+02 -3.830838e-01 1.785793e+01
      vertex   -2.303405e+02 2.500000e+00 1.780682e+01
    endloop
  endfacet
  facet normal 1.305262e-01 0.000000e+00 9.914449e-01
    outer loop
      vertex   -2.303405e+02 2.500000e+00 1.780682e+01
      vertex   -2.307288e+02 -3.830838e-01 1.785793e+01
      vertex   -2.303405e+02 -3.830838e-01 1.780682e+01
    endloop
  endfacet
  facet normal -1.305262e-01 0.000000e+00 9.914449e-01
    outer loop
      vertex   -2.303405e+02 2.500000e+00 1.780682e+01
      vertex   -2.303405e+02 -3.830838e-01 1.780682e+01
      vertex   -2.299523e+02 2.500000e+00 1.785793e+01
    endloop
  endfacet
  facet normal -1.305262e-01 0.000000e+00 9.914449e-01
    outer loop
      vertex   -2.299523e+02 2.500000e+00 1.785793e+01
      vertex   -2.303405e+02 -3.830838e-01 1.780682e+01
      vertex   -2.299523e+02 -3.830838e-01 1.785793e+01
    endloop
  endfacet
  facet normal -3.826834e-01 0.000000e+00 9.238795e-01
    outer loop
      vertex   -2.299523e+02 2.500000e+00 1.785793e+01
      vertex   -2.299523e+02 -3.830838e-01 1.785793e+01
      vertex   -2.295905e+02 2.500000e+00 1.800778e+01
    endloop
  endfacet
  facet normal -3.826834e-01 1.138461e-15 9.238795e-01
    outer loop
      vertex   -2.295905e+02 2.500000e+00 1.800778e+01
      vertex   -2.299523e+02 -3.830838e-01 1.785793e+01
      vertex   -2.295905e+02 -3.830838e-01 1.800778e+01
    endloop
  endfacet
  facet normal -6.087614e-01 9.776189e-16 7.933533e-01
    outer loop
      vertex   -2.295905e+02 2.500000e+00 1.800778e+01
      vertex   -2.295905e+02 -3.830838e-01 1.800778e+01
      vertex   -2.292799e+02 2.500000e+00 1.824616e+01
    endloop
  endfacet
  facet normal -6.087614e-01 0.000000e+00 7.933533e-01
    outer loop
      vertex   -2.292799e+02 2.500000e+00 1.824616e+01
      vertex   -2.295905e+02 -3.830838e-01 1.800778e+01
      vertex   -2.292799e+02 -3.830838e-01 1.824616e+01
    endloop
  endfacet
  facet normal -7.933533e-01 0.000000e+00 6.087614e-01
    outer loop
      vertex   -2.292799e+02 2.500000e+00 1.824616e+01
      vertex   -2.292799e+02 -3.830838e-01 1.824616e+01
      vertex   -2.290415e+02 2.500000e+00 1.855682e+01
    endloop
  endfacet
  facet normal -7.933533e-01 0.000000e+00 6.087614e-01
    outer loop
      vertex   -2.290415e+02 2.500000e+00 1.855682e+01
      vertex   -2.292799e+02 -3.830838e-01 1.824616e+01
      vertex   -2.290415e+02 -3.830838e-01 1.855682e+01
    endloop
  endfacet
  facet normal -9.238795e-01 0.000000e+00 3.826834e-01
    outer loop
      vertex   -2.290415e+02 2.500000e+00 1.855682e+01
      vertex   -2.290415e+02 -3.830838e-01 1.855682e+01
      vertex   -2.288916e+02 2.500000e+00 1.891859e+01
    endloop
  endfacet
  facet normal -9.238795e-01 0.000000e+00 3.826834e-01
    outer loop
      vertex   -2.288916e+02 2.500000e+00 1.891859e+01
      vertex   -2.290415e+02 -3.830838e-01 1.855682e+01
      vertex   -2.288916e+02 -3.830838e-01 1.891859e+01
    endloop
  endfacet
  facet normal -9.914449e-01 0.000000e+00 1.305262e-01
    outer loop
      vertex   -2.288916e+02 2.500000e+00 1.891859e+01
      vertex   -2.288916e+02 -3.830838e-01 1.891859e+01
      vertex   -2.288405e+02 2.500000e+00 1.930682e+01
    endloop
  endfacet
  facet normal -9.914449e-01 0.000000e+00 1.305262e-01
    outer loop
      vertex   -2.288405e+02 2.500000e+00 1.930682e+01
      vertex   -2.288916e+02 -3.830838e-01 1.891859e+01
      vertex   -2.288405e+02 -3.830838e-01 1.930682e+01
    endloop
  endfacet
  facet normal -9.914449e-01 -0.000000e+00 -1.305262e-01
    outer loop
      vertex   -2.288405e+02 2.500000e+00 1.930682e+01
      vertex   -2.288405e+02 -3.830838e-01 1.930682e+01
      vertex   -2.288916e+02 2.500000e+00 1.969505e+01
    endloop
  endfacet
  facet normal -9.914449e-01 -0.000000e+00 -1.305262e-01
    outer loop
      vertex   -2.288916e+02 2.500000e+00 1.969505e+01
      vertex   -2.288405e+02 -3.830838e-01 1.930682e+01
      vertex   -2.288916e+02 -3.830838e-01 1.969505e+01
    endloop
  endfacet
  facet normal -9.238795e-01 -0.000000e+00 -3.826834e-01
    outer loop
      vertex   -2.288916e+02 2.500000e+00 1.969505e+01
      vertex   -2.288916e+02 -3.830838e-01 1.969505e+01
      vertex   -2.290415e+02 2.500000e+00 2.005682e+01
    endloop
  endfacet
  facet normal -9.238795e-01 -4.715661e-16 -3.826834e-01
    outer loop
      vertex   -2.290415e+02 2.500000e+00 2.005682e+01
      vertex   -2.288916e+02 -3.830838e-01 1.969505e+01
      vertex   -2.290415e+02 -3.830838e-01 2.005682e+01
    endloop
  endfacet
  facet normal -7.933533e-01 -7.501534e-16 -6.087614e-01
    outer loop
      vertex   -2.290415e+02 2.500000e+00 2.005682e+01
      vertex   -2.290415e+02 -3.830838e-01 2.005682e+01
      vertex   -2.292799e+02 2.500000e+00 2.036748e+01
    endloop
  endfacet
  facet normal -7.933533e-01 -0.000000e+00 -6.087614e-01
    outer loop
      vertex   -2.292799e+02 2.500000e+00 2.036748e+01
      vertex   -2.290415e+02 -3.830838e-01 2.005682e+01
      vertex   -2.292799e+02 -3.830838e-01 2.036748e+01
    endloop
  endfacet
  facet normal -6.087614e-01 -0.000000e+00 -7.933533e-01
    outer loop
      vertex   -2.292799e+02 2.500000e+00 2.036748e+01
      vertex   -2.292799e+02 -3.830838e-01 2.036748e+01
      vertex   -2.295905e+02 2.500000e+00 2.060586e+01
    endloop
  endfacet
  facet normal -6.087614e-01 -0.000000e+00 -7.933533e-01
    outer loop
      vertex   -2.295905e+02 2.500000e+00 2.060586e+01
      vertex   -2.292799e+02 -3.830838e-01 2.036748e+01
      vertex   -2.295905e+02 -3.830838e-01 2.060586e+01
    endloop
  endfacet
  facet normal -3.826834e-01 -0.000000e+00 -9.238795e-01
    outer loop
      vertex   -2.295905e+02 2.500000e+00 2.060586e+01
      vertex   -2.295905e+02 -3.830838e-01 2.060586e+01
      vertex   -2.299523e+02 2.500000e+00 2.075571e+01
    endloop
  endfacet
  facet normal -3.826834e-01 -0.000000e+00 -9.238795e-01
    outer loop
      vertex   -2.299523e+02 2.500000e+00 2.075571e+01
      vertex   -2.295905e+02 -3.830838e-01 2.060586e+01
      vertex   -2.299523e+02 -3.830838e-01 2.075571e+01
    endloop
  endfacet
  facet normal -1.305262e-01 -0.000000e+00 -9.914449e-01
    outer loop
      vertex   -2.299523e+02 2.500000e+00 2.075571e+01
      vertex   -2.299523e+02 -3.830838e-01 2.075571e+01
      vertex   -2.303405e+02 2.500000e+00 2.080682e+01
    endloop
  endfacet
  facet normal -1.305262e-01 -0.000000e+00 -9.914449e-01
    outer loop
      vertex   -2.303405e+02 2.500000e+00 2.080682e+01
      vertex   -2.299523e+02 -3.830838e-01 2.075571e+01
      vertex   -2.303405e+02 -3.830838e-01 2.080682e+01
    endloop
  endfacet
  facet normal 1.305262e-01 0.000000e+00 -9.914449e-01
    outer loop
      vertex   -2.303405e+02 2.500000e+00 2.080682e+01
      vertex   -2.303405e+02 -3.830838e-01 2.080682e+01
      vertex   -2.307288e+02 2.500000e+00 2.075571e+01
    endloop
  endfacet
  facet normal 1.305262e-01 0.000000e+00 -9.914449e-01
    outer loop
      vertex   -2.307288e+02 2.500000e+00 2.075571e+01
      vertex   -2.303405e+02 -3.830838e-01 2.080682e+01
      vertex   -2.307288e+02 -3.830838e-01 2.075571e+01
    endloop
  endfacet
  facet normal 3.826834e-01 0.000000e+00 -9.238795e-01
    outer loop
      vertex   -2.307288e+02 2.500000e+00 2.075571e+01
      vertex   -2.307288e+02 -3.830838e-01 2.075571e+01
      vertex   -2.310905e+02 2.500000e+00 2.060586e+01
    endloop
  endfacet
  facet normal 3.826834e-01 0.000000e+00 -9.238795e-01
    outer loop
      vertex   -2.310905e+02 2.500000e+00 2.060586e+01
      vertex   -2.307288e+02 -3.830838e-01 2.075571e+01
      vertex   -2.310905e+02 -3.830838e-01 2.060586e+01
    endloop
  endfacet
  facet normal 6.087614e-01 0.000000e+00 -7.933533e-01
    outer loop
      vertex   -2.310905e+02 2.500000e+00 2.060586e+01
      vertex   -2.310905e+02 -3.830838e-01 2.060586e+01
      vertex   -2.314012e+02 2.500000e+00 2.036748e+01
    endloop
  endfacet
  facet normal 6.087614e-01 0.000000e+00 -7.933533e-01
    outer loop
      vertex   -2.314012e+02 2.500000e+00 2.036748e+01
      vertex   -2.310905e+02 -3.830838e-01 2.060586e+01
      vertex   -2.314012e+02 -3.830838e-01 2.036748e+01
    endloop
  endfacet
  facet normal 7.933533e-01 0.000000e+00 -6.087614e-01
    outer loop
      vertex   -2.314012e+02 2.500000e+00 2.036748e+01
      vertex   -2.314012e+02 -3.830838e-01 2.036748e+01
      vertex   -2.316396e+02 2.500000e+00 2.005682e+01
    endloop
  endfacet
  facet normal 7.933533e-01 7.501534e-16 -6.087614e-01
    outer loop
      vertex   -2.316396e+02 2.500000e+00 2.005682e+01
      vertex   -2.314012e+02 -3.830838e-01 2.036748e+01
      vertex   -2.316396e+02 -3.830838e-01 2.005682e+01
    endloop
  endfacet
  facet normal 9.238795e-01 4.715661e-16 -3.826834e-01
    outer loop
      vertex   -2.316396e+02 2.500000e+00 2.005682e+01
      vertex   -2.316396e+02 -3.830838e-01 2.005682e+01
      vertex   -2.317894e+02 2.500000e+00 1.969505e+01
    endloop
  endfacet
  facet normal 9.238795e-01 0.000000e+00 -3.826834e-01
    outer loop
      vertex   -2.317894e+02 2.500000e+00 1.969505e+01
      vertex   -2.316396e+02 -3.830838e-01 2.005682e+01
      vertex   -2.317894e+02 -3.830838e-01 1.969505e+01
    endloop
  endfacet
  facet normal -9.914449e-01 -1.171414e-01 5.757581e-02
    outer loop
      vertex   -2.235511e+02 2.351145e+01 -2.920970e+01
      vertex   -2.235511e+02 2.262923e+01 -3.100461e+01
      vertex   -2.235000e+02 2.316303e+01 -2.903845e+01
    endloop
  endfacet
  facet normal -9.914449e-01 -1.171414e-01 5.757581e-02
    outer loop
      vertex   -2.235000e+02 2.316303e+01 -2.903845e+01
      vertex   -2.235511e+02 2.262923e+01 -3.100461e+01
      vertex   -2.235000e+02 2.228082e+01 -3.083337e+01
    endloop
  endfacet
  facet normal -9.914449e-01 1.171414e-01 -5.757581e-02
    outer loop
      vertex   -2.235000e+02 2.316303e+01 -2.903845e+01
      vertex   -2.235000e+02 2.228082e+01 -3.083337e+01
      vertex   -2.235511e+02 2.281461e+01 -2.886720e+01
    endloop
  endfacet
  facet normal -9.914449e-01 1.171414e-01 -5.757581e-02
    outer loop
      vertex   -2.235511e+02 2.281461e+01 -2.886720e+01
      vertex   -2.235000e+02 2.228082e+01 -3.083337e+01
      vertex   -2.235511e+02 2.193240e+01 -3.066212e+01
    endloop
  endfacet
  facet normal -9.238795e-01 3.434413e-01 -1.688037e-01
    outer loop
      vertex   -2.235511e+02 2.281461e+01 -2.886720e+01
      vertex   -2.235511e+02 2.193240e+01 -3.066212e+01
      vertex   -2.237010e+02 2.248994e+01 -2.870763e+01
    endloop
  endfacet
  facet normal -9.238795e-01 3.434413e-01 -1.688037e-01
    outer loop
      vertex   -2.237010e+02 2.248994e+01 -2.870763e+01
      vertex   -2.235511e+02 2.193240e+01 -3.066212e+01
      vertex   -2.237010e+02 2.160772e+01 -3.050254e+01
    endloop
  endfacet
  facet normal -7.933533e-01 5.463362e-01 -2.685280e-01
    outer loop
      vertex   -2.237010e+02 2.248994e+01 -2.870763e+01
      vertex   -2.237010e+02 2.160772e+01 -3.050254e+01
      vertex   -2.239393e+02 2.221113e+01 -2.857059e+01
    endloop
  endfacet
  facet normal -7.933533e-01 5.463362e-01 -2.685280e-01
    outer loop
      vertex   -2.239393e+02 2.221113e+01 -2.857059e+01
      vertex   -2.237010e+02 2.160772e+01 -3.050254e+01
      vertex   -2.239393e+02 2.132892e+01 -3.036550e+01
    endloop
  endfacet
  facet normal -6.087614e-01 7.119991e-01 -3.499525e-01
    outer loop
      vertex   -2.239393e+02 2.221113e+01 -2.857059e+01
      vertex   -2.239393e+02 2.132892e+01 -3.036550e+01
      vertex   -2.242500e+02 2.199720e+01 -2.846544e+01
    endloop
  endfacet
  facet normal -6.087614e-01 7.119991e-01 -3.499525e-01
    outer loop
      vertex   -2.242500e+02 2.199720e+01 -2.846544e+01
      vertex   -2.239393e+02 2.132892e+01 -3.036550e+01
      vertex   -2.242500e+02 2.111499e+01 -3.026035e+01
    endloop
  endfacet
  facet normal -3.826834e-01 8.291406e-01 -4.075283e-01
    outer loop
      vertex   -2.242500e+02 2.199720e+01 -2.846544e+01
      vertex   -2.242500e+02 2.111499e+01 -3.026035e+01
      vertex   -2.246118e+02 2.186271e+01 -2.839934e+01
    endloop
  endfacet
  facet normal -3.826834e-01 8.291406e-01 -4.075283e-01
    outer loop
      vertex   -2.246118e+02 2.186271e+01 -2.839934e+01
      vertex   -2.242500e+02 2.111499e+01 -3.026035e+01
      vertex   -2.246118e+02 2.098050e+01 -3.019425e+01
    endloop
  endfacet
  facet normal -1.305262e-01 8.897774e-01 -4.373317e-01
    outer loop
      vertex   -2.246118e+02 2.186271e+01 -2.839934e+01
      vertex   -2.246118e+02 2.098050e+01 -3.019425e+01
      vertex   -2.250000e+02 2.181684e+01 -2.837680e+01
    endloop
  endfacet
  facet normal -1.305262e-01 8.897774e-01 -4.373317e-01
    outer loop
      vertex   -2.250000e+02 2.181684e+01 -2.837680e+01
      vertex   -2.246118e+02 2.098050e+01 -3.019425e+01
      vertex   -2.250000e+02 2.093463e+01 -3.017171e+01
    endloop
  endfacet
  facet normal 1.305262e-01 8.897774e-01 -4.373317e-01
    outer loop
      vertex   -2.250000e+02 2.181684e+01 -2.837680e+01
      vertex   -2.250000e+02 2.093463e+01 -3.017171e+01
      vertex   -2.253882e+02 2.186271e+01 -2.839934e+01
    endloop
  endfacet
  facet normal 1.305262e-01 8.897774e-01 -4.373317e-01
    outer loop
      vertex   -2.253882e+02 2.186271e+01 -2.839934e+01
      vertex   -2.250000e+02 2.093463e+01 -3.017171e+01
      vertex   -2.253882e+02 2.098050e+01 -3.019425e+01
    endloop
  endfacet
  facet normal 3.826834e-01 8.291406e-01 -4.075283e-01
    outer loop
      vertex   -2.253882e+02 2.186271e+01 -2.839934e+01
      vertex   -2.253882e+02 2.098050e+01 -3.019425e+01
      vertex   -2.257500e+02 2.199720e+01 -2.846544e+01
    endloop
  endfacet
  facet normal 3.826834e-01 8.291406e-01 -4.075283e-01
    outer loop
      vertex   -2.257500e+02 2.199720e+01 -2.846544e+01
      vertex   -2.253882e+02 2.098050e+01 -3.019425e+01
      vertex   -2.257500e+02 2.111499e+01 -3.026035e+01
    endloop
  endfacet
  facet normal 6.087614e-01 7.119991e-01 -3.499525e-01
    outer loop
      vertex   -2.257500e+02 2.199720e+01 -2.846544e+01
      vertex   -2.257500e+02 2.111499e+01 -3.026035e+01
      vertex   -2.260607e+02 2.221113e+01 -2.857059e+01
    endloop
  endfacet
  facet normal 6.087614e-01 7.119991e-01 -3.499525e-01
    outer loop
      vertex   -2.260607e+02 2.221113e+01 -2.857059e+01
      vertex   -2.257500e+02 2.111499e+01 -3.026035e+01
      vertex   -2.260607e+02 2.132892e+01 -3.036550e+01
    endloop
  endfacet
  facet normal 7.933533e-01 5.463362e-01 -2.685280e-01
    outer loop
      vertex   -2.260607e+02 2.221113e+01 -2.857059e+01
      vertex   -2.260607e+02 2.132892e+01 -3.036550e+01
      vertex   -2.262990e+02 2.248994e+01 -2.870763e+01
    endloop
  endfacet
  facet normal 7.933533e-01 5.463362e-01 -2.685280e-01
    outer loop
      vertex   -2.262990e+02 2.248994e+01 -2.870763e+01
      vertex   -2.260607e+02 2.132892e+01 -3.036550e+01
      vertex   -2.262990e+02 2.160772e+01 -3.050254e+01
    endloop
  endfacet
  facet normal 9.238795e-01 3.434413e-01 -1.688037e-01
    outer loop
      vertex   -2.262990e+02 2.248994e+01 -2.870763e+01
      vertex   -2.262990e+02 2.160772e+01 -3.050254e+01
      vertex   -2.264489e+02 2.281461e+01 -2.886720e+01
    endloop
  endfacet
  facet normal 9.238795e-01 3.434413e-01 -1.688037e-01
    outer loop
      vertex   -2.264489e+02 2.281461e+01 -2.886720e+01
      vertex   -2.262990e+02 2.160772e+01 -3.050254e+01
      vertex   -2.264489e+02 2.193240e+01 -3.066212e+01
    endloop
  endfacet
  facet normal 9.914449e-01 1.171414e-01 -5.757581e-02
    outer loop
      vertex   -2.264489e+02 2.281461e+01 -2.886720e+01
      vertex   -2.264489e+02 2.193240e+01 -3.066212e+01
      vertex   -2.265000e+02 2.316303e+01 -2.903845e+01
    endloop
  endfacet
  facet normal 9.914449e-01 1.171414e-01 -5.757581e-02
    outer loop
      vertex   -2.265000e+02 2.316303e+01 -2.903845e+01
      vertex   -2.264489e+02 2.193240e+01 -3.066212e+01
      vertex   -2.265000e+02 2.228082e+01 -3.083337e+01
    endloop
  endfacet
  facet normal 9.914449e-01 -1.171414e-01 5.757581e-02
    outer loop
      vertex   -2.265000e+02 2.316303e+01 -2.903845e+01
      vertex   -2.265000e+02 2.228082e+01 -3.083337e+01
      vertex   -2.264489e+02 2.351145e+01 -2.920970e+01
    endloop
  endfacet
  facet normal 9.914449e-01 -1.171414e-01 5.757581e-02
    outer loop
      vertex   -2.264489e+02 2.351145e+01 -2.920970e+01
      vertex   -2.265000e+02 2.228082e+01 -3.083337e+01
      vertex   -2.264489e+02 2.262923e+01 -3.100461e+01
    endloop
  endfacet
  facet normal 9.238795e-01 -3.434413e-01 1.688037e-01
    outer loop
      vertex   -2.264489e+02 2.351145e+01 -2.920970e+01
      vertex   -2.264489e+02 2.262923e+01 -3.100461e+01
      vertex   -2.262990e+02 2.383612e+01 -2.936928e+01
    endloop
  endfacet
  facet normal 9.238795e-01 -3.434413e-01 1.688037e-01
    outer loop
      vertex   -2.262990e+02 2.383612e+01 -2.936928e+01
      vertex   -2.264489e+02 2.262923e+01 -3.100461e+01
      vertex   -2.262990e+02 2.295391e+01 -3.116419e+01
    endloop
  endfacet
  facet normal 7.933533e-01 -5.463362e-01 2.685280e-01
    outer loop
      vertex   -2.262990e+02 2.383612e+01 -2.936928e+01
      vertex   -2.262990e+02 2.295391e+01 -3.116419e+01
      vertex   -2.260607e+02 2.411492e+01 -2.950632e+01
    endloop
  endfacet
  facet normal 7.933533e-01 -5.463362e-01 2.685280e-01
    outer loop
      vertex   -2.260607e+02 2.411492e+01 -2.950632e+01
      vertex   -2.262990e+02 2.295391e+01 -3.116419e+01
      vertex   -2.260607e+02 2.323271e+01 -3.130123e+01
    endloop
  endfacet
  facet normal 6.087614e-01 -7.119991e-01 3.499525e-01
    outer loop
      vertex   -2.260607e+02 2.411492e+01 -2.950632e+01
      vertex   -2.260607e+02 2.323271e+01 -3.130123e+01
      vertex   -2.257500e+02 2.432886e+01 -2.961147e+01
    endloop
  endfacet
  facet normal 6.087614e-01 -7.119991e-01 3.499525e-01
    outer loop
      vertex   -2.257500e+02 2.432886e+01 -2.961147e+01
      vertex   -2.260607e+02 2.323271e+01 -3.130123e+01
      vertex   -2.257500e+02 2.344664e+01 -3.140638e+01
    endloop
  endfacet
  facet normal 3.826834e-01 -8.291406e-01 4.075283e-01
    outer loop
      vertex   -2.257500e+02 2.432886e+01 -2.961147e+01
      vertex   -2.257500e+02 2.344664e+01 -3.140638e+01
      vertex   -2.253882e+02 2.446334e+01 -2.967757e+01
    endloop
  endfacet
  facet normal 3.826834e-01 -8.291406e-01 4.075283e-01
    outer loop
      vertex   -2.253882e+02 2.446334e+01 -2.967757e+01
      vertex   -2.257500e+02 2.344664e+01 -3.140638e+01
      vertex   -2.253882e+02 2.358113e+01 -3.147248e+01
    endloop
  endfacet
  facet normal 1.305262e-01 -8.897774e-01 4.373317e-01
    outer loop
      vertex   -2.253882e+02 2.446334e+01 -2.967757e+01
      vertex   -2.253882e+02 2.358113e+01 -3.147248e+01
      vertex   -2.250000e+02 2.450921e+01 -2.970011e+01
    endloop
  endfacet
  facet normal 1.305262e-01 -8.897774e-01 4.373317e-01
    outer loop
      vertex   -2.250000e+02 2.450921e+01 -2.970011e+01
      vertex   -2.253882e+02 2.358113e+01 -3.147248e+01
      vertex   -2.250000e+02 2.362700e+01 -3.149502e+01
    endloop
  endfacet
  facet normal -1.305262e-01 -8.897774e-01 4.373317e-01
    outer loop
      vertex   -2.250000e+02 2.450921e+01 -2.970011e+01
      vertex   -2.250000e+02 2.362700e+01 -3.149502e+01
      vertex   -2.246118e+02 2.446334e+01 -2.967757e+01
    endloop
  endfacet
  facet normal -1.305262e-01 -8.897774e-01 4.373317e-01
    outer loop
      vertex   -2.246118e+02 2.446334e+01 -2.967757e+01
      vertex   -2.250000e+02 2.362700e+01 -3.149502e+01
      vertex   -2.246118e+02 2.358113e+01 -3.147248e+01
    endloop
  endfacet
  facet normal -3.826834e-01 -8.291406e-01 4.075283e-01
    outer loop
      vertex   -2.246118e+02 2.446334e+01 -2.967757e+01
      vertex   -2.246118e+02 2.358113e+01 -3.147248e+01
      vertex   -2.242500e+02 2.432886e+01 -2.961147e+01
    endloop
  endfacet
  facet normal -3.826834e-01 -8.291406e-01 4.075283e-01
    outer loop
      vertex   -2.242500e+02 2.432886e+01 -2.961147e+01
      vertex   -2.246118e+02 2.358113e+01 -3.147248e+01
      vertex   -2.242500e+02 2.344664e+01 -3.140638e+01
    endloop
  endfacet
  facet normal -6.087614e-01 -7.119991e-01 3.499525e-01
    outer loop
      vertex   -2.242500e+02 2.432886e+01 -2.961147e+01
      vertex   -2.242500e+02 2.344664e+01 -3.140638e+01
      vertex   -2.239393e+02 2.411492e+01 -2.950632e+01
    endloop
  endfacet
  facet normal -6.087614e-01 -7.119991e-01 3.499525e-01
    outer loop
      vertex   -2.239393e+02 2.411492e+01 -2.950632e+01
      vertex   -2.242500e+02 2.344664e+01 -3.140638e+01
      vertex   -2.239393e+02 2.323271e+01 -3.130123e+01
    endloop
  endfacet
  facet normal -7.933533e-01 -5.463362e-01 2.685280e-01
    outer loop
      vertex   -2.239393e+02 2.411492e+01 -2.950632e+01
      vertex   -2.239393e+02 2.323271e+01 -3.130123e+01
      vertex   -2.237010e+02 2.383612e+01 -2.936928e+01
    endloop
  endfacet
  facet normal -7.933533e-01 -5.463362e-01 2.685280e-01
    outer loop
      vertex   -2.237010e+02 2.383612e+01 -2.936928e+01
      vertex   -2.239393e+02 2.323271e+01 -3.130123e+01
      vertex   -2.237010e+02 2.295391e+01 -3.116419e+01
    endloop
  endfacet
  facet normal -9.238795e-01 -3.434413e-01 1.688037e-01
    outer loop
      vertex   -2.237010e+02 2.383612e+01 -2.936928e+01
      vertex   -2.237010e+02 2.295391e+01 -3.116419e+01
      vertex   -2.235511e+02 2.351145e+01 -2.920970e+01
    endloop
  endfacet
  facet normal -9.238795e-01 -3.434413e-01 1.688037e-01
    outer loop
      vertex   -2.235511e+02 2.351145e+01 -2.920970e+01
      vertex   -2.237010e+02 2.295391e+01 -3.116419e+01
      vertex   -2.235511e+02 2.262923e+01 -3.100461e+01
    endloop
  endfacet
  facet normal 0.000000e+00 0.000000e+00 -1.000000e+00
    outer loop
      vertex   -1.814392e+02 -3.830838e-01 -2.000771e+01
      vertex   -2.518995e+02 -3.830838e-01 -2.000771e+01
      vertex   -1.814392e+02 2.553668e-01 -2.000771e+01
    endloop
  endfacet
  facet normal -0.000000e+00 0.000000e+00 -1.000000e+00
    outer loop
      vertex   -1.814392e+02 2.553668e-01 -2.000771e+01
      vertex   -2.518995e+02 -3.830838e-01 -2.000771e+01
      vertex   -2.519989e+02 2.553668e-01 -2.000771e+01
    endloop
  endfacet
  facet normal -9.850727e-01 -1.532335e-01 -7.842953e-02
    outer loop
      vertex   -2.571900e+02 4.500000e+01 -4.222826e+01
      vertex   -2.571317e+02 4.462268e+01 -4.222355e+01
      vertex   -2.573856e+02 4.500000e+01 -3.977148e+01
    endloop
  endfacet
  facet normal -9.850727e-01 -1.532335e-01 -7.842953e-02
    outer loop
      vertex   -2.573856e+02 4.500000e+01 -3.977148e+01
      vertex   -2.571317e+02 4.462268e+01 -4.222355e+01
      vertex   -2.573417e+02 4.462314e+01 -3.958625e+01
    endloop
  endfacet
  facet normal -9.850727e-01 -1.532335e-01 -7.842953e-02
    outer loop
      vertex   -2.573417e+02 4.462314e+01 -3.958625e+01
      vertex   -2.571317e+02 4.462268e+01 -4.222355e+01
      vertex   -2.519857e+02 2.712548e-01 -2.020378e+01
    endloop
  endfacet
  facet normal -9.850727e-01 -1.532335e-01 -7.842953e-02
    outer loop
      vertex   -2.573417e+02 4.462314e+01 -3.958625e+01
      vertex   -2.519857e+02 2.712548e-01 -2.020378e+01
      vertex   -2.520004e+02 2.689647e-01 -2.001439e+01
    endloop
  endfacet
  facet normal -9.850727e-01 -1.532335e-01 -7.842953e-02
    outer loop
      vertex   -2.519989e+02 2.553668e-01 -2.000771e+01
      vertex   -2.566064e+02 2.112843e+00 3.423443e+01
      vertex   -2.520004e+02 2.689647e-01 -2.001439e+01
    endloop
  endfacet
  facet normal -9.850727e-01 -1.532335e-01 -7.842953e-02
    outer loop
      vertex   -2.520004e+02 2.689647e-01 -2.001439e+01
      vertex   -2.566064e+02 2.112843e+00 3.423443e+01
      vertex   -2.632075e+02 4.463601e+01 3.406264e+01
    endloop
  endfacet
  facet normal -9.850727e-01 -1.532335e-01 -7.842953e-02
    outer loop
      vertex   -2.520004e+02 2.689647e-01 -2.001439e+01
      vertex   -2.632075e+02 4.463601e+01 3.406264e+01
      vertex   -2.573417e+02 4.462314e+01 -3.958625e+01
    endloop
  endfacet
  facet normal -9.850727e-01 -1.532335e-01 -7.842953e-02
    outer loop
      vertex   -2.573417e+02 4.462314e+01 -3.958625e+01
      vertex   -2.632075e+02 4.463601e+01 3.406264e+01
      vertex   -2.574000e+02 4.500000e+01 -3.959095e+01
    endloop
  endfacet
  facet normal -9.850727e-01 -1.532335e-01 -7.842953e-02
    outer loop
      vertex   -2.574000e+02 4.500000e+01 -3.959095e+01
      vertex   -2.632075e+02 4.463601e+01 3.406264e+01
      vertex   -2.632637e+02 4.500000e+01 3.405810e+01
    endloop
  endfacet
  facet normal -9.850727e-01 -1.532335e-01 -7.842953e-02
    outer loop
      vertex   -2.518995e+02 -3.830838e-01 -2.000771e+01
      vertex   -2.561922e+02 -3.830838e-01 3.390771e+01
      vertex   -2.519989e+02 2.553668e-01 -2.000771e+01
    endloop
  endfacet
  facet normal -9.850727e-01 -1.532335e-01 -7.842953e-02
    outer loop
      vertex   -2.519989e+02 2.553668e-01 -2.000771e+01
      vertex   -2.561922e+02 -3.830838e-01 3.390771e+01
      vertex   -2.566064e+02 2.112843e+00 3.423443e+01
    endloop
  endfacet
  facet normal -9.850727e-01 -1.532335e-01 -7.842953e-02
    outer loop
      vertex   -2.562184e+02 -3.871569e-01 3.424453e+01
      vertex   -2.562190e+02 -3.830838e-01 3.424452e+01
      vertex   -2.561922e+02 -3.830838e-01 3.390771e+01
    endloop
  endfacet
  facet normal -9.850727e-01 -1.532335e-01 -7.842953e-02
    outer loop
      vertex   -2.561922e+02 -3.830838e-01 3.390771e+01
      vertex   -2.562190e+02 -3.830838e-01 3.424452e+01
      vertex   -2.566064e+02 2.112843e+00 3.423443e+01
    endloop
  endfacet
  facet normal -9.850727e-01 -1.532335e-01 -7.842953e-02
    outer loop
      vertex   -2.562190e+02 -3.830838e-01 3.424452e+01
      vertex   -2.562190e+02 -3.830838e-01 3.424453e+01
      vertex   -2.566064e+02 2.112843e+00 3.423443e+01
    endloop
  endfacet
  facet normal -9.850727e-01 -1.532335e-01 -7.842953e-02
    outer loop
      vertex   -2.566064e+02 2.112843e+00 3.423443e+01
      vertex   -2.562190e+02 -3.830838e-01 3.424453e+01
      vertex   -2.566072e+02 2.112843e+00 3.424453e+01
    endloop
  endfacet
  facet normal 7.939376e-02 -1.740674e-04 -9.968433e-01
    outer loop
      vertex   -2.571900e+02 4.500000e+01 -4.222826e+01
      vertex   -2.547060e+02 4.500000e+01 -4.203043e+01
      vertex   -2.571317e+02 4.462268e+01 -4.222355e+01
    endloop
  endfacet
  facet normal 1.376485e-01 -4.276008e-01 -8.934262e-01
    outer loop
      vertex   -2.546683e+02 4.500000e+01 -4.202461e+01
      vertex   -2.540946e+02 4.005519e+01 -3.956959e+01
      vertex   -2.547060e+02 4.500000e+01 -4.203043e+01
    endloop
  endfacet
  facet normal 1.376485e-01 -4.276008e-01 -8.934262e-01
    outer loop
      vertex   -2.547060e+02 4.500000e+01 -4.203043e+01
      vertex   -2.540946e+02 4.005519e+01 -3.956959e+01
      vertex   -2.571317e+02 4.462268e+01 -4.222355e+01
    endloop
  endfacet
  facet normal 1.376485e-01 -4.276008e-01 -8.934262e-01
    outer loop
      vertex   -2.571317e+02 4.462268e+01 -4.222355e+01
      vertex   -2.540946e+02 4.005519e+01 -3.956959e+01
      vertex   -2.507795e+02 4.588935e-01 -2.010774e+01
    endloop
  endfacet
  facet normal 1.376485e-01 -4.276008e-01 -8.934262e-01
    outer loop
      vertex   -2.571317e+02 4.462268e+01 -4.222355e+01
      vertex   -2.507795e+02 4.588935e-01 -2.010774e+01
      vertex   -2.519857e+02 2.712548e-01 -2.020378e+01
    endloop
  endfacet
  facet normal 9.850727e-01 1.532335e-01 7.842953e-02
    outer loop
      vertex   -2.548477e+02 4.500000e+01 -3.977148e+01
      vertex   -2.607418e+02 4.500000e+01 3.425879e+01
      vertex   -2.501365e+02 4.534063e+00 -1.988219e+01
    endloop
  endfacet
  facet normal 9.850727e-01 1.532335e-01 7.842953e-02
    outer loop
      vertex   -2.501365e+02 4.534063e+00 -1.988219e+01
      vertex   -2.607418e+02 4.500000e+01 3.425879e+01
      vertex   -2.540694e+02 2.112843e+00 3.424453e+01
    endloop
  endfacet
  facet normal 9.850727e-01 1.532335e-01 7.842953e-02
    outer loop
      vertex   -2.501365e+02 4.534063e+00 -1.988219e+01
      vertex   -2.540694e+02 2.112843e+00 3.424453e+01
      vertex   -2.497599e+02 2.112843e+00 -1.988219e+01
    endloop
  endfacet
  facet normal 9.850727e-01 1.532335e-01 7.842953e-02
    outer loop
      vertex   -2.607418e+02 4.500000e+01 3.425879e+01
      vertex   -2.537557e+02 -4.073031e-03 3.444061e+01
      vertex   -2.540694e+02 2.112843e+00 3.424453e+01
    endloop
  endfacet
  facet normal 9.850727e-01 1.532335e-01 7.842953e-02
    outer loop
      vertex   -2.540694e+02 2.112843e+00 3.424453e+01
      vertex   -2.537557e+02 -4.073031e-03 3.444061e+01
      vertex   -2.537404e+02 -1.702025e-03 3.424453e+01
    endloop
  endfacet
  facet normal 9.850727e-01 1.532335e-01 7.842953e-02
    outer loop
      vertex   -2.546683e+02 4.500000e+01 -4.202461e+01
      vertex   -2.546703e+02 4.500000e+01 -4.200000e+01
      vertex   -2.540946e+02 4.005519e+01 -3.956959e+01
    endloop
  endfacet
  facet normal 0.000000e+00 -1.000000e+00 3.373547e-12
    outer loop
      vertex   -2.562190e+02 -3.830838e-01 3.424453e+01
      vertex   -2.562190e+02 -3.830838e-01 3.424452e+01
      vertex   -2.562188e+02 -3.830838e-01 3.424453e+01
    endloop
  endfacet
  facet normal -0.000000e+00 4.411054e-01 8.974553e-01
    outer loop
      vertex   -2.573856e+02 4.500000e+01 -3.977148e+01
      vertex   -2.573417e+02 4.462314e+01 -3.958625e+01
      vertex   -2.548885e+02 4.500000e+01 -3.977148e+01
    endloop
  endfacet
  facet normal -0.000000e+00 2.842171e-15 1.000000e+00
    outer loop
      vertex   -2.480592e+02 2.500000e+00 3.426614e+01
      vertex   -2.476703e+02 0.000000e+00 3.426614e+01
      vertex   -2.076251e+02 2.500000e+00 3.426614e+01
    endloop
  endfacet
  facet normal 1.774354e-16 0.000000e+00 1.000000e+00
    outer loop
      vertex   -2.076251e+02 2.500000e+00 3.426614e+01
      vertex   -2.476703e+02 0.000000e+00 3.426614e+01
      vertex   -2.076251e+02 0.000000e+00 3.426614e+01
    endloop
  endfacet
  facet normal -7.811240e-02 -8.098222e-03 9.969117e-01
    outer loop
      vertex   -2.607418e+02 4.500000e+01 3.425879e+01
      vertex   -2.608675e+02 4.500000e+01 3.424895e+01
      vertex   -2.537557e+02 -4.073031e-03 3.444061e+01
    endloop
  endfacet
  facet normal -7.811240e-02 -8.098222e-03 9.969117e-01
    outer loop
      vertex   -2.537557e+02 -4.073031e-03 3.444061e+01
      vertex   -2.608675e+02 4.500000e+01 3.424895e+01
      vertex   -2.564775e+02 2.112843e+00 3.424453e+01
    endloop
  endfacet
  facet normal -7.811240e-02 -8.098222e-03 9.969117e-01
    outer loop
      vertex   -2.537557e+02 -4.073031e-03 3.444061e+01
      vertex   -2.564775e+02 2.112843e+00 3.424453e+01
      vertex   -2.562188e+02 -3.830838e-01 3.424453e+01
    endloop
  endfacet
  facet normal -7.811240e-02 -8.098222e-03 9.969117e-01
    outer loop
      vertex   -2.608675e+02 4.500000e+01 3.424895e+01
      vertex   -2.632075e+02 4.463601e+01 3.406264e+01
      vertex   -2.564775e+02 2.112843e+00 3.424453e+01
    endloop
  endfacet
  facet normal -7.811240e-02 -8.098222e-03 9.969117e-01
    outer loop
      vertex   -2.564775e+02 2.112843e+00 3.424453e+01
      vertex   -2.632075e+02 4.463601e+01 3.406264e+01
      vertex   -2.566064e+02 2.112843e+00 3.423443e+01
    endloop
  endfacet
  facet normal -7.811240e-02 -8.098222e-03 9.969117e-01
    outer loop
      vertex   -2.562190e+02 -3.830838e-01 3.424452e+01
      vertex   -2.562184e+02 -3.871569e-01 3.424453e+01
      vertex   -2.562188e+02 -3.830838e-01 3.424453e+01
    endloop
  endfacet
  facet normal -7.811240e-02 -8.098222e-03 9.969117e-01
    outer loop
      vertex   -2.562188e+02 -3.830838e-01 3.424453e+01
      vertex   -2.562184e+02 -3.871569e-01 3.424453e+01
      vertex   -2.537557e+02 -4.073031e-03 3.444061e+01
    endloop
  endfacet
  facet normal 1.537070e-01 -9.881165e-01 2.642850e-14
    outer loop
      vertex   -2.561922e+02 -3.830838e-01 3.390771e+01
      vertex   -2.561922e+02 -3.830838e-01 3.424453e+01
      vertex   -2.562184e+02 -3.871569e-01 3.424453e+01
    endloop
  endfacet
  facet normal 1.537070e-01 -9.881165e-01 2.651317e-12
    outer loop
      vertex   -2.562184e+02 -3.871569e-01 3.424453e+01
      vertex   -2.561922e+02 -3.830838e-01 3.424453e+01
      vertex   -2.537557e+02 -4.073031e-03 3.444061e+01
    endloop
  endfacet
  facet normal 1.537070e-01 -9.881165e-01 -1.256908e-14
    outer loop
      vertex   -2.537557e+02 -4.073031e-03 3.444061e+01
      vertex   -2.561922e+02 -3.830838e-01 3.424453e+01
      vertex   -2.537404e+02 -1.702025e-03 3.424453e+01
    endloop
  endfacet
  facet normal 0.000000e+00 -1.000000e+00 0.000000e+00
    outer loop
      vertex   -2.476703e+02 0.000000e+00 3.424453e+01
      vertex   -2.076251e+02 0.000000e+00 3.424453e+01
      vertex   -2.476703e+02 0.000000e+00 3.426614e+01
    endloop
  endfacet
  facet normal 0.000000e+00 -1.000000e+00 0.000000e+00
    outer loop
      vertex   -2.476703e+02 0.000000e+00 3.426614e+01
      vertex   -2.076251e+02 0.000000e+00 3.424453e+01
      vertex   -2.076251e+02 0.000000e+00 3.426614e+01
    endloop
  endfacet
  facet normal 1.000000e+00 -0.000000e+00 0.000000e+00
    outer loop
      vertex   -2.076251e+02 -3.830838e-01 3.424453e+01
      vertex   -2.076251e+02 -3.830838e-01 -5.882191e+00
      vertex   -2.076251e+02 0.000000e+00 3.424453e+01
    endloop
  endfacet
  facet normal 1.000000e+00 0.000000e+00 0.000000e+00
    outer loop
      vertex   -2.076251e+02 0.000000e+00 3.424453e+01
      vertex   -2.076251e+02 -3.830838e-01 -5.882191e+00
      vertex   -2.076251e+02 2.500000e+00 -5.882191e+00
    endloop
  endfacet
  facet normal 1.000000e+00 -0.000000e+00 0.000000e+00
    outer loop
      vertex   -2.076251e+02 0.000000e+00 3.424453e+01
      vertex   -2.076251e+02 2.500000e+00 -5.882191e+00
      vertex   -2.076251e+02 2.500000e+00 3.426614e+01
    endloop
  endfacet
  facet normal 1.000000e+00 0.000000e+00 0.000000e+00
    outer loop
      vertex   -2.076251e+02 2.500000e+00 3.426614e+01
      vertex   -2.076251e+02 0.000000e+00 3.426614e+01
      vertex   -2.076251e+02 0.000000e+00 3.424453e+01
    endloop
  endfacet
  facet normal 0.000000e+00 0.000000e+00 1.000000e+00
    outer loop
      vertex   -2.076251e+02 0.000000e+00 3.424453e+01
      vertex   -2.476703e+02 0.000000e+00 3.424453e+01
      vertex   -2.076251e+02 -3.830838e-01 3.424453e+01
    endloop
  endfacet
  facet normal 0.000000e+00 0.000000e+00 1.000000e+00
    outer loop
      vertex   -2.076251e+02 -3.830838e-01 3.424453e+01
      vertex   -2.476703e+02 0.000000e+00 3.424453e+01
      vertex   -2.561922e+02 -3.830838e-01 3.424453e+01
    endloop
  endfacet
  facet normal 0.000000e+00 0.000000e+00 1.000000e+00
    outer loop
      vertex   -2.561922e+02 -3.830838e-01 3.424453e+01
      vertex   -2.476703e+02 0.000000e+00 3.424453e+01
      vertex   -2.537404e+02 -1.702025e-03 3.424453e+01
    endloop
  endfacet
  facet normal 0.000000e+00 -0.000000e+00 1.000000e+00
    outer loop
      vertex   -2.537404e+02 -1.702025e-03 3.424453e+01
      vertex   -2.476703e+02 0.000000e+00 3.424453e+01
      vertex   -2.540694e+02 2.112843e+00 3.424453e+01
    endloop
  endfacet
  facet normal -0.000000e+00 0.000000e+00 1.000000e+00
    outer loop
      vertex   -2.540694e+02 2.112843e+00 3.424453e+01
      vertex   -2.476703e+02 0.000000e+00 3.424453e+01
      vertex   -2.480592e+02 2.500000e+00 3.424453e+01
    endloop
  endfacet
  facet normal 0.000000e+00 0.000000e+00 1.000000e+00
    outer loop
      vertex   -2.540694e+02 2.112843e+00 3.424453e+01
      vertex   -2.480592e+02 2.500000e+00 3.424453e+01
      vertex   -2.540694e+02 2.502843e+00 3.424453e+01
    endloop
  endfacet
  facet normal -0.000000e+00 0.000000e+00 1.000000e+00
    outer loop
      vertex   -2.540694e+02 2.502843e+00 3.424453e+01
      vertex   -2.480592e+02 2.500000e+00 3.424453e+01
      vertex   -2.479989e+02 2.502843e+00 3.424453e+01
    endloop
  endfacet
  facet normal 0.000000e+00 0.000000e+00 1.000000e+00
    outer loop
      vertex   -2.479989e+02 2.502843e+00 3.424453e+01
      vertex   -2.480592e+02 2.500000e+00 3.424453e+01
      vertex   -2.479989e+02 2.500000e+00 3.424453e+01
    endloop
  endfacet
  facet normal 0.000000e+00 1.000000e+00 4.396980e-14
    outer loop
      vertex   -2.566064e+02 2.112843e+00 3.423443e+01
      vertex   -2.566072e+02 2.112843e+00 3.424453e+01
      vertex   -2.564775e+02 2.112843e+00 3.424453e+01
    endloop
  endfacet
  facet normal -0.000000e+00 0.000000e+00 1.000000e+00
    outer loop
      vertex   -2.566072e+02 2.112843e+00 3.424453e+01
      vertex   -2.562190e+02 -3.830838e-01 3.424453e+01
      vertex   -2.564775e+02 2.112843e+00 3.424453e+01
    endloop
  endfacet
  facet normal 0.000000e+00 0.000000e+00 1.000000e+00
    outer loop
      vertex   -2.564775e+02 2.112843e+00 3.424453e+01
      vertex   -2.562190e+02 -3.830838e-01 3.424453e+01
      vertex   -2.562188e+02 -3.830838e-01 3.424453e+01
    endloop
  endfacet
  facet normal -9.881165e-01 -1.537070e-01 0.000000e+00
    outer loop
      vertex   -2.480592e+02 2.500000e+00 3.424453e+01
      vertex   -2.476703e+02 0.000000e+00 3.424453e+01
      vertex   -2.480592e+02 2.500000e+00 3.426614e+01
    endloop
  endfacet
  facet normal -9.881165e-01 -1.537070e-01 0.000000e+00
    outer loop
      vertex   -2.480592e+02 2.500000e+00 3.426614e+01
      vertex   -2.476703e+02 0.000000e+00 3.424453e+01
      vertex   -2.476703e+02 0.000000e+00 3.426614e+01
    endloop
  endfacet
  facet normal 1.000000e+00 1.968442e-27 -5.250957e-16
    outer loop
      vertex   -2.479989e+02 2.502843e+00 -1.988219e+01
      vertex   -2.479989e+02 2.502843e+00 3.424453e+01
      vertex   -2.479989e+02 2.500000e+00 -1.988219e+01
    endloop
  endfacet
  facet normal 1.000000e+00 0.000000e+00 -5.250957e-16
    outer loop
      vertex   -2.479989e+02 2.500000e+00 -1.988219e+01
      vertex   -2.479989e+02 2.502843e+00 3.424453e+01
      vertex   -2.479989e+02 2.500000e+00 3.424453e+01
    endloop
  endfacet
  facet normal 1.537070e-01 -9.881165e-01 -2.505551e-15
    outer loop
      vertex   -2.507795e+02 4.588935e-01 -2.010774e+01
      vertex   -2.520004e+02 2.689647e-01 -2.001439e+01
      vertex   -2.519857e+02 2.712548e-01 -2.020378e+01
    endloop
  endfacet
  facet normal -9.968455e-01 0.000000e+00 -7.936686e-02
    outer loop
      vertex   -2.497599e+02 2.112843e+00 -1.988219e+01
      vertex   -2.540694e+02 2.112843e+00 3.424453e+01
      vertex   -2.497599e+02 2.502843e+00 -1.988219e+01
    endloop
  endfacet
  facet normal -9.968455e-01 0.000000e+00 -7.936686e-02
    outer loop
      vertex   -2.497599e+02 2.502843e+00 -1.988219e+01
      vertex   -2.540694e+02 2.112843e+00 3.424453e+01
      vertex   -2.540694e+02 2.502843e+00 3.424453e+01
    endloop
  endfacet
  facet normal 0.000000e+00 1.000000e+00 -0.000000e+00
    outer loop
      vertex   -2.479989e+02 2.502843e+00 -1.988219e+01
      vertex   -2.497599e+02 2.502843e+00 -1.988219e+01
      vertex   -2.479989e+02 2.502843e+00 3.424453e+01
    endloop
  endfacet
  facet normal 0.000000e+00 1.000000e+00 0.000000e+00
    outer loop
      vertex   -2.479989e+02 2.502843e+00 3.424453e+01
      vertex   -2.497599e+02 2.502843e+00 -1.988219e+01
      vertex   -2.540694e+02 2.502843e+00 3.424453e+01
    endloop
  endfacet
  facet normal -7.167534e-02 -2.352738e-02 -9.971505e-01
    outer loop
      vertex   -2.574000e+02 4.500000e+01 -3.959095e+01
      vertex   -2.548885e+02 4.500000e+01 -3.977148e+01
      vertex   -2.573417e+02 4.462314e+01 -3.958625e+01
    endloop
  endfacet
  facet normal -7.939376e-02 1.740674e-04 9.968433e-01
    outer loop
      vertex   -2.608675e+02 4.500000e+01 3.424895e+01
      vertex   -2.632637e+02 4.500000e+01 3.405810e+01
      vertex   -2.632075e+02 4.463601e+01 3.406264e+01
    endloop
  endfacet
  facet normal -1.000000e+00 -0.000000e+00 -0.000000e+00
    outer loop
      vertex   -1.814392e+02 2.553668e-01 -2.000771e+01
      vertex   -1.814392e+02 1.823223e+01 -4.323223e+01
      vertex   -1.814392e+02 -3.830838e-01 -2.000771e+01
    endloop
  endfacet
  facet normal -1.000000e+00 0.000000e+00 0.000000e+00
    outer loop
      vertex   -1.814392e+02 -3.830838e-01 -2.000771e+01
      vertex   -1.814392e+02 1.823223e+01 -4.323223e+01
      vertex   -1.814392e+02 1.783494e+01 -4.375000e+01
    endloop
  endfacet
  facet normal -1.000000e+00 0.000000e+00 0.000000e+00
    outer loop
      vertex   -1.814392e+02 -3.830838e-01 -2.000771e+01
      vertex   -1.814392e+02 1.783494e+01 -4.375000e+01
      vertex   -1.814392e+02 1.758519e+01 -4.435295e+01
    endloop
  endfacet
  facet normal -1.000000e+00 -0.000000e+00 0.000000e+00
    outer loop
      vertex   -1.814392e+02 4.432808e+01 -4.166974e+01
      vertex   -1.814392e+02 2.064705e+01 -4.258519e+01
      vertex   -1.814392e+02 2.553668e-01 -2.000771e+01
    endloop
  endfacet
  facet normal -1.000000e+00 0.000000e+00 0.000000e+00
    outer loop
      vertex   -1.814392e+02 2.553668e-01 -2.000771e+01
      vertex   -1.814392e+02 2.064705e+01 -4.258519e+01
      vertex   -1.814392e+02 2.000000e+01 -4.250000e+01
    endloop
  endfacet
  facet normal -1.000000e+00 0.000000e+00 0.000000e+00
    outer loop
      vertex   -1.814392e+02 2.553668e-01 -2.000771e+01
      vertex   -1.814392e+02 2.000000e+01 -4.250000e+01
      vertex   -1.814392e+02 1.935295e+01 -4.258519e+01
    endloop
  endfacet
  facet normal -1.000000e+00 0.000000e+00 0.000000e+00
    outer loop
      vertex   -1.814392e+02 2.064705e+01 -4.258519e+01
      vertex   -1.814392e+02 4.432808e+01 -4.166974e+01
      vertex   -1.814392e+02 2.125000e+01 -4.283494e+01
    endloop
  endfacet
  facet normal -1.000000e+00 0.000000e+00 0.000000e+00
    outer loop
      vertex   -1.814392e+02 2.125000e+01 -4.283494e+01
      vertex   -1.814392e+02 4.432808e+01 -4.166974e+01
      vertex   -1.814392e+02 4.146338e+01 -4.470830e+01
    endloop
  endfacet
  facet normal -1.000000e+00 0.000000e+00 0.000000e+00
    outer loop
      vertex   -1.814392e+02 2.125000e+01 -4.283494e+01
      vertex   -1.814392e+02 4.146338e+01 -4.470830e+01
      vertex   -1.814392e+02 2.176777e+01 -4.323223e+01
    endloop
  endfacet
  facet normal -1.000000e+00 0.000000e+00 0.000000e+00
    outer loop
      vertex   -1.814392e+02 2.176777e+01 -4.323223e+01
      vertex   -1.814392e+02 4.146338e+01 -4.470830e+01
      vertex   -1.814392e+02 3.837311e+01 -4.751715e+01
    endloop
  endfacet
  facet normal -1.000000e+00 0.000000e+00 0.000000e+00
    outer loop
      vertex   -1.814392e+02 2.176777e+01 -4.323223e+01
      vertex   -1.814392e+02 3.837311e+01 -4.751715e+01
      vertex   -1.814392e+02 2.216506e+01 -4.375000e+01
    endloop
  endfacet
  facet normal -1.000000e+00 0.000000e+00 0.000000e+00
    outer loop
      vertex   -1.814392e+02 2.216506e+01 -4.375000e+01
      vertex   -1.814392e+02 3.837311e+01 -4.751715e+01
      vertex   -1.814392e+02 2.241481e+01 -4.435295e+01
    endloop
  endfacet
  facet normal -1.000000e+00 0.000000e+00 0.000000e+00
    outer loop
      vertex   -1.814392e+02 2.241481e+01 -4.435295e+01
      vertex   -1.814392e+02 3.837311e+01 -4.751715e+01
      vertex   -1.814392e+02 3.507566e+01 -5.007960e+01
    endloop
  endfacet
  facet normal -1.000000e+00 0.000000e+00 0.000000e+00
    outer loop
      vertex   -1.814392e+02 2.241481e+01 -4.435295e+01
      vertex   -1.814392e+02 3.507566e+01 -5.007960e+01
      vertex   -1.814392e+02 2.250000e+01 -4.500000e+01
    endloop
  endfacet
  facet normal -1.000000e+00 0.000000e+00 0.000000e+00
    outer loop
      vertex   -1.814392e+02 2.250000e+01 -4.500000e+01
      vertex   -1.814392e+02 3.507566e+01 -5.007960e+01
      vertex   -1.814392e+02 3.159061e+01 -5.238041e+01
    endloop
  endfacet
  facet normal -1.000000e+00 0.000000e+00 -0.000000e+00
    outer loop
      vertex   -1.814392e+02 2.250000e+01 -4.500000e+01
      vertex   -1.814392e+02 3.159061e+01 -5.238041e+01
      vertex   -1.814392e+02 2.241481e+01 -4.564705e+01
    endloop
  endfacet
  facet normal -1.000000e+00 0.000000e+00 -0.000000e+00
    outer loop
      vertex   -1.814392e+02 2.241481e+01 -4.564705e+01
      vertex   -1.814392e+02 3.159061e+01 -5.238041e+01
      vertex   -1.814392e+02 2.216506e+01 -4.625000e+01
    endloop
  endfacet
  facet normal -1.000000e+00 0.000000e+00 -0.000000e+00
    outer loop
      vertex   -1.814392e+02 2.216506e+01 -4.625000e+01
      vertex   -1.814392e+02 3.159061e+01 -5.238041e+01
      vertex   -1.814392e+02 2.176777e+01 -4.676777e+01
    endloop
  endfacet
  facet normal -1.000000e+00 0.000000e+00 0.000000e+00
    outer loop
      vertex   -1.814392e+02 2.176777e+01 -4.676777e+01
      vertex   -1.814392e+02 3.159061e+01 -5.238041e+01
      vertex   -1.814392e+02 2.793867e+01 -5.440592e+01
    endloop
  endfacet
  facet normal -1.000000e+00 0.000000e+00 -0.000000e+00
    outer loop
      vertex   -1.814392e+02 2.176777e+01 -4.676777e+01
      vertex   -1.814392e+02 2.793867e+01 -5.440592e+01
      vertex   -1.814392e+02 2.125000e+01 -4.716506e+01
    endloop
  endfacet
  facet normal -1.000000e+00 0.000000e+00 -0.000000e+00
    outer loop
      vertex   -1.814392e+02 2.125000e+01 -4.716506e+01
      vertex   -1.814392e+02 2.793867e+01 -5.440592e+01
      vertex   -1.814392e+02 2.064705e+01 -4.741482e+01
    endloop
  endfacet
  facet normal -1.000000e+00 0.000000e+00 0.000000e+00
    outer loop
      vertex   -1.814392e+02 2.064705e+01 -4.741482e+01
      vertex   -1.814392e+02 2.793867e+01 -5.440592e+01
      vertex   -1.814392e+02 2.414155e+01 -5.614409e+01
    endloop
  endfacet
  facet normal -1.000000e+00 0.000000e+00 -0.000000e+00
    outer loop
      vertex   -1.814392e+02 2.064705e+01 -4.741482e+01
      vertex   -1.814392e+02 2.414155e+01 -5.614409e+01
      vertex   -1.814392e+02 2.000000e+01 -4.750000e+01
    endloop
  endfacet
  facet normal -1.000000e+00 -0.000000e+00 -0.000000e+00
    outer loop
      vertex   -1.814392e+02 2.000000e+01 -4.750000e+01
      vertex   -1.814392e+02 2.414155e+01 -5.614409e+01
      vertex   -1.814392e+02 1.935295e+01 -4.741482e+01
    endloop
  endfacet
  facet normal -1.000000e+00 0.000000e+00 0.000000e+00
    outer loop
      vertex   -1.814392e+02 1.935295e+01 -4.741482e+01
      vertex   -1.814392e+02 2.414155e+01 -5.614409e+01
      vertex   -1.814392e+02 2.022182e+01 -5.758459e+01
    endloop
  endfacet
  facet normal -1.000000e+00 -0.000000e+00 -0.000000e+00
    outer loop
      vertex   -1.814392e+02 1.935295e+01 -4.741482e+01
      vertex   -1.814392e+02 2.022182e+01 -5.758459e+01
      vertex   -1.814392e+02 1.875000e+01 -4.716506e+01
    endloop
  endfacet
  facet normal -1.000000e+00 0.000000e+00 -0.000000e+00
    outer loop
      vertex   -1.814392e+02 1.875000e+01 -4.716506e+01
      vertex   -1.814392e+02 2.022182e+01 -5.758459e+01
      vertex   -1.814392e+02 1.620276e+01 -5.871885e+01
    endloop
  endfacet
  facet normal -1.000000e+00 -0.000000e+00 0.000000e+00
    outer loop
      vertex   -1.814392e+02 1.875000e+01 -4.716506e+01
      vertex   -1.814392e+02 1.620276e+01 -5.871885e+01
      vertex   -1.814392e+02 1.823223e+01 -4.676777e+01
    endloop
  endfacet
  facet normal -1.000000e+00 0.000000e+00 0.000000e+00
    outer loop
      vertex   -1.814392e+02 1.823223e+01 -4.676777e+01
      vertex   -1.814392e+02 1.620276e+01 -5.871885e+01
      vertex   -1.814392e+02 1.210827e+01 -5.954013e+01
    endloop
  endfacet
  facet normal -1.000000e+00 -0.000000e+00 0.000000e+00
    outer loop
      vertex   -1.814392e+02 1.823223e+01 -4.676777e+01
      vertex   -1.814392e+02 1.210827e+01 -5.954013e+01
      vertex   -1.814392e+02 1.783494e+01 -4.625000e+01
    endloop
  endfacet
  facet normal -1.000000e+00 0.000000e+00 0.000000e+00
    outer loop
      vertex   -1.814392e+02 1.783494e+01 -4.625000e+01
      vertex   -1.814392e+02 1.210827e+01 -5.954013e+01
      vertex   -1.814392e+02 7.962685e+00 -6.004356e+01
    endloop
  endfacet
  facet normal -1.000000e+00 -0.000000e+00 0.000000e+00
    outer loop
      vertex   -1.814392e+02 1.783494e+01 -4.625000e+01
      vertex   -1.814392e+02 7.962685e+00 -6.004356e+01
      vertex   -1.814392e+02 1.758519e+01 -4.564705e+01
    endloop
  endfacet
  facet normal -1.000000e+00 0.000000e+00 0.000000e+00
    outer loop
      vertex   -1.814392e+02 1.758519e+01 -4.564705e+01
      vertex   -1.814392e+02 7.962685e+00 -6.004356e+01
      vertex   -1.814392e+02 3.790634e+00 -6.022615e+01
    endloop
  endfacet
  facet normal -1.000000e+00 0.000000e+00 0.000000e+00
    outer loop
      vertex   -1.814392e+02 1.758519e+01 -4.564705e+01
      vertex   -1.814392e+02 3.790634e+00 -6.022615e+01
      vertex   -1.814392e+02 -3.830838e-01 -6.008679e+01
    endloop
  endfacet
  facet normal -1.000000e+00 -0.000000e+00 0.000000e+00
    outer loop
      vertex   -1.814392e+02 1.758519e+01 -4.564705e+01
      vertex   -1.814392e+02 -3.830838e-01 -6.008679e+01
      vertex   -1.814392e+02 1.750000e+01 -4.500000e+01
    endloop
  endfacet
  facet normal -1.000000e+00 -0.000000e+00 0.000000e+00
    outer loop
      vertex   -1.814392e+02 1.750000e+01 -4.500000e+01
      vertex   -1.814392e+02 -3.830838e-01 -6.008679e+01
      vertex   -1.814392e+02 -3.830838e-01 -2.000771e+01
    endloop
  endfacet
  facet normal -1.000000e+00 0.000000e+00 0.000000e+00
    outer loop
      vertex   -1.814392e+02 1.750000e+01 -4.500000e+01
      vertex   -1.814392e+02 -3.830838e-01 -2.000771e+01
      vertex   -1.814392e+02 1.758519e+01 -4.435295e+01
    endloop
  endfacet
  facet normal -1.000000e+00 -0.000000e+00 0.000000e+00
    outer loop
      vertex   -1.814392e+02 1.935295e+01 -4.258519e+01
      vertex   -1.814392e+02 1.875000e+01 -4.283494e+01
      vertex   -1.814392e+02 2.553668e-01 -2.000771e+01
    endloop
  endfacet
  facet normal -1.000000e+00 0.000000e+00 0.000000e+00
    outer loop
      vertex   -1.814392e+02 2.553668e-01 -2.000771e+01
      vertex   -1.814392e+02 1.875000e+01 -4.283494e+01
      vertex   -1.814392e+02 1.823223e+01 -4.323223e+01
    endloop
  endfacet
  facet normal 0.000000e+00 4.411054e-01 8.974553e-01
    outer loop
      vertex   -2.299955e+01 4.461692e+01 -3.958319e+01
      vertex   -2.295495e+01 4.500000e+01 -3.977148e+01
      vertex   -2.549283e+01 4.500000e+01 -3.977148e+01
    endloop
  endfacet
  facet normal -4.268039e-17 -4.411054e-01 -8.974553e-01
    outer loop
      vertex   -2.313238e+01 4.500000e+01 -4.200000e+01
      vertex   -2.317698e+01 4.461692e+01 -4.181171e+01
      vertex   -2.567026e+01 4.500000e+01 -4.200000e+01
    endloop
  endfacet
  facet normal 7.936686e-02 -3.377604e-15 9.968455e-01
    outer loop
      vertex   -1.707621e+01 4.500000e+01 3.406535e+01
      vertex   -1.959810e+01 4.500000e+01 3.426614e+01
      vertex   -1.713542e+01 4.461692e+01 3.407007e+01
    endloop
  endfacet
  facet normal 1.527502e-01 9.881900e-01 -1.216166e-02
    outer loop
      vertex   -2.532528e+01 4.607713e+01 -3.977148e+01
      vertex   -2.515080e+01 4.605016e+01 -3.977148e+01
      vertex   -2.532634e+01 4.607713e+01 -3.978473e+01
    endloop
  endfacet
  facet normal 1.527502e-01 9.881900e-01 -1.216166e-02
    outer loop
      vertex   -2.567026e+01 4.500000e+01 -4.200000e+01
      vertex   -2.317698e+01 4.461692e+01 -4.181171e+01
      vertex   -2.320758e+01 4.461692e+01 -4.219607e+01
    endloop
  endfacet
  facet normal 9.850727e-01 -1.532335e-01 -7.842953e-02
    outer loop
      vertex   -2.294033e+01 4.500000e+01 -3.958790e+01
      vertex   -1.707621e+01 4.500000e+01 3.406535e+01
      vertex   -2.299955e+01 4.461692e+01 -3.958319e+01
    endloop
  endfacet
  facet normal 9.850727e-01 -1.532335e-01 -7.842953e-02
    outer loop
      vertex   -2.299955e+01 4.461692e+01 -3.958319e+01
      vertex   -1.707621e+01 4.500000e+01 3.406535e+01
      vertex   -1.713542e+01 4.461692e+01 3.407007e+01
    endloop
  endfacet
  facet normal 9.850727e-01 -1.532335e-01 -7.842953e-02
    outer loop
      vertex   -2.299955e+01 4.461692e+01 -3.958319e+01
      vertex   -1.713542e+01 4.461692e+01 3.407007e+01
      vertex   -2.844099e+01 -3.830838e-01 -2.000771e+01
    endloop
  endfacet
  facet normal 9.850727e-01 -1.532335e-01 -7.842953e-02
    outer loop
      vertex   -2.844099e+01 -3.830838e-01 -2.000771e+01
      vertex   -1.713542e+01 4.461692e+01 3.407007e+01
      vertex   -2.374717e+01 2.112843e+00 3.407007e+01
    endloop
  endfacet
  facet normal 9.850727e-01 -1.532335e-01 -7.842953e-02
    outer loop
      vertex   -2.844099e+01 -3.830838e-01 -2.000771e+01
      vertex   -2.374717e+01 2.112843e+00 3.407007e+01
      vertex   -2.412153e+01 -3.830838e-01 3.424453e+01
    endloop
  endfacet
  facet normal 9.850727e-01 -1.532335e-01 -7.842953e-02
    outer loop
      vertex   -2.412153e+01 -3.830838e-01 3.424453e+01
      vertex   -2.374717e+01 2.112843e+00 3.407007e+01
      vertex   -2.373328e+01 2.112843e+00 3.424453e+01
    endloop
  endfacet
  facet normal 9.850727e-01 -1.532335e-01 -7.842953e-02
    outer loop
      vertex   -2.844099e+01 -3.830838e-01 -2.000771e+01
      vertex   -2.844661e+01 -3.830838e-01 -2.007826e+01
      vertex   -2.299955e+01 4.461692e+01 -3.958319e+01
    endloop
  endfacet
  facet normal 9.850727e-01 -1.532335e-01 -7.842953e-02
    outer loop
      vertex   -2.299955e+01 4.461692e+01 -3.958319e+01
      vertex   -2.844661e+01 -3.830838e-01 -2.007826e+01
      vertex   -2.317698e+01 4.461692e+01 -4.181171e+01
    endloop
  endfacet
  facet normal 9.850727e-01 -1.532335e-01 -7.842953e-02
    outer loop
      vertex   -2.299955e+01 4.461692e+01 -3.958319e+01
      vertex   -2.317698e+01 4.461692e+01 -4.181171e+01
      vertex   -2.295495e+01 4.500000e+01 -3.977148e+01
    endloop
  endfacet
  facet normal 9.850727e-01 -1.532335e-01 -7.842953e-02
    outer loop
      vertex   -2.295495e+01 4.500000e+01 -3.977148e+01
      vertex   -2.317698e+01 4.461692e+01 -4.181171e+01
      vertex   -2.313238e+01 4.500000e+01 -4.200000e+01
    endloop
  endfacet
  facet normal 9.850727e-01 -1.532335e-01 -7.842953e-02
    outer loop
      vertex   -2.844661e+01 -3.830838e-01 -2.007826e+01
      vertex   -2.320758e+01 4.461692e+01 -4.219607e+01
      vertex   -2.317698e+01 4.461692e+01 -4.181171e+01
    endloop
  endfacet
  facet normal 0.000000e+00 1.000000e+00 0.000000e+00
    outer loop
      vertex   -2.373328e+01 2.112843e+00 3.424453e+01
      vertex   -2.374717e+01 2.112843e+00 3.407007e+01
      vertex   -2.599146e+01 2.112843e+00 3.424453e+01
    endloop
  endfacet
  facet normal -0.000000e+00 1.000000e+00 0.000000e+00
    outer loop
      vertex   -3.234160e+01 2.502843e+00 -1.988219e+01
      vertex   -3.234160e+01 2.502843e+00 3.424453e+01
      vertex   -3.058062e+01 2.502843e+00 -1.988219e+01
    endloop
  endfacet
  facet normal 0.000000e+00 1.000000e+00 -0.000000e+00
    outer loop
      vertex   -3.058062e+01 2.502843e+00 -1.988219e+01
      vertex   -3.234160e+01 2.502843e+00 3.424453e+01
      vertex   -2.627116e+01 2.502843e+00 3.424453e+01
    endloop
  endfacet
  facet normal 9.968455e-01 0.000000e+00 -7.936686e-02
    outer loop
      vertex   -3.058062e+01 2.502843e+00 -1.988219e+01
      vertex   -2.627116e+01 2.502843e+00 3.424453e+01
      vertex   -3.058062e+01 2.112843e+00 -1.988219e+01
    endloop
  endfacet
  facet normal 9.968455e-01 0.000000e+00 -7.936686e-02
    outer loop
      vertex   -3.058062e+01 2.112843e+00 -1.988219e+01
      vertex   -2.627116e+01 2.502843e+00 3.424453e+01
      vertex   -2.627116e+01 2.112843e+00 3.424453e+01
    endloop
  endfacet
  facet normal -1.000000e+00 -2.499154e-12 -1.312739e-16
    outer loop
      vertex   -3.234160e+01 2.500000e+00 -1.988219e+01
      vertex   -3.234160e+01 2.500000e+00 3.424453e+01
      vertex   -3.234160e+01 2.502843e+00 -1.988219e+01
    endloop
  endfacet
  facet normal -1.000000e+00 0.000000e+00 0.000000e+00
    outer loop
      vertex   -3.234160e+01 2.502843e+00 -1.988219e+01
      vertex   -3.234160e+01 2.500000e+00 3.424453e+01
      vertex   -3.234160e+01 2.502843e+00 3.424453e+01
    endloop
  endfacet
  facet normal 9.881165e-01 -1.537070e-01 -3.249088e-13
    outer loop
      vertex   -3.267026e+01 0.000000e+00 3.424453e+01
      vertex   -3.228137e+01 2.500000e+00 3.424453e+01
      vertex   -3.267026e+01 0.000000e+00 3.426614e+01
    endloop
  endfacet
  facet normal 9.881165e-01 -1.537070e-01 0.000000e+00
    outer loop
      vertex   -3.267026e+01 0.000000e+00 3.426614e+01
      vertex   -3.228137e+01 2.500000e+00 3.424453e+01
      vertex   -3.228137e+01 2.500000e+00 3.426614e+01
    endloop
  endfacet
  facet normal 0.000000e+00 0.000000e+00 1.000000e+00
    outer loop
      vertex   -2.373328e+01 2.112843e+00 3.424453e+01
      vertex   -2.632670e+01 -4.221930e-02 3.424453e+01
      vertex   -2.412153e+01 -3.830838e-01 3.424453e+01
    endloop
  endfacet
  facet normal 0.000000e+00 0.000000e+00 1.000000e+00
    outer loop
      vertex   -2.412153e+01 -3.830838e-01 3.424453e+01
      vertex   -2.632670e+01 -4.221930e-02 3.424453e+01
      vertex   -3.267026e+01 0.000000e+00 3.424453e+01
    endloop
  endfacet
  facet normal 0.000000e+00 0.000000e+00 1.000000e+00
    outer loop
      vertex   -2.412153e+01 -3.830838e-01 3.424453e+01
      vertex   -3.267026e+01 0.000000e+00 3.424453e+01
      vertex   -7.271542e+01 -3.830838e-01 3.424453e+01
    endloop
  endfacet
  facet normal 0.000000e+00 0.000000e+00 1.000000e+00
    outer loop
      vertex   -7.271542e+01 -3.830838e-01 3.424453e+01
      vertex   -3.267026e+01 0.000000e+00 3.424453e+01
      vertex   -7.271542e+01 0.000000e+00 3.424453e+01
    endloop
  endfacet
  facet normal 0.000000e+00 0.000000e+00 1.000000e+00
    outer loop
      vertex   -2.373328e+01 2.112843e+00 3.424453e+01
      vertex   -2.599146e+01 2.112843e+00 3.424453e+01
      vertex   -2.632670e+01 -4.221930e-02 3.424453e+01
    endloop
  endfacet
  facet normal 0.000000e+00 0.000000e+00 1.000000e+00
    outer loop
      vertex   -2.632670e+01 -4.221930e-02 3.424453e+01
      vertex   -2.659983e+01 0.000000e+00 3.424453e+01
      vertex   -3.267026e+01 0.000000e+00 3.424453e+01
    endloop
  endfacet
  facet normal 0.000000e+00 0.000000e+00 1.000000e+00
    outer loop
      vertex   -3.267026e+01 0.000000e+00 3.424453e+01
      vertex   -2.659983e+01 0.000000e+00 3.424453e+01
      vertex   -2.627116e+01 2.112843e+00 3.424453e+01
    endloop
  endfacet
  facet normal 0.000000e+00 0.000000e+00 1.000000e+00
    outer loop
      vertex   -3.267026e+01 0.000000e+00 3.424453e+01
      vertex   -2.627116e+01 2.112843e+00 3.424453e+01
      vertex   -3.228137e+01 2.500000e+00 3.424453e+01
    endloop
  endfacet
  facet normal -0.000000e+00 0.000000e+00 1.000000e+00
    outer loop
      vertex   -3.228137e+01 2.500000e+00 3.424453e+01
      vertex   -2.627116e+01 2.112843e+00 3.424453e+01
      vertex   -2.627116e+01 2.502843e+00 3.424453e+01
    endloop
  endfacet
  facet normal 0.000000e+00 -0.000000e+00 1.000000e+00
    outer loop
      vertex   -3.228137e+01 2.500000e+00 3.424453e+01
      vertex   -2.627116e+01 2.502843e+00 3.424453e+01
      vertex   -3.234160e+01 2.502843e+00 3.424453e+01
    endloop
  endfacet
  facet normal 0.000000e+00 0.000000e+00 1.000000e+00
    outer loop
      vertex   -3.234160e+01 2.502843e+00 3.424453e+01
      vertex   -3.234160e+01 2.500000e+00 3.424453e+01
      vertex   -3.228137e+01 2.500000e+00 3.424453e+01
    endloop
  endfacet
  facet normal 4.949854e-18 -1.000000e+00 6.516607e-19
    outer loop
      vertex   -2.317894e+02 -3.830838e-01 1.891859e+01
      vertex   -2.318405e+02 -3.830838e-01 1.930682e+01
      vertex   -2.561922e+02 -3.830838e-01 3.390771e+01
    endloop
  endfacet
  facet normal 4.225575e-18 -1.000000e+00 -5.563075e-19
    outer loop
      vertex   -2.561922e+02 -3.830838e-01 3.390771e+01
      vertex   -2.318405e+02 -3.830838e-01 1.930682e+01
      vertex   -2.317894e+02 -3.830838e-01 1.969505e+01
    endloop
  endfacet
  facet normal 3.665332e-18 -1.000000e+00 -1.518230e-18
    outer loop
      vertex   -2.561922e+02 -3.830838e-01 3.390771e+01
      vertex   -2.317894e+02 -3.830838e-01 1.969505e+01
      vertex   -2.316396e+02 -3.830838e-01 2.005682e+01
    endloop
  endfacet
  facet normal 3.155767e-18 -1.000000e+00 -2.421505e-18
    outer loop
      vertex   -2.316396e+02 -3.830838e-01 2.005682e+01
      vertex   -2.314012e+02 -3.830838e-01 2.036748e+01
      vertex   -2.561922e+02 -3.830838e-01 3.390771e+01
    endloop
  endfacet
  facet normal 2.616170e-18 -1.000000e+00 -3.409460e-18
    outer loop
      vertex   -2.561922e+02 -3.830838e-01 3.390771e+01
      vertex   -2.314012e+02 -3.830838e-01 2.036748e+01
      vertex   -2.310905e+02 -3.830838e-01 2.060586e+01
    endloop
  endfacet
  facet normal 1.940435e-18 -1.000000e+00 -4.684626e-18
    outer loop
      vertex   -2.561922e+02 -3.830838e-01 3.390771e+01
      vertex   -2.310905e+02 -3.830838e-01 2.060586e+01
      vertex   -2.307288e+02 -3.830838e-01 2.075571e+01
    endloop
  endfacet
  facet normal 8.856084e-19 -1.000000e+00 -6.726864e-18
    outer loop
      vertex   -2.307288e+02 -3.830838e-01 2.075571e+01
      vertex   -2.303405e+02 -3.830838e-01 2.080682e+01
      vertex   -2.561922e+02 -3.830838e-01 3.390771e+01
    endloop
  endfacet
  facet normal 3.440625e-18 -1.000000e+00 -1.685114e-18
    outer loop
      vertex   -2.561922e+02 -3.830838e-01 3.390771e+01
      vertex   -2.303405e+02 -3.830838e-01 2.080682e+01
      vertex   -2.076251e+02 -3.830838e-01 3.424453e+01
    endloop
  endfacet
  facet normal 0.000000e+00 -1.000000e+00 4.944210e-16
    outer loop
      vertex   -2.561922e+02 -3.830838e-01 3.390771e+01
      vertex   -2.076251e+02 -3.830838e-01 3.424453e+01
      vertex   -2.561922e+02 -3.830838e-01 3.424453e+01
    endloop
  endfacet
  facet normal 4.448545e-19 -1.000000e+00 3.379006e-18
    outer loop
      vertex   -2.303405e+02 -3.830838e-01 2.080682e+01
      vertex   -2.299523e+02 -3.830838e-01 2.075571e+01
      vertex   -2.076251e+02 -3.830838e-01 3.424453e+01
    endloop
  endfacet
  facet normal 1.011278e-18 -1.000000e+00 2.441441e-18
    outer loop
      vertex   -2.076251e+02 -3.830838e-01 3.424453e+01
      vertex   -2.299523e+02 -3.830838e-01 2.075571e+01
      vertex   -2.295905e+02 -3.830838e-01 2.060586e+01
    endloop
  endfacet
  facet normal 1.396870e-18 -1.000000e+00 1.820436e-18
    outer loop
      vertex   -2.076251e+02 -3.830838e-01 3.424453e+01
      vertex   -2.295905e+02 -3.830838e-01 2.060586e+01
      vertex   -2.292799e+02 -3.830838e-01 2.036748e+01
    endloop
  endfacet
  facet normal 1.718452e-18 -1.000000e+00 1.318615e-18
    outer loop
      vertex   -2.292799e+02 -3.830838e-01 2.036748e+01
      vertex   -2.290415e+02 -3.830838e-01 2.005682e+01
      vertex   -2.076251e+02 -3.830838e-01 3.424453e+01
    endloop
  endfacet
  facet normal 2.033888e-18 -1.000000e+00 8.424640e-19
    outer loop
      vertex   -2.076251e+02 -3.830838e-01 3.424453e+01
      vertex   -2.290415e+02 -3.830838e-01 2.005682e+01
      vertex   -2.288916e+02 -3.830838e-01 1.969505e+01
    endloop
  endfacet
  facet normal 2.394580e-18 -1.000000e+00 3.152524e-19
    outer loop
      vertex   -2.076251e+02 -3.830838e-01 3.424453e+01
      vertex   -2.288916e+02 -3.830838e-01 1.969505e+01
      vertex   -2.288405e+02 -3.830838e-01 1.930682e+01
    endloop
  endfacet
  facet normal 2.883872e-18 -1.000000e+00 -3.796689e-19
    outer loop
      vertex   -2.288405e+02 -3.830838e-01 1.930682e+01
      vertex   -2.288916e+02 -3.830838e-01 1.891859e+01
      vertex   -2.076251e+02 -3.830838e-01 3.424453e+01
    endloop
  endfacet
  facet normal 3.721007e-18 -1.000000e+00 -1.541291e-18
    outer loop
      vertex   -2.076251e+02 -3.830838e-01 3.424453e+01
      vertex   -2.288916e+02 -3.830838e-01 1.891859e+01
      vertex   -2.290415e+02 -3.830838e-01 1.855682e+01
    endloop
  endfacet
  facet normal 2.591995e-18 -1.000000e+00 0.000000e+00
    outer loop
      vertex   -2.076251e+02 -3.830838e-01 3.424453e+01
      vertex   -2.290415e+02 -3.830838e-01 1.855682e+01
      vertex   -2.076251e+02 -3.830838e-01 -5.882191e+00
    endloop
  endfacet
  facet normal 1.381937e-18 -1.000000e+00 -1.060397e-18
    outer loop
      vertex   -2.076251e+02 -3.830838e-01 -5.882191e+00
      vertex   -2.290415e+02 -3.830838e-01 1.855682e+01
      vertex   -2.292799e+02 -3.830838e-01 1.824616e+01
    endloop
  endfacet
  facet normal 1.045419e-18 -1.000000e+00 -1.362416e-18
    outer loop
      vertex   -2.076251e+02 -3.830838e-01 -5.882191e+00
      vertex   -2.292799e+02 -3.830838e-01 1.824616e+01
      vertex   -2.295905e+02 -3.830838e-01 1.800778e+01
    endloop
  endfacet
  facet normal 6.970180e-19 -1.000000e+00 -1.682750e-18
    outer loop
      vertex   -2.295905e+02 -3.830838e-01 1.800778e+01
      vertex   -2.299523e+02 -3.830838e-01 1.785793e+01
      vertex   -2.076251e+02 -3.830838e-01 -5.882191e+00
    endloop
  endfacet
  facet normal 2.739244e-19 -1.000000e+00 -2.080663e-18
    outer loop
      vertex   -2.076251e+02 -3.830838e-01 -5.882191e+00
      vertex   -2.299523e+02 -3.830838e-01 1.785793e+01
      vertex   -2.303405e+02 -3.830838e-01 1.780682e+01
    endloop
  endfacet
  facet normal -3.530783e-19 -1.000000e+00 -2.681896e-18
    outer loop
      vertex   -2.076251e+02 -3.830838e-01 -5.882191e+00
      vertex   -2.303405e+02 -3.830838e-01 1.780682e+01
      vertex   -2.307288e+02 -3.830838e-01 1.785793e+01
    endloop
  endfacet
  facet normal 1.526004e-18 -1.000000e+00 -8.531929e-19
    outer loop
      vertex   -2.076251e+02 -3.830838e-01 -5.882191e+00
      vertex   -2.307288e+02 -3.830838e-01 1.785793e+01
      vertex   -2.518995e+02 -3.830838e-01 -2.000771e+01
    endloop
  endfacet
  facet normal 0.000000e+00 -1.000000e+00 0.000000e+00
    outer loop
      vertex   -2.518995e+02 -3.830838e-01 -2.000771e+01
      vertex   -2.307288e+02 -3.830838e-01 1.785793e+01
      vertex   -2.310905e+02 -3.830838e-01 1.800778e+01
    endloop
  endfacet
  facet normal 0.000000e+00 -1.000000e+00 0.000000e+00
    outer loop
      vertex   -2.518995e+02 -3.830838e-01 -2.000771e+01
      vertex   -2.310905e+02 -3.830838e-01 1.800778e+01
      vertex   -2.314012e+02 -3.830838e-01 1.824616e+01
    endloop
  endfacet
  facet normal 3.345735e-18 -1.000000e+00 -1.792813e-18
    outer loop
      vertex   -2.518995e+02 -3.830838e-01 -2.000771e+01
      vertex   -2.314012e+02 -3.830838e-01 1.824616e+01
      vertex   -2.561922e+02 -3.830838e-01 3.390771e+01
    endloop
  endfacet
  facet normal 8.691636e-18 -1.000000e+00 6.669327e-18
    outer loop
      vertex   -2.561922e+02 -3.830838e-01 3.390771e+01
      vertex   -2.314012e+02 -3.830838e-01 1.824616e+01
      vertex   -2.316396e+02 -3.830838e-01 1.855682e+01
    endloop
  endfacet
  facet normal 6.102116e-18 -1.000000e+00 2.527579e-18
    outer loop
      vertex   -2.561922e+02 -3.830838e-01 3.390771e+01
      vertex   -2.316396e+02 -3.830838e-01 1.855682e+01
      vertex   -2.317894e+02 -3.830838e-01 1.891859e+01
    endloop
  endfacet
  facet normal 0.000000e+00 -1.000000e+00 -8.310241e-18
    outer loop
      vertex   -1.814392e+02 -3.830838e-01 -6.008679e+01
      vertex   -1.514392e+02 -3.830838e-01 -6.008679e+01
      vertex   -1.814392e+02 -3.830838e-01 -2.000771e+01
    endloop
  endfacet
  facet normal 0.000000e+00 -1.000000e+00 -8.310241e-18
    outer loop
      vertex   -1.814392e+02 -3.830838e-01 -2.000771e+01
      vertex   -1.514392e+02 -3.830838e-01 -6.008679e+01
      vertex   -1.014392e+02 -3.830838e-01 -2.000771e+01
    endloop
  endfacet
  facet normal 0.000000e+00 -1.000000e+00 3.929850e-18
    outer loop
      vertex   -1.814392e+02 -3.830838e-01 -2.000771e+01
      vertex   -1.014392e+02 -3.830838e-01 -2.000771e+01
      vertex   -2.076251e+02 -3.830838e-01 -5.882191e+00
    endloop
  endfacet
  facet normal 0.000000e+00 -1.000000e+00 3.929850e-18
    outer loop
      vertex   -2.076251e+02 -3.830838e-01 -5.882191e+00
      vertex   -1.014392e+02 -3.830838e-01 -2.000771e+01
      vertex   -7.271542e+01 -3.830838e-01 -5.882191e+00
    endloop
  endfacet
  facet normal 0.000000e+00 -1.000000e+00 3.929850e-18
    outer loop
      vertex   -7.271542e+01 -3.830838e-01 -5.882191e+00
      vertex   -1.014392e+02 -3.830838e-01 -2.000771e+01
      vertex   -2.844099e+01 -3.830838e-01 -2.000771e+01
    endloop
  endfacet
  facet normal -1.526004e-18 -1.000000e+00 -8.531929e-19
    outer loop
      vertex   -7.271542e+01 -3.830838e-01 -5.882191e+00
      vertex   -2.844099e+01 -3.830838e-01 -2.000771e+01
      vertex   -4.961177e+01 -3.830838e-01 1.785793e+01
    endloop
  endfacet
  facet normal 0.000000e+00 -1.000000e+00 0.000000e+00
    outer loop
      vertex   -4.961177e+01 -3.830838e-01 1.785793e+01
      vertex   -2.844099e+01 -3.830838e-01 -2.000771e+01
      vertex   -4.925000e+01 -3.830838e-01 1.800778e+01
    endloop
  endfacet
  facet normal 0.000000e+00 -1.000000e+00 0.000000e+00
    outer loop
      vertex   -4.925000e+01 -3.830838e-01 1.800778e+01
      vertex   -2.844099e+01 -3.830838e-01 -2.000771e+01
      vertex   -4.893934e+01 -3.830838e-01 1.824616e+01
    endloop
  endfacet
  facet normal 1.662481e-18 -1.000000e+00 8.908414e-19
    outer loop
      vertex   -4.893934e+01 -3.830838e-01 1.824616e+01
      vertex   -2.844099e+01 -3.830838e-01 -2.000771e+01
      vertex   -2.412153e+01 -3.830838e-01 3.424453e+01
    endloop
  endfacet
  facet normal 4.426082e-18 -1.000000e+00 -3.396252e-18
    outer loop
      vertex   -4.893934e+01 -3.830838e-01 1.824616e+01
      vertex   -2.412153e+01 -3.830838e-01 3.424453e+01
      vertex   -4.870096e+01 -3.830838e-01 1.855682e+01
    endloop
  endfacet
  facet normal 3.070075e-18 -1.000000e+00 -1.271667e-18
    outer loop
      vertex   -4.870096e+01 -3.830838e-01 1.855682e+01
      vertex   -2.412153e+01 -3.830838e-01 3.424453e+01
      vertex   -4.855111e+01 -3.830838e-01 1.891859e+01
    endloop
  endfacet
  facet normal 2.476863e-18 -1.000000e+00 -3.260852e-19
    outer loop
      vertex   -4.855111e+01 -3.830838e-01 1.891859e+01
      vertex   -2.412153e+01 -3.830838e-01 3.424453e+01
      vertex   -4.850000e+01 -3.830838e-01 1.930682e+01
    endloop
  endfacet
  facet normal 2.107081e-18 -1.000000e+00 2.774024e-19
    outer loop
      vertex   -4.850000e+01 -3.830838e-01 1.930682e+01
      vertex   -2.412153e+01 -3.830838e-01 3.424453e+01
      vertex   -4.855111e+01 -3.830838e-01 1.969505e+01
    endloop
  endfacet
  facet normal 1.822657e-18 -1.000000e+00 7.549692e-19
    outer loop
      vertex   -4.855111e+01 -3.830838e-01 1.969505e+01
      vertex   -2.412153e+01 -3.830838e-01 3.424453e+01
      vertex   -4.870096e+01 -3.830838e-01 2.005682e+01
    endloop
  endfacet
  facet normal 1.565192e-18 -1.000000e+00 1.201014e-18
    outer loop
      vertex   -4.870096e+01 -3.830838e-01 2.005682e+01
      vertex   -2.412153e+01 -3.830838e-01 3.424453e+01
      vertex   -4.893934e+01 -3.830838e-01 2.036748e+01
    endloop
  endfacet
  facet normal 1.293884e-18 -1.000000e+00 1.686222e-18
    outer loop
      vertex   -4.893934e+01 -3.830838e-01 2.036748e+01
      vertex   -2.412153e+01 -3.830838e-01 3.424453e+01
      vertex   -4.925000e+01 -3.830838e-01 2.060586e+01
    endloop
  endfacet
  facet normal 9.561799e-19 -1.000000e+00 2.308422e-18
    outer loop
      vertex   -4.925000e+01 -3.830838e-01 2.060586e+01
      vertex   -2.412153e+01 -3.830838e-01 3.424453e+01
      vertex   -4.961177e+01 -3.830838e-01 2.075571e+01
    endloop
  endfacet
  facet normal 4.338571e-19 -1.000000e+00 3.295472e-18
    outer loop
      vertex   -4.961177e+01 -3.830838e-01 2.075571e+01
      vertex   -2.412153e+01 -3.830838e-01 3.424453e+01
      vertex   -5.000000e+01 -3.830838e-01 2.080682e+01
    endloop
  endfacet
  facet normal 0.000000e+00 -1.000000e+00 4.130998e-18
    outer loop
      vertex   -5.000000e+01 -3.830838e-01 2.080682e+01
      vertex   -2.412153e+01 -3.830838e-01 3.424453e+01
      vertex   -7.271542e+01 -3.830838e-01 3.424453e+01
    endloop
  endfacet
  facet normal -4.448545e-19 -1.000000e+00 3.379006e-18
    outer loop
      vertex   -5.000000e+01 -3.830838e-01 2.080682e+01
      vertex   -7.271542e+01 -3.830838e-01 3.424453e+01
      vertex   -5.038823e+01 -3.830838e-01 2.075571e+01
    endloop
  endfacet
  facet normal -1.011278e-18 -1.000000e+00 2.441441e-18
    outer loop
      vertex   -5.038823e+01 -3.830838e-01 2.075571e+01
      vertex   -7.271542e+01 -3.830838e-01 3.424453e+01
      vertex   -5.075000e+01 -3.830838e-01 2.060586e+01
    endloop
  endfacet
  facet normal -1.396870e-18 -1.000000e+00 1.820436e-18
    outer loop
      vertex   -5.075000e+01 -3.830838e-01 2.060586e+01
      vertex   -7.271542e+01 -3.830838e-01 3.424453e+01
      vertex   -5.106066e+01 -3.830838e-01 2.036748e+01
    endloop
  endfacet
  facet normal -1.718452e-18 -1.000000e+00 1.318615e-18
    outer loop
      vertex   -5.106066e+01 -3.830838e-01 2.036748e+01
      vertex   -7.271542e+01 -3.830838e-01 3.424453e+01
      vertex   -5.129904e+01 -3.830838e-01 2.005682e+01
    endloop
  endfacet
  facet normal -2.033888e-18 -1.000000e+00 8.424640e-19
    outer loop
      vertex   -5.129904e+01 -3.830838e-01 2.005682e+01
      vertex   -7.271542e+01 -3.830838e-01 3.424453e+01
      vertex   -5.144889e+01 -3.830838e-01 1.969505e+01
    endloop
  endfacet
  facet normal -2.394580e-18 -1.000000e+00 3.152524e-19
    outer loop
      vertex   -5.144889e+01 -3.830838e-01 1.969505e+01
      vertex   -7.271542e+01 -3.830838e-01 3.424453e+01
      vertex   -5.150000e+01 -3.830838e-01 1.930682e+01
    endloop
  endfacet
  facet normal -2.883872e-18 -1.000000e+00 -3.796689e-19
    outer loop
      vertex   -5.150000e+01 -3.830838e-01 1.930682e+01
      vertex   -7.271542e+01 -3.830838e-01 3.424453e+01
      vertex   -5.144889e+01 -3.830838e-01 1.891859e+01
    endloop
  endfacet
  facet normal -3.721007e-18 -1.000000e+00 -1.541291e-18
    outer loop
      vertex   -5.144889e+01 -3.830838e-01 1.891859e+01
      vertex   -7.271542e+01 -3.830838e-01 3.424453e+01
      vertex   -5.129904e+01 -3.830838e-01 1.855682e+01
    endloop
  endfacet
  facet normal -2.591995e-18 -1.000000e+00 0.000000e+00
    outer loop
      vertex   -5.129904e+01 -3.830838e-01 1.855682e+01
      vertex   -7.271542e+01 -3.830838e-01 3.424453e+01
      vertex   -7.271542e+01 -3.830838e-01 -5.882191e+00
    endloop
  endfacet
  facet normal -1.381937e-18 -1.000000e+00 -1.060397e-18
    outer loop
      vertex   -5.129904e+01 -3.830838e-01 1.855682e+01
      vertex   -7.271542e+01 -3.830838e-01 -5.882191e+00
      vertex   -5.106066e+01 -3.830838e-01 1.824616e+01
    endloop
  endfacet
  facet normal -1.045419e-18 -1.000000e+00 -1.362416e-18
    outer loop
      vertex   -5.106066e+01 -3.830838e-01 1.824616e+01
      vertex   -7.271542e+01 -3.830838e-01 -5.882191e+00
      vertex   -5.075000e+01 -3.830838e-01 1.800778e+01
    endloop
  endfacet
  facet normal -6.970180e-19 -1.000000e+00 -1.682750e-18
    outer loop
      vertex   -5.075000e+01 -3.830838e-01 1.800778e+01
      vertex   -7.271542e+01 -3.830838e-01 -5.882191e+00
      vertex   -5.038823e+01 -3.830838e-01 1.785793e+01
    endloop
  endfacet
  facet normal -2.739244e-19 -1.000000e+00 -2.080663e-18
    outer loop
      vertex   -5.038823e+01 -3.830838e-01 1.785793e+01
      vertex   -7.271542e+01 -3.830838e-01 -5.882191e+00
      vertex   -5.000000e+01 -3.830838e-01 1.780682e+01
    endloop
  endfacet
  facet normal 3.530783e-19 -1.000000e+00 -2.681896e-18
    outer loop
      vertex   -5.000000e+01 -3.830838e-01 1.780682e+01
      vertex   -7.271542e+01 -3.830838e-01 -5.882191e+00
      vertex   -4.961177e+01 -3.830838e-01 1.785793e+01
    endloop
  endfacet
  facet normal 0.000000e+00 -1.000000e+00 -8.310241e-18
    outer loop
      vertex   -1.514392e+02 -3.830838e-01 -6.008679e+01
      vertex   -1.314392e+02 -3.830838e-01 -6.008679e+01
      vertex   -1.014392e+02 -3.830838e-01 -2.000771e+01
    endloop
  endfacet
  facet normal 0.000000e+00 -1.000000e+00 -8.310241e-18
    outer loop
      vertex   -1.014392e+02 -3.830838e-01 -2.000771e+01
      vertex   -1.314392e+02 -3.830838e-01 -6.008679e+01
      vertex   -1.014392e+02 -3.830838e-01 -6.008679e+01
    endloop
  endfacet
  facet normal 0.000000e+00 -1.000000e+00 3.929850e-18
    outer loop
      vertex   -2.518995e+02 -3.830838e-01 -2.000771e+01
      vertex   -1.814392e+02 -3.830838e-01 -2.000771e+01
      vertex   -2.076251e+02 -3.830838e-01 -5.882191e+00
    endloop
  endfacet
  facet normal 0.000000e+00 -1.000000e+00 0.000000e+00
    outer loop
      vertex   -7.271542e+01 0.000000e+00 3.424453e+01
      vertex   -3.267026e+01 0.000000e+00 3.424453e+01
      vertex   -7.271542e+01 0.000000e+00 3.426614e+01
    endloop
  endfacet
  facet normal 0.000000e+00 -1.000000e+00 0.000000e+00
    outer loop
      vertex   -7.271542e+01 0.000000e+00 3.426614e+01
      vertex   -3.267026e+01 0.000000e+00 3.424453e+01
      vertex   -3.267026e+01 0.000000e+00 3.426614e+01
    endloop
  endfacet
  facet normal 7.749751e-02 -1.205517e-02 9.969197e-01
    outer loop
      vertex   -2.632670e+01 -4.221930e-02 3.424453e+01
      vertex   -2.599146e+01 2.112843e+00 3.424453e+01
      vertex   -2.659810e+01 0.000000e+00 3.426614e+01
    endloop
  endfacet
  facet normal 7.749751e-02 -1.205517e-02 9.969197e-01
    outer loop
      vertex   -2.659810e+01 0.000000e+00 3.426614e+01
      vertex   -2.599146e+01 2.112843e+00 3.424453e+01
      vertex   -1.959810e+01 4.500000e+01 3.426614e+01
    endloop
  endfacet
  facet normal 7.749751e-02 -1.205517e-02 9.969197e-01
    outer loop
      vertex   -1.959810e+01 4.500000e+01 3.426614e+01
      vertex   -2.599146e+01 2.112843e+00 3.424453e+01
      vertex   -1.713542e+01 4.461692e+01 3.407007e+01
    endloop
  endfacet
  facet normal 7.749751e-02 -1.205517e-02 9.969197e-01
    outer loop
      vertex   -1.713542e+01 4.461692e+01 3.407007e+01
      vertex   -2.599146e+01 2.112843e+00 3.424453e+01
      vertex   -2.374717e+01 2.112843e+00 3.407007e+01
    endloop
  endfacet
  facet normal -1.527502e-01 -9.881900e-01 1.216166e-02
    outer loop
      vertex   -2.844099e+01 -3.830838e-01 -2.000771e+01
      vertex   -2.933283e+01 -2.452270e-01 -2.000771e+01
      vertex   -2.844661e+01 -3.830838e-01 -2.007826e+01
    endloop
  endfacet
  facet normal -1.372321e-01 -4.240181e-01 -8.951961e-01
    outer loop
      vertex   -3.087956e+01 2.553668e-01 -2.000771e+01
      vertex   -2.567026e+01 4.500000e+01 -4.200000e+01
      vertex   -2.933283e+01 -2.452270e-01 -2.000771e+01
    endloop
  endfacet
  facet normal -1.372321e-01 -4.240181e-01 -8.951961e-01
    outer loop
      vertex   -2.933283e+01 -2.452270e-01 -2.000771e+01
      vertex   -2.567026e+01 4.500000e+01 -4.200000e+01
      vertex   -2.320758e+01 4.461692e+01 -4.219607e+01
    endloop
  endfacet
  facet normal -1.372321e-01 -4.240181e-01 -8.951961e-01
    outer loop
      vertex   -2.933283e+01 -2.452270e-01 -2.000771e+01
      vertex   -2.320758e+01 4.461692e+01 -4.219607e+01
      vertex   -2.844661e+01 -3.830838e-01 -2.007826e+01
    endloop
  endfacet
  facet normal -1.527502e-01 -9.881900e-01 1.216166e-02
    outer loop
      vertex   -2.659983e+01 0.000000e+00 3.424453e+01
      vertex   -2.632670e+01 -4.221930e-02 3.424453e+01
      vertex   -2.659810e+01 0.000000e+00 3.426614e+01
    endloop
  endfacet
  facet normal -9.850727e-01 1.532335e-01 7.842953e-02
    outer loop
      vertex   -2.549283e+01 4.500000e+01 -3.977148e+01
      vertex   -2.532528e+01 4.607713e+01 -3.977148e+01
      vertex   -2.532634e+01 4.607713e+01 -3.978473e+01
    endloop
  endfacet
  facet normal 0.000000e+00 0.000000e+00 1.000000e+00
    outer loop
      vertex   -3.228137e+01 2.500000e+00 3.426614e+01
      vertex   -7.271542e+01 2.500000e+00 3.426614e+01
      vertex   -3.267026e+01 0.000000e+00 3.426614e+01
    endloop
  endfacet
  facet normal 0.000000e+00 0.000000e+00 1.000000e+00
    outer loop
      vertex   -3.267026e+01 0.000000e+00 3.426614e+01
      vertex   -7.271542e+01 2.500000e+00 3.426614e+01
      vertex   -7.271542e+01 0.000000e+00 3.426614e+01
    endloop
  endfacet
  facet normal -1.000000e+00 0.000000e+00 0.000000e+00
    outer loop
      vertex   -7.271542e+01 0.000000e+00 3.426614e+01
      vertex   -7.271542e+01 2.500000e+00 3.426614e+01
      vertex   -7.271542e+01 0.000000e+00 3.424453e+01
    endloop
  endfacet
  facet normal -1.000000e+00 0.000000e+00 0.000000e+00
    outer loop
      vertex   -7.271542e+01 0.000000e+00 3.424453e+01
      vertex   -7.271542e+01 2.500000e+00 3.426614e+01
      vertex   -7.271542e+01 2.500000e+00 -5.882191e+00
    endloop
  endfacet
  facet normal -1.000000e+00 0.000000e+00 -0.000000e+00
    outer loop
      vertex   -7.271542e+01 0.000000e+00 3.424453e+01
      vertex   -7.271542e+01 2.500000e+00 -5.882191e+00
      vertex   -7.271542e+01 -3.830838e-01 -5.882191e+00
    endloop
  endfacet
  facet normal -1.000000e+00 0.000000e+00 0.000000e+00
    outer loop
      vertex   -7.271542e+01 -3.830838e-01 -5.882191e+00
      vertex   -7.271542e+01 -3.830838e-01 3.424453e+01
      vertex   -7.271542e+01 0.000000e+00 3.424453e+01
    endloop
  endfacet
  facet normal 7.171435e-02 -2.335725e-02 -9.971517e-01
    outer loop
      vertex   -2.515080e+01 4.605016e+01 -3.977148e+01
      vertex   -2.549283e+01 4.500000e+01 -3.977148e+01
      vertex   -2.532634e+01 4.607713e+01 -3.978473e+01
    endloop
  endfacet
  facet normal 7.171435e-02 -2.335725e-02 -9.971517e-01
    outer loop
      vertex   -2.549283e+01 4.500000e+01 -3.977148e+01
      vertex   -2.294033e+01 4.500000e+01 -3.958790e+01
      vertex   -2.299955e+01 4.461692e+01 -3.958319e+01
    endloop
  endfacet
  facet normal -9.850727e-01 1.532335e-01 7.842953e-02
    outer loop
      vertex   -2.549283e+01 4.500000e+01 -3.977148e+01
      vertex   -3.020399e+01 4.534063e+00 -1.988219e+01
      vertex   -1.959810e+01 4.500000e+01 3.426614e+01
    endloop
  endfacet
  facet normal -9.850727e-01 1.532335e-01 7.842953e-02
    outer loop
      vertex   -1.959810e+01 4.500000e+01 3.426614e+01
      vertex   -3.020399e+01 4.534063e+00 -1.988219e+01
      vertex   -2.627116e+01 2.112843e+00 3.424453e+01
    endloop
  endfacet
  facet normal -9.850727e-01 1.532335e-01 7.842953e-02
    outer loop
      vertex   -1.959810e+01 4.500000e+01 3.426614e+01
      vertex   -2.627116e+01 2.112843e+00 3.424453e+01
      vertex   -2.659810e+01 0.000000e+00 3.426614e+01
    endloop
  endfacet
  facet normal -9.850727e-01 1.532335e-01 7.842953e-02
    outer loop
      vertex   -2.659810e+01 0.000000e+00 3.426614e+01
      vertex   -2.627116e+01 2.112843e+00 3.424453e+01
      vertex   -2.659983e+01 0.000000e+00 3.424453e+01
    endloop
  endfacet
  facet normal -9.850727e-01 1.532335e-01 7.842953e-02
    outer loop
      vertex   -3.020399e+01 4.534063e+00 -1.988219e+01
      vertex   -3.058062e+01 2.112843e+00 -1.988219e+01
      vertex   -2.627116e+01 2.112843e+00 3.424453e+01
    endloop
  endfacet
  facet normal 3.877123e-14 -1.262773e-14 1.000000e+00
    outer loop
      vertex   -2.532528e+01 4.607713e+01 -3.977148e+01
      vertex   -2.549283e+01 4.500000e+01 -3.977148e+01
      vertex   -2.515080e+01 4.605016e+01 -3.977148e+01
    endloop
  endfacet
  facet normal 2.799745e-15 1.000000e+00 -2.229101e-16
    outer loop
      vertex   -2.549283e+01 4.500000e+01 -3.977148e+01
      vertex   -1.959810e+01 4.500000e+01 3.426614e+01
      vertex   -2.294033e+01 4.500000e+01 -3.958790e+01
    endloop
  endfacet
  facet normal 2.799745e-15 1.000000e+00 -2.229101e-16
    outer loop
      vertex   -2.294033e+01 4.500000e+01 -3.958790e+01
      vertex   -1.959810e+01 4.500000e+01 3.426614e+01
      vertex   -1.707621e+01 4.500000e+01 3.406535e+01
    endloop
  endfacet
  facet normal 0.000000e+00 0.000000e+00 -1.000000e+00
    outer loop
      vertex   -2.844099e+01 -3.830838e-01 -2.000771e+01
      vertex   -1.014392e+02 -3.830838e-01 -2.000771e+01
      vertex   -2.933283e+01 -2.452270e-01 -2.000771e+01
    endloop
  endfacet
  facet normal -0.000000e+00 0.000000e+00 -1.000000e+00
    outer loop
      vertex   -2.933283e+01 -2.452270e-01 -2.000771e+01
      vertex   -1.014392e+02 -3.830838e-01 -2.000771e+01
      vertex   -1.014392e+02 2.553668e-01 -2.000771e+01
    endloop
  endfacet
  facet normal 0.000000e+00 0.000000e+00 -1.000000e+00
    outer loop
      vertex   -2.933283e+01 -2.452270e-01 -2.000771e+01
      vertex   -1.014392e+02 2.553668e-01 -2.000771e+01
      vertex   -3.087956e+01 2.553668e-01 -2.000771e+01
    endloop
  endfacet
  facet normal -1.000000e+00 0.000000e+00 0.000000e+00
    outer loop
      vertex   -1.314392e+02 7.922168e+00 -6.004689e+01
      vertex   -1.314392e+02 5.155640e+00 -6.020187e+01
      vertex   -1.314392e+02 -3.830838e-01 -6.008679e+01
    endloop
  endfacet
  facet normal -1.000000e+00 0.000000e+00 0.000000e+00
    outer loop
      vertex   -1.314392e+02 -3.830838e-01 -6.008679e+01
      vertex   -1.314392e+02 5.155640e+00 -6.020187e+01
      vertex   -1.314392e+02 2.384806e+00 -6.021518e+01
    endloop
  endfacet
  facet normal 1.000000e+00 0.000000e+00 0.000000e+00
    outer loop
      vertex   -1.014392e+02 -3.830838e-01 -2.000771e+01
      vertex   -1.014392e+02 -3.830838e-01 -6.008679e+01
      vertex   -1.014392e+02 1.850000e+01 -4.500000e+01
    endloop
  endfacet
  facet normal 1.000000e+00 0.000000e+00 0.000000e+00
    outer loop
      vertex   -1.014392e+02 1.850000e+01 -4.500000e+01
      vertex   -1.014392e+02 -3.830838e-01 -6.008679e+01
      vertex   -1.014392e+02 3.790634e+00 -6.022615e+01
    endloop
  endfacet
  facet normal 1.000000e+00 0.000000e+00 0.000000e+00
    outer loop
      vertex   -1.014392e+02 1.850000e+01 -4.500000e+01
      vertex   -1.014392e+02 3.790634e+00 -6.022615e+01
      vertex   -1.014392e+02 1.855111e+01 -4.538823e+01
    endloop
  endfacet
  facet normal 1.000000e+00 0.000000e+00 0.000000e+00
    outer loop
      vertex   -1.014392e+02 1.855111e+01 -4.538823e+01
      vertex   -1.014392e+02 3.790634e+00 -6.022615e+01
      vertex   -1.014392e+02 7.962685e+00 -6.004356e+01
    endloop
  endfacet
  facet normal 1.000000e+00 0.000000e+00 0.000000e+00
    outer loop
      vertex   -1.014392e+02 1.855111e+01 -4.538823e+01
      vertex   -1.014392e+02 7.962685e+00 -6.004356e+01
      vertex   -1.014392e+02 1.870096e+01 -4.575000e+01
    endloop
  endfacet
  facet normal 1.000000e+00 0.000000e+00 0.000000e+00
    outer loop
      vertex   -1.014392e+02 1.870096e+01 -4.575000e+01
      vertex   -1.014392e+02 7.962685e+00 -6.004356e+01
      vertex   -1.014392e+02 1.210827e+01 -5.954013e+01
    endloop
  endfacet
  facet normal 1.000000e+00 0.000000e+00 0.000000e+00
    outer loop
      vertex   -1.014392e+02 1.870096e+01 -4.575000e+01
      vertex   -1.014392e+02 1.210827e+01 -5.954013e+01
      vertex   -1.014392e+02 1.620276e+01 -5.871885e+01
    endloop
  endfacet
  facet normal 1.000000e+00 0.000000e+00 0.000000e+00
    outer loop
      vertex   -1.014392e+02 1.870096e+01 -4.575000e+01
      vertex   -1.014392e+02 1.620276e+01 -5.871885e+01
      vertex   -1.014392e+02 1.893934e+01 -4.606066e+01
    endloop
  endfacet
  facet normal 1.000000e+00 0.000000e+00 0.000000e+00
    outer loop
      vertex   -1.014392e+02 1.893934e+01 -4.606066e+01
      vertex   -1.014392e+02 1.620276e+01 -5.871885e+01
      vertex   -1.014392e+02 2.022182e+01 -5.758459e+01
    endloop
  endfacet
  facet normal 1.000000e+00 0.000000e+00 0.000000e+00
    outer loop
      vertex   -1.014392e+02 1.893934e+01 -4.606066e+01
      vertex   -1.014392e+02 2.022182e+01 -5.758459e+01
      vertex   -1.014392e+02 1.925000e+01 -4.629904e+01
    endloop
  endfacet
  facet normal 1.000000e+00 0.000000e+00 0.000000e+00
    outer loop
      vertex   -1.014392e+02 1.925000e+01 -4.629904e+01
      vertex   -1.014392e+02 2.022182e+01 -5.758459e+01
      vertex   -1.014392e+02 1.961177e+01 -4.644889e+01
    endloop
  endfacet
  facet normal 1.000000e+00 0.000000e+00 0.000000e+00
    outer loop
      vertex   -1.014392e+02 1.961177e+01 -4.644889e+01
      vertex   -1.014392e+02 2.022182e+01 -5.758459e+01
      vertex   -1.014392e+02 2.414155e+01 -5.614409e+01
    endloop
  endfacet
  facet normal 1.000000e+00 0.000000e+00 0.000000e+00
    outer loop
      vertex   -1.014392e+02 1.961177e+01 -4.644889e+01
      vertex   -1.014392e+02 2.414155e+01 -5.614409e+01
      vertex   -1.014392e+02 2.000000e+01 -4.650000e+01
    endloop
  endfacet
  facet normal 1.000000e+00 -0.000000e+00 0.000000e+00
    outer loop
      vertex   -1.014392e+02 2.000000e+01 -4.650000e+01
      vertex   -1.014392e+02 2.414155e+01 -5.614409e+01
      vertex   -1.014392e+02 2.038823e+01 -4.644889e+01
    endloop
  endfacet
  facet normal 1.000000e+00 0.000000e+00 0.000000e+00
    outer loop
      vertex   -1.014392e+02 2.038823e+01 -4.644889e+01
      vertex   -1.014392e+02 2.414155e+01 -5.614409e+01
      vertex   -1.014392e+02 2.793867e+01 -5.440592e+01
    endloop
  endfacet
  facet normal 1.000000e+00 -0.000000e+00 0.000000e+00
    outer loop
      vertex   -1.014392e+02 2.038823e+01 -4.644889e+01
      vertex   -1.014392e+02 2.793867e+01 -5.440592e+01
      vertex   -1.014392e+02 2.075000e+01 -4.629904e+01
    endloop
  endfacet
  facet normal 1.000000e+00 -0.000000e+00 0.000000e+00
    outer loop
      vertex   -1.014392e+02 2.075000e+01 -4.629904e+01
      vertex   -1.014392e+02 2.793867e+01 -5.440592e+01
      vertex   -1.014392e+02 2.106066e+01 -4.606066e+01
    endloop
  endfacet
  facet normal 1.000000e+00 0.000000e+00 0.000000e+00
    outer loop
      vertex   -1.014392e+02 2.106066e+01 -4.606066e+01
      vertex   -1.014392e+02 2.793867e+01 -5.440592e+01
      vertex   -1.014392e+02 3.159061e+01 -5.238041e+01
    endloop
  endfacet
  facet normal 1.000000e+00 -0.000000e+00 0.000000e+00
    outer loop
      vertex   -1.014392e+02 2.106066e+01 -4.606066e+01
      vertex   -1.014392e+02 3.159061e+01 -5.238041e+01
      vertex   -1.014392e+02 2.129904e+01 -4.575000e+01
    endloop
  endfacet
  facet normal 1.000000e+00 -0.000000e+00 0.000000e+00
    outer loop
      vertex   -1.014392e+02 2.129904e+01 -4.575000e+01
      vertex   -1.014392e+02 3.159061e+01 -5.238041e+01
      vertex   -1.014392e+02 2.144889e+01 -4.538823e+01
    endloop
  endfacet
  facet normal 1.000000e+00 -0.000000e+00 0.000000e+00
    outer loop
      vertex   -1.014392e+02 2.144889e+01 -4.538823e+01
      vertex   -1.014392e+02 3.159061e+01 -5.238041e+01
      vertex   -1.014392e+02 2.150000e+01 -4.500000e+01
    endloop
  endfacet
  facet normal 1.000000e+00 0.000000e+00 0.000000e+00
    outer loop
      vertex   -1.014392e+02 2.150000e+01 -4.500000e+01
      vertex   -1.014392e+02 3.159061e+01 -5.238041e+01
      vertex   -1.014392e+02 3.507566e+01 -5.007960e+01
    endloop
  endfacet
  facet normal 1.000000e+00 -0.000000e+00 -0.000000e+00
    outer loop
      vertex   -1.014392e+02 2.150000e+01 -4.500000e+01
      vertex   -1.014392e+02 3.507566e+01 -5.007960e+01
      vertex   -1.014392e+02 2.144889e+01 -4.461177e+01
    endloop
  endfacet
  facet normal 1.000000e+00 -0.000000e+00 -0.000000e+00
    outer loop
      vertex   -1.014392e+02 2.144889e+01 -4.461177e+01
      vertex   -1.014392e+02 3.507566e+01 -5.007960e+01
      vertex   -1.014392e+02 2.129904e+01 -4.425000e+01
    endloop
  endfacet
  facet normal 1.000000e+00 0.000000e+00 0.000000e+00
    outer loop
      vertex   -1.014392e+02 2.129904e+01 -4.425000e+01
      vertex   -1.014392e+02 3.507566e+01 -5.007960e+01
      vertex   -1.014392e+02 3.837311e+01 -4.751715e+01
    endloop
  endfacet
  facet normal 1.000000e+00 -0.000000e+00 -0.000000e+00
    outer loop
      vertex   -1.014392e+02 2.129904e+01 -4.425000e+01
      vertex   -1.014392e+02 3.837311e+01 -4.751715e+01
      vertex   -1.014392e+02 2.106066e+01 -4.393934e+01
    endloop
  endfacet
  facet normal 1.000000e+00 0.000000e+00 0.000000e+00
    outer loop
      vertex   -1.014392e+02 2.106066e+01 -4.393934e+01
      vertex   -1.014392e+02 3.837311e+01 -4.751715e+01
      vertex   -1.014392e+02 4.146338e+01 -4.470830e+01
    endloop
  endfacet
  facet normal 1.000000e+00 -0.000000e+00 -0.000000e+00
    outer loop
      vertex   -1.014392e+02 2.106066e+01 -4.393934e+01
      vertex   -1.014392e+02 4.146338e+01 -4.470830e+01
      vertex   -1.014392e+02 2.075000e+01 -4.370096e+01
    endloop
  endfacet
  facet normal 1.000000e+00 -0.000000e+00 0.000000e+00
    outer loop
      vertex   -1.014392e+02 2.075000e+01 -4.370096e+01
      vertex   -1.014392e+02 4.146338e+01 -4.470830e+01
      vertex   -1.014392e+02 4.432808e+01 -4.166974e+01
    endloop
  endfacet
  facet normal 1.000000e+00 0.000000e+00 -0.000000e+00
    outer loop
      vertex   -1.014392e+02 2.075000e+01 -4.370096e+01
      vertex   -1.014392e+02 4.432808e+01 -4.166974e+01
      vertex   -1.014392e+02 2.038823e+01 -4.355111e+01
    endloop
  endfacet
  facet normal 1.000000e+00 0.000000e+00 -0.000000e+00
    outer loop
      vertex   -1.014392e+02 2.038823e+01 -4.355111e+01
      vertex   -1.014392e+02 4.432808e+01 -4.166974e+01
      vertex   -1.014392e+02 2.553668e-01 -2.000771e+01
    endloop
  endfacet
  facet normal 1.000000e+00 0.000000e+00 0.000000e+00
    outer loop
      vertex   -1.014392e+02 2.038823e+01 -4.355111e+01
      vertex   -1.014392e+02 2.553668e-01 -2.000771e+01
      vertex   -1.014392e+02 2.000000e+01 -4.350000e+01
    endloop
  endfacet
  facet normal 1.000000e+00 0.000000e+00 0.000000e+00
    outer loop
      vertex   -1.014392e+02 2.000000e+01 -4.350000e+01
      vertex   -1.014392e+02 2.553668e-01 -2.000771e+01
      vertex   -1.014392e+02 1.961177e+01 -4.355111e+01
    endloop
  endfacet
  facet normal 1.000000e+00 0.000000e+00 0.000000e+00
    outer loop
      vertex   -1.014392e+02 1.961177e+01 -4.355111e+01
      vertex   -1.014392e+02 2.553668e-01 -2.000771e+01
      vertex   -1.014392e+02 1.925000e+01 -4.370096e+01
    endloop
  endfacet
  facet normal 1.000000e+00 0.000000e+00 0.000000e+00
    outer loop
      vertex   -1.014392e+02 1.925000e+01 -4.370096e+01
      vertex   -1.014392e+02 2.553668e-01 -2.000771e+01
      vertex   -1.014392e+02 1.893934e+01 -4.393934e+01
    endloop
  endfacet
  facet normal 1.000000e+00 0.000000e+00 0.000000e+00
    outer loop
      vertex   -1.014392e+02 1.893934e+01 -4.393934e+01
      vertex   -1.014392e+02 2.553668e-01 -2.000771e+01
      vertex   -1.014392e+02 -3.830838e-01 -2.000771e+01
    endloop
  endfacet
  facet normal 1.000000e+00 0.000000e+00 0.000000e+00
    outer loop
      vertex   -1.014392e+02 1.893934e+01 -4.393934e+01
      vertex   -1.014392e+02 -3.830838e-01 -2.000771e+01
      vertex   -1.014392e+02 1.870096e+01 -4.425000e+01
    endloop
  endfacet
  facet normal 1.000000e+00 0.000000e+00 0.000000e+00
    outer loop
      vertex   -1.014392e+02 1.870096e+01 -4.425000e+01
      vertex   -1.014392e+02 -3.830838e-01 -2.000771e+01
      vertex   -1.014392e+02 1.855111e+01 -4.461177e+01
    endloop
  endfacet
  facet normal 1.000000e+00 0.000000e+00 0.000000e+00
    outer loop
      vertex   -1.014392e+02 1.855111e+01 -4.461177e+01
      vertex   -1.014392e+02 -3.830838e-01 -2.000771e+01
      vertex   -1.014392e+02 1.850000e+01 -4.500000e+01
    endloop
  endfacet
  facet normal -0.000000e+00 1.305262e-01 9.914449e-01
    outer loop
      vertex   -1.314392e+02 1.961177e+01 -4.644889e+01
      vertex   -1.239392e+02 1.961177e+01 -4.644889e+01
      vertex   -1.314392e+02 2.000000e+01 -4.650000e+01
    endloop
  endfacet
  facet normal -0.000000e+00 1.305262e-01 9.914449e-01
    outer loop
      vertex   -1.314392e+02 2.000000e+01 -4.650000e+01
      vertex   -1.239392e+02 1.961177e+01 -4.644889e+01
      vertex   -1.239392e+02 2.000000e+01 -4.650000e+01
    endloop
  endfacet
  facet normal 0.000000e+00 -1.305262e-01 9.914449e-01
    outer loop
      vertex   -1.314392e+02 2.000000e+01 -4.650000e+01
      vertex   -1.239392e+02 2.000000e+01 -4.650000e+01
      vertex   -1.314392e+02 2.038823e+01 -4.644889e+01
    endloop
  endfacet
  facet normal 0.000000e+00 -1.305262e-01 9.914449e-01
    outer loop
      vertex   -1.314392e+02 2.038823e+01 -4.644889e+01
      vertex   -1.239392e+02 2.000000e+01 -4.650000e+01
      vertex   -1.239392e+02 2.038823e+01 -4.644889e+01
    endloop
  endfacet
  facet normal 0.000000e+00 -3.826834e-01 9.238795e-01
    outer loop
      vertex   -1.314392e+02 2.038823e+01 -4.644889e+01
      vertex   -1.239392e+02 2.038823e+01 -4.644889e+01
      vertex   -1.314392e+02 2.075000e+01 -4.629904e+01
    endloop
  endfacet
  facet normal 0.000000e+00 -3.826834e-01 9.238795e-01
    outer loop
      vertex   -1.314392e+02 2.075000e+01 -4.629904e+01
      vertex   -1.239392e+02 2.038823e+01 -4.644889e+01
      vertex   -1.239392e+02 2.075000e+01 -4.629904e+01
    endloop
  endfacet
  facet normal 0.000000e+00 -6.087614e-01 7.933533e-01
    outer loop
      vertex   -1.314392e+02 2.075000e+01 -4.629904e+01
      vertex   -1.239392e+02 2.075000e+01 -4.629904e+01
      vertex   -1.314392e+02 2.106066e+01 -4.606066e+01
    endloop
  endfacet
  facet normal 0.000000e+00 -6.087614e-01 7.933533e-01
    outer loop
      vertex   -1.314392e+02 2.106066e+01 -4.606066e+01
      vertex   -1.239392e+02 2.075000e+01 -4.629904e+01
      vertex   -1.239392e+02 2.106066e+01 -4.606066e+01
    endloop
  endfacet
  facet normal 0.000000e+00 -7.933533e-01 6.087614e-01
    outer loop
      vertex   -1.314392e+02 2.106066e+01 -4.606066e+01
      vertex   -1.239392e+02 2.106066e+01 -4.606066e+01
      vertex   -1.314392e+02 2.129904e+01 -4.575000e+01
    endloop
  endfacet
  facet normal 0.000000e+00 -7.933533e-01 6.087614e-01
    outer loop
      vertex   -1.314392e+02 2.129904e+01 -4.575000e+01
      vertex   -1.239392e+02 2.106066e+01 -4.606066e+01
      vertex   -1.239392e+02 2.129904e+01 -4.575000e+01
    endloop
  endfacet
  facet normal 0.000000e+00 -9.238795e-01 3.826834e-01
    outer loop
      vertex   -1.314392e+02 2.129904e+01 -4.575000e+01
      vertex   -1.239392e+02 2.129904e+01 -4.575000e+01
      vertex   -1.314392e+02 2.144889e+01 -4.538823e+01
    endloop
  endfacet
  facet normal 0.000000e+00 -9.238795e-01 3.826834e-01
    outer loop
      vertex   -1.314392e+02 2.144889e+01 -4.538823e+01
      vertex   -1.239392e+02 2.129904e+01 -4.575000e+01
      vertex   -1.239392e+02 2.144889e+01 -4.538823e+01
    endloop
  endfacet
  facet normal 0.000000e+00 -9.914449e-01 1.305262e-01
    outer loop
      vertex   -1.314392e+02 2.144889e+01 -4.538823e+01
      vertex   -1.239392e+02 2.144889e+01 -4.538823e+01
      vertex   -1.314392e+02 2.150000e+01 -4.500000e+01
    endloop
  endfacet
  facet normal 0.000000e+00 -9.914449e-01 1.305262e-01
    outer loop
      vertex   -1.314392e+02 2.150000e+01 -4.500000e+01
      vertex   -1.239392e+02 2.144889e+01 -4.538823e+01
      vertex   -1.239392e+02 2.150000e+01 -4.500000e+01
    endloop
  endfacet
  facet normal 0.000000e+00 -9.914449e-01 -1.305262e-01
    outer loop
      vertex   -1.314392e+02 2.150000e+01 -4.500000e+01
      vertex   -1.239392e+02 2.150000e+01 -4.500000e+01
      vertex   -1.314392e+02 2.144889e+01 -4.461177e+01
    endloop
  endfacet
  facet normal 0.000000e+00 -9.914449e-01 -1.305262e-01
    outer loop
      vertex   -1.314392e+02 2.144889e+01 -4.461177e+01
      vertex   -1.239392e+02 2.150000e+01 -4.500000e+01
      vertex   -1.239392e+02 2.144889e+01 -4.461177e+01
    endloop
  endfacet
  facet normal 0.000000e+00 -9.238795e-01 -3.826834e-01
    outer loop
      vertex   -1.314392e+02 2.144889e+01 -4.461177e+01
      vertex   -1.239392e+02 2.144889e+01 -4.461177e+01
      vertex   -1.314392e+02 2.129904e+01 -4.425000e+01
    endloop
  endfacet
  facet normal 0.000000e+00 -9.238795e-01 -3.826834e-01
    outer loop
      vertex   -1.314392e+02 2.129904e+01 -4.425000e+01
      vertex   -1.239392e+02 2.144889e+01 -4.461177e+01
      vertex   -1.239392e+02 2.129904e+01 -4.425000e+01
    endloop
  endfacet
  facet normal 0.000000e+00 -7.933533e-01 -6.087614e-01
    outer loop
      vertex   -1.314392e+02 2.129904e+01 -4.425000e+01
      vertex   -1.239392e+02 2.129904e+01 -4.425000e+01
      vertex   -1.314392e+02 2.106066e+01 -4.393934e+01
    endloop
  endfacet
  facet normal 0.000000e+00 -7.933533e-01 -6.087614e-01
    outer loop
      vertex   -1.314392e+02 2.106066e+01 -4.393934e+01
      vertex   -1.239392e+02 2.129904e+01 -4.425000e+01
      vertex   -1.239392e+02 2.106066e+01 -4.393934e+01
    endloop
  endfacet
  facet normal 0.000000e+00 -6.087614e-01 -7.933533e-01
    outer loop
      vertex   -1.314392e+02 2.106066e+01 -4.393934e+01
      vertex   -1.239392e+02 2.106066e+01 -4.393934e+01
      vertex   -1.314392e+02 2.075000e+01 -4.370096e+01
    endloop
  endfacet
  facet normal 0.000000e+00 -6.087614e-01 -7.933533e-01
    outer loop
      vertex   -1.314392e+02 2.075000e+01 -4.370096e+01
      vertex   -1.239392e+02 2.106066e+01 -4.393934e+01
      vertex   -1.239392e+02 2.075000e+01 -4.370096e+01
    endloop
  endfacet
  facet normal 0.000000e+00 -3.826834e-01 -9.238795e-01
    outer loop
      vertex   -1.314392e+02 2.075000e+01 -4.370096e+01
      vertex   -1.239392e+02 2.075000e+01 -4.370096e+01
      vertex   -1.314392e+02 2.038823e+01 -4.355111e+01
    endloop
  endfacet
  facet normal 0.000000e+00 -3.826834e-01 -9.238795e-01
    outer loop
      vertex   -1.314392e+02 2.038823e+01 -4.355111e+01
      vertex   -1.239392e+02 2.075000e+01 -4.370096e+01
      vertex   -1.239392e+02 2.038823e+01 -4.355111e+01
    endloop
  endfacet
  facet normal 0.000000e+00 -1.305262e-01 -9.914449e-01
    outer loop
      vertex   -1.314392e+02 2.038823e+01 -4.355111e+01
      vertex   -1.239392e+02 2.038823e+01 -4.355111e+01
      vertex   -1.314392e+02 2.000000e+01 -4.350000e+01
    endloop
  endfacet
  facet normal 0.000000e+00 -1.305262e-01 -9.914449e-01
    outer loop
      vertex   -1.314392e+02 2.000000e+01 -4.350000e+01
      vertex   -1.239392e+02 2.038823e+01 -4.355111e+01
      vertex   -1.239392e+02 2.000000e+01 -4.350000e+01
    endloop
  endfacet
  facet normal 0.000000e+00 1.305262e-01 -9.914449e-01
    outer loop
      vertex   -1.314392e+02 2.000000e+01 -4.350000e+01
      vertex   -1.239392e+02 2.000000e+01 -4.350000e+01
      vertex   -1.314392e+02 1.961177e+01 -4.355111e+01
    endloop
  endfacet
  facet normal 6.182963e-17 1.305262e-01 -9.914449e-01
    outer loop
      vertex   -1.314392e+02 1.961177e+01 -4.355111e+01
      vertex   -1.239392e+02 2.000000e+01 -4.350000e+01
      vertex   -1.239392e+02 1.961177e+01 -4.355111e+01
    endloop
  endfacet
  facet normal 1.812753e-16 3.826834e-01 -9.238795e-01
    outer loop
      vertex   -1.314392e+02 1.961177e+01 -4.355111e+01
      vertex   -1.239392e+02 1.961177e+01 -4.355111e+01
      vertex   -1.314392e+02 1.925000e+01 -4.370096e+01
    endloop
  endfacet
  facet normal 0.000000e+00 3.826834e-01 -9.238795e-01
    outer loop
      vertex   -1.314392e+02 1.925000e+01 -4.370096e+01
      vertex   -1.239392e+02 1.961177e+01 -4.355111e+01
      vertex   -1.239392e+02 1.925000e+01 -4.370096e+01
    endloop
  endfacet
  facet normal 0.000000e+00 6.087614e-01 -7.933533e-01
    outer loop
      vertex   -1.314392e+02 1.925000e+01 -4.370096e+01
      vertex   -1.239392e+02 1.925000e+01 -4.370096e+01
      vertex   -1.314392e+02 1.893934e+01 -4.393934e+01
    endloop
  endfacet
  facet normal 0.000000e+00 6.087614e-01 -7.933533e-01
    outer loop
      vertex   -1.314392e+02 1.893934e+01 -4.393934e+01
      vertex   -1.239392e+02 1.925000e+01 -4.370096e+01
      vertex   -1.239392e+02 1.893934e+01 -4.393934e+01
    endloop
  endfacet
  facet normal 0.000000e+00 7.933533e-01 -6.087614e-01
    outer loop
      vertex   -1.314392e+02 1.893934e+01 -4.393934e+01
      vertex   -1.239392e+02 1.893934e+01 -4.393934e+01
      vertex   -1.314392e+02 1.870096e+01 -4.425000e+01
    endloop
  endfacet
  facet normal 0.000000e+00 7.933533e-01 -6.087614e-01
    outer loop
      vertex   -1.314392e+02 1.870096e+01 -4.425000e+01
      vertex   -1.239392e+02 1.893934e+01 -4.393934e+01
      vertex   -1.239392e+02 1.870096e+01 -4.425000e+01
    endloop
  endfacet
  facet normal 0.000000e+00 9.238795e-01 -3.826834e-01
    outer loop
      vertex   -1.314392e+02 1.870096e+01 -4.425000e+01
      vertex   -1.239392e+02 1.870096e+01 -4.425000e+01
      vertex   -1.314392e+02 1.855111e+01 -4.461177e+01
    endloop
  endfacet
  facet normal 0.000000e+00 9.238795e-01 -3.826834e-01
    outer loop
      vertex   -1.314392e+02 1.855111e+01 -4.461177e+01
      vertex   -1.239392e+02 1.870096e+01 -4.425000e+01
      vertex   -1.239392e+02 1.855111e+01 -4.461177e+01
    endloop
  endfacet
  facet normal 0.000000e+00 9.914449e-01 -1.305262e-01
    outer loop
      vertex   -1.314392e+02 1.855111e+01 -4.461177e+01
      vertex   -1.239392e+02 1.855111e+01 -4.461177e+01
      vertex   -1.314392e+02 1.850000e+01 -4.500000e+01
    endloop
  endfacet
  facet normal 0.000000e+00 9.914449e-01 -1.305262e-01
    outer loop
      vertex   -1.314392e+02 1.850000e+01 -4.500000e+01
      vertex   -1.239392e+02 1.855111e+01 -4.461177e+01
      vertex   -1.239392e+02 1.850000e+01 -4.500000e+01
    endloop
  endfacet
  facet normal -0.000000e+00 9.914449e-01 1.305262e-01
    outer loop
      vertex   -1.314392e+02 1.850000e+01 -4.500000e+01
      vertex   -1.239392e+02 1.850000e+01 -4.500000e+01
      vertex   -1.314392e+02 1.855111e+01 -4.538823e+01
    endloop
  endfacet
  facet normal -0.000000e+00 9.914449e-01 1.305262e-01
    outer loop
      vertex   -1.314392e+02 1.855111e+01 -4.538823e+01
      vertex   -1.239392e+02 1.850000e+01 -4.500000e+01
      vertex   -1.239392e+02 1.855111e+01 -4.538823e+01
    endloop
  endfacet
  facet normal -0.000000e+00 9.238795e-01 3.826834e-01
    outer loop
      vertex   -1.314392e+02 1.855111e+01 -4.538823e+01
      vertex   -1.239392e+02 1.855111e+01 -4.538823e+01
      vertex   -1.314392e+02 1.870096e+01 -4.575000e+01
    endloop
  endfacet
  facet normal -0.000000e+00 9.238795e-01 3.826834e-01
    outer loop
      vertex   -1.314392e+02 1.870096e+01 -4.575000e+01
      vertex   -1.239392e+02 1.855111e+01 -4.538823e+01
      vertex   -1.239392e+02 1.870096e+01 -4.575000e+01
    endloop
  endfacet
  facet normal -0.000000e+00 7.933533e-01 6.087614e-01
    outer loop
      vertex   -1.314392e+02 1.870096e+01 -4.575000e+01
      vertex   -1.239392e+02 1.870096e+01 -4.575000e+01
      vertex   -1.314392e+02 1.893934e+01 -4.606066e+01
    endloop
  endfacet
  facet normal -0.000000e+00 7.933533e-01 6.087614e-01
    outer loop
      vertex   -1.314392e+02 1.893934e+01 -4.606066e+01
      vertex   -1.239392e+02 1.870096e+01 -4.575000e+01
      vertex   -1.239392e+02 1.893934e+01 -4.606066e+01
    endloop
  endfacet
  facet normal -0.000000e+00 6.087614e-01 7.933533e-01
    outer loop
      vertex   -1.314392e+02 1.893934e+01 -4.606066e+01
      vertex   -1.239392e+02 1.893934e+01 -4.606066e+01
      vertex   -1.314392e+02 1.925000e+01 -4.629904e+01
    endloop
  endfacet
  facet normal -0.000000e+00 6.087614e-01 7.933533e-01
    outer loop
      vertex   -1.314392e+02 1.925000e+01 -4.629904e+01
      vertex   -1.239392e+02 1.893934e+01 -4.606066e+01
      vertex   -1.239392e+02 1.925000e+01 -4.629904e+01
    endloop
  endfacet
  facet normal -0.000000e+00 3.826834e-01 9.238795e-01
    outer loop
      vertex   -1.314392e+02 1.925000e+01 -4.629904e+01
      vertex   -1.239392e+02 1.925000e+01 -4.629904e+01
      vertex   -1.314392e+02 1.961177e+01 -4.644889e+01
    endloop
  endfacet
  facet normal -0.000000e+00 3.826834e-01 9.238795e-01
    outer loop
      vertex   -1.314392e+02 1.961177e+01 -4.644889e+01
      vertex   -1.239392e+02 1.925000e+01 -4.629904e+01
      vertex   -1.239392e+02 1.961177e+01 -4.644889e+01
    endloop
  endfacet
  facet normal 0.000000e+00 -1.305262e-01 9.914449e-01
    outer loop
      vertex   -1.014392e+02 2.038823e+01 -4.644889e+01
      vertex   -1.089392e+02 2.038823e+01 -4.644889e+01
      vertex   -1.014392e+02 2.000000e+01 -4.650000e+01
    endloop
  endfacet
  facet normal 0.000000e+00 -1.305262e-01 9.914449e-01
    outer loop
      vertex   -1.014392e+02 2.000000e+01 -4.650000e+01
      vertex   -1.089392e+02 2.038823e+01 -4.644889e+01
      vertex   -1.089392e+02 2.000000e+01 -4.650000e+01
    endloop
  endfacet
  facet normal 0.000000e+00 1.305262e-01 9.914449e-01
    outer loop
      vertex   -1.014392e+02 2.000000e+01 -4.650000e+01
      vertex   -1.089392e+02 2.000000e+01 -4.650000e+01
      vertex   -1.014392e+02 1.961177e+01 -4.644889e+01
    endloop
  endfacet
  facet normal 0.000000e+00 1.305262e-01 9.914449e-01
    outer loop
      vertex   -1.014392e+02 1.961177e+01 -4.644889e+01
      vertex   -1.089392e+02 2.000000e+01 -4.650000e+01
      vertex   -1.089392e+02 1.961177e+01 -4.644889e+01
    endloop
  endfacet
  facet normal 0.000000e+00 3.826834e-01 9.238795e-01
    outer loop
      vertex   -1.014392e+02 1.961177e+01 -4.644889e+01
      vertex   -1.089392e+02 1.961177e+01 -4.644889e+01
      vertex   -1.014392e+02 1.925000e+01 -4.629904e+01
    endloop
  endfacet
  facet normal 0.000000e+00 3.826834e-01 9.238795e-01
    outer loop
      vertex   -1.014392e+02 1.925000e+01 -4.629904e+01
      vertex   -1.089392e+02 1.961177e+01 -4.644889e+01
      vertex   -1.089392e+02 1.925000e+01 -4.629904e+01
    endloop
  endfacet
  facet normal 0.000000e+00 6.087614e-01 7.933533e-01
    outer loop
      vertex   -1.014392e+02 1.925000e+01 -4.629904e+01
      vertex   -1.089392e+02 1.925000e+01 -4.629904e+01
      vertex   -1.014392e+02 1.893934e+01 -4.606066e+01
    endloop
  endfacet
  facet normal 0.000000e+00 6.087614e-01 7.933533e-01
    outer loop
      vertex   -1.014392e+02 1.893934e+01 -4.606066e+01
      vertex   -1.089392e+02 1.925000e+01 -4.629904e+01
      vertex   -1.089392e+02 1.893934e+01 -4.606066e+01
    endloop
  endfacet
  facet normal 0.000000e+00 7.933533e-01 6.087614e-01
    outer loop
      vertex   -1.014392e+02 1.893934e+01 -4.606066e+01
      vertex   -1.089392e+02 1.893934e+01 -4.606066e+01
      vertex   -1.014392e+02 1.870096e+01 -4.575000e+01
    endloop
  endfacet
  facet normal 0.000000e+00 7.933533e-01 6.087614e-01
    outer loop
      vertex   -1.014392e+02 1.870096e+01 -4.575000e+01
      vertex   -1.089392e+02 1.893934e+01 -4.606066e+01
      vertex   -1.089392e+02 1.870096e+01 -4.575000e+01
    endloop
  endfacet
  facet normal 0.000000e+00 9.238795e-01 3.826834e-01
    outer loop
      vertex   -1.014392e+02 1.870096e+01 -4.575000e+01
      vertex   -1.089392e+02 1.870096e+01 -4.575000e+01
      vertex   -1.014392e+02 1.855111e+01 -4.538823e+01
    endloop
  endfacet
  facet normal 0.000000e+00 9.238795e-01 3.826834e-01
    outer loop
      vertex   -1.014392e+02 1.855111e+01 -4.538823e+01
      vertex   -1.089392e+02 1.870096e+01 -4.575000e+01
      vertex   -1.089392e+02 1.855111e+01 -4.538823e+01
    endloop
  endfacet
  facet normal 0.000000e+00 9.914449e-01 1.305262e-01
    outer loop
      vertex   -1.014392e+02 1.855111e+01 -4.538823e+01
      vertex   -1.089392e+02 1.855111e+01 -4.538823e+01
      vertex   -1.014392e+02 1.850000e+01 -4.500000e+01
    endloop
  endfacet
  facet normal 0.000000e+00 9.914449e-01 1.305262e-01
    outer loop
      vertex   -1.014392e+02 1.850000e+01 -4.500000e+01
      vertex   -1.089392e+02 1.855111e+01 -4.538823e+01
      vertex   -1.089392e+02 1.850000e+01 -4.500000e+01
    endloop
  endfacet
  facet normal 0.000000e+00 9.914449e-01 -1.305262e-01
    outer loop
      vertex   -1.014392e+02 1.850000e+01 -4.500000e+01
      vertex   -1.089392e+02 1.850000e+01 -4.500000e+01
      vertex   -1.014392e+02 1.855111e+01 -4.461177e+01
    endloop
  endfacet
  facet normal 0.000000e+00 9.914449e-01 -1.305262e-01
    outer loop
      vertex   -1.014392e+02 1.855111e+01 -4.461177e+01
      vertex   -1.089392e+02 1.850000e+01 -4.500000e+01
      vertex   -1.089392e+02 1.855111e+01 -4.461177e+01
    endloop
  endfacet
  facet normal 0.000000e+00 9.238795e-01 -3.826834e-01
    outer loop
      vertex   -1.014392e+02 1.855111e+01 -4.461177e+01
      vertex   -1.089392e+02 1.855111e+01 -4.461177e+01
      vertex   -1.014392e+02 1.870096e+01 -4.425000e+01
    endloop
  endfacet
  facet normal 0.000000e+00 9.238795e-01 -3.826834e-01
    outer loop
      vertex   -1.014392e+02 1.870096e+01 -4.425000e+01
      vertex   -1.089392e+02 1.855111e+01 -4.461177e+01
      vertex   -1.089392e+02 1.870096e+01 -4.425000e+01
    endloop
  endfacet
  facet normal 0.000000e+00 7.933533e-01 -6.087614e-01
    outer loop
      vertex   -1.014392e+02 1.870096e+01 -4.425000e+01
      vertex   -1.089392e+02 1.870096e+01 -4.425000e+01
      vertex   -1.014392e+02 1.893934e+01 -4.393934e+01
    endloop
  endfacet
  facet normal 0.000000e+00 7.933533e-01 -6.087614e-01
    outer loop
      vertex   -1.014392e+02 1.893934e+01 -4.393934e+01
      vertex   -1.089392e+02 1.870096e+01 -4.425000e+01
      vertex   -1.089392e+02 1.893934e+01 -4.393934e+01
    endloop
  endfacet
  facet normal 0.000000e+00 6.087614e-01 -7.933533e-01
    outer loop
      vertex   -1.014392e+02 1.893934e+01 -4.393934e+01
      vertex   -1.089392e+02 1.893934e+01 -4.393934e+01
      vertex   -1.014392e+02 1.925000e+01 -4.370096e+01
    endloop
  endfacet
  facet normal 0.000000e+00 6.087614e-01 -7.933533e-01
    outer loop
      vertex   -1.014392e+02 1.925000e+01 -4.370096e+01
      vertex   -1.089392e+02 1.893934e+01 -4.393934e+01
      vertex   -1.089392e+02 1.925000e+01 -4.370096e+01
    endloop
  endfacet
  facet normal 0.000000e+00 3.826834e-01 -9.238795e-01
    outer loop
      vertex   -1.014392e+02 1.925000e+01 -4.370096e+01
      vertex   -1.089392e+02 1.925000e+01 -4.370096e+01
      vertex   -1.014392e+02 1.961177e+01 -4.355111e+01
    endloop
  endfacet
  facet normal 0.000000e+00 3.826834e-01 -9.238795e-01
    outer loop
      vertex   -1.014392e+02 1.961177e+01 -4.355111e+01
      vertex   -1.089392e+02 1.925000e+01 -4.370096e+01
      vertex   -1.089392e+02 1.961177e+01 -4.355111e+01
    endloop
  endfacet
  facet normal 0.000000e+00 1.305262e-01 -9.914449e-01
    outer loop
      vertex   -1.014392e+02 1.961177e+01 -4.355111e+01
      vertex   -1.089392e+02 1.961177e+01 -4.355111e+01
      vertex   -1.014392e+02 2.000000e+01 -4.350000e+01
    endloop
  endfacet
  facet normal 0.000000e+00 1.305262e-01 -9.914449e-01
    outer loop
      vertex   -1.014392e+02 2.000000e+01 -4.350000e+01
      vertex   -1.089392e+02 1.961177e+01 -4.355111e+01
      vertex   -1.089392e+02 2.000000e+01 -4.350000e+01
    endloop
  endfacet
  facet normal -0.000000e+00 -1.305262e-01 -9.914449e-01
    outer loop
      vertex   -1.014392e+02 2.000000e+01 -4.350000e+01
      vertex   -1.089392e+02 2.000000e+01 -4.350000e+01
      vertex   -1.014392e+02 2.038823e+01 -4.355111e+01
    endloop
  endfacet
  facet normal -0.000000e+00 -1.305262e-01 -9.914449e-01
    outer loop
      vertex   -1.014392e+02 2.038823e+01 -4.355111e+01
      vertex   -1.089392e+02 2.000000e+01 -4.350000e+01
      vertex   -1.089392e+02 2.038823e+01 -4.355111e+01
    endloop
  endfacet
  facet normal -0.000000e+00 -3.826834e-01 -9.238795e-01
    outer loop
      vertex   -1.014392e+02 2.038823e+01 -4.355111e+01
      vertex   -1.089392e+02 2.038823e+01 -4.355111e+01
      vertex   -1.014392e+02 2.075000e+01 -4.370096e+01
    endloop
  endfacet
  facet normal -0.000000e+00 -3.826834e-01 -9.238795e-01
    outer loop
      vertex   -1.014392e+02 2.075000e+01 -4.370096e+01
      vertex   -1.089392e+02 2.038823e+01 -4.355111e+01
      vertex   -1.089392e+02 2.075000e+01 -4.370096e+01
    endloop
  endfacet
  facet normal -0.000000e+00 -6.087614e-01 -7.933533e-01
    outer loop
      vertex   -1.014392e+02 2.075000e+01 -4.370096e+01
      vertex   -1.089392e+02 2.075000e+01 -4.370096e+01
      vertex   -1.014392e+02 2.106066e+01 -4.393934e+01
    endloop
  endfacet
  facet normal -0.000000e+00 -6.087614e-01 -7.933533e-01
    outer loop
      vertex   -1.014392e+02 2.106066e+01 -4.393934e+01
      vertex   -1.089392e+02 2.075000e+01 -4.370096e+01
      vertex   -1.089392e+02 2.106066e+01 -4.393934e+01
    endloop
  endfacet
  facet normal -0.000000e+00 -7.933533e-01 -6.087614e-01
    outer loop
      vertex   -1.014392e+02 2.106066e+01 -4.393934e+01
      vertex   -1.089392e+02 2.106066e+01 -4.393934e+01
      vertex   -1.014392e+02 2.129904e+01 -4.425000e+01
    endloop
  endfacet
  facet normal -0.000000e+00 -7.933533e-01 -6.087614e-01
    outer loop
      vertex   -1.014392e+02 2.129904e+01 -4.425000e+01
      vertex   -1.089392e+02 2.106066e+01 -4.393934e+01
      vertex   -1.089392e+02 2.129904e+01 -4.425000e+01
    endloop
  endfacet
  facet normal -0.000000e+00 -9.238795e-01 -3.826834e-01
    outer loop
      vertex   -1.014392e+02 2.129904e+01 -4.425000e+01
      vertex   -1.089392e+02 2.129904e+01 -4.425000e+01
      vertex   -1.014392e+02 2.144889e+01 -4.461177e+01
    endloop
  endfacet
  facet normal -0.000000e+00 -9.238795e-01 -3.826834e-01
    outer loop
      vertex   -1.014392e+02 2.144889e+01 -4.461177e+01
      vertex   -1.089392e+02 2.129904e+01 -4.425000e+01
      vertex   -1.089392e+02 2.144889e+01 -4.461177e+01
    endloop
  endfacet
  facet normal -0.000000e+00 -9.914449e-01 -1.305262e-01
    outer loop
      vertex   -1.014392e+02 2.144889e+01 -4.461177e+01
      vertex   -1.089392e+02 2.144889e+01 -4.461177e+01
      vertex   -1.014392e+02 2.150000e+01 -4.500000e+01
    endloop
  endfacet
  facet normal -0.000000e+00 -9.914449e-01 -1.305262e-01
    outer loop
      vertex   -1.014392e+02 2.150000e+01 -4.500000e+01
      vertex   -1.089392e+02 2.144889e+01 -4.461177e+01
      vertex   -1.089392e+02 2.150000e+01 -4.500000e+01
    endloop
  endfacet
  facet normal 0.000000e+00 -9.914449e-01 1.305262e-01
    outer loop
      vertex   -1.014392e+02 2.150000e+01 -4.500000e+01
      vertex   -1.089392e+02 2.150000e+01 -4.500000e+01
      vertex   -1.014392e+02 2.144889e+01 -4.538823e+01
    endloop
  endfacet
  facet normal 0.000000e+00 -9.914449e-01 1.305262e-01
    outer loop
      vertex   -1.014392e+02 2.144889e+01 -4.538823e+01
      vertex   -1.089392e+02 2.150000e+01 -4.500000e+01
      vertex   -1.089392e+02 2.144889e+01 -4.538823e+01
    endloop
  endfacet
  facet normal 0.000000e+00 -9.238795e-01 3.826834e-01
    outer loop
      vertex   -1.014392e+02 2.144889e+01 -4.538823e+01
      vertex   -1.089392e+02 2.144889e+01 -4.538823e+01
      vertex   -1.014392e+02 2.129904e+01 -4.575000e+01
    endloop
  endfacet
  facet normal 0.000000e+00 -9.238795e-01 3.826834e-01
    outer loop
      vertex   -1.014392e+02 2.129904e+01 -4.575000e+01
      vertex   -1.089392e+02 2.144889e+01 -4.538823e+01
      vertex   -1.089392e+02 2.129904e+01 -4.575000e+01
    endloop
  endfacet
  facet normal 0.000000e+00 -7.933533e-01 6.087614e-01
    outer loop
      vertex   -1.014392e+02 2.129904e+01 -4.575000e+01
      vertex   -1.089392e+02 2.129904e+01 -4.575000e+01
      vertex   -1.014392e+02 2.106066e+01 -4.606066e+01
    endloop
  endfacet
  facet normal 0.000000e+00 -7.933533e-01 6.087614e-01
    outer loop
      vertex   -1.014392e+02 2.106066e+01 -4.606066e+01
      vertex   -1.089392e+02 2.129904e+01 -4.575000e+01
      vertex   -1.089392e+02 2.106066e+01 -4.606066e+01
    endloop
  endfacet
  facet normal 0.000000e+00 -6.087614e-01 7.933533e-01
    outer loop
      vertex   -1.014392e+02 2.106066e+01 -4.606066e+01
      vertex   -1.089392e+02 2.106066e+01 -4.606066e+01
      vertex   -1.014392e+02 2.075000e+01 -4.629904e+01
    endloop
  endfacet
  facet normal 0.000000e+00 -6.087614e-01 7.933533e-01
    outer loop
      vertex   -1.014392e+02 2.075000e+01 -4.629904e+01
      vertex   -1.089392e+02 2.106066e+01 -4.606066e+01
      vertex   -1.089392e+02 2.075000e+01 -4.629904e+01
    endloop
  endfacet
  facet normal 0.000000e+00 -3.826834e-01 9.238795e-01
    outer loop
      vertex   -1.014392e+02 2.075000e+01 -4.629904e+01
      vertex   -1.089392e+02 2.075000e+01 -4.629904e+01
      vertex   -1.014392e+02 2.038823e+01 -4.644889e+01
    endloop
  endfacet
  facet normal 0.000000e+00 -3.826834e-01 9.238795e-01
    outer loop
      vertex   -1.014392e+02 2.038823e+01 -4.644889e+01
      vertex   -1.089392e+02 2.075000e+01 -4.629904e+01
      vertex   -1.089392e+02 2.038823e+01 -4.644889e+01
    endloop
  endfacet
  facet normal 0.000000e+00 -1.305262e-01 9.914449e-01
    outer loop
      vertex   -1.239392e+02 2.000000e+01 -4.650000e+01
      vertex   -1.164392e+02 2.000000e+01 -4.650000e+01
      vertex   -1.239392e+02 2.038823e+01 -4.644889e+01
    endloop
  endfacet
  facet normal 0.000000e+00 -1.305262e-01 9.914449e-01
    outer loop
      vertex   -1.239392e+02 2.038823e+01 -4.644889e+01
      vertex   -1.164392e+02 2.000000e+01 -4.650000e+01
      vertex   -1.164392e+02 2.038823e+01 -4.644889e+01
    endloop
  endfacet
  facet normal 0.000000e+00 -3.826834e-01 9.238795e-01
    outer loop
      vertex   -1.239392e+02 2.038823e+01 -4.644889e+01
      vertex   -1.164392e+02 2.038823e+01 -4.644889e+01
      vertex   -1.239392e+02 2.075000e+01 -4.629904e+01
    endloop
  endfacet
  facet normal 0.000000e+00 -3.826834e-01 9.238795e-01
    outer loop
      vertex   -1.239392e+02 2.075000e+01 -4.629904e+01
      vertex   -1.164392e+02 2.038823e+01 -4.644889e+01
      vertex   -1.164392e+02 2.075000e+01 -4.629904e+01
    endloop
  endfacet
  facet normal 0.000000e+00 -6.087614e-01 7.933533e-01
    outer loop
      vertex   -1.239392e+02 2.075000e+01 -4.629904e+01
      vertex   -1.164392e+02 2.075000e+01 -4.629904e+01
      vertex   -1.239392e+02 2.106066e+01 -4.606066e+01
    endloop
  endfacet
  facet normal 0.000000e+00 -6.087614e-01 7.933533e-01
    outer loop
      vertex   -1.239392e+02 2.106066e+01 -4.606066e+01
      vertex   -1.164392e+02 2.075000e+01 -4.629904e+01
      vertex   -1.164392e+02 2.106066e+01 -4.606066e+01
    endloop
  endfacet
  facet normal 0.000000e+00 -7.933533e-01 6.087614e-01
    outer loop
      vertex   -1.239392e+02 2.106066e+01 -4.606066e+01
      vertex   -1.164392e+02 2.106066e+01 -4.606066e+01
      vertex   -1.239392e+02 2.129904e+01 -4.575000e+01
    endloop
  endfacet
  facet normal 0.000000e+00 -7.933533e-01 6.087614e-01
    outer loop
      vertex   -1.239392e+02 2.129904e+01 -4.575000e+01
      vertex   -1.164392e+02 2.106066e+01 -4.606066e+01
      vertex   -1.164392e+02 2.129904e+01 -4.575000e+01
    endloop
  endfacet
  facet normal 0.000000e+00 -9.238795e-01 3.826834e-01
    outer loop
      vertex   -1.239392e+02 2.129904e+01 -4.575000e+01
      vertex   -1.164392e+02 2.129904e+01 -4.575000e+01
      vertex   -1.239392e+02 2.144889e+01 -4.538823e+01
    endloop
  endfacet
  facet normal 0.000000e+00 -9.238795e-01 3.826834e-01
    outer loop
      vertex   -1.239392e+02 2.144889e+01 -4.538823e+01
      vertex   -1.164392e+02 2.129904e+01 -4.575000e+01
      vertex   -1.164392e+02 2.144889e+01 -4.538823e+01
    endloop
  endfacet
  facet normal 0.000000e+00 -9.914449e-01 1.305262e-01
    outer loop
      vertex   -1.239392e+02 2.144889e+01 -4.538823e+01
      vertex   -1.164392e+02 2.144889e+01 -4.538823e+01
      vertex   -1.239392e+02 2.150000e+01 -4.500000e+01
    endloop
  endfacet
  facet normal 0.000000e+00 -9.914449e-01 1.305262e-01
    outer loop
      vertex   -1.239392e+02 2.150000e+01 -4.500000e+01
      vertex   -1.164392e+02 2.144889e+01 -4.538823e+01
      vertex   -1.164392e+02 2.150000e+01 -4.500000e+01
    endloop
  endfacet
  facet normal 0.000000e+00 -9.914449e-01 -1.305262e-01
    outer loop
      vertex   -1.239392e+02 2.150000e+01 -4.500000e+01
      vertex   -1.164392e+02 2.150000e+01 -4.500000e+01
      vertex   -1.239392e+02 2.144889e+01 -4.461177e+01
    endloop
  endfacet
  facet normal 0.000000e+00 -9.914449e-01 -1.305262e-01
    outer loop
      vertex   -1.239392e+02 2.144889e+01 -4.461177e+01
      vertex   -1.164392e+02 2.150000e+01 -4.500000e+01
      vertex   -1.164392e+02 2.144889e+01 -4.461177e+01
    endloop
  endfacet
  facet normal 0.000000e+00 -9.238795e-01 -3.826834e-01
    outer loop
      vertex   -1.239392e+02 2.144889e+01 -4.461177e+01
      vertex   -1.164392e+02 2.144889e+01 -4.461177e+01
      vertex   -1.239392e+02 2.129904e+01 -4.425000e+01
    endloop
  endfacet
  facet normal 0.000000e+00 -9.238795e-01 -3.826834e-01
    outer loop
      vertex   -1.239392e+02 2.129904e+01 -4.425000e+01
      vertex   -1.164392e+02 2.144889e+01 -4.461177e+01
      vertex   -1.164392e+02 2.129904e+01 -4.425000e+01
    endloop
  endfacet
  facet normal 0.000000e+00 -7.933533e-01 -6.087614e-01
    outer loop
      vertex   -1.239392e+02 2.129904e+01 -4.425000e+01
      vertex   -1.164392e+02 2.129904e+01 -4.425000e+01
      vertex   -1.239392e+02 2.106066e+01 -4.393934e+01
    endloop
  endfacet
  facet normal 0.000000e+00 -7.933533e-01 -6.087614e-01
    outer loop
      vertex   -1.239392e+02 2.106066e+01 -4.393934e+01
      vertex   -1.164392e+02 2.129904e+01 -4.425000e+01
      vertex   -1.164392e+02 2.106066e+01 -4.393934e+01
    endloop
  endfacet
  facet normal 0.000000e+00 -6.087614e-01 -7.933533e-01
    outer loop
      vertex   -1.239392e+02 2.106066e+01 -4.393934e+01
      vertex   -1.164392e+02 2.106066e+01 -4.393934e+01
      vertex   -1.239392e+02 2.075000e+01 -4.370096e+01
    endloop
  endfacet
  facet normal 0.000000e+00 -6.087614e-01 -7.933533e-01
    outer loop
      vertex   -1.239392e+02 2.075000e+01 -4.370096e+01
      vertex   -1.164392e+02 2.106066e+01 -4.393934e+01
      vertex   -1.164392e+02 2.075000e+01 -4.370096e+01
    endloop
  endfacet
  facet normal 0.000000e+00 -3.826834e-01 -9.238795e-01
    outer loop
      vertex   -1.239392e+02 2.075000e+01 -4.370096e+01
      vertex   -1.164392e+02 2.075000e+01 -4.370096e+01
      vertex   -1.239392e+02 2.038823e+01 -4.355111e+01
    endloop
  endfacet
  facet normal 0.000000e+00 -3.826834e-01 -9.238795e-01
    outer loop
      vertex   -1.239392e+02 2.038823e+01 -4.355111e+01
      vertex   -1.164392e+02 2.075000e+01 -4.370096e+01
      vertex   -1.164392e+02 2.038823e+01 -4.355111e+01
    endloop
  endfacet
  facet normal 0.000000e+00 -1.305262e-01 -9.914449e-01
    outer loop
      vertex   -1.239392e+02 2.038823e+01 -4.355111e+01
      vertex   -1.164392e+02 2.038823e+01 -4.355111e+01
      vertex   -1.239392e+02 2.000000e+01 -4.350000e+01
    endloop
  endfacet
  facet normal 0.000000e+00 -1.305262e-01 -9.914449e-01
    outer loop
      vertex   -1.239392e+02 2.000000e+01 -4.350000e+01
      vertex   -1.164392e+02 2.038823e+01 -4.355111e+01
      vertex   -1.164392e+02 2.000000e+01 -4.350000e+01
    endloop
  endfacet
  facet normal 0.000000e+00 1.305262e-01 -9.914449e-01
    outer loop
      vertex   -1.239392e+02 2.000000e+01 -4.350000e+01
      vertex   -1.164392e+02 2.000000e+01 -4.350000e+01
      vertex   -1.239392e+02 1.961177e+01 -4.355111e+01
    endloop
  endfacet
  facet normal 0.000000e+00 1.305262e-01 -9.914449e-01
    outer loop
      vertex   -1.239392e+02 1.961177e+01 -4.355111e+01
      vertex   -1.164392e+02 2.000000e+01 -4.350000e+01
      vertex   -1.164392e+02 1.961177e+01 -4.355111e+01
    endloop
  endfacet
  facet normal 0.000000e+00 3.826834e-01 -9.238795e-01
    outer loop
      vertex   -1.239392e+02 1.961177e+01 -4.355111e+01
      vertex   -1.164392e+02 1.961177e+01 -4.355111e+01
      vertex   -1.239392e+02 1.925000e+01 -4.370096e+01
    endloop
  endfacet
  facet normal 0.000000e+00 3.826834e-01 -9.238795e-01
    outer loop
      vertex   -1.239392e+02 1.925000e+01 -4.370096e+01
      vertex   -1.164392e+02 1.961177e+01 -4.355111e+01
      vertex   -1.164392e+02 1.925000e+01 -4.370096e+01
    endloop
  endfacet
  facet normal 0.000000e+00 6.087614e-01 -7.933533e-01
    outer loop
      vertex   -1.239392e+02 1.925000e+01 -4.370096e+01
      vertex   -1.164392e+02 1.925000e+01 -4.370096e+01
      vertex   -1.239392e+02 1.893934e+01 -4.393934e+01
    endloop
  endfacet
  facet normal 0.000000e+00 6.087614e-01 -7.933533e-01
    outer loop
      vertex   -1.239392e+02 1.893934e+01 -4.393934e+01
      vertex   -1.164392e+02 1.925000e+01 -4.370096e+01
      vertex   -1.164392e+02 1.893934e+01 -4.393934e+01
    endloop
  endfacet
  facet normal 0.000000e+00 7.933533e-01 -6.087614e-01
    outer loop
      vertex   -1.239392e+02 1.893934e+01 -4.393934e+01
      vertex   -1.164392e+02 1.893934e+01 -4.393934e+01
      vertex   -1.239392e+02 1.870096e+01 -4.425000e+01
    endloop
  endfacet
  facet normal 3.758076e-16 7.933533e-01 -6.087614e-01
    outer loop
      vertex   -1.239392e+02 1.870096e+01 -4.425000e+01
      vertex   -1.164392e+02 1.893934e+01 -4.393934e+01
      vertex   -1.164392e+02 1.870096e+01 -4.425000e+01
    endloop
  endfacet
  facet normal 4.376373e-16 9.238795e-01 -3.826834e-01
    outer loop
      vertex   -1.239392e+02 1.870096e+01 -4.425000e+01
      vertex   -1.164392e+02 1.870096e+01 -4.425000e+01
      vertex   -1.239392e+02 1.855111e+01 -4.461177e+01
    endloop
  endfacet
  facet normal 0.000000e+00 9.238795e-01 -3.826834e-01
    outer loop
      vertex   -1.239392e+02 1.855111e+01 -4.461177e+01
      vertex   -1.164392e+02 1.870096e+01 -4.425000e+01
      vertex   -1.164392e+02 1.855111e+01 -4.461177e+01
    endloop
  endfacet
  facet normal 0.000000e+00 9.914449e-01 -1.305262e-01
    outer loop
      vertex   -1.239392e+02 1.855111e+01 -4.461177e+01
      vertex   -1.164392e+02 1.855111e+01 -4.461177e+01
      vertex   -1.239392e+02 1.850000e+01 -4.500000e+01
    endloop
  endfacet
  facet normal 0.000000e+00 9.914449e-01 -1.305262e-01
    outer loop
      vertex   -1.239392e+02 1.850000e+01 -4.500000e+01
      vertex   -1.164392e+02 1.855111e+01 -4.461177e+01
      vertex   -1.164392e+02 1.850000e+01 -4.500000e+01
    endloop
  endfacet
  facet normal -0.000000e+00 9.914449e-01 1.305262e-01
    outer loop
      vertex   -1.239392e+02 1.850000e+01 -4.500000e+01
      vertex   -1.164392e+02 1.850000e+01 -4.500000e+01
      vertex   -1.239392e+02 1.855111e+01 -4.538823e+01
    endloop
  endfacet
  facet normal -0.000000e+00 9.914449e-01 1.305262e-01
    outer loop
      vertex   -1.239392e+02 1.855111e+01 -4.538823e+01
      vertex   -1.164392e+02 1.850000e+01 -4.500000e+01
      vertex   -1.164392e+02 1.855111e+01 -4.538823e+01
    endloop
  endfacet
  facet normal -0.000000e+00 9.238795e-01 3.826834e-01
    outer loop
      vertex   -1.239392e+02 1.855111e+01 -4.538823e+01
      vertex   -1.164392e+02 1.855111e+01 -4.538823e+01
      vertex   -1.239392e+02 1.870096e+01 -4.575000e+01
    endloop
  endfacet
  facet normal -0.000000e+00 9.238795e-01 3.826834e-01
    outer loop
      vertex   -1.239392e+02 1.870096e+01 -4.575000e+01
      vertex   -1.164392e+02 1.855111e+01 -4.538823e+01
      vertex   -1.164392e+02 1.870096e+01 -4.575000e+01
    endloop
  endfacet
  facet normal -0.000000e+00 7.933533e-01 6.087614e-01
    outer loop
      vertex   -1.239392e+02 1.870096e+01 -4.575000e+01
      vertex   -1.164392e+02 1.870096e+01 -4.575000e+01
      vertex   -1.239392e+02 1.893934e+01 -4.606066e+01
    endloop
  endfacet
  facet normal -0.000000e+00 7.933533e-01 6.087614e-01
    outer loop
      vertex   -1.239392e+02 1.893934e+01 -4.606066e+01
      vertex   -1.164392e+02 1.870096e+01 -4.575000e+01
      vertex   -1.164392e+02 1.893934e+01 -4.606066e+01
    endloop
  endfacet
  facet normal -0.000000e+00 6.087614e-01 7.933533e-01
    outer loop
      vertex   -1.239392e+02 1.893934e+01 -4.606066e+01
      vertex   -1.164392e+02 1.893934e+01 -4.606066e+01
      vertex   -1.239392e+02 1.925000e+01 -4.629904e+01
    endloop
  endfacet
  facet normal -0.000000e+00 6.087614e-01 7.933533e-01
    outer loop
      vertex   -1.239392e+02 1.925000e+01 -4.629904e+01
      vertex   -1.164392e+02 1.893934e+01 -4.606066e+01
      vertex   -1.164392e+02 1.925000e+01 -4.629904e+01
    endloop
  endfacet
  facet normal -0.000000e+00 3.826834e-01 9.238795e-01
    outer loop
      vertex   -1.239392e+02 1.925000e+01 -4.629904e+01
      vertex   -1.164392e+02 1.925000e+01 -4.629904e+01
      vertex   -1.239392e+02 1.961177e+01 -4.644889e+01
    endloop
  endfacet
  facet normal -0.000000e+00 3.826834e-01 9.238795e-01
    outer loop
      vertex   -1.239392e+02 1.961177e+01 -4.644889e+01
      vertex   -1.164392e+02 1.925000e+01 -4.629904e+01
      vertex   -1.164392e+02 1.961177e+01 -4.644889e+01
    endloop
  endfacet
  facet normal -0.000000e+00 1.305262e-01 9.914449e-01
    outer loop
      vertex   -1.239392e+02 1.961177e+01 -4.644889e+01
      vertex   -1.164392e+02 1.961177e+01 -4.644889e+01
      vertex   -1.239392e+02 2.000000e+01 -4.650000e+01
    endloop
  endfacet
  facet normal -0.000000e+00 1.305262e-01 9.914449e-01
    outer loop
      vertex   -1.239392e+02 2.000000e+01 -4.650000e+01
      vertex   -1.164392e+02 1.961177e+01 -4.644889e+01
      vertex   -1.164392e+02 2.000000e+01 -4.650000e+01
    endloop
  endfacet
  facet normal 0.000000e+00 -1.305262e-01 9.914449e-01
    outer loop
      vertex   -1.164392e+02 2.000000e+01 -4.650000e+01
      vertex   -1.089392e+02 2.000000e+01 -4.650000e+01
      vertex   -1.164392e+02 2.038823e+01 -4.644889e+01
    endloop
  endfacet
  facet normal 0.000000e+00 -1.305262e-01 9.914449e-01
    outer loop
      vertex   -1.164392e+02 2.038823e+01 -4.644889e+01
      vertex   -1.089392e+02 2.000000e+01 -4.650000e+01
      vertex   -1.089392e+02 2.038823e+01 -4.644889e+01
    endloop
  endfacet
  facet normal 0.000000e+00 -3.826834e-01 9.238795e-01
    outer loop
      vertex   -1.164392e+02 2.038823e+01 -4.644889e+01
      vertex   -1.089392e+02 2.038823e+01 -4.644889e+01
      vertex   -1.164392e+02 2.075000e+01 -4.629904e+01
    endloop
  endfacet
  facet normal 0.000000e+00 -3.826834e-01 9.238795e-01
    outer loop
      vertex   -1.164392e+02 2.075000e+01 -4.629904e+01
      vertex   -1.089392e+02 2.038823e+01 -4.644889e+01
      vertex   -1.089392e+02 2.075000e+01 -4.629904e+01
    endloop
  endfacet
  facet normal 0.000000e+00 -6.087614e-01 7.933533e-01
    outer loop
      vertex   -1.164392e+02 2.075000e+01 -4.629904e+01
      vertex   -1.089392e+02 2.075000e+01 -4.629904e+01
      vertex   -1.164392e+02 2.106066e+01 -4.606066e+01
    endloop
  endfacet
  facet normal 0.000000e+00 -6.087614e-01 7.933533e-01
    outer loop
      vertex   -1.164392e+02 2.106066e+01 -4.606066e+01
      vertex   -1.089392e+02 2.075000e+01 -4.629904e+01
      vertex   -1.089392e+02 2.106066e+01 -4.606066e+01
    endloop
  endfacet
  facet normal 0.000000e+00 -7.933533e-01 6.087614e-01
    outer loop
      vertex   -1.164392e+02 2.106066e+01 -4.606066e+01
      vertex   -1.089392e+02 2.106066e+01 -4.606066e+01
      vertex   -1.164392e+02 2.129904e+01 -4.575000e+01
    endloop
  endfacet
  facet normal 0.000000e+00 -7.933533e-01 6.087614e-01
    outer loop
      vertex   -1.164392e+02 2.129904e+01 -4.575000e+01
      vertex   -1.089392e+02 2.106066e+01 -4.606066e+01
      vertex   -1.089392e+02 2.129904e+01 -4.575000e+01
    endloop
  endfacet
  facet normal 0.000000e+00 -9.238795e-01 3.826834e-01
    outer loop
      vertex   -1.164392e+02 2.129904e+01 -4.575000e+01
      vertex   -1.089392e+02 2.129904e+01 -4.575000e+01
      vertex   -1.164392e+02 2.144889e+01 -4.538823e+01
    endloop
  endfacet
  facet normal 0.000000e+00 -9.238795e-01 3.826834e-01
    outer loop
      vertex   -1.164392e+02 2.144889e+01 -4.538823e+01
      vertex   -1.089392e+02 2.129904e+01 -4.575000e+01
      vertex   -1.089392e+02 2.144889e+01 -4.538823e+01
    endloop
  endfacet
  facet normal 0.000000e+00 -9.914449e-01 1.305262e-01
    outer loop
      vertex   -1.164392e+02 2.144889e+01 -4.538823e+01
      vertex   -1.089392e+02 2.144889e+01 -4.538823e+01
      vertex   -1.164392e+02 2.150000e+01 -4.500000e+01
    endloop
  endfacet
  facet normal 0.000000e+00 -9.914449e-01 1.305262e-01
    outer loop
      vertex   -1.164392e+02 2.150000e+01 -4.500000e+01
      vertex   -1.089392e+02 2.144889e+01 -4.538823e+01
      vertex   -1.089392e+02 2.150000e+01 -4.500000e+01
    endloop
  endfacet
  facet normal 0.000000e+00 -9.914449e-01 -1.305262e-01
    outer loop
      vertex   -1.164392e+02 2.150000e+01 -4.500000e+01
      vertex   -1.089392e+02 2.150000e+01 -4.500000e+01
      vertex   -1.164392e+02 2.144889e+01 -4.461177e+01
    endloop
  endfacet
  facet normal 0.000000e+00 -9.914449e-01 -1.305262e-01
    outer loop
      vertex   -1.164392e+02 2.144889e+01 -4.461177e+01
      vertex   -1.089392e+02 2.150000e+01 -4.500000e+01
      vertex   -1.089392e+02 2.144889e+01 -4.461177e+01
    endloop
  endfacet
  facet normal 0.000000e+00 -9.238795e-01 -3.826834e-01
    outer loop
      vertex   -1.164392e+02 2.144889e+01 -4.461177e+01
      vertex   -1.089392e+02 2.144889e+01 -4.461177e+01
      vertex   -1.164392e+02 2.129904e+01 -4.425000e+01
    endloop
  endfacet
  facet normal 0.000000e+00 -9.238795e-01 -3.826834e-01
    outer loop
      vertex   -1.164392e+02 2.129904e+01 -4.425000e+01
      vertex   -1.089392e+02 2.144889e+01 -4.461177e+01
      vertex   -1.089392e+02 2.129904e+01 -4.425000e+01
    endloop
  endfacet
  facet normal 0.000000e+00 -7.933533e-01 -6.087614e-01
    outer loop
      vertex   -1.164392e+02 2.129904e+01 -4.425000e+01
      vertex   -1.089392e+02 2.129904e+01 -4.425000e+01
      vertex   -1.164392e+02 2.106066e+01 -4.393934e+01
    endloop
  endfacet
  facet normal 0.000000e+00 -7.933533e-01 -6.087614e-01
    outer loop
      vertex   -1.164392e+02 2.106066e+01 -4.393934e+01
      vertex   -1.089392e+02 2.129904e+01 -4.425000e+01
      vertex   -1.089392e+02 2.106066e+01 -4.393934e+01
    endloop
  endfacet
  facet normal 0.000000e+00 -6.087614e-01 -7.933533e-01
    outer loop
      vertex   -1.164392e+02 2.106066e+01 -4.393934e+01
      vertex   -1.089392e+02 2.106066e+01 -4.393934e+01
      vertex   -1.164392e+02 2.075000e+01 -4.370096e+01
    endloop
  endfacet
  facet normal 0.000000e+00 -6.087614e-01 -7.933533e-01
    outer loop
      vertex   -1.164392e+02 2.075000e+01 -4.370096e+01
      vertex   -1.089392e+02 2.106066e+01 -4.393934e+01
      vertex   -1.089392e+02 2.075000e+01 -4.370096e+01
    endloop
  endfacet
  facet normal 0.000000e+00 -3.826834e-01 -9.238795e-01
    outer loop
      vertex   -1.164392e+02 2.075000e+01 -4.370096e+01
      vertex   -1.089392e+02 2.075000e+01 -4.370096e+01
      vertex   -1.164392e+02 2.038823e+01 -4.355111e+01
    endloop
  endfacet
  facet normal 0.000000e+00 -3.826834e-01 -9.238795e-01
    outer loop
      vertex   -1.164392e+02 2.038823e+01 -4.355111e+01
      vertex   -1.089392e+02 2.075000e+01 -4.370096e+01
      vertex   -1.089392e+02 2.038823e+01 -4.355111e+01
    endloop
  endfacet
  facet normal 0.000000e+00 -1.305262e-01 -9.914449e-01
    outer loop
      vertex   -1.164392e+02 2.038823e+01 -4.355111e+01
      vertex   -1.089392e+02 2.038823e+01 -4.355111e+01
      vertex   -1.164392e+02 2.000000e+01 -4.350000e+01
    endloop
  endfacet
  facet normal 0.000000e+00 -1.305262e-01 -9.914449e-01
    outer loop
      vertex   -1.164392e+02 2.000000e+01 -4.350000e+01
      vertex   -1.089392e+02 2.038823e+01 -4.355111e+01
      vertex   -1.089392e+02 2.000000e+01 -4.350000e+01
    endloop
  endfacet
  facet normal 0.000000e+00 1.305262e-01 -9.914449e-01
    outer loop
      vertex   -1.164392e+02 2.000000e+01 -4.350000e+01
      vertex   -1.089392e+02 2.000000e+01 -4.350000e+01
      vertex   -1.164392e+02 1.961177e+01 -4.355111e+01
    endloop
  endfacet
  facet normal 0.000000e+00 1.305262e-01 -9.914449e-01
    outer loop
      vertex   -1.164392e+02 1.961177e+01 -4.355111e+01
      vertex   -1.089392e+02 2.000000e+01 -4.350000e+01
      vertex   -1.089392e+02 1.961177e+01 -4.355111e+01
    endloop
  endfacet
  facet normal 0.000000e+00 3.826834e-01 -9.238795e-01
    outer loop
      vertex   -1.164392e+02 1.961177e+01 -4.355111e+01
      vertex   -1.089392e+02 1.961177e+01 -4.355111e+01
      vertex   -1.164392e+02 1.925000e+01 -4.370096e+01
    endloop
  endfacet
  facet normal 0.000000e+00 3.826834e-01 -9.238795e-01
    outer loop
      vertex   -1.164392e+02 1.925000e+01 -4.370096e+01
      vertex   -1.089392e+02 1.961177e+01 -4.355111e+01
      vertex   -1.089392e+02 1.925000e+01 -4.370096e+01
    endloop
  endfacet
  facet normal 0.000000e+00 6.087614e-01 -7.933533e-01
    outer loop
      vertex   -1.164392e+02 1.925000e+01 -4.370096e+01
      vertex   -1.089392e+02 1.925000e+01 -4.370096e+01
      vertex   -1.164392e+02 1.893934e+01 -4.393934e+01
    endloop
  endfacet
  facet normal 0.000000e+00 6.087614e-01 -7.933533e-01
    outer loop
      vertex   -1.164392e+02 1.893934e+01 -4.393934e+01
      vertex   -1.089392e+02 1.925000e+01 -4.370096e+01
      vertex   -1.089392e+02 1.893934e+01 -4.393934e+01
    endloop
  endfacet
  facet normal 0.000000e+00 7.933533e-01 -6.087614e-01
    outer loop
      vertex   -1.164392e+02 1.893934e+01 -4.393934e+01
      vertex   -1.089392e+02 1.893934e+01 -4.393934e+01
      vertex   -1.164392e+02 1.870096e+01 -4.425000e+01
    endloop
  endfacet
  facet normal 0.000000e+00 7.933533e-01 -6.087614e-01
    outer loop
      vertex   -1.164392e+02 1.870096e+01 -4.425000e+01
      vertex   -1.089392e+02 1.893934e+01 -4.393934e+01
      vertex   -1.089392e+02 1.870096e+01 -4.425000e+01
    endloop
  endfacet
  facet normal 0.000000e+00 9.238795e-01 -3.826834e-01
    outer loop
      vertex   -1.164392e+02 1.870096e+01 -4.425000e+01
      vertex   -1.089392e+02 1.870096e+01 -4.425000e+01
      vertex   -1.164392e+02 1.855111e+01 -4.461177e+01
    endloop
  endfacet
  facet normal 0.000000e+00 9.238795e-01 -3.826834e-01
    outer loop
      vertex   -1.164392e+02 1.855111e+01 -4.461177e+01
      vertex   -1.089392e+02 1.870096e+01 -4.425000e+01
      vertex   -1.089392e+02 1.855111e+01 -4.461177e+01
    endloop
  endfacet
  facet normal 0.000000e+00 9.914449e-01 -1.305262e-01
    outer loop
      vertex   -1.164392e+02 1.855111e+01 -4.461177e+01
      vertex   -1.089392e+02 1.855111e+01 -4.461177e+01
      vertex   -1.164392e+02 1.850000e+01 -4.500000e+01
    endloop
  endfacet
  facet normal 0.000000e+00 9.914449e-01 -1.305262e-01
    outer loop
      vertex   -1.164392e+02 1.850000e+01 -4.500000e+01
      vertex   -1.089392e+02 1.855111e+01 -4.461177e+01
      vertex   -1.089392e+02 1.850000e+01 -4.500000e+01
    endloop
  endfacet
  facet normal -0.000000e+00 9.914449e-01 1.305262e-01
    outer loop
      vertex   -1.164392e+02 1.850000e+01 -4.500000e+01
      vertex   -1.089392e+02 1.850000e+01 -4.500000e+01
      vertex   -1.164392e+02 1.855111e+01 -4.538823e+01
    endloop
  endfacet
  facet normal -0.000000e+00 9.914449e-01 1.305262e-01
    outer loop
      vertex   -1.164392e+02 1.855111e+01 -4.538823e+01
      vertex   -1.089392e+02 1.850000e+01 -4.500000e+01
      vertex   -1.089392e+02 1.855111e+01 -4.538823e+01
    endloop
  endfacet
  facet normal -0.000000e+00 9.238795e-01 3.826834e-01
    outer loop
      vertex   -1.164392e+02 1.855111e+01 -4.538823e+01
      vertex   -1.089392e+02 1.855111e+01 -4.538823e+01
      vertex   -1.164392e+02 1.870096e+01 -4.575000e+01
    endloop
  endfacet
  facet normal -4.376373e-16 9.238795e-01 3.826834e-01
    outer loop
      vertex   -1.164392e+02 1.870096e+01 -4.575000e+01
      vertex   -1.089392e+02 1.855111e+01 -4.538823e+01
      vertex   -1.089392e+02 1.870096e+01 -4.575000e+01
    endloop
  endfacet
  facet normal -3.758076e-16 7.933533e-01 6.087614e-01
    outer loop
      vertex   -1.164392e+02 1.870096e+01 -4.575000e+01
      vertex   -1.089392e+02 1.870096e+01 -4.575000e+01
      vertex   -1.164392e+02 1.893934e+01 -4.606066e+01
    endloop
  endfacet
  facet normal -0.000000e+00 7.933533e-01 6.087614e-01
    outer loop
      vertex   -1.164392e+02 1.893934e+01 -4.606066e+01
      vertex   -1.089392e+02 1.870096e+01 -4.575000e+01
      vertex   -1.089392e+02 1.893934e+01 -4.606066e+01
    endloop
  endfacet
  facet normal -0.000000e+00 6.087614e-01 7.933533e-01
    outer loop
      vertex   -1.164392e+02 1.893934e+01 -4.606066e+01
      vertex   -1.089392e+02 1.893934e+01 -4.606066e+01
      vertex   -1.164392e+02 1.925000e+01 -4.629904e+01
    endloop
  endfacet
  facet normal -0.000000e+00 6.087614e-01 7.933533e-01
    outer loop
      vertex   -1.164392e+02 1.925000e+01 -4.629904e+01
      vertex   -1.089392e+02 1.893934e+01 -4.606066e+01
      vertex   -1.089392e+02 1.925000e+01 -4.629904e+01
    endloop
  endfacet
  facet normal -0.000000e+00 3.826834e-01 9.238795e-01
    outer loop
      vertex   -1.164392e+02 1.925000e+01 -4.629904e+01
      vertex   -1.089392e+02 1.925000e+01 -4.629904e+01
      vertex   -1.164392e+02 1.961177e+01 -4.644889e+01
    endloop
  endfacet
  facet normal -0.000000e+00 3.826834e-01 9.238795e-01
    outer loop
      vertex   -1.164392e+02 1.961177e+01 -4.644889e+01
      vertex   -1.089392e+02 1.925000e+01 -4.629904e+01
      vertex   -1.089392e+02 1.961177e+01 -4.644889e+01
    endloop
  endfacet
  facet normal -0.000000e+00 1.305262e-01 9.914449e-01
    outer loop
      vertex   -1.164392e+02 1.961177e+01 -4.644889e+01
      vertex   -1.089392e+02 1.961177e+01 -4.644889e+01
      vertex   -1.164392e+02 2.000000e+01 -4.650000e+01
    endloop
  endfacet
  facet normal -0.000000e+00 1.305262e-01 9.914449e-01
    outer loop
      vertex   -1.164392e+02 2.000000e+01 -4.650000e+01
      vertex   -1.089392e+02 1.961177e+01 -4.644889e+01
      vertex   -1.089392e+02 2.000000e+01 -4.650000e+01
    endloop
  endfacet
  facet normal -0.000000e+00 1.305262e-01 9.914449e-01
    outer loop
      vertex   -1.603092e+02 1.961177e+01 -4.644889e+01
      vertex   -1.514392e+02 1.961177e+01 -4.644889e+01
      vertex   -1.603092e+02 2.000000e+01 -4.650000e+01
    endloop
  endfacet
  facet normal -0.000000e+00 1.305262e-01 9.914449e-01
    outer loop
      vertex   -1.603092e+02 2.000000e+01 -4.650000e+01
      vertex   -1.514392e+02 1.961177e+01 -4.644889e+01
      vertex   -1.514392e+02 2.000000e+01 -4.650000e+01
    endloop
  endfacet
  facet normal 0.000000e+00 -1.305262e-01 9.914449e-01
    outer loop
      vertex   -1.603092e+02 2.000000e+01 -4.650000e+01
      vertex   -1.514392e+02 2.000000e+01 -4.650000e+01
      vertex   -1.603092e+02 2.038823e+01 -4.644889e+01
    endloop
  endfacet
  facet normal 0.000000e+00 -1.305262e-01 9.914449e-01
    outer loop
      vertex   -1.603092e+02 2.038823e+01 -4.644889e+01
      vertex   -1.514392e+02 2.000000e+01 -4.650000e+01
      vertex   -1.514392e+02 2.038823e+01 -4.644889e+01
    endloop
  endfacet
  facet normal 0.000000e+00 -3.826834e-01 9.238795e-01
    outer loop
      vertex   -1.603092e+02 2.038823e+01 -4.644889e+01
      vertex   -1.514392e+02 2.038823e+01 -4.644889e+01
      vertex   -1.603092e+02 2.075000e+01 -4.629904e+01
    endloop
  endfacet
  facet normal 0.000000e+00 -3.826834e-01 9.238795e-01
    outer loop
      vertex   -1.603092e+02 2.075000e+01 -4.629904e+01
      vertex   -1.514392e+02 2.038823e+01 -4.644889e+01
      vertex   -1.514392e+02 2.075000e+01 -4.629904e+01
    endloop
  endfacet
  facet normal 0.000000e+00 -6.087614e-01 7.933533e-01
    outer loop
      vertex   -1.603092e+02 2.075000e+01 -4.629904e+01
      vertex   -1.514392e+02 2.075000e+01 -4.629904e+01
      vertex   -1.603092e+02 2.106066e+01 -4.606066e+01
    endloop
  endfacet
  facet normal 0.000000e+00 -6.087614e-01 7.933533e-01
    outer loop
      vertex   -1.603092e+02 2.106066e+01 -4.606066e+01
      vertex   -1.514392e+02 2.075000e+01 -4.629904e+01
      vertex   -1.514392e+02 2.106066e+01 -4.606066e+01
    endloop
  endfacet
  facet normal 0.000000e+00 -7.933533e-01 6.087614e-01
    outer loop
      vertex   -1.603092e+02 2.106066e+01 -4.606066e+01
      vertex   -1.514392e+02 2.106066e+01 -4.606066e+01
      vertex   -1.603092e+02 2.129904e+01 -4.575000e+01
    endloop
  endfacet
  facet normal 0.000000e+00 -7.933533e-01 6.087614e-01
    outer loop
      vertex   -1.603092e+02 2.129904e+01 -4.575000e+01
      vertex   -1.514392e+02 2.106066e+01 -4.606066e+01
      vertex   -1.514392e+02 2.129904e+01 -4.575000e+01
    endloop
  endfacet
  facet normal 0.000000e+00 -9.238795e-01 3.826834e-01
    outer loop
      vertex   -1.603092e+02 2.129904e+01 -4.575000e+01
      vertex   -1.514392e+02 2.129904e+01 -4.575000e+01
      vertex   -1.603092e+02 2.144889e+01 -4.538823e+01
    endloop
  endfacet
  facet normal 0.000000e+00 -9.238795e-01 3.826834e-01
    outer loop
      vertex   -1.603092e+02 2.144889e+01 -4.538823e+01
      vertex   -1.514392e+02 2.129904e+01 -4.575000e+01
      vertex   -1.514392e+02 2.144889e+01 -4.538823e+01
    endloop
  endfacet
  facet normal 0.000000e+00 -9.914449e-01 1.305262e-01
    outer loop
      vertex   -1.603092e+02 2.144889e+01 -4.538823e+01
      vertex   -1.514392e+02 2.144889e+01 -4.538823e+01
      vertex   -1.603092e+02 2.150000e+01 -4.500000e+01
    endloop
  endfacet
  facet normal 0.000000e+00 -9.914449e-01 1.305262e-01
    outer loop
      vertex   -1.603092e+02 2.150000e+01 -4.500000e+01
      vertex   -1.514392e+02 2.144889e+01 -4.538823e+01
      vertex   -1.514392e+02 2.150000e+01 -4.500000e+01
    endloop
  endfacet
  facet normal 0.000000e+00 -9.914449e-01 -1.305262e-01
    outer loop
      vertex   -1.603092e+02 2.150000e+01 -4.500000e+01
      vertex   -1.514392e+02 2.150000e+01 -4.500000e+01
      vertex   -1.603092e+02 2.144889e+01 -4.461177e+01
    endloop
  endfacet
  facet normal 0.000000e+00 -9.914449e-01 -1.305262e-01
    outer loop
      vertex   -1.603092e+02 2.144889e+01 -4.461177e+01
      vertex   -1.514392e+02 2.150000e+01 -4.500000e+01
      vertex   -1.514392e+02 2.144889e+01 -4.461177e+01
    endloop
  endfacet
  facet normal 0.000000e+00 -9.238795e-01 -3.826834e-01
    outer loop
      vertex   -1.603092e+02 2.144889e+01 -4.461177e+01
      vertex   -1.514392e+02 2.144889e+01 -4.461177e+01
      vertex   -1.603092e+02 2.129904e+01 -4.425000e+01
    endloop
  endfacet
  facet normal 0.000000e+00 -9.238795e-01 -3.826834e-01
    outer loop
      vertex   -1.603092e+02 2.129904e+01 -4.425000e+01
      vertex   -1.514392e+02 2.144889e+01 -4.461177e+01
      vertex   -1.514392e+02 2.129904e+01 -4.425000e+01
    endloop
  endfacet
  facet normal 0.000000e+00 -7.933533e-01 -6.087614e-01
    outer loop
      vertex   -1.603092e+02 2.129904e+01 -4.425000e+01
      vertex   -1.514392e+02 2.129904e+01 -4.425000e+01
      vertex   -1.603092e+02 2.106066e+01 -4.393934e+01
    endloop
  endfacet
  facet normal 0.000000e+00 -7.933533e-01 -6.087614e-01
    outer loop
      vertex   -1.603092e+02 2.106066e+01 -4.393934e+01
      vertex   -1.514392e+02 2.129904e+01 -4.425000e+01
      vertex   -1.514392e+02 2.106066e+01 -4.393934e+01
    endloop
  endfacet
  facet normal 0.000000e+00 -6.087614e-01 -7.933533e-01
    outer loop
      vertex   -1.603092e+02 2.106066e+01 -4.393934e+01
      vertex   -1.514392e+02 2.106066e+01 -4.393934e+01
      vertex   -1.603092e+02 2.075000e+01 -4.370096e+01
    endloop
  endfacet
  facet normal 0.000000e+00 -6.087614e-01 -7.933533e-01
    outer loop
      vertex   -1.603092e+02 2.075000e+01 -4.370096e+01
      vertex   -1.514392e+02 2.106066e+01 -4.393934e+01
      vertex   -1.514392e+02 2.075000e+01 -4.370096e+01
    endloop
  endfacet
  facet normal 0.000000e+00 -3.826834e-01 -9.238795e-01
    outer loop
      vertex   -1.603092e+02 2.075000e+01 -4.370096e+01
      vertex   -1.514392e+02 2.075000e+01 -4.370096e+01
      vertex   -1.603092e+02 2.038823e+01 -4.355111e+01
    endloop
  endfacet
  facet normal 0.000000e+00 -3.826834e-01 -9.238795e-01
    outer loop
      vertex   -1.603092e+02 2.038823e+01 -4.355111e+01
      vertex   -1.514392e+02 2.075000e+01 -4.370096e+01
      vertex   -1.514392e+02 2.038823e+01 -4.355111e+01
    endloop
  endfacet
  facet normal 0.000000e+00 -1.305262e-01 -9.914449e-01
    outer loop
      vertex   -1.603092e+02 2.038823e+01 -4.355111e+01
      vertex   -1.514392e+02 2.038823e+01 -4.355111e+01
      vertex   -1.603092e+02 2.000000e+01 -4.350000e+01
    endloop
  endfacet
  facet normal 0.000000e+00 -1.305262e-01 -9.914449e-01
    outer loop
      vertex   -1.603092e+02 2.000000e+01 -4.350000e+01
      vertex   -1.514392e+02 2.038823e+01 -4.355111e+01
      vertex   -1.514392e+02 2.000000e+01 -4.350000e+01
    endloop
  endfacet
  facet normal 0.000000e+00 1.305262e-01 -9.914449e-01
    outer loop
      vertex   -1.603092e+02 2.000000e+01 -4.350000e+01
      vertex   -1.514392e+02 2.000000e+01 -4.350000e+01
      vertex   -1.603092e+02 1.961177e+01 -4.355111e+01
    endloop
  endfacet
  facet normal 0.000000e+00 1.305262e-01 -9.914449e-01
    outer loop
      vertex   -1.603092e+02 1.961177e+01 -4.355111e+01
      vertex   -1.514392e+02 2.000000e+01 -4.350000e+01
      vertex   -1.514392e+02 1.961177e+01 -4.355111e+01
    endloop
  endfacet
  facet normal 0.000000e+00 3.826834e-01 -9.238795e-01
    outer loop
      vertex   -1.603092e+02 1.961177e+01 -4.355111e+01
      vertex   -1.514392e+02 1.961177e+01 -4.355111e+01
      vertex   -1.603092e+02 1.925000e+01 -4.370096e+01
    endloop
  endfacet
  facet normal 0.000000e+00 3.826834e-01 -9.238795e-01
    outer loop
      vertex   -1.603092e+02 1.925000e+01 -4.370096e+01
      vertex   -1.514392e+02 1.961177e+01 -4.355111e+01
      vertex   -1.514392e+02 1.925000e+01 -4.370096e+01
    endloop
  endfacet
  facet normal 0.000000e+00 6.087614e-01 -7.933533e-01
    outer loop
      vertex   -1.603092e+02 1.925000e+01 -4.370096e+01
      vertex   -1.514392e+02 1.925000e+01 -4.370096e+01
      vertex   -1.603092e+02 1.893934e+01 -4.393934e+01
    endloop
  endfacet
  facet normal 0.000000e+00 6.087614e-01 -7.933533e-01
    outer loop
      vertex   -1.603092e+02 1.893934e+01 -4.393934e+01
      vertex   -1.514392e+02 1.925000e+01 -4.370096e+01
      vertex   -1.514392e+02 1.893934e+01 -4.393934e+01
    endloop
  endfacet
  facet normal 0.000000e+00 7.933533e-01 -6.087614e-01
    outer loop
      vertex   -1.603092e+02 1.893934e+01 -4.393934e+01
      vertex   -1.514392e+02 1.893934e+01 -4.393934e+01
      vertex   -1.603092e+02 1.870096e+01 -4.425000e+01
    endloop
  endfacet
  facet normal 0.000000e+00 7.933533e-01 -6.087614e-01
    outer loop
      vertex   -1.603092e+02 1.870096e+01 -4.425000e+01
      vertex   -1.514392e+02 1.893934e+01 -4.393934e+01
      vertex   -1.514392e+02 1.870096e+01 -4.425000e+01
    endloop
  endfacet
  facet normal 0.000000e+00 9.238795e-01 -3.826834e-01
    outer loop
      vertex   -1.603092e+02 1.870096e+01 -4.425000e+01
      vertex   -1.514392e+02 1.870096e+01 -4.425000e+01
      vertex   -1.603092e+02 1.855111e+01 -4.461177e+01
    endloop
  endfacet
  facet normal 0.000000e+00 9.238795e-01 -3.826834e-01
    outer loop
      vertex   -1.603092e+02 1.855111e+01 -4.461177e+01
      vertex   -1.514392e+02 1.870096e+01 -4.425000e+01
      vertex   -1.514392e+02 1.855111e+01 -4.461177e+01
    endloop
  endfacet
  facet normal 0.000000e+00 9.914449e-01 -1.305262e-01
    outer loop
      vertex   -1.603092e+02 1.855111e+01 -4.461177e+01
      vertex   -1.514392e+02 1.855111e+01 -4.461177e+01
      vertex   -1.603092e+02 1.850000e+01 -4.500000e+01
    endloop
  endfacet
  facet normal 0.000000e+00 9.914449e-01 -1.305262e-01
    outer loop
      vertex   -1.603092e+02 1.850000e+01 -4.500000e+01
      vertex   -1.514392e+02 1.855111e+01 -4.461177e+01
      vertex   -1.514392e+02 1.850000e+01 -4.500000e+01
    endloop
  endfacet
  facet normal -0.000000e+00 9.914449e-01 1.305262e-01
    outer loop
      vertex   -1.603092e+02 1.850000e+01 -4.500000e+01
      vertex   -1.514392e+02 1.850000e+01 -4.500000e+01
      vertex   -1.603092e+02 1.855111e+01 -4.538823e+01
    endloop
  endfacet
  facet normal -0.000000e+00 9.914449e-01 1.305262e-01
    outer loop
      vertex   -1.603092e+02 1.855111e+01 -4.538823e+01
      vertex   -1.514392e+02 1.850000e+01 -4.500000e+01
      vertex   -1.514392e+02 1.855111e+01 -4.538823e+01
    endloop
  endfacet
  facet normal -0.000000e+00 9.238795e-01 3.826834e-01
    outer loop
      vertex   -1.603092e+02 1.855111e+01 -4.538823e+01
      vertex   -1.514392e+02 1.855111e+01 -4.538823e+01
      vertex   -1.603092e+02 1.870096e+01 -4.575000e+01
    endloop
  endfacet
  facet normal -0.000000e+00 9.238795e-01 3.826834e-01
    outer loop
      vertex   -1.603092e+02 1.870096e+01 -4.575000e+01
      vertex   -1.514392e+02 1.855111e+01 -4.538823e+01
      vertex   -1.514392e+02 1.870096e+01 -4.575000e+01
    endloop
  endfacet
  facet normal -0.000000e+00 7.933533e-01 6.087614e-01
    outer loop
      vertex   -1.603092e+02 1.870096e+01 -4.575000e+01
      vertex   -1.514392e+02 1.870096e+01 -4.575000e+01
      vertex   -1.603092e+02 1.893934e+01 -4.606066e+01
    endloop
  endfacet
  facet normal -0.000000e+00 7.933533e-01 6.087614e-01
    outer loop
      vertex   -1.603092e+02 1.893934e+01 -4.606066e+01
      vertex   -1.514392e+02 1.870096e+01 -4.575000e+01
      vertex   -1.514392e+02 1.893934e+01 -4.606066e+01
    endloop
  endfacet
  facet normal -0.000000e+00 6.087614e-01 7.933533e-01
    outer loop
      vertex   -1.603092e+02 1.893934e+01 -4.606066e+01
      vertex   -1.514392e+02 1.893934e+01 -4.606066e+01
      vertex   -1.603092e+02 1.925000e+01 -4.629904e+01
    endloop
  endfacet
  facet normal -0.000000e+00 6.087614e-01 7.933533e-01
    outer loop
      vertex   -1.603092e+02 1.925000e+01 -4.629904e+01
      vertex   -1.514392e+02 1.893934e+01 -4.606066e+01
      vertex   -1.514392e+02 1.925000e+01 -4.629904e+01
    endloop
  endfacet
  facet normal -0.000000e+00 3.826834e-01 9.238795e-01
    outer loop
      vertex   -1.603092e+02 1.925000e+01 -4.629904e+01
      vertex   -1.514392e+02 1.925000e+01 -4.629904e+01
      vertex   -1.603092e+02 1.961177e+01 -4.644889e+01
    endloop
  endfacet
  facet normal -0.000000e+00 3.826834e-01 9.238795e-01
    outer loop
      vertex   -1.603092e+02 1.961177e+01 -4.644889e+01
      vertex   -1.514392e+02 1.925000e+01 -4.629904e+01
      vertex   -1.514392e+02 1.961177e+01 -4.644889e+01
    endloop
  endfacet
  facet normal -1.000000e+00 0.000000e+00 0.000000e+00
    outer loop
      vertex   -1.603092e+02 1.961177e+01 -4.644889e+01
      vertex   -1.603092e+02 2.000000e+01 -4.650000e+01
      vertex   -1.603092e+02 2.000000e+01 -4.750000e+01
    endloop
  endfacet
  facet normal -1.000000e+00 0.000000e+00 0.000000e+00
    outer loop
      vertex   -1.603092e+02 2.000000e+01 -4.750000e+01
      vertex   -1.603092e+02 2.000000e+01 -4.650000e+01
      vertex   -1.603092e+02 2.038823e+01 -4.644889e+01
    endloop
  endfacet
  facet normal -1.000000e+00 0.000000e+00 0.000000e+00
    outer loop
      vertex   -1.603092e+02 2.000000e+01 -4.750000e+01
      vertex   -1.603092e+02 2.038823e+01 -4.644889e+01
      vertex   -1.603092e+02 2.064705e+01 -4.741482e+01
    endloop
  endfacet
  facet normal -1.000000e+00 0.000000e+00 0.000000e+00
    outer loop
      vertex   -1.603092e+02 2.064705e+01 -4.741482e+01
      vertex   -1.603092e+02 2.038823e+01 -4.644889e+01
      vertex   -1.603092e+02 2.075000e+01 -4.629904e+01
    endloop
  endfacet
  facet normal -1.000000e+00 0.000000e+00 0.000000e+00
    outer loop
      vertex   -1.603092e+02 2.064705e+01 -4.741482e+01
      vertex   -1.603092e+02 2.075000e+01 -4.629904e+01
      vertex   -1.603092e+02 2.125000e+01 -4.716506e+01
    endloop
  endfacet
  facet normal -1.000000e+00 0.000000e+00 0.000000e+00
    outer loop
      vertex   -1.603092e+02 2.125000e+01 -4.716506e+01
      vertex   -1.603092e+02 2.075000e+01 -4.629904e+01
      vertex   -1.603092e+02 2.106066e+01 -4.606066e+01
    endloop
  endfacet
  facet normal -1.000000e+00 0.000000e+00 0.000000e+00
    outer loop
      vertex   -1.603092e+02 2.125000e+01 -4.716506e+01
      vertex   -1.603092e+02 2.106066e+01 -4.606066e+01
      vertex   -1.603092e+02 2.176777e+01 -4.676777e+01
    endloop
  endfacet
  facet normal -1.000000e+00 0.000000e+00 0.000000e+00
    outer loop
      vertex   -1.603092e+02 2.176777e+01 -4.676777e+01
      vertex   -1.603092e+02 2.106066e+01 -4.606066e+01
      vertex   -1.603092e+02 2.129904e+01 -4.575000e+01
    endloop
  endfacet
  facet normal -1.000000e+00 0.000000e+00 0.000000e+00
    outer loop
      vertex   -1.603092e+02 2.176777e+01 -4.676777e+01
      vertex   -1.603092e+02 2.129904e+01 -4.575000e+01
      vertex   -1.603092e+02 2.216506e+01 -4.625000e+01
    endloop
  endfacet
  facet normal -1.000000e+00 0.000000e+00 0.000000e+00
    outer loop
      vertex   -1.603092e+02 2.216506e+01 -4.625000e+01
      vertex   -1.603092e+02 2.129904e+01 -4.575000e+01
      vertex   -1.603092e+02 2.144889e+01 -4.538823e+01
    endloop
  endfacet
  facet normal -1.000000e+00 0.000000e+00 0.000000e+00
    outer loop
      vertex   -1.603092e+02 2.216506e+01 -4.625000e+01
      vertex   -1.603092e+02 2.144889e+01 -4.538823e+01
      vertex   -1.603092e+02 2.241481e+01 -4.564705e+01
    endloop
  endfacet
  facet normal -1.000000e+00 0.000000e+00 0.000000e+00
    outer loop
      vertex   -1.603092e+02 2.241481e+01 -4.564705e+01
      vertex   -1.603092e+02 2.144889e+01 -4.538823e+01
      vertex   -1.603092e+02 2.150000e+01 -4.500000e+01
    endloop
  endfacet
  facet normal -1.000000e+00 0.000000e+00 0.000000e+00
    outer loop
      vertex   -1.603092e+02 2.241481e+01 -4.564705e+01
      vertex   -1.603092e+02 2.150000e+01 -4.500000e+01
      vertex   -1.603092e+02 2.250000e+01 -4.500000e+01
    endloop
  endfacet
  facet normal -1.000000e+00 0.000000e+00 0.000000e+00
    outer loop
      vertex   -1.603092e+02 2.250000e+01 -4.500000e+01
      vertex   -1.603092e+02 2.150000e+01 -4.500000e+01
      vertex   -1.603092e+02 2.241481e+01 -4.435295e+01
    endloop
  endfacet
  facet normal -1.000000e+00 0.000000e+00 0.000000e+00
    outer loop
      vertex   -1.603092e+02 2.241481e+01 -4.435295e+01
      vertex   -1.603092e+02 2.150000e+01 -4.500000e+01
      vertex   -1.603092e+02 2.144889e+01 -4.461177e+01
    endloop
  endfacet
  facet normal -1.000000e+00 -0.000000e+00 0.000000e+00
    outer loop
      vertex   -1.603092e+02 2.241481e+01 -4.435295e+01
      vertex   -1.603092e+02 2.144889e+01 -4.461177e+01
      vertex   -1.603092e+02 2.216506e+01 -4.375000e+01
    endloop
  endfacet
  facet normal -1.000000e+00 0.000000e+00 0.000000e+00
    outer loop
      vertex   -1.603092e+02 2.216506e+01 -4.375000e+01
      vertex   -1.603092e+02 2.144889e+01 -4.461177e+01
      vertex   -1.603092e+02 2.129904e+01 -4.425000e+01
    endloop
  endfacet
  facet normal -1.000000e+00 -0.000000e+00 0.000000e+00
    outer loop
      vertex   -1.603092e+02 2.216506e+01 -4.375000e+01
      vertex   -1.603092e+02 2.129904e+01 -4.425000e+01
      vertex   -1.603092e+02 2.176777e+01 -4.323223e+01
    endloop
  endfacet
  facet normal -1.000000e+00 0.000000e+00 0.000000e+00
    outer loop
      vertex   -1.603092e+02 2.176777e+01 -4.323223e+01
      vertex   -1.603092e+02 2.129904e+01 -4.425000e+01
      vertex   -1.603092e+02 2.106066e+01 -4.393934e+01
    endloop
  endfacet
  facet normal -1.000000e+00 -0.000000e+00 0.000000e+00
    outer loop
      vertex   -1.603092e+02 2.176777e+01 -4.323223e+01
      vertex   -1.603092e+02 2.106066e+01 -4.393934e+01
      vertex   -1.603092e+02 2.125000e+01 -4.283494e+01
    endloop
  endfacet
  facet normal -1.000000e+00 0.000000e+00 0.000000e+00
    outer loop
      vertex   -1.603092e+02 2.125000e+01 -4.283494e+01
      vertex   -1.603092e+02 2.106066e+01 -4.393934e+01
      vertex   -1.603092e+02 2.075000e+01 -4.370096e+01
    endloop
  endfacet
  facet normal -1.000000e+00 -0.000000e+00 0.000000e+00
    outer loop
      vertex   -1.603092e+02 2.125000e+01 -4.283494e+01
      vertex   -1.603092e+02 2.075000e+01 -4.370096e+01
      vertex   -1.603092e+02 2.064705e+01 -4.258519e+01
    endloop
  endfacet
  facet normal -1.000000e+00 0.000000e+00 -0.000000e+00
    outer loop
      vertex   -1.603092e+02 2.064705e+01 -4.258519e+01
      vertex   -1.603092e+02 2.075000e+01 -4.370096e+01
      vertex   -1.603092e+02 2.038823e+01 -4.355111e+01
    endloop
  endfacet
  facet normal -1.000000e+00 -0.000000e+00 0.000000e+00
    outer loop
      vertex   -1.603092e+02 2.064705e+01 -4.258519e+01
      vertex   -1.603092e+02 2.038823e+01 -4.355111e+01
      vertex   -1.603092e+02 2.000000e+01 -4.250000e+01
    endloop
  endfacet
  facet normal -1.000000e+00 0.000000e+00 0.000000e+00
    outer loop
      vertex   -1.603092e+02 2.000000e+01 -4.250000e+01
      vertex   -1.603092e+02 2.038823e+01 -4.355111e+01
      vertex   -1.603092e+02 2.000000e+01 -4.350000e+01
    endloop
  endfacet
  facet normal -1.000000e+00 0.000000e+00 -0.000000e+00
    outer loop
      vertex   -1.603092e+02 2.000000e+01 -4.250000e+01
      vertex   -1.603092e+02 2.000000e+01 -4.350000e+01
      vertex   -1.603092e+02 1.935295e+01 -4.258519e+01
    endloop
  endfacet
  facet normal -1.000000e+00 0.000000e+00 0.000000e+00
    outer loop
      vertex   -1.603092e+02 1.935295e+01 -4.258519e+01
      vertex   -1.603092e+02 2.000000e+01 -4.350000e+01
      vertex   -1.603092e+02 1.961177e+01 -4.355111e+01
    endloop
  endfacet
  facet normal -1.000000e+00 0.000000e+00 -0.000000e+00
    outer loop
      vertex   -1.603092e+02 1.935295e+01 -4.258519e+01
      vertex   -1.603092e+02 1.961177e+01 -4.355111e+01
      vertex   -1.603092e+02 1.925000e+01 -4.370096e+01
    endloop
  endfacet
  facet normal -1.000000e+00 0.000000e+00 0.000000e+00
    outer loop
      vertex   -1.603092e+02 1.935295e+01 -4.258519e+01
      vertex   -1.603092e+02 1.925000e+01 -4.370096e+01
      vertex   -1.603092e+02 1.875000e+01 -4.283494e+01
    endloop
  endfacet
  facet normal -1.000000e+00 0.000000e+00 0.000000e+00
    outer loop
      vertex   -1.603092e+02 1.875000e+01 -4.283494e+01
      vertex   -1.603092e+02 1.925000e+01 -4.370096e+01
      vertex   -1.603092e+02 1.893934e+01 -4.393934e+01
    endloop
  endfacet
  facet normal -1.000000e+00 0.000000e+00 -0.000000e+00
    outer loop
      vertex   -1.603092e+02 1.875000e+01 -4.283494e+01
      vertex   -1.603092e+02 1.893934e+01 -4.393934e+01
      vertex   -1.603092e+02 1.823223e+01 -4.323223e+01
    endloop
  endfacet
  facet normal -1.000000e+00 0.000000e+00 0.000000e+00
    outer loop
      vertex   -1.603092e+02 1.823223e+01 -4.323223e+01
      vertex   -1.603092e+02 1.893934e+01 -4.393934e+01
      vertex   -1.603092e+02 1.870096e+01 -4.425000e+01
    endloop
  endfacet
  facet normal -1.000000e+00 0.000000e+00 -0.000000e+00
    outer loop
      vertex   -1.603092e+02 1.823223e+01 -4.323223e+01
      vertex   -1.603092e+02 1.870096e+01 -4.425000e+01
      vertex   -1.603092e+02 1.783494e+01 -4.375000e+01
    endloop
  endfacet
  facet normal -1.000000e+00 0.000000e+00 0.000000e+00
    outer loop
      vertex   -1.603092e+02 1.783494e+01 -4.375000e+01
      vertex   -1.603092e+02 1.870096e+01 -4.425000e+01
      vertex   -1.603092e+02 1.855111e+01 -4.461177e+01
    endloop
  endfacet
  facet normal -1.000000e+00 0.000000e+00 -0.000000e+00
    outer loop
      vertex   -1.603092e+02 1.783494e+01 -4.375000e+01
      vertex   -1.603092e+02 1.855111e+01 -4.461177e+01
      vertex   -1.603092e+02 1.758519e+01 -4.435295e+01
    endloop
  endfacet
  facet normal -1.000000e+00 0.000000e+00 0.000000e+00
    outer loop
      vertex   -1.603092e+02 1.758519e+01 -4.435295e+01
      vertex   -1.603092e+02 1.855111e+01 -4.461177e+01
      vertex   -1.603092e+02 1.850000e+01 -4.500000e+01
    endloop
  endfacet
  facet normal -1.000000e+00 0.000000e+00 -0.000000e+00
    outer loop
      vertex   -1.603092e+02 1.758519e+01 -4.435295e+01
      vertex   -1.603092e+02 1.850000e+01 -4.500000e+01
      vertex   -1.603092e+02 1.750000e+01 -4.500000e+01
    endloop
  endfacet
  facet normal -1.000000e+00 0.000000e+00 0.000000e+00
    outer loop
      vertex   -1.603092e+02 1.750000e+01 -4.500000e+01
      vertex   -1.603092e+02 1.850000e+01 -4.500000e+01
      vertex   -1.603092e+02 1.758519e+01 -4.564705e+01
    endloop
  endfacet
  facet normal -1.000000e+00 0.000000e+00 0.000000e+00
    outer loop
      vertex   -1.603092e+02 1.758519e+01 -4.564705e+01
      vertex   -1.603092e+02 1.850000e+01 -4.500000e+01
      vertex   -1.603092e+02 1.855111e+01 -4.538823e+01
    endloop
  endfacet
  facet normal -1.000000e+00 0.000000e+00 0.000000e+00
    outer loop
      vertex   -1.603092e+02 1.758519e+01 -4.564705e+01
      vertex   -1.603092e+02 1.855111e+01 -4.538823e+01
      vertex   -1.603092e+02 1.783494e+01 -4.625000e+01
    endloop
  endfacet
  facet normal -1.000000e+00 0.000000e+00 0.000000e+00
    outer loop
      vertex   -1.603092e+02 1.783494e+01 -4.625000e+01
      vertex   -1.603092e+02 1.855111e+01 -4.538823e+01
      vertex   -1.603092e+02 1.870096e+01 -4.575000e+01
    endloop
  endfacet
  facet normal -1.000000e+00 0.000000e+00 0.000000e+00
    outer loop
      vertex   -1.603092e+02 1.783494e+01 -4.625000e+01
      vertex   -1.603092e+02 1.870096e+01 -4.575000e+01
      vertex   -1.603092e+02 1.823223e+01 -4.676777e+01
    endloop
  endfacet
  facet normal -1.000000e+00 0.000000e+00 0.000000e+00
    outer loop
      vertex   -1.603092e+02 1.823223e+01 -4.676777e+01
      vertex   -1.603092e+02 1.870096e+01 -4.575000e+01
      vertex   -1.603092e+02 1.893934e+01 -4.606066e+01
    endloop
  endfacet
  facet normal -1.000000e+00 0.000000e+00 0.000000e+00
    outer loop
      vertex   -1.603092e+02 1.823223e+01 -4.676777e+01
      vertex   -1.603092e+02 1.893934e+01 -4.606066e+01
      vertex   -1.603092e+02 1.875000e+01 -4.716506e+01
    endloop
  endfacet
  facet normal -1.000000e+00 0.000000e+00 0.000000e+00
    outer loop
      vertex   -1.603092e+02 1.875000e+01 -4.716506e+01
      vertex   -1.603092e+02 1.893934e+01 -4.606066e+01
      vertex   -1.603092e+02 1.925000e+01 -4.629904e+01
    endloop
  endfacet
  facet normal -1.000000e+00 0.000000e+00 0.000000e+00
    outer loop
      vertex   -1.603092e+02 1.875000e+01 -4.716506e+01
      vertex   -1.603092e+02 1.925000e+01 -4.629904e+01
      vertex   -1.603092e+02 1.935295e+01 -4.741482e+01
    endloop
  endfacet
  facet normal -1.000000e+00 0.000000e+00 0.000000e+00
    outer loop
      vertex   -1.603092e+02 1.935295e+01 -4.741482e+01
      vertex   -1.603092e+02 1.925000e+01 -4.629904e+01
      vertex   -1.603092e+02 1.961177e+01 -4.644889e+01
    endloop
  endfacet
  facet normal -1.000000e+00 0.000000e+00 0.000000e+00
    outer loop
      vertex   -1.603092e+02 1.935295e+01 -4.741482e+01
      vertex   -1.603092e+02 1.961177e+01 -4.644889e+01
      vertex   -1.603092e+02 2.000000e+01 -4.750000e+01
    endloop
  endfacet
  facet normal 1.000000e+00 0.000000e+00 0.000000e+00
    outer loop
      vertex   -1.514392e+02 2.038823e+01 -4.644889e+01
      vertex   -1.514392e+02 2.000000e+01 -4.650000e+01
      vertex   -1.514392e+02 2.411899e+01 -5.615338e+01
    endloop
  endfacet
  facet normal 1.000000e+00 0.000000e+00 0.000000e+00
    outer loop
      vertex   -1.514392e+02 2.411899e+01 -5.615338e+01
      vertex   -1.514392e+02 2.000000e+01 -4.650000e+01
      vertex   -1.514392e+02 1.961177e+01 -4.644889e+01
    endloop
  endfacet
  facet normal 1.000000e+00 0.000000e+00 0.000000e+00
    outer loop
      vertex   -1.514392e+02 2.411899e+01 -5.615338e+01
      vertex   -1.514392e+02 1.961177e+01 -4.644889e+01
      vertex   -1.514392e+02 2.019474e+01 -5.759336e+01
    endloop
  endfacet
  facet normal 1.000000e+00 0.000000e+00 0.000000e+00
    outer loop
      vertex   -1.514392e+02 2.019474e+01 -5.759336e+01
      vertex   -1.514392e+02 1.961177e+01 -4.644889e+01
      vertex   -1.514392e+02 1.925000e+01 -4.629904e+01
    endloop
  endfacet
  facet normal 1.000000e+00 0.000000e+00 0.000000e+00
    outer loop
      vertex   -1.514392e+02 2.019474e+01 -5.759336e+01
      vertex   -1.514392e+02 1.925000e+01 -4.629904e+01
      vertex   -1.514392e+02 1.617114e+01 -5.872646e+01
    endloop
  endfacet
  facet normal 1.000000e+00 0.000000e+00 0.000000e+00
    outer loop
      vertex   -1.514392e+02 1.617114e+01 -5.872646e+01
      vertex   -1.514392e+02 1.925000e+01 -4.629904e+01
      vertex   -1.514392e+02 1.893934e+01 -4.606066e+01
    endloop
  endfacet
  facet normal 1.000000e+00 0.000000e+00 0.000000e+00
    outer loop
      vertex   -1.514392e+02 1.617114e+01 -5.872646e+01
      vertex   -1.514392e+02 1.893934e+01 -4.606066e+01
      vertex   -1.514392e+02 1.870096e+01 -4.575000e+01
    endloop
  endfacet
  facet normal 1.000000e+00 0.000000e+00 0.000000e+00
    outer loop
      vertex   -1.514392e+02 1.855111e+01 -4.538823e+01
      vertex   -1.514392e+02 7.922168e+00 -6.004689e+01
      vertex   -1.514392e+02 1.870096e+01 -4.575000e+01
    endloop
  endfacet
  facet normal 1.000000e+00 0.000000e+00 0.000000e+00
    outer loop
      vertex   -1.514392e+02 1.870096e+01 -4.575000e+01
      vertex   -1.514392e+02 7.922168e+00 -6.004689e+01
      vertex   -1.514392e+02 1.207215e+01 -5.954593e+01
    endloop
  endfacet
  facet normal 1.000000e+00 0.000000e+00 0.000000e+00
    outer loop
      vertex   -1.514392e+02 1.870096e+01 -4.575000e+01
      vertex   -1.514392e+02 1.207215e+01 -5.954593e+01
      vertex   -1.514392e+02 1.617114e+01 -5.872646e+01
    endloop
  endfacet
  facet normal 1.000000e+00 0.000000e+00 0.000000e+00
    outer loop
      vertex   -1.514392e+02 1.855111e+01 -4.538823e+01
      vertex   -1.514392e+02 1.850000e+01 -4.500000e+01
      vertex   -1.514392e+02 7.922168e+00 -6.004689e+01
    endloop
  endfacet
  facet normal 1.000000e+00 0.000000e+00 -0.000000e+00
    outer loop
      vertex   -1.514392e+02 7.922168e+00 -6.004689e+01
      vertex   -1.514392e+02 1.850000e+01 -4.500000e+01
      vertex   -1.514392e+02 7.747483e+00 -2.369013e+01
    endloop
  endfacet
  facet normal 1.000000e+00 0.000000e+00 0.000000e+00
    outer loop
      vertex   -1.514392e+02 7.747483e+00 -2.369013e+01
      vertex   -1.514392e+02 1.850000e+01 -4.500000e+01
      vertex   -1.514392e+02 1.855111e+01 -4.461177e+01
    endloop
  endfacet
  facet normal 1.000000e+00 0.000000e+00 0.000000e+00
    outer loop
      vertex   -1.514392e+02 7.747483e+00 -2.369013e+01
      vertex   -1.514392e+02 1.855111e+01 -4.461177e+01
      vertex   -1.514392e+02 1.870096e+01 -4.425000e+01
    endloop
  endfacet
  facet normal 1.000000e+00 0.000000e+00 -0.000000e+00
    outer loop
      vertex   -1.514392e+02 1.870096e+01 -4.425000e+01
      vertex   -1.514392e+02 1.893934e+01 -4.393934e+01
      vertex   -1.514392e+02 7.747483e+00 -2.369013e+01
    endloop
  endfacet
  facet normal 1.000000e+00 0.000000e+00 0.000000e+00
    outer loop
      vertex   -1.514392e+02 7.747483e+00 -2.369013e+01
      vertex   -1.514392e+02 1.893934e+01 -4.393934e+01
      vertex   -1.514392e+02 1.925000e+01 -4.370096e+01
    endloop
  endfacet
  facet normal 1.000000e+00 0.000000e+00 0.000000e+00
    outer loop
      vertex   -1.514392e+02 7.747483e+00 -2.369013e+01
      vertex   -1.514392e+02 1.925000e+01 -4.370096e+01
      vertex   -1.514392e+02 1.961177e+01 -4.355111e+01
    endloop
  endfacet
  facet normal 1.000000e+00 0.000000e+00 -0.000000e+00
    outer loop
      vertex   -1.514392e+02 1.961177e+01 -4.355111e+01
      vertex   -1.514392e+02 2.000000e+01 -4.350000e+01
      vertex   -1.514392e+02 7.747483e+00 -2.369013e+01
    endloop
  endfacet
  facet normal 1.000000e+00 0.000000e+00 0.000000e+00
    outer loop
      vertex   -1.514392e+02 7.747483e+00 -2.369013e+01
      vertex   -1.514392e+02 2.000000e+01 -4.350000e+01
      vertex   -1.514392e+02 2.038823e+01 -4.355111e+01
    endloop
  endfacet
  facet normal 1.000000e+00 0.000000e+00 0.000000e+00
    outer loop
      vertex   -1.514392e+02 7.747483e+00 -2.369013e+01
      vertex   -1.514392e+02 2.038823e+01 -4.355111e+01
      vertex   -1.514392e+02 2.075000e+01 -4.370096e+01
    endloop
  endfacet
  facet normal 1.000000e+00 -0.000000e+00 -0.000000e+00
    outer loop
      vertex   -1.514392e+02 2.106066e+01 -4.393934e+01
      vertex   -1.514392e+02 4.146047e+01 -4.471115e+01
      vertex   -1.514392e+02 2.075000e+01 -4.370096e+01
    endloop
  endfacet
  facet normal 1.000000e+00 -0.000000e+00 0.000000e+00
    outer loop
      vertex   -1.514392e+02 2.075000e+01 -4.370096e+01
      vertex   -1.514392e+02 4.146047e+01 -4.471115e+01
      vertex   -1.514392e+02 4.432808e+01 -4.166974e+01
    endloop
  endfacet
  facet normal 1.000000e+00 0.000000e+00 -0.000000e+00
    outer loop
      vertex   -1.514392e+02 2.075000e+01 -4.370096e+01
      vertex   -1.514392e+02 4.432808e+01 -4.166974e+01
      vertex   -1.514392e+02 7.747483e+00 -2.369013e+01
    endloop
  endfacet
  facet normal 1.000000e+00 0.000000e+00 0.000000e+00
    outer loop
      vertex   -1.514392e+02 4.146047e+01 -4.471115e+01
      vertex   -1.514392e+02 2.106066e+01 -4.393934e+01
      vertex   -1.514392e+02 3.836689e+01 -4.752238e+01
    endloop
  endfacet
  facet normal 1.000000e+00 0.000000e+00 0.000000e+00
    outer loop
      vertex   -1.514392e+02 3.836689e+01 -4.752238e+01
      vertex   -1.514392e+02 2.106066e+01 -4.393934e+01
      vertex   -1.514392e+02 2.129904e+01 -4.425000e+01
    endloop
  endfacet
  facet normal 1.000000e+00 0.000000e+00 0.000000e+00
    outer loop
      vertex   -1.514392e+02 3.836689e+01 -4.752238e+01
      vertex   -1.514392e+02 2.129904e+01 -4.425000e+01
      vertex   -1.514392e+02 3.506575e+01 -5.008670e+01
    endloop
  endfacet
  facet normal 1.000000e+00 0.000000e+00 0.000000e+00
    outer loop
      vertex   -1.514392e+02 3.506575e+01 -5.008670e+01
      vertex   -1.514392e+02 2.129904e+01 -4.425000e+01
      vertex   -1.514392e+02 2.144889e+01 -4.461177e+01
    endloop
  endfacet
  facet normal 1.000000e+00 0.000000e+00 0.000000e+00
    outer loop
      vertex   -1.514392e+02 3.506575e+01 -5.008670e+01
      vertex   -1.514392e+02 2.144889e+01 -4.461177e+01
      vertex   -1.514392e+02 2.150000e+01 -4.500000e+01
    endloop
  endfacet
  facet normal 1.000000e+00 0.000000e+00 0.000000e+00
    outer loop
      vertex   -1.514392e+02 3.506575e+01 -5.008670e+01
      vertex   -1.514392e+02 2.150000e+01 -4.500000e+01
      vertex   -1.514392e+02 3.157670e+01 -5.238884e+01
    endloop
  endfacet
  facet normal 1.000000e+00 0.000000e+00 0.000000e+00
    outer loop
      vertex   -1.514392e+02 3.157670e+01 -5.238884e+01
      vertex   -1.514392e+02 2.150000e+01 -4.500000e+01
      vertex   -1.514392e+02 2.144889e+01 -4.538823e+01
    endloop
  endfacet
  facet normal 1.000000e+00 0.000000e+00 0.000000e+00
    outer loop
      vertex   -1.514392e+02 3.157670e+01 -5.238884e+01
      vertex   -1.514392e+02 2.144889e+01 -4.538823e+01
      vertex   -1.514392e+02 2.129904e+01 -4.575000e+01
    endloop
  endfacet
  facet normal 1.000000e+00 0.000000e+00 0.000000e+00
    outer loop
      vertex   -1.514392e+02 3.157670e+01 -5.238884e+01
      vertex   -1.514392e+02 2.129904e+01 -4.575000e+01
      vertex   -1.514392e+02 2.792053e+01 -5.441509e+01
    endloop
  endfacet
  facet normal 1.000000e+00 0.000000e+00 0.000000e+00
    outer loop
      vertex   -1.514392e+02 2.792053e+01 -5.441509e+01
      vertex   -1.514392e+02 2.129904e+01 -4.575000e+01
      vertex   -1.514392e+02 2.106066e+01 -4.606066e+01
    endloop
  endfacet
  facet normal 1.000000e+00 0.000000e+00 0.000000e+00
    outer loop
      vertex   -1.514392e+02 2.792053e+01 -5.441509e+01
      vertex   -1.514392e+02 2.106066e+01 -4.606066e+01
      vertex   -1.514392e+02 2.075000e+01 -4.629904e+01
    endloop
  endfacet
  facet normal 1.000000e+00 0.000000e+00 0.000000e+00
    outer loop
      vertex   -1.514392e+02 2.075000e+01 -4.629904e+01
      vertex   -1.514392e+02 2.038823e+01 -4.644889e+01
      vertex   -1.514392e+02 2.792053e+01 -5.441509e+01
    endloop
  endfacet
  facet normal 1.000000e+00 0.000000e+00 0.000000e+00
    outer loop
      vertex   -1.514392e+02 2.792053e+01 -5.441509e+01
      vertex   -1.514392e+02 2.038823e+01 -4.644889e+01
      vertex   -1.514392e+02 2.411899e+01 -5.615338e+01
    endloop
  endfacet
  facet normal 1.000000e+00 0.000000e+00 0.000000e+00
    outer loop
      vertex   -1.514392e+02 7.922168e+00 -6.004689e+01
      vertex   -1.514392e+02 -3.830838e-01 -6.008679e+01
      vertex   -1.514392e+02 5.155640e+00 -6.020187e+01
    endloop
  endfacet
  facet normal 1.000000e+00 0.000000e+00 0.000000e+00
    outer loop
      vertex   -1.514392e+02 5.155640e+00 -6.020187e+01
      vertex   -1.514392e+02 -3.830838e-01 -6.008679e+01
      vertex   -1.514392e+02 2.384806e+00 -6.021518e+01
    endloop
  endfacet
  facet normal -0.000000e+00 -4.633558e-02 -9.989259e-01
    outer loop
      vertex   -1.514392e+02 -3.830838e-01 -6.008679e+01
      vertex   -1.814392e+02 -3.830838e-01 -6.008679e+01
      vertex   -1.514392e+02 2.384806e+00 -6.021518e+01
    endloop
  endfacet
  facet normal -1.198535e-03 -3.336911e-02 -9.994424e-01
    outer loop
      vertex   -1.514392e+02 2.384806e+00 -6.021518e+01
      vertex   -1.814392e+02 -3.830838e-01 -6.008679e+01
      vertex   -1.814392e+02 3.790634e+00 -6.022615e+01
    endloop
  endfacet
  facet normal 5.905251e-04 4.804685e-03 -9.999883e-01
    outer loop
      vertex   -1.514392e+02 2.384806e+00 -6.021518e+01
      vertex   -1.814392e+02 3.790634e+00 -6.022615e+01
      vertex   -1.514392e+02 5.155640e+00 -6.020187e+01
    endloop
  endfacet
  facet normal -1.180950e-03 4.372125e-02 -9.990431e-01
    outer loop
      vertex   -1.514392e+02 5.155640e+00 -6.020187e+01
      vertex   -1.814392e+02 3.790634e+00 -6.022615e+01
      vertex   -1.814392e+02 7.962685e+00 -6.004356e+01
    endloop
  endfacet
  facet normal -3.516627e-05 5.593238e-02 -9.984346e-01
    outer loop
      vertex   -1.514392e+02 5.155640e+00 -6.020187e+01
      vertex   -1.814392e+02 7.962685e+00 -6.004356e+01
      vertex   -1.514392e+02 7.922168e+00 -6.004689e+01
    endloop
  endfacet
  facet normal 5.177659e-05 1.198441e-01 -9.927927e-01
    outer loop
      vertex   -1.514392e+02 7.922168e+00 -6.004689e+01
      vertex   -1.814392e+02 7.962685e+00 -6.004356e+01
      vertex   -1.514392e+02 1.207215e+01 -5.954593e+01
    endloop
  endfacet
  facet normal -4.659893e-05 1.205519e-01 -9.927070e-01
    outer loop
      vertex   -1.514392e+02 1.207215e+01 -5.954593e+01
      vertex   -1.814392e+02 7.962685e+00 -6.004356e+01
      vertex   -1.814392e+02 1.210827e+01 -5.954013e+01
    endloop
  endfacet
  facet normal 4.664466e-05 1.960405e-01 -9.805958e-01
    outer loop
      vertex   -1.514392e+02 1.207215e+01 -5.954593e+01
      vertex   -1.814392e+02 1.210827e+01 -5.954013e+01
      vertex   -1.514392e+02 1.617114e+01 -5.872646e+01
    endloop
  endfacet
  facet normal -4.146192e-05 1.966660e-01 -9.804705e-01
    outer loop
      vertex   -1.514392e+02 1.617114e+01 -5.872646e+01
      vertex   -1.814392e+02 1.210827e+01 -5.954013e+01
      vertex   -1.814392e+02 1.620276e+01 -5.871885e+01
    endloop
  endfacet
  facet normal 4.150257e-05 2.710696e-01 -9.625598e-01
    outer loop
      vertex   -1.514392e+02 1.617114e+01 -5.872646e+01
      vertex   -1.814392e+02 1.620276e+01 -5.871885e+01
      vertex   -1.514392e+02 2.019474e+01 -5.759336e+01
    endloop
  endfacet
  facet normal -3.631475e-05 2.716113e-01 -9.624070e-01
    outer loop
      vertex   -1.514392e+02 2.019474e+01 -5.759336e+01
      vertex   -1.814392e+02 1.620276e+01 -5.871885e+01
      vertex   -1.814392e+02 2.022182e+01 -5.758459e+01
    endloop
  endfacet
  facet normal 3.635032e-05 3.444845e-01 -9.387920e-01
    outer loop
      vertex   -1.514392e+02 2.019474e+01 -5.759336e+01
      vertex   -1.814392e+02 2.022182e+01 -5.758459e+01
      vertex   -1.514392e+02 2.411899e+01 -5.615338e+01
    endloop
  endfacet
  facet normal -3.115742e-05 3.449424e-01 -9.386238e-01
    outer loop
      vertex   -1.514392e+02 2.411899e+01 -5.615338e+01
      vertex   -1.814392e+02 2.022182e+01 -5.758459e+01
      vertex   -1.814392e+02 2.414155e+01 -5.614409e+01
    endloop
  endfacet
  facet normal 3.118790e-05 4.158482e-01 -9.094341e-01
    outer loop
      vertex   -1.514392e+02 2.411899e+01 -5.615338e+01
      vertex   -1.814392e+02 2.414155e+01 -5.614409e+01
      vertex   -1.514392e+02 2.792053e+01 -5.441509e+01
    endloop
  endfacet
  facet normal -2.598992e-05 4.162235e-01 -9.092623e-01
    outer loop
      vertex   -1.514392e+02 2.792053e+01 -5.441509e+01
      vertex   -1.814392e+02 2.414155e+01 -5.614409e+01
      vertex   -1.814392e+02 2.793867e+01 -5.440592e+01
    endloop
  endfacet
  facet normal 2.601533e-05 4.847356e-01 -8.746607e-01
    outer loop
      vertex   -1.514392e+02 2.792053e+01 -5.441509e+01
      vertex   -1.814392e+02 2.793867e+01 -5.440592e+01
      vertex   -1.514392e+02 3.157670e+01 -5.238884e+01
    endloop
  endfacet
  facet normal -2.081226e-05 4.850309e-01 -8.744970e-01
    outer loop
      vertex   -1.514392e+02 3.157670e+01 -5.238884e+01
      vertex   -1.814392e+02 2.793867e+01 -5.440592e+01
      vertex   -1.814392e+02 3.159061e+01 -5.238041e+01
    endloop
  endfacet
  facet normal 2.083259e-05 5.507366e-01 -8.346791e-01
    outer loop
      vertex   -1.514392e+02 3.157670e+01 -5.238884e+01
      vertex   -1.814392e+02 3.159061e+01 -5.238041e+01
      vertex   -1.514392e+02 3.506575e+01 -5.008670e+01
    endloop
  endfacet
  facet normal -1.562444e-05 5.509558e-01 -8.345344e-01
    outer loop
      vertex   -1.514392e+02 3.506575e+01 -5.008670e+01
      vertex   -1.814392e+02 3.159061e+01 -5.238041e+01
      vertex   -1.814392e+02 3.507566e+01 -5.007960e+01
    endloop
  endfacet
  facet normal 1.563968e-05 6.134581e-01 -7.897273e-01
    outer loop
      vertex   -1.514392e+02 3.506575e+01 -5.008670e+01
      vertex   -1.814392e+02 3.507566e+01 -5.007960e+01
      vertex   -1.514392e+02 3.836689e+01 -4.752238e+01
    endloop
  endfacet
  facet normal -1.042646e-05 6.136063e-01 -7.896122e-01
    outer loop
      vertex   -1.514392e+02 3.836689e+01 -4.752238e+01
      vertex   -1.814392e+02 3.507566e+01 -5.007960e+01
      vertex   -1.814392e+02 3.837311e+01 -4.751715e+01
    endloop
  endfacet
  facet normal 1.043662e-05 6.725267e-01 -7.400729e-01
    outer loop
      vertex   -1.514392e+02 3.836689e+01 -4.752238e+01
      vertex   -1.814392e+02 3.837311e+01 -4.751715e+01
      vertex   -1.514392e+02 4.146047e+01 -4.471115e+01
    endloop
  endfacet
  facet normal -5.218309e-06 6.726100e-01 -7.399971e-01
    outer loop
      vertex   -1.514392e+02 4.146047e+01 -4.471115e+01
      vertex   -1.814392e+02 3.837311e+01 -4.751715e+01
      vertex   -1.814392e+02 4.146338e+01 -4.470830e+01
    endloop
  endfacet
  facet normal 5.223390e-06 7.275906e-01 -6.860116e-01
    outer loop
      vertex   -1.514392e+02 4.146047e+01 -4.471115e+01
      vertex   -1.814392e+02 4.146338e+01 -4.470830e+01
      vertex   -1.514392e+02 4.432808e+01 -4.166974e+01
    endloop
  endfacet
  facet normal -9.860465e-18 7.276164e-01 -6.859843e-01
    outer loop
      vertex   -1.514392e+02 4.432808e+01 -4.166974e+01
      vertex   -1.814392e+02 4.146338e+01 -4.470830e+01
      vertex   -1.814392e+02 4.432808e+01 -4.166974e+01
    endloop
  endfacet
  facet normal -1.361197e-14 -4.411054e-01 -8.974553e-01
    outer loop
      vertex   -2.235511e+02 2.262923e+01 -3.100461e+01
      vertex   -1.814392e+02 4.432808e+01 -4.166974e+01
      vertex   -2.235000e+02 2.228082e+01 -3.083337e+01
    endloop
  endfacet
  facet normal 6.879958e-17 -4.411054e-01 -8.974553e-01
    outer loop
      vertex   -2.235000e+02 2.228082e+01 -3.083337e+01
      vertex   -1.814392e+02 4.432808e+01 -4.166974e+01
      vertex   -1.814392e+02 2.553668e-01 -2.000771e+01
    endloop
  endfacet
  facet normal -1.510303e-14 -4.411054e-01 -8.974553e-01
    outer loop
      vertex   -2.235000e+02 2.228082e+01 -3.083337e+01
      vertex   -1.814392e+02 2.553668e-01 -2.000771e+01
      vertex   -2.235511e+02 2.193240e+01 -3.066212e+01
    endloop
  endfacet
  facet normal 2.426027e-15 -4.411054e-01 -8.974553e-01
    outer loop
      vertex   -2.235511e+02 2.193240e+01 -3.066212e+01
      vertex   -1.814392e+02 2.553668e-01 -2.000771e+01
      vertex   -2.237010e+02 2.160772e+01 -3.050254e+01
    endloop
  endfacet
  facet normal -4.322655e-15 -4.411054e-01 -8.974553e-01
    outer loop
      vertex   -2.237010e+02 2.160772e+01 -3.050254e+01
      vertex   -1.814392e+02 2.553668e-01 -2.000771e+01
      vertex   -2.239393e+02 2.132892e+01 -3.036550e+01
    endloop
  endfacet
  facet normal 6.218221e-15 -4.411054e-01 -8.974553e-01
    outer loop
      vertex   -2.239393e+02 2.132892e+01 -3.036550e+01
      vertex   -1.814392e+02 2.553668e-01 -2.000771e+01
      vertex   -2.242500e+02 2.111499e+01 -3.026035e+01
    endloop
  endfacet
  facet normal -4.553561e-15 -4.411054e-01 -8.974553e-01
    outer loop
      vertex   -2.242500e+02 2.111499e+01 -3.026035e+01
      vertex   -1.814392e+02 2.553668e-01 -2.000771e+01
      vertex   -2.246118e+02 2.098050e+01 -3.019425e+01
    endloop
  endfacet
  facet normal 1.232250e-15 -4.411054e-01 -8.974553e-01
    outer loop
      vertex   -2.246118e+02 2.098050e+01 -3.019425e+01
      vertex   -1.814392e+02 2.553668e-01 -2.000771e+01
      vertex   -2.250000e+02 2.093463e+01 -3.017171e+01
    endloop
  endfacet
  facet normal -1.968923e-16 -4.411054e-01 -8.974553e-01
    outer loop
      vertex   -2.250000e+02 2.093463e+01 -3.017171e+01
      vertex   -1.814392e+02 2.553668e-01 -2.000771e+01
      vertex   -2.507795e+02 4.588935e-01 -2.010774e+01
    endloop
  endfacet
  facet normal -1.407530e-15 -4.411054e-01 -8.974553e-01
    outer loop
      vertex   -2.250000e+02 2.093463e+01 -3.017171e+01
      vertex   -2.507795e+02 4.588935e-01 -2.010774e+01
      vertex   -2.253882e+02 2.098050e+01 -3.019425e+01
    endloop
  endfacet
  facet normal 5.350110e-15 -4.411054e-01 -8.974553e-01
    outer loop
      vertex   -2.253882e+02 2.098050e+01 -3.019425e+01
      vertex   -2.507795e+02 4.588935e-01 -2.010774e+01
      vertex   -2.257500e+02 2.111499e+01 -3.026035e+01
    endloop
  endfacet
  facet normal -8.430326e-15 -4.411054e-01 -8.974553e-01
    outer loop
      vertex   -2.257500e+02 2.111499e+01 -3.026035e+01
      vertex   -2.507795e+02 4.588935e-01 -2.010774e+01
      vertex   -2.260607e+02 2.132892e+01 -3.036550e+01
    endloop
  endfacet
  facet normal 5.810335e-15 -4.411054e-01 -8.974553e-01
    outer loop
      vertex   -2.260607e+02 2.132892e+01 -3.036550e+01
      vertex   -2.507795e+02 4.588935e-01 -2.010774e+01
      vertex   -2.262990e+02 2.160772e+01 -3.050254e+01
    endloop
  endfacet
  facet normal -4.050993e-15 -4.411054e-01 -8.974553e-01
    outer loop
      vertex   -2.262990e+02 2.160772e+01 -3.050254e+01
      vertex   -2.507795e+02 4.588935e-01 -2.010774e+01
      vertex   -2.264489e+02 2.193240e+01 -3.066212e+01
    endloop
  endfacet
  facet normal 2.218902e-16 -4.411054e-01 -8.974553e-01
    outer loop
      vertex   -2.264489e+02 2.193240e+01 -3.066212e+01
      vertex   -2.507795e+02 4.588935e-01 -2.010774e+01
      vertex   -2.540946e+02 4.005519e+01 -3.956959e+01
    endloop
  endfacet
  facet normal -5.447696e-15 -4.411054e-01 -8.974553e-01
    outer loop
      vertex   -2.264489e+02 2.193240e+01 -3.066212e+01
      vertex   -2.540946e+02 4.005519e+01 -3.956959e+01
      vertex   -2.265000e+02 2.228082e+01 -3.083337e+01
    endloop
  endfacet
  facet normal 3.522330e-15 -4.411054e-01 -8.974553e-01
    outer loop
      vertex   -2.265000e+02 2.228082e+01 -3.083337e+01
      vertex   -2.540946e+02 4.005519e+01 -3.956959e+01
      vertex   -2.264489e+02 2.262923e+01 -3.100461e+01
    endloop
  endfacet
  facet normal -1.341443e-15 -4.411054e-01 -8.974553e-01
    outer loop
      vertex   -2.264489e+02 2.262923e+01 -3.100461e+01
      vertex   -2.540946e+02 4.005519e+01 -3.956959e+01
      vertex   -2.262990e+02 2.295391e+01 -3.116419e+01
    endloop
  endfacet
  facet normal 6.740199e-17 -4.411054e-01 -8.974553e-01
    outer loop
      vertex   -2.262990e+02 2.295391e+01 -3.116419e+01
      vertex   -2.540946e+02 4.005519e+01 -3.956959e+01
      vertex   -2.260607e+02 2.323271e+01 -3.130123e+01
    endloop
  endfacet
  facet normal 7.297393e-15 -4.411054e-01 -8.974553e-01
    outer loop
      vertex   -2.260607e+02 2.323271e+01 -3.130123e+01
      vertex   -2.540946e+02 4.005519e+01 -3.956959e+01
      vertex   -2.257500e+02 2.344664e+01 -3.140638e+01
    endloop
  endfacet
  facet normal -7.264521e-15 -4.411054e-01 -8.974553e-01
    outer loop
      vertex   -2.257500e+02 2.344664e+01 -3.140638e+01
      vertex   -2.540946e+02 4.005519e+01 -3.956959e+01
      vertex   -2.253882e+02 2.358113e+01 -3.147248e+01
    endloop
  endfacet
  facet normal -2.073504e-15 -4.411054e-01 -8.974553e-01
    outer loop
      vertex   -2.253882e+02 2.358113e+01 -3.147248e+01
      vertex   -2.540946e+02 4.005519e+01 -3.956959e+01
      vertex   -2.250000e+02 2.362700e+01 -3.149502e+01
    endloop
  endfacet
  facet normal 1.161254e-16 -4.411054e-01 -8.974553e-01
    outer loop
      vertex   -2.250000e+02 2.362700e+01 -3.149502e+01
      vertex   -2.540946e+02 4.005519e+01 -3.956959e+01
      vertex   -1.814392e+02 4.432808e+01 -4.166974e+01
    endloop
  endfacet
  facet normal 2.055327e-15 -4.411054e-01 -8.974553e-01
    outer loop
      vertex   -2.250000e+02 2.362700e+01 -3.149502e+01
      vertex   -1.814392e+02 4.432808e+01 -4.166974e+01
      vertex   -2.246118e+02 2.358113e+01 -3.147248e+01
    endloop
  endfacet
  facet normal 6.856233e-15 -4.411054e-01 -8.974553e-01
    outer loop
      vertex   -2.246118e+02 2.358113e+01 -3.147248e+01
      vertex   -1.814392e+02 4.432808e+01 -4.166974e+01
      vertex   -2.242500e+02 2.344664e+01 -3.140638e+01
    endloop
  endfacet
  facet normal -6.419316e-15 -4.411054e-01 -8.974553e-01
    outer loop
      vertex   -2.242500e+02 2.344664e+01 -3.140638e+01
      vertex   -1.814392e+02 4.432808e+01 -4.166974e+01
      vertex   -2.239393e+02 2.323271e+01 -3.130123e+01
    endloop
  endfacet
  facet normal 9.445515e-17 -4.411054e-01 -8.974553e-01
    outer loop
      vertex   -2.239393e+02 2.323271e+01 -3.130123e+01
      vertex   -1.814392e+02 4.432808e+01 -4.166974e+01
      vertex   -2.237010e+02 2.295391e+01 -3.116419e+01
    endloop
  endfacet
  facet normal 1.365849e-15 -4.411054e-01 -8.974553e-01
    outer loop
      vertex   -2.237010e+02 2.295391e+01 -3.116419e+01
      vertex   -1.814392e+02 4.432808e+01 -4.166974e+01
      vertex   -2.235511e+02 2.262923e+01 -3.100461e+01
    endloop
  endfacet
  facet normal 1.189944e-16 -4.411054e-01 -8.974553e-01
    outer loop
      vertex   -2.540946e+02 4.005519e+01 -3.956959e+01
      vertex   -2.546703e+02 4.500000e+01 -4.200000e+01
      vertex   -1.814392e+02 4.432808e+01 -4.166974e+01
    endloop
  endfacet
  facet normal -3.124296e-17 -4.411054e-01 -8.974553e-01
    outer loop
      vertex   -1.814392e+02 4.432808e+01 -4.166974e+01
      vertex   -2.546703e+02 4.500000e+01 -4.200000e+01
      vertex   -1.514395e+02 4.500000e+01 -4.200000e+01
    endloop
  endfacet
  facet normal 3.170349e-16 -4.411054e-01 -8.974553e-01
    outer loop
      vertex   -1.814392e+02 4.432808e+01 -4.166974e+01
      vertex   -1.514395e+02 4.500000e+01 -4.200000e+01
      vertex   -1.514392e+02 4.432808e+01 -4.166974e+01
    endloop
  endfacet
  facet normal 0.000000e+00 -4.411054e-01 -8.974553e-01
    outer loop
      vertex   -1.514392e+02 4.432808e+01 -4.166974e+01
      vertex   -1.514395e+02 4.500000e+01 -4.200000e+01
      vertex   -1.319295e+02 4.500000e+01 -4.200000e+01
    endloop
  endfacet
  facet normal 0.000000e+00 -4.411054e-01 -8.974553e-01
    outer loop
      vertex   -1.514392e+02 4.432808e+01 -4.166974e+01
      vertex   -1.319295e+02 4.500000e+01 -4.200000e+01
      vertex   -1.314392e+02 4.432808e+01 -4.166974e+01
    endloop
  endfacet
  facet normal -3.170349e-16 -4.411054e-01 -8.974553e-01
    outer loop
      vertex   -1.314392e+02 4.432808e+01 -4.166974e+01
      vertex   -1.319295e+02 4.500000e+01 -4.200000e+01
      vertex   -1.014392e+02 4.432808e+01 -4.166974e+01
    endloop
  endfacet
  facet normal 3.035254e-17 -4.411054e-01 -8.974553e-01
    outer loop
      vertex   -1.014392e+02 4.432808e+01 -4.166974e+01
      vertex   -1.319295e+02 4.500000e+01 -4.200000e+01
      vertex   -2.567026e+01 4.500000e+01 -4.200000e+01
    endloop
  endfacet
  facet normal -1.142444e-16 -4.411054e-01 -8.974553e-01
    outer loop
      vertex   -1.014392e+02 4.432808e+01 -4.166974e+01
      vertex   -2.567026e+01 4.500000e+01 -4.200000e+01
      vertex   -5.787841e+01 2.362700e+01 -3.149502e+01
    endloop
  endfacet
  facet normal -4.841723e-15 -4.411054e-01 -8.974553e-01
    outer loop
      vertex   -5.787841e+01 2.362700e+01 -3.149502e+01
      vertex   -2.567026e+01 4.500000e+01 -4.200000e+01
      vertex   -5.749018e+01 2.358113e+01 -3.147248e+01
    endloop
  endfacet
  facet normal 2.070948e-15 -4.411054e-01 -8.974553e-01
    outer loop
      vertex   -5.749018e+01 2.358113e+01 -3.147248e+01
      vertex   -2.567026e+01 4.500000e+01 -4.200000e+01
      vertex   -5.712841e+01 2.344664e+01 -3.140638e+01
    endloop
  endfacet
  facet normal -8.905671e-17 -4.411054e-01 -8.974553e-01
    outer loop
      vertex   -5.712841e+01 2.344664e+01 -3.140638e+01
      vertex   -2.567026e+01 4.500000e+01 -4.200000e+01
      vertex   -5.681775e+01 2.323271e+01 -3.130123e+01
    endloop
  endfacet
  facet normal -5.745749e-17 -4.411054e-01 -8.974553e-01
    outer loop
      vertex   -5.681775e+01 2.323271e+01 -3.130123e+01
      vertex   -2.567026e+01 4.500000e+01 -4.200000e+01
      vertex   -5.657937e+01 2.295391e+01 -3.116419e+01
    endloop
  endfacet
  facet normal -1.045750e-15 -4.411054e-01 -8.974553e-01
    outer loop
      vertex   -5.657937e+01 2.295391e+01 -3.116419e+01
      vertex   -2.567026e+01 4.500000e+01 -4.200000e+01
      vertex   -5.642952e+01 2.262923e+01 -3.100461e+01
    endloop
  endfacet
  facet normal -1.878421e-14 -4.411054e-01 -8.974553e-01
    outer loop
      vertex   -5.642952e+01 2.262923e+01 -3.100461e+01
      vertex   -2.567026e+01 4.500000e+01 -4.200000e+01
      vertex   -5.637841e+01 2.228082e+01 -3.083337e+01
    endloop
  endfacet
  facet normal 2.234492e-16 -4.411054e-01 -8.974553e-01
    outer loop
      vertex   -5.637841e+01 2.228082e+01 -3.083337e+01
      vertex   -2.567026e+01 4.500000e+01 -4.200000e+01
      vertex   -3.087956e+01 2.553668e-01 -2.000771e+01
    endloop
  endfacet
  facet normal -2.687526e-14 -4.411054e-01 -8.974553e-01
    outer loop
      vertex   -5.637841e+01 2.228082e+01 -3.083337e+01
      vertex   -3.087956e+01 2.553668e-01 -2.000771e+01
      vertex   -5.642952e+01 2.193240e+01 -3.066212e+01
    endloop
  endfacet
  facet normal 8.631322e-16 -4.411054e-01 -8.974553e-01
    outer loop
      vertex   -5.642952e+01 2.193240e+01 -3.066212e+01
      vertex   -3.087956e+01 2.553668e-01 -2.000771e+01
      vertex   -5.657937e+01 2.160772e+01 -3.050254e+01
    endloop
  endfacet
  facet normal -1.626054e-16 -4.411054e-01 -8.974553e-01
    outer loop
      vertex   -5.657937e+01 2.160772e+01 -3.050254e+01
      vertex   -3.087956e+01 2.553668e-01 -2.000771e+01
      vertex   -5.681775e+01 2.132892e+01 -3.036550e+01
    endloop
  endfacet
  facet normal -9.884871e-17 -4.411054e-01 -8.974553e-01
    outer loop
      vertex   -5.681775e+01 2.132892e+01 -3.036550e+01
      vertex   -3.087956e+01 2.553668e-01 -2.000771e+01
      vertex   -5.712841e+01 2.111499e+01 -3.026035e+01
    endloop
  endfacet
  facet normal -5.343281e-15 -4.411054e-01 -8.974553e-01
    outer loop
      vertex   -5.712841e+01 2.111499e+01 -3.026035e+01
      vertex   -3.087956e+01 2.553668e-01 -2.000771e+01
      vertex   -5.749018e+01 2.098050e+01 -3.019425e+01
    endloop
  endfacet
  facet normal 8.515735e-15 -4.411054e-01 -8.974553e-01
    outer loop
      vertex   -5.749018e+01 2.098050e+01 -3.019425e+01
      vertex   -3.087956e+01 2.553668e-01 -2.000771e+01
      vertex   -5.787841e+01 2.093463e+01 -3.017171e+01
    endloop
  endfacet
  facet normal -3.496242e-17 -4.411054e-01 -8.974553e-01
    outer loop
      vertex   -5.787841e+01 2.093463e+01 -3.017171e+01
      vertex   -3.087956e+01 2.553668e-01 -2.000771e+01
      vertex   -1.014392e+02 2.553668e-01 -2.000771e+01
    endloop
  endfacet
  facet normal -7.875470e-15 -4.411054e-01 -8.974553e-01
    outer loop
      vertex   -5.787841e+01 2.093463e+01 -3.017171e+01
      vertex   -1.014392e+02 2.553668e-01 -2.000771e+01
      vertex   -5.826664e+01 2.098050e+01 -3.019425e+01
    endloop
  endfacet
  facet normal 4.433731e-15 -4.411054e-01 -8.974553e-01
    outer loop
      vertex   -5.826664e+01 2.098050e+01 -3.019425e+01
      vertex   -1.014392e+02 2.553668e-01 -2.000771e+01
      vertex   -5.862841e+01 2.111499e+01 -3.026035e+01
    endloop
  endfacet
  facet normal 5.096903e-17 -4.411054e-01 -8.974553e-01
    outer loop
      vertex   -5.862841e+01 2.111499e+01 -3.026035e+01
      vertex   -1.014392e+02 2.553668e-01 -2.000771e+01
      vertex   -5.893907e+01 2.132892e+01 -3.036550e+01
    endloop
  endfacet
  facet normal 9.448425e-17 -4.411054e-01 -8.974553e-01
    outer loop
      vertex   -5.893907e+01 2.132892e+01 -3.036550e+01
      vertex   -1.014392e+02 2.553668e-01 -2.000771e+01
      vertex   -5.917745e+01 2.160772e+01 -3.050254e+01
    endloop
  endfacet
  facet normal -6.359489e-16 -4.411054e-01 -8.974553e-01
    outer loop
      vertex   -5.917745e+01 2.160772e+01 -3.050254e+01
      vertex   -1.014392e+02 2.553668e-01 -2.000771e+01
      vertex   -5.932730e+01 2.193240e+01 -3.066212e+01
    endloop
  endfacet
  facet normal -4.293504e-16 -4.411054e-01 -8.974553e-01
    outer loop
      vertex   -5.932730e+01 2.193240e+01 -3.066212e+01
      vertex   -1.014392e+02 2.553668e-01 -2.000771e+01
      vertex   -5.937841e+01 2.228082e+01 -3.083337e+01
    endloop
  endfacet
  facet normal 4.127975e-17 -4.411054e-01 -8.974553e-01
    outer loop
      vertex   -5.937841e+01 2.228082e+01 -3.083337e+01
      vertex   -1.014392e+02 2.553668e-01 -2.000771e+01
      vertex   -1.014392e+02 4.432808e+01 -4.166974e+01
    endloop
  endfacet
  facet normal -3.964897e-15 -4.411054e-01 -8.974553e-01
    outer loop
      vertex   -5.937841e+01 2.228082e+01 -3.083337e+01
      vertex   -1.014392e+02 4.432808e+01 -4.166974e+01
      vertex   -5.932730e+01 2.262923e+01 -3.100461e+01
    endloop
  endfacet
  facet normal 6.358261e-16 -4.411054e-01 -8.974553e-01
    outer loop
      vertex   -5.932730e+01 2.262923e+01 -3.100461e+01
      vertex   -1.014392e+02 4.432808e+01 -4.166974e+01
      vertex   -5.917745e+01 2.295391e+01 -3.116419e+01
    endloop
  endfacet
  facet normal -9.445515e-17 -4.411054e-01 -8.974553e-01
    outer loop
      vertex   -5.917745e+01 2.295391e+01 -3.116419e+01
      vertex   -1.014392e+02 4.432808e+01 -4.166974e+01
      vertex   -5.893907e+01 2.323271e+01 -3.130123e+01
    endloop
  endfacet
  facet normal -7.642043e-17 -4.411054e-01 -8.974553e-01
    outer loop
      vertex   -5.893907e+01 2.323271e+01 -3.130123e+01
      vertex   -1.014392e+02 4.432808e+01 -4.166974e+01
      vertex   -5.862841e+01 2.344664e+01 -3.140638e+01
    endloop
  endfacet
  facet normal -1.901183e-15 -4.411054e-01 -8.974553e-01
    outer loop
      vertex   -5.862841e+01 2.344664e+01 -3.140638e+01
      vertex   -1.014392e+02 4.432808e+01 -4.166974e+01
      vertex   -5.826664e+01 2.358113e+01 -3.147248e+01
    endloop
  endfacet
  facet normal 4.527677e-15 -4.411054e-01 -8.974553e-01
    outer loop
      vertex   -5.826664e+01 2.358113e+01 -3.147248e+01
      vertex   -1.014392e+02 4.432808e+01 -4.166974e+01
      vertex   -5.787841e+01 2.362700e+01 -3.149502e+01
    endloop
  endfacet
  facet normal -0.000000e+00 -4.411054e-01 -8.974553e-01
    outer loop
      vertex   -1.314392e+02 4.432808e+01 -4.166974e+01
      vertex   -1.314392e+02 7.747483e+00 -2.369013e+01
      vertex   -1.514392e+02 4.432808e+01 -4.166974e+01
    endloop
  endfacet
  facet normal 0.000000e+00 -4.411054e-01 -8.974553e-01
    outer loop
      vertex   -1.514392e+02 4.432808e+01 -4.166974e+01
      vertex   -1.314392e+02 7.747483e+00 -2.369013e+01
      vertex   -1.514392e+02 7.747483e+00 -2.369013e+01
    endloop
  endfacet
  facet normal -1.981538e-16 -4.411054e-01 -8.974553e-01
    outer loop
      vertex   -1.814392e+02 2.553668e-01 -2.000771e+01
      vertex   -2.519989e+02 2.553668e-01 -2.000771e+01
      vertex   -2.507795e+02 4.588935e-01 -2.010774e+01
    endloop
  endfacet
  facet normal 5.065668e-14 -4.411054e-01 -8.974553e-01
    outer loop
      vertex   -2.507795e+02 4.588935e-01 -2.010774e+01
      vertex   -2.519989e+02 2.553668e-01 -2.000771e+01
      vertex   -2.520004e+02 2.689647e-01 -2.001439e+01
    endloop
  endfacet
  facet normal -1.000000e+00 0.000000e+00 0.000000e+00
    outer loop
      vertex   -1.314392e+02 7.747483e+00 -2.369013e+01
      vertex   -1.314392e+02 1.850000e+01 -4.500000e+01
      vertex   -1.314392e+02 7.922168e+00 -6.004689e+01
    endloop
  endfacet
  facet normal -1.000000e+00 0.000000e+00 0.000000e+00
    outer loop
      vertex   -1.314392e+02 7.922168e+00 -6.004689e+01
      vertex   -1.314392e+02 1.850000e+01 -4.500000e+01
      vertex   -1.314392e+02 1.855111e+01 -4.538823e+01
    endloop
  endfacet
  facet normal -1.000000e+00 0.000000e+00 0.000000e+00
    outer loop
      vertex   -1.314392e+02 7.922168e+00 -6.004689e+01
      vertex   -1.314392e+02 1.855111e+01 -4.538823e+01
      vertex   -1.314392e+02 1.870096e+01 -4.575000e+01
    endloop
  endfacet
  facet normal -1.000000e+00 -0.000000e+00 0.000000e+00
    outer loop
      vertex   -1.314392e+02 4.432808e+01 -4.166974e+01
      vertex   -1.314392e+02 2.075000e+01 -4.370096e+01
      vertex   -1.314392e+02 7.747483e+00 -2.369013e+01
    endloop
  endfacet
  facet normal -1.000000e+00 0.000000e+00 0.000000e+00
    outer loop
      vertex   -1.314392e+02 7.747483e+00 -2.369013e+01
      vertex   -1.314392e+02 2.075000e+01 -4.370096e+01
      vertex   -1.314392e+02 2.038823e+01 -4.355111e+01
    endloop
  endfacet
  facet normal -1.000000e+00 0.000000e+00 0.000000e+00
    outer loop
      vertex   -1.314392e+02 7.747483e+00 -2.369013e+01
      vertex   -1.314392e+02 2.038823e+01 -4.355111e+01
      vertex   -1.314392e+02 2.000000e+01 -4.350000e+01
    endloop
  endfacet
  facet normal -1.000000e+00 0.000000e+00 0.000000e+00
    outer loop
      vertex   -1.314392e+02 4.432808e+01 -4.166974e+01
      vertex   -1.314392e+02 4.146047e+01 -4.471115e+01
      vertex   -1.314392e+02 2.075000e+01 -4.370096e+01
    endloop
  endfacet
  facet normal -1.000000e+00 0.000000e+00 0.000000e+00
    outer loop
      vertex   -1.314392e+02 2.075000e+01 -4.370096e+01
      vertex   -1.314392e+02 4.146047e+01 -4.471115e+01
      vertex   -1.314392e+02 2.106066e+01 -4.393934e+01
    endloop
  endfacet
  facet normal -1.000000e+00 0.000000e+00 0.000000e+00
    outer loop
      vertex   -1.314392e+02 2.106066e+01 -4.393934e+01
      vertex   -1.314392e+02 4.146047e+01 -4.471115e+01
      vertex   -1.314392e+02 3.836689e+01 -4.752238e+01
    endloop
  endfacet
  facet normal -1.000000e+00 0.000000e+00 0.000000e+00
    outer loop
      vertex   -1.314392e+02 2.106066e+01 -4.393934e+01
      vertex   -1.314392e+02 3.836689e+01 -4.752238e+01
      vertex   -1.314392e+02 2.129904e+01 -4.425000e+01
    endloop
  endfacet
  facet normal -1.000000e+00 0.000000e+00 0.000000e+00
    outer loop
      vertex   -1.314392e+02 2.129904e+01 -4.425000e+01
      vertex   -1.314392e+02 3.836689e+01 -4.752238e+01
      vertex   -1.314392e+02 3.506575e+01 -5.008670e+01
    endloop
  endfacet
  facet normal -1.000000e+00 0.000000e+00 0.000000e+00
    outer loop
      vertex   -1.314392e+02 2.129904e+01 -4.425000e+01
      vertex   -1.314392e+02 3.506575e+01 -5.008670e+01
      vertex   -1.314392e+02 2.144889e+01 -4.461177e+01
    endloop
  endfacet
  facet normal -1.000000e+00 0.000000e+00 0.000000e+00
    outer loop
      vertex   -1.314392e+02 2.144889e+01 -4.461177e+01
      vertex   -1.314392e+02 3.506575e+01 -5.008670e+01
      vertex   -1.314392e+02 2.150000e+01 -4.500000e+01
    endloop
  endfacet
  facet normal -1.000000e+00 0.000000e+00 0.000000e+00
    outer loop
      vertex   -1.314392e+02 2.150000e+01 -4.500000e+01
      vertex   -1.314392e+02 3.506575e+01 -5.008670e+01
      vertex   -1.314392e+02 3.157670e+01 -5.238884e+01
    endloop
  endfacet
  facet normal -1.000000e+00 0.000000e+00 -0.000000e+00
    outer loop
      vertex   -1.314392e+02 2.150000e+01 -4.500000e+01
      vertex   -1.314392e+02 3.157670e+01 -5.238884e+01
      vertex   -1.314392e+02 2.144889e+01 -4.538823e+01
    endloop
  endfacet
  facet normal -1.000000e+00 0.000000e+00 -0.000000e+00
    outer loop
      vertex   -1.314392e+02 2.144889e+01 -4.538823e+01
      vertex   -1.314392e+02 3.157670e+01 -5.238884e+01
      vertex   -1.314392e+02 2.129904e+01 -4.575000e+01
    endloop
  endfacet
  facet normal -1.000000e+00 0.000000e+00 0.000000e+00
    outer loop
      vertex   -1.314392e+02 2.129904e+01 -4.575000e+01
      vertex   -1.314392e+02 3.157670e+01 -5.238884e+01
      vertex   -1.314392e+02 2.792053e+01 -5.441509e+01
    endloop
  endfacet
  facet normal -1.000000e+00 0.000000e+00 -0.000000e+00
    outer loop
      vertex   -1.314392e+02 2.129904e+01 -4.575000e+01
      vertex   -1.314392e+02 2.792053e+01 -5.441509e+01
      vertex   -1.314392e+02 2.106066e+01 -4.606066e+01
    endloop
  endfacet
  facet normal -1.000000e+00 0.000000e+00 -0.000000e+00
    outer loop
      vertex   -1.314392e+02 2.106066e+01 -4.606066e+01
      vertex   -1.314392e+02 2.792053e+01 -5.441509e+01
      vertex   -1.314392e+02 2.075000e+01 -4.629904e+01
    endloop
  endfacet
  facet normal -1.000000e+00 0.000000e+00 -0.000000e+00
    outer loop
      vertex   -1.314392e+02 2.075000e+01 -4.629904e+01
      vertex   -1.314392e+02 2.792053e+01 -5.441509e+01
      vertex   -1.314392e+02 2.038823e+01 -4.644889e+01
    endloop
  endfacet
  facet normal -1.000000e+00 0.000000e+00 0.000000e+00
    outer loop
      vertex   -1.314392e+02 2.038823e+01 -4.644889e+01
      vertex   -1.314392e+02 2.792053e+01 -5.441509e+01
      vertex   -1.314392e+02 2.411899e+01 -5.615338e+01
    endloop
  endfacet
  facet normal -1.000000e+00 0.000000e+00 -0.000000e+00
    outer loop
      vertex   -1.314392e+02 2.038823e+01 -4.644889e+01
      vertex   -1.314392e+02 2.411899e+01 -5.615338e+01
      vertex   -1.314392e+02 2.000000e+01 -4.650000e+01
    endloop
  endfacet
  facet normal -1.000000e+00 -0.000000e+00 -0.000000e+00
    outer loop
      vertex   -1.314392e+02 2.000000e+01 -4.650000e+01
      vertex   -1.314392e+02 2.411899e+01 -5.615338e+01
      vertex   -1.314392e+02 1.961177e+01 -4.644889e+01
    endloop
  endfacet
  facet normal -1.000000e+00 0.000000e+00 0.000000e+00
    outer loop
      vertex   -1.314392e+02 1.961177e+01 -4.644889e+01
      vertex   -1.314392e+02 2.411899e+01 -5.615338e+01
      vertex   -1.314392e+02 2.019474e+01 -5.759336e+01
    endloop
  endfacet
  facet normal -1.000000e+00 -0.000000e+00 -0.000000e+00
    outer loop
      vertex   -1.314392e+02 1.961177e+01 -4.644889e+01
      vertex   -1.314392e+02 2.019474e+01 -5.759336e+01
      vertex   -1.314392e+02 1.925000e+01 -4.629904e+01
    endloop
  endfacet
  facet normal -1.000000e+00 0.000000e+00 -0.000000e+00
    outer loop
      vertex   -1.314392e+02 1.925000e+01 -4.629904e+01
      vertex   -1.314392e+02 2.019474e+01 -5.759336e+01
      vertex   -1.314392e+02 1.617114e+01 -5.872646e+01
    endloop
  endfacet
  facet normal -1.000000e+00 -0.000000e+00 0.000000e+00
    outer loop
      vertex   -1.314392e+02 1.925000e+01 -4.629904e+01
      vertex   -1.314392e+02 1.617114e+01 -5.872646e+01
      vertex   -1.314392e+02 1.893934e+01 -4.606066e+01
    endloop
  endfacet
  facet normal -1.000000e+00 -0.000000e+00 0.000000e+00
    outer loop
      vertex   -1.314392e+02 1.893934e+01 -4.606066e+01
      vertex   -1.314392e+02 1.617114e+01 -5.872646e+01
      vertex   -1.314392e+02 1.870096e+01 -4.575000e+01
    endloop
  endfacet
  facet normal -1.000000e+00 0.000000e+00 0.000000e+00
    outer loop
      vertex   -1.314392e+02 1.870096e+01 -4.575000e+01
      vertex   -1.314392e+02 1.617114e+01 -5.872646e+01
      vertex   -1.314392e+02 1.207215e+01 -5.954593e+01
    endloop
  endfacet
  facet normal -1.000000e+00 0.000000e+00 0.000000e+00
    outer loop
      vertex   -1.314392e+02 1.870096e+01 -4.575000e+01
      vertex   -1.314392e+02 1.207215e+01 -5.954593e+01
      vertex   -1.314392e+02 7.922168e+00 -6.004689e+01
    endloop
  endfacet
  facet normal -1.000000e+00 -0.000000e+00 0.000000e+00
    outer loop
      vertex   -1.314392e+02 2.000000e+01 -4.350000e+01
      vertex   -1.314392e+02 1.961177e+01 -4.355111e+01
      vertex   -1.314392e+02 7.747483e+00 -2.369013e+01
    endloop
  endfacet
  facet normal -1.000000e+00 0.000000e+00 0.000000e+00
    outer loop
      vertex   -1.314392e+02 7.747483e+00 -2.369013e+01
      vertex   -1.314392e+02 1.961177e+01 -4.355111e+01
      vertex   -1.314392e+02 1.925000e+01 -4.370096e+01
    endloop
  endfacet
  facet normal -1.000000e+00 0.000000e+00 0.000000e+00
    outer loop
      vertex   -1.314392e+02 7.747483e+00 -2.369013e+01
      vertex   -1.314392e+02 1.925000e+01 -4.370096e+01
      vertex   -1.314392e+02 1.893934e+01 -4.393934e+01
    endloop
  endfacet
  facet normal -1.000000e+00 -0.000000e+00 0.000000e+00
    outer loop
      vertex   -1.314392e+02 1.893934e+01 -4.393934e+01
      vertex   -1.314392e+02 1.870096e+01 -4.425000e+01
      vertex   -1.314392e+02 7.747483e+00 -2.369013e+01
    endloop
  endfacet
  facet normal -1.000000e+00 0.000000e+00 0.000000e+00
    outer loop
      vertex   -1.314392e+02 7.747483e+00 -2.369013e+01
      vertex   -1.314392e+02 1.870096e+01 -4.425000e+01
      vertex   -1.314392e+02 1.855111e+01 -4.461177e+01
    endloop
  endfacet
  facet normal -1.000000e+00 0.000000e+00 0.000000e+00
    outer loop
      vertex   -1.314392e+02 7.747483e+00 -2.369013e+01
      vertex   -1.314392e+02 1.855111e+01 -4.461177e+01
      vertex   -1.314392e+02 1.850000e+01 -4.500000e+01
    endloop
  endfacet
  facet normal 3.516627e-05 5.593238e-02 -9.984346e-01
    outer loop
      vertex   -1.314392e+02 5.155640e+00 -6.020187e+01
      vertex   -1.314392e+02 7.922168e+00 -6.004689e+01
      vertex   -1.014392e+02 7.962685e+00 -6.004356e+01
    endloop
  endfacet
  facet normal -5.177659e-05 1.198441e-01 -9.927927e-01
    outer loop
      vertex   -1.014392e+02 7.962685e+00 -6.004356e+01
      vertex   -1.314392e+02 7.922168e+00 -6.004689e+01
      vertex   -1.314392e+02 1.207215e+01 -5.954593e+01
    endloop
  endfacet
  facet normal 4.659893e-05 1.205519e-01 -9.927070e-01
    outer loop
      vertex   -1.014392e+02 7.962685e+00 -6.004356e+01
      vertex   -1.314392e+02 1.207215e+01 -5.954593e+01
      vertex   -1.014392e+02 1.210827e+01 -5.954013e+01
    endloop
  endfacet
  facet normal -4.664466e-05 1.960405e-01 -9.805958e-01
    outer loop
      vertex   -1.014392e+02 1.210827e+01 -5.954013e+01
      vertex   -1.314392e+02 1.207215e+01 -5.954593e+01
      vertex   -1.314392e+02 1.617114e+01 -5.872646e+01
    endloop
  endfacet
  facet normal 4.146192e-05 1.966660e-01 -9.804705e-01
    outer loop
      vertex   -1.014392e+02 1.210827e+01 -5.954013e+01
      vertex   -1.314392e+02 1.617114e+01 -5.872646e+01
      vertex   -1.014392e+02 1.620276e+01 -5.871885e+01
    endloop
  endfacet
  facet normal -4.150257e-05 2.710696e-01 -9.625598e-01
    outer loop
      vertex   -1.014392e+02 1.620276e+01 -5.871885e+01
      vertex   -1.314392e+02 1.617114e+01 -5.872646e+01
      vertex   -1.314392e+02 2.019474e+01 -5.759336e+01
    endloop
  endfacet
  facet normal 3.631475e-05 2.716113e-01 -9.624070e-01
    outer loop
      vertex   -1.014392e+02 1.620276e+01 -5.871885e+01
      vertex   -1.314392e+02 2.019474e+01 -5.759336e+01
      vertex   -1.014392e+02 2.022182e+01 -5.758459e+01
    endloop
  endfacet
  facet normal -3.635032e-05 3.444845e-01 -9.387920e-01
    outer loop
      vertex   -1.014392e+02 2.022182e+01 -5.758459e+01
      vertex   -1.314392e+02 2.019474e+01 -5.759336e+01
      vertex   -1.314392e+02 2.411899e+01 -5.615338e+01
    endloop
  endfacet
  facet normal 3.115742e-05 3.449424e-01 -9.386238e-01
    outer loop
      vertex   -1.014392e+02 2.022182e+01 -5.758459e+01
      vertex   -1.314392e+02 2.411899e+01 -5.615338e+01
      vertex   -1.014392e+02 2.414155e+01 -5.614409e+01
    endloop
  endfacet
  facet normal -3.118790e-05 4.158482e-01 -9.094341e-01
    outer loop
      vertex   -1.014392e+02 2.414155e+01 -5.614409e+01
      vertex   -1.314392e+02 2.411899e+01 -5.615338e+01
      vertex   -1.314392e+02 2.792053e+01 -5.441509e+01
    endloop
  endfacet
  facet normal 2.598992e-05 4.162235e-01 -9.092623e-01
    outer loop
      vertex   -1.014392e+02 2.414155e+01 -5.614409e+01
      vertex   -1.314392e+02 2.792053e+01 -5.441509e+01
      vertex   -1.014392e+02 2.793867e+01 -5.440592e+01
    endloop
  endfacet
  facet normal -2.601533e-05 4.847356e-01 -8.746607e-01
    outer loop
      vertex   -1.014392e+02 2.793867e+01 -5.440592e+01
      vertex   -1.314392e+02 2.792053e+01 -5.441509e+01
      vertex   -1.314392e+02 3.157670e+01 -5.238884e+01
    endloop
  endfacet
  facet normal 2.081226e-05 4.850309e-01 -8.744970e-01
    outer loop
      vertex   -1.014392e+02 2.793867e+01 -5.440592e+01
      vertex   -1.314392e+02 3.157670e+01 -5.238884e+01
      vertex   -1.014392e+02 3.159061e+01 -5.238041e+01
    endloop
  endfacet
  facet normal -2.083259e-05 5.507366e-01 -8.346791e-01
    outer loop
      vertex   -1.014392e+02 3.159061e+01 -5.238041e+01
      vertex   -1.314392e+02 3.157670e+01 -5.238884e+01
      vertex   -1.314392e+02 3.506575e+01 -5.008670e+01
    endloop
  endfacet
  facet normal 1.562444e-05 5.509558e-01 -8.345344e-01
    outer loop
      vertex   -1.014392e+02 3.159061e+01 -5.238041e+01
      vertex   -1.314392e+02 3.506575e+01 -5.008670e+01
      vertex   -1.014392e+02 3.507566e+01 -5.007960e+01
    endloop
  endfacet
  facet normal -1.563968e-05 6.134581e-01 -7.897273e-01
    outer loop
      vertex   -1.014392e+02 3.507566e+01 -5.007960e+01
      vertex   -1.314392e+02 3.506575e+01 -5.008670e+01
      vertex   -1.314392e+02 3.836689e+01 -4.752238e+01
    endloop
  endfacet
  facet normal 1.042646e-05 6.136063e-01 -7.896122e-01
    outer loop
      vertex   -1.014392e+02 3.507566e+01 -5.007960e+01
      vertex   -1.314392e+02 3.836689e+01 -4.752238e+01
      vertex   -1.014392e+02 3.837311e+01 -4.751715e+01
    endloop
  endfacet
  facet normal -1.043662e-05 6.725267e-01 -7.400729e-01
    outer loop
      vertex   -1.014392e+02 3.837311e+01 -4.751715e+01
      vertex   -1.314392e+02 3.836689e+01 -4.752238e+01
      vertex   -1.314392e+02 4.146047e+01 -4.471115e+01
    endloop
  endfacet
  facet normal 5.218309e-06 6.726100e-01 -7.399971e-01
    outer loop
      vertex   -1.014392e+02 3.837311e+01 -4.751715e+01
      vertex   -1.314392e+02 4.146047e+01 -4.471115e+01
      vertex   -1.014392e+02 4.146338e+01 -4.470830e+01
    endloop
  endfacet
  facet normal -5.223390e-06 7.275906e-01 -6.860116e-01
    outer loop
      vertex   -1.014392e+02 4.146338e+01 -4.470830e+01
      vertex   -1.314392e+02 4.146047e+01 -4.471115e+01
      vertex   -1.314392e+02 4.432808e+01 -4.166974e+01
    endloop
  endfacet
  facet normal 1.417894e-17 7.276164e-01 -6.859843e-01
    outer loop
      vertex   -1.014392e+02 4.146338e+01 -4.470830e+01
      vertex   -1.314392e+02 4.432808e+01 -4.166974e+01
      vertex   -1.014392e+02 4.432808e+01 -4.166974e+01
    endloop
  endfacet
  facet normal 1.180950e-03 4.372125e-02 -9.990431e-01
    outer loop
      vertex   -1.014392e+02 7.962685e+00 -6.004356e+01
      vertex   -1.014392e+02 3.790634e+00 -6.022615e+01
      vertex   -1.314392e+02 5.155640e+00 -6.020187e+01
    endloop
  endfacet
  facet normal -5.905251e-04 4.804685e-03 -9.999883e-01
    outer loop
      vertex   -1.314392e+02 5.155640e+00 -6.020187e+01
      vertex   -1.014392e+02 3.790634e+00 -6.022615e+01
      vertex   -1.314392e+02 2.384806e+00 -6.021518e+01
    endloop
  endfacet
  facet normal 1.198535e-03 -3.336911e-02 -9.994424e-01
    outer loop
      vertex   -1.314392e+02 2.384806e+00 -6.021518e+01
      vertex   -1.014392e+02 3.790634e+00 -6.022615e+01
      vertex   -1.014392e+02 -3.830838e-01 -6.008679e+01
    endloop
  endfacet
  facet normal 0.000000e+00 -4.633558e-02 -9.989259e-01
    outer loop
      vertex   -1.314392e+02 2.384806e+00 -6.021518e+01
      vertex   -1.014392e+02 -3.830838e-01 -6.008679e+01
      vertex   -1.314392e+02 -3.830838e-01 -6.008679e+01
    endloop
  endfacet
  facet normal 0.000000e+00 9.999885e-01 4.804686e-03
    outer loop
      vertex   -1.314392e+02 7.747483e+00 -2.369013e+01
      vertex   -1.314392e+02 7.922168e+00 -6.004689e+01
      vertex   -1.514392e+02 7.747483e+00 -2.369013e+01
    endloop
  endfacet
  facet normal -9.160967e-17 9.999885e-01 4.804686e-03
    outer loop
      vertex   -1.514392e+02 7.747483e+00 -2.369013e+01
      vertex   -1.314392e+02 7.922168e+00 -6.004689e+01
      vertex   -1.514392e+02 7.922168e+00 -6.004689e+01
    endloop
  endfacet
  facet normal 7.101078e-16 4.804686e-03 -9.999885e-01
    outer loop
      vertex   -1.314392e+02 7.922168e+00 -6.004689e+01
      vertex   -1.314392e+02 -3.830838e-01 -6.008679e+01
      vertex   -1.514392e+02 7.922168e+00 -6.004689e+01
    endloop
  endfacet
  facet normal 0.000000e+00 4.804686e-03 -9.999885e-01
    outer loop
      vertex   -1.514392e+02 7.922168e+00 -6.004689e+01
      vertex   -1.314392e+02 -3.830838e-01 -6.008679e+01
      vertex   -1.514392e+02 -3.830838e-01 -6.008679e+01
    endloop
  endfacet
  facet normal -9.914449e-01 -1.171414e-01 5.757581e-02
    outer loop
      vertex   -5.642952e+01 2.351145e+01 -2.920970e+01
      vertex   -5.642952e+01 2.262923e+01 -3.100461e+01
      vertex   -5.637841e+01 2.316303e+01 -2.903845e+01
    endloop
  endfacet
  facet normal -9.914449e-01 -1.171414e-01 5.757581e-02
    outer loop
      vertex   -5.637841e+01 2.316303e+01 -2.903845e+01
      vertex   -5.642952e+01 2.262923e+01 -3.100461e+01
      vertex   -5.637841e+01 2.228082e+01 -3.083337e+01
    endloop
  endfacet
  facet normal -9.914449e-01 1.171414e-01 -5.757581e-02
    outer loop
      vertex   -5.637841e+01 2.316303e+01 -2.903845e+01
      vertex   -5.637841e+01 2.228082e+01 -3.083337e+01
      vertex   -5.642952e+01 2.281461e+01 -2.886720e+01
    endloop
  endfacet
  facet normal -9.914449e-01 1.171414e-01 -5.757581e-02
    outer loop
      vertex   -5.642952e+01 2.281461e+01 -2.886720e+01
      vertex   -5.637841e+01 2.228082e+01 -3.083337e+01
      vertex   -5.642952e+01 2.193240e+01 -3.066212e+01
    endloop
  endfacet
  facet normal -9.238795e-01 3.434413e-01 -1.688037e-01
    outer loop
      vertex   -5.642952e+01 2.281461e+01 -2.886720e+01
      vertex   -5.642952e+01 2.193240e+01 -3.066212e+01
      vertex   -5.657937e+01 2.248994e+01 -2.870763e+01
    endloop
  endfacet
  facet normal -9.238795e-01 3.434413e-01 -1.688037e-01
    outer loop
      vertex   -5.657937e+01 2.248994e+01 -2.870763e+01
      vertex   -5.642952e+01 2.193240e+01 -3.066212e+01
      vertex   -5.657937e+01 2.160772e+01 -3.050254e+01
    endloop
  endfacet
  facet normal -7.933533e-01 5.463362e-01 -2.685280e-01
    outer loop
      vertex   -5.657937e+01 2.248994e+01 -2.870763e+01
      vertex   -5.657937e+01 2.160772e+01 -3.050254e+01
      vertex   -5.681775e+01 2.221113e+01 -2.857059e+01
    endloop
  endfacet
  facet normal -7.933533e-01 5.463362e-01 -2.685280e-01
    outer loop
      vertex   -5.681775e+01 2.221113e+01 -2.857059e+01
      vertex   -5.657937e+01 2.160772e+01 -3.050254e+01
      vertex   -5.681775e+01 2.132892e+01 -3.036550e+01
    endloop
  endfacet
  facet normal -6.087614e-01 7.119991e-01 -3.499525e-01
    outer loop
      vertex   -5.681775e+01 2.221113e+01 -2.857059e+01
      vertex   -5.681775e+01 2.132892e+01 -3.036550e+01
      vertex   -5.712841e+01 2.199720e+01 -2.846544e+01
    endloop
  endfacet
  facet normal -6.087614e-01 7.119991e-01 -3.499525e-01
    outer loop
      vertex   -5.712841e+01 2.199720e+01 -2.846544e+01
      vertex   -5.681775e+01 2.132892e+01 -3.036550e+01
      vertex   -5.712841e+01 2.111499e+01 -3.026035e+01
    endloop
  endfacet
  facet normal -3.826834e-01 8.291406e-01 -4.075283e-01
    outer loop
      vertex   -5.712841e+01 2.199720e+01 -2.846544e+01
      vertex   -5.712841e+01 2.111499e+01 -3.026035e+01
      vertex   -5.749018e+01 2.186271e+01 -2.839934e+01
    endloop
  endfacet
  facet normal -3.826834e-01 8.291406e-01 -4.075283e-01
    outer loop
      vertex   -5.749018e+01 2.186271e+01 -2.839934e+01
      vertex   -5.712841e+01 2.111499e+01 -3.026035e+01
      vertex   -5.749018e+01 2.098050e+01 -3.019425e+01
    endloop
  endfacet
  facet normal -1.305262e-01 8.897774e-01 -4.373317e-01
    outer loop
      vertex   -5.749018e+01 2.186271e+01 -2.839934e+01
      vertex   -5.749018e+01 2.098050e+01 -3.019425e+01
      vertex   -5.787841e+01 2.181684e+01 -2.837680e+01
    endloop
  endfacet
  facet normal -1.305262e-01 8.897774e-01 -4.373317e-01
    outer loop
      vertex   -5.787841e+01 2.181684e+01 -2.837680e+01
      vertex   -5.749018e+01 2.098050e+01 -3.019425e+01
      vertex   -5.787841e+01 2.093463e+01 -3.017171e+01
    endloop
  endfacet
  facet normal 1.305262e-01 8.897774e-01 -4.373317e-01
    outer loop
      vertex   -5.787841e+01 2.181684e+01 -2.837680e+01
      vertex   -5.787841e+01 2.093463e+01 -3.017171e+01
      vertex   -5.826664e+01 2.186271e+01 -2.839934e+01
    endloop
  endfacet
  facet normal 1.305262e-01 8.897774e-01 -4.373317e-01
    outer loop
      vertex   -5.826664e+01 2.186271e+01 -2.839934e+01
      vertex   -5.787841e+01 2.093463e+01 -3.017171e+01
      vertex   -5.826664e+01 2.098050e+01 -3.019425e+01
    endloop
  endfacet
  facet normal 3.826834e-01 8.291406e-01 -4.075283e-01
    outer loop
      vertex   -5.826664e+01 2.186271e+01 -2.839934e+01
      vertex   -5.826664e+01 2.098050e+01 -3.019425e+01
      vertex   -5.862841e+01 2.199720e+01 -2.846544e+01
    endloop
  endfacet
  facet normal 3.826834e-01 8.291406e-01 -4.075283e-01
    outer loop
      vertex   -5.862841e+01 2.199720e+01 -2.846544e+01
      vertex   -5.826664e+01 2.098050e+01 -3.019425e+01
      vertex   -5.862841e+01 2.111499e+01 -3.026035e+01
    endloop
  endfacet
  facet normal 6.087614e-01 7.119991e-01 -3.499525e-01
    outer loop
      vertex   -5.862841e+01 2.199720e+01 -2.846544e+01
      vertex   -5.862841e+01 2.111499e+01 -3.026035e+01
      vertex   -5.893907e+01 2.221113e+01 -2.857059e+01
    endloop
  endfacet
  facet normal 6.087614e-01 7.119991e-01 -3.499525e-01
    outer loop
      vertex   -5.893907e+01 2.221113e+01 -2.857059e+01
      vertex   -5.862841e+01 2.111499e+01 -3.026035e+01
      vertex   -5.893907e+01 2.132892e+01 -3.036550e+01
    endloop
  endfacet
  facet normal 7.933533e-01 5.463362e-01 -2.685280e-01
    outer loop
      vertex   -5.893907e+01 2.221113e+01 -2.857059e+01
      vertex   -5.893907e+01 2.132892e+01 -3.036550e+01
      vertex   -5.917745e+01 2.248994e+01 -2.870763e+01
    endloop
  endfacet
  facet normal 7.933533e-01 5.463362e-01 -2.685280e-01
    outer loop
      vertex   -5.917745e+01 2.248994e+01 -2.870763e+01
      vertex   -5.893907e+01 2.132892e+01 -3.036550e+01
      vertex   -5.917745e+01 2.160772e+01 -3.050254e+01
    endloop
  endfacet
  facet normal 9.238795e-01 3.434413e-01 -1.688037e-01
    outer loop
      vertex   -5.917745e+01 2.248994e+01 -2.870763e+01
      vertex   -5.917745e+01 2.160772e+01 -3.050254e+01
      vertex   -5.932730e+01 2.281461e+01 -2.886720e+01
    endloop
  endfacet
  facet normal 9.238795e-01 3.434413e-01 -1.688037e-01
    outer loop
      vertex   -5.932730e+01 2.281461e+01 -2.886720e+01
      vertex   -5.917745e+01 2.160772e+01 -3.050254e+01
      vertex   -5.932730e+01 2.193240e+01 -3.066212e+01
    endloop
  endfacet
  facet normal 9.914449e-01 1.171414e-01 -5.757581e-02
    outer loop
      vertex   -5.932730e+01 2.281461e+01 -2.886720e+01
      vertex   -5.932730e+01 2.193240e+01 -3.066212e+01
      vertex   -5.937841e+01 2.316303e+01 -2.903845e+01
    endloop
  endfacet
  facet normal 9.914449e-01 1.171414e-01 -5.757581e-02
    outer loop
      vertex   -5.937841e+01 2.316303e+01 -2.903845e+01
      vertex   -5.932730e+01 2.193240e+01 -3.066212e+01
      vertex   -5.937841e+01 2.228082e+01 -3.083337e+01
    endloop
  endfacet
  facet normal 9.914449e-01 -1.171414e-01 5.757581e-02
    outer loop
      vertex   -5.937841e+01 2.316303e+01 -2.903845e+01
      vertex   -5.937841e+01 2.228082e+01 -3.083337e+01
      vertex   -5.932730e+01 2.351145e+01 -2.920970e+01
    endloop
  endfacet
  facet normal 9.914449e-01 -1.171414e-01 5.757581e-02
    outer loop
      vertex   -5.932730e+01 2.351145e+01 -2.920970e+01
      vertex   -5.937841e+01 2.228082e+01 -3.083337e+01
      vertex   -5.932730e+01 2.262923e+01 -3.100461e+01
    endloop
  endfacet
  facet normal 9.238795e-01 -3.434413e-01 1.688037e-01
    outer loop
      vertex   -5.932730e+01 2.351145e+01 -2.920970e+01
      vertex   -5.932730e+01 2.262923e+01 -3.100461e+01
      vertex   -5.917745e+01 2.383612e+01 -2.936928e+01
    endloop
  endfacet
  facet normal 9.238795e-01 -3.434413e-01 1.688037e-01
    outer loop
      vertex   -5.917745e+01 2.383612e+01 -2.936928e+01
      vertex   -5.932730e+01 2.262923e+01 -3.100461e+01
      vertex   -5.917745e+01 2.295391e+01 -3.116419e+01
    endloop
  endfacet
  facet normal 7.933533e-01 -5.463362e-01 2.685280e-01
    outer loop
      vertex   -5.917745e+01 2.383612e+01 -2.936928e+01
      vertex   -5.917745e+01 2.295391e+01 -3.116419e+01
      vertex   -5.893907e+01 2.411492e+01 -2.950632e+01
    endloop
  endfacet
  facet normal 7.933533e-01 -5.463362e-01 2.685280e-01
    outer loop
      vertex   -5.893907e+01 2.411492e+01 -2.950632e+01
      vertex   -5.917745e+01 2.295391e+01 -3.116419e+01
      vertex   -5.893907e+01 2.323271e+01 -3.130123e+01
    endloop
  endfacet
  facet normal 6.087614e-01 -7.119991e-01 3.499525e-01
    outer loop
      vertex   -5.893907e+01 2.411492e+01 -2.950632e+01
      vertex   -5.893907e+01 2.323271e+01 -3.130123e+01
      vertex   -5.862841e+01 2.432886e+01 -2.961147e+01
    endloop
  endfacet
  facet normal 6.087614e-01 -7.119991e-01 3.499525e-01
    outer loop
      vertex   -5.862841e+01 2.432886e+01 -2.961147e+01
      vertex   -5.893907e+01 2.323271e+01 -3.130123e+01
      vertex   -5.862841e+01 2.344664e+01 -3.140638e+01
    endloop
  endfacet
  facet normal 3.826834e-01 -8.291406e-01 4.075283e-01
    outer loop
      vertex   -5.862841e+01 2.432886e+01 -2.961147e+01
      vertex   -5.862841e+01 2.344664e+01 -3.140638e+01
      vertex   -5.826664e+01 2.446334e+01 -2.967757e+01
    endloop
  endfacet
  facet normal 3.826834e-01 -8.291406e-01 4.075283e-01
    outer loop
      vertex   -5.826664e+01 2.446334e+01 -2.967757e+01
      vertex   -5.862841e+01 2.344664e+01 -3.140638e+01
      vertex   -5.826664e+01 2.358113e+01 -3.147248e+01
    endloop
  endfacet
  facet normal 1.305262e-01 -8.897774e-01 4.373317e-01
    outer loop
      vertex   -5.826664e+01 2.446334e+01 -2.967757e+01
      vertex   -5.826664e+01 2.358113e+01 -3.147248e+01
      vertex   -5.787841e+01 2.450921e+01 -2.970011e+01
    endloop
  endfacet
  facet normal 1.305262e-01 -8.897774e-01 4.373317e-01
    outer loop
      vertex   -5.787841e+01 2.450921e+01 -2.970011e+01
      vertex   -5.826664e+01 2.358113e+01 -3.147248e+01
      vertex   -5.787841e+01 2.362700e+01 -3.149502e+01
    endloop
  endfacet
  facet normal -1.305262e-01 -8.897774e-01 4.373317e-01
    outer loop
      vertex   -5.787841e+01 2.450921e+01 -2.970011e+01
      vertex   -5.787841e+01 2.362700e+01 -3.149502e+01
      vertex   -5.749018e+01 2.446334e+01 -2.967757e+01
    endloop
  endfacet
  facet normal -1.305262e-01 -8.897774e-01 4.373317e-01
    outer loop
      vertex   -5.749018e+01 2.446334e+01 -2.967757e+01
      vertex   -5.787841e+01 2.362700e+01 -3.149502e+01
      vertex   -5.749018e+01 2.358113e+01 -3.147248e+01
    endloop
  endfacet
  facet normal -3.826834e-01 -8.291406e-01 4.075283e-01
    outer loop
      vertex   -5.749018e+01 2.446334e+01 -2.967757e+01
      vertex   -5.749018e+01 2.358113e+01 -3.147248e+01
      vertex   -5.712841e+01 2.432886e+01 -2.961147e+01
    endloop
  endfacet
  facet normal -3.826834e-01 -8.291406e-01 4.075283e-01
    outer loop
      vertex   -5.712841e+01 2.432886e+01 -2.961147e+01
      vertex   -5.749018e+01 2.358113e+01 -3.147248e+01
      vertex   -5.712841e+01 2.344664e+01 -3.140638e+01
    endloop
  endfacet
  facet normal -6.087614e-01 -7.119991e-01 3.499525e-01
    outer loop
      vertex   -5.712841e+01 2.432886e+01 -2.961147e+01
      vertex   -5.712841e+01 2.344664e+01 -3.140638e+01
      vertex   -5.681775e+01 2.411492e+01 -2.950632e+01
    endloop
  endfacet
  facet normal -6.087614e-01 -7.119991e-01 3.499525e-01
    outer loop
      vertex   -5.681775e+01 2.411492e+01 -2.950632e+01
      vertex   -5.712841e+01 2.344664e+01 -3.140638e+01
      vertex   -5.681775e+01 2.323271e+01 -3.130123e+01
    endloop
  endfacet
  facet normal -7.933533e-01 -5.463362e-01 2.685280e-01
    outer loop
      vertex   -5.681775e+01 2.411492e+01 -2.950632e+01
      vertex   -5.681775e+01 2.323271e+01 -3.130123e+01
      vertex   -5.657937e+01 2.383612e+01 -2.936928e+01
    endloop
  endfacet
  facet normal -7.933533e-01 -5.463362e-01 2.685280e-01
    outer loop
      vertex   -5.657937e+01 2.383612e+01 -2.936928e+01
      vertex   -5.681775e+01 2.323271e+01 -3.130123e+01
      vertex   -5.657937e+01 2.295391e+01 -3.116419e+01
    endloop
  endfacet
  facet normal -9.238795e-01 -3.434413e-01 1.688037e-01
    outer loop
      vertex   -5.657937e+01 2.383612e+01 -2.936928e+01
      vertex   -5.657937e+01 2.295391e+01 -3.116419e+01
      vertex   -5.642952e+01 2.351145e+01 -2.920970e+01
    endloop
  endfacet
  facet normal -9.238795e-01 -3.434413e-01 1.688037e-01
    outer loop
      vertex   -5.642952e+01 2.351145e+01 -2.920970e+01
      vertex   -5.657937e+01 2.295391e+01 -3.116419e+01
      vertex   -5.642952e+01 2.262923e+01 -3.100461e+01
    endloop
  endfacet
  facet normal 9.914449e-01 0.000000e+00 -1.305262e-01
    outer loop
      vertex   -5.144889e+01 2.500000e+00 1.969505e+01
      vertex   -5.144889e+01 -3.830838e-01 1.969505e+01
      vertex   -5.150000e+01 2.500000e+00 1.930682e+01
    endloop
  endfacet
  facet normal 9.914449e-01 0.000000e+00 -1.305262e-01
    outer loop
      vertex   -5.150000e+01 2.500000e+00 1.930682e+01
      vertex   -5.144889e+01 -3.830838e-01 1.969505e+01
      vertex   -5.150000e+01 -3.830838e-01 1.930682e+01
    endloop
  endfacet
  facet normal 9.914449e-01 0.000000e+00 1.305262e-01
    outer loop
      vertex   -5.150000e+01 2.500000e+00 1.930682e+01
      vertex   -5.150000e+01 -3.830838e-01 1.930682e+01
      vertex   -5.144889e+01 2.500000e+00 1.891859e+01
    endloop
  endfacet
  facet normal 9.914449e-01 0.000000e+00 1.305262e-01
    outer loop
      vertex   -5.144889e+01 2.500000e+00 1.891859e+01
      vertex   -5.150000e+01 -3.830838e-01 1.930682e+01
      vertex   -5.144889e+01 -3.830838e-01 1.891859e+01
    endloop
  endfacet
  facet normal 9.238795e-01 0.000000e+00 3.826834e-01
    outer loop
      vertex   -5.144889e+01 2.500000e+00 1.891859e+01
      vertex   -5.144889e+01 -3.830838e-01 1.891859e+01
      vertex   -5.129904e+01 2.500000e+00 1.855682e+01
    endloop
  endfacet
  facet normal 9.238795e-01 0.000000e+00 3.826834e-01
    outer loop
      vertex   -5.129904e+01 2.500000e+00 1.855682e+01
      vertex   -5.144889e+01 -3.830838e-01 1.891859e+01
      vertex   -5.129904e+01 -3.830838e-01 1.855682e+01
    endloop
  endfacet
  facet normal 7.933533e-01 0.000000e+00 6.087614e-01
    outer loop
      vertex   -5.129904e+01 2.500000e+00 1.855682e+01
      vertex   -5.129904e+01 -3.830838e-01 1.855682e+01
      vertex   -5.106066e+01 2.500000e+00 1.824616e+01
    endloop
  endfacet
  facet normal 7.933533e-01 0.000000e+00 6.087614e-01
    outer loop
      vertex   -5.106066e+01 2.500000e+00 1.824616e+01
      vertex   -5.129904e+01 -3.830838e-01 1.855682e+01
      vertex   -5.106066e+01 -3.830838e-01 1.824616e+01
    endloop
  endfacet
  facet normal 6.087614e-01 0.000000e+00 7.933533e-01
    outer loop
      vertex   -5.106066e+01 2.500000e+00 1.824616e+01
      vertex   -5.106066e+01 -3.830838e-01 1.824616e+01
      vertex   -5.075000e+01 2.500000e+00 1.800778e+01
    endloop
  endfacet
  facet normal 6.087614e-01 1.500307e-15 7.933533e-01
    outer loop
      vertex   -5.075000e+01 2.500000e+00 1.800778e+01
      vertex   -5.106066e+01 -3.830838e-01 1.824616e+01
      vertex   -5.075000e+01 -3.830838e-01 1.800778e+01
    endloop
  endfacet
  facet normal 3.826834e-01 9.431322e-16 9.238795e-01
    outer loop
      vertex   -5.075000e+01 2.500000e+00 1.800778e+01
      vertex   -5.075000e+01 -3.830838e-01 1.800778e+01
      vertex   -5.038823e+01 2.500000e+00 1.785793e+01
    endloop
  endfacet
  facet normal 3.826834e-01 0.000000e+00 9.238795e-01
    outer loop
      vertex   -5.038823e+01 2.500000e+00 1.785793e+01
      vertex   -5.075000e+01 -3.830838e-01 1.800778e+01
      vertex   -5.038823e+01 -3.830838e-01 1.785793e+01
    endloop
  endfacet
  facet normal 1.305262e-01 0.000000e+00 9.914449e-01
    outer loop
      vertex   -5.038823e+01 2.500000e+00 1.785793e+01
      vertex   -5.038823e+01 -3.830838e-01 1.785793e+01
      vertex   -5.000000e+01 2.500000e+00 1.780682e+01
    endloop
  endfacet
  facet normal 1.305262e-01 0.000000e+00 9.914449e-01
    outer loop
      vertex   -5.000000e+01 2.500000e+00 1.780682e+01
      vertex   -5.038823e+01 -3.830838e-01 1.785793e+01
      vertex   -5.000000e+01 -3.830838e-01 1.780682e+01
    endloop
  endfacet
  facet normal -1.305262e-01 0.000000e+00 9.914449e-01
    outer loop
      vertex   -5.000000e+01 2.500000e+00 1.780682e+01
      vertex   -5.000000e+01 -3.830838e-01 1.780682e+01
      vertex   -4.961177e+01 2.500000e+00 1.785793e+01
    endloop
  endfacet
  facet normal -1.305262e-01 0.000000e+00 9.914449e-01
    outer loop
      vertex   -4.961177e+01 2.500000e+00 1.785793e+01
      vertex   -5.000000e+01 -3.830838e-01 1.780682e+01
      vertex   -4.961177e+01 -3.830838e-01 1.785793e+01
    endloop
  endfacet
  facet normal -3.826834e-01 0.000000e+00 9.238795e-01
    outer loop
      vertex   -4.961177e+01 2.500000e+00 1.785793e+01
      vertex   -4.961177e+01 -3.830838e-01 1.785793e+01
      vertex   -4.925000e+01 2.500000e+00 1.800778e+01
    endloop
  endfacet
  facet normal -3.826834e-01 -9.431322e-16 9.238795e-01
    outer loop
      vertex   -4.925000e+01 2.500000e+00 1.800778e+01
      vertex   -4.961177e+01 -3.830838e-01 1.785793e+01
      vertex   -4.925000e+01 -3.830838e-01 1.800778e+01
    endloop
  endfacet
  facet normal -6.087614e-01 -1.500307e-15 7.933533e-01
    outer loop
      vertex   -4.925000e+01 2.500000e+00 1.800778e+01
      vertex   -4.925000e+01 -3.830838e-01 1.800778e+01
      vertex   -4.893934e+01 2.500000e+00 1.824616e+01
    endloop
  endfacet
  facet normal -6.087614e-01 0.000000e+00 7.933533e-01
    outer loop
      vertex   -4.893934e+01 2.500000e+00 1.824616e+01
      vertex   -4.925000e+01 -3.830838e-01 1.800778e+01
      vertex   -4.893934e+01 -3.830838e-01 1.824616e+01
    endloop
  endfacet
  facet normal -7.933533e-01 0.000000e+00 6.087614e-01
    outer loop
      vertex   -4.893934e+01 2.500000e+00 1.824616e+01
      vertex   -4.893934e+01 -3.830838e-01 1.824616e+01
      vertex   -4.870096e+01 2.500000e+00 1.855682e+01
    endloop
  endfacet
  facet normal -7.933533e-01 0.000000e+00 6.087614e-01
    outer loop
      vertex   -4.870096e+01 2.500000e+00 1.855682e+01
      vertex   -4.893934e+01 -3.830838e-01 1.824616e+01
      vertex   -4.870096e+01 -3.830838e-01 1.855682e+01
    endloop
  endfacet
  facet normal -9.238795e-01 0.000000e+00 3.826834e-01
    outer loop
      vertex   -4.870096e+01 2.500000e+00 1.855682e+01
      vertex   -4.870096e+01 -3.830838e-01 1.855682e+01
      vertex   -4.855111e+01 2.500000e+00 1.891859e+01
    endloop
  endfacet
  facet normal -9.238795e-01 4.715661e-16 3.826834e-01
    outer loop
      vertex   -4.855111e+01 2.500000e+00 1.891859e+01
      vertex   -4.870096e+01 -3.830838e-01 1.855682e+01
      vertex   -4.855111e+01 -3.830838e-01 1.891859e+01
    endloop
  endfacet
  facet normal -9.914449e-01 1.608424e-16 1.305262e-01
    outer loop
      vertex   -4.855111e+01 2.500000e+00 1.891859e+01
      vertex   -4.855111e+01 -3.830838e-01 1.891859e+01
      vertex   -4.850000e+01 2.500000e+00 1.930682e+01
    endloop
  endfacet
  facet normal -9.914449e-01 0.000000e+00 1.305262e-01
    outer loop
      vertex   -4.850000e+01 2.500000e+00 1.930682e+01
      vertex   -4.855111e+01 -3.830838e-01 1.891859e+01
      vertex   -4.850000e+01 -3.830838e-01 1.930682e+01
    endloop
  endfacet
  facet normal -9.914449e-01 -0.000000e+00 -1.305262e-01
    outer loop
      vertex   -4.850000e+01 2.500000e+00 1.930682e+01
      vertex   -4.850000e+01 -3.830838e-01 1.930682e+01
      vertex   -4.855111e+01 2.500000e+00 1.969505e+01
    endloop
  endfacet
  facet normal -9.914449e-01 -1.608424e-16 -1.305262e-01
    outer loop
      vertex   -4.855111e+01 2.500000e+00 1.969505e+01
      vertex   -4.850000e+01 -3.830838e-01 1.930682e+01
      vertex   -4.855111e+01 -3.830838e-01 1.969505e+01
    endloop
  endfacet
  facet normal -9.238795e-01 -4.715661e-16 -3.826834e-01
    outer loop
      vertex   -4.855111e+01 2.500000e+00 1.969505e+01
      vertex   -4.855111e+01 -3.830838e-01 1.969505e+01
      vertex   -4.870096e+01 2.500000e+00 2.005682e+01
    endloop
  endfacet
  facet normal -9.238795e-01 -4.715661e-16 -3.826834e-01
    outer loop
      vertex   -4.870096e+01 2.500000e+00 2.005682e+01
      vertex   -4.855111e+01 -3.830838e-01 1.969505e+01
      vertex   -4.870096e+01 -3.830838e-01 2.005682e+01
    endloop
  endfacet
  facet normal -7.933533e-01 -7.501534e-16 -6.087614e-01
    outer loop
      vertex   -4.870096e+01 2.500000e+00 2.005682e+01
      vertex   -4.870096e+01 -3.830838e-01 2.005682e+01
      vertex   -4.893934e+01 2.500000e+00 2.036748e+01
    endloop
  endfacet
  facet normal -7.933533e-01 -0.000000e+00 -6.087614e-01
    outer loop
      vertex   -4.893934e+01 2.500000e+00 2.036748e+01
      vertex   -4.870096e+01 -3.830838e-01 2.005682e+01
      vertex   -4.893934e+01 -3.830838e-01 2.036748e+01
    endloop
  endfacet
  facet normal -6.087614e-01 -0.000000e+00 -7.933533e-01
    outer loop
      vertex   -4.893934e+01 2.500000e+00 2.036748e+01
      vertex   -4.893934e+01 -3.830838e-01 2.036748e+01
      vertex   -4.925000e+01 2.500000e+00 2.060586e+01
    endloop
  endfacet
  facet normal -6.087614e-01 1.500307e-15 -7.933533e-01
    outer loop
      vertex   -4.925000e+01 2.500000e+00 2.060586e+01
      vertex   -4.893934e+01 -3.830838e-01 2.036748e+01
      vertex   -4.925000e+01 -3.830838e-01 2.060586e+01
    endloop
  endfacet
  facet normal -3.826834e-01 9.431322e-16 -9.238795e-01
    outer loop
      vertex   -4.925000e+01 2.500000e+00 2.060586e+01
      vertex   -4.925000e+01 -3.830838e-01 2.060586e+01
      vertex   -4.961177e+01 2.500000e+00 2.075571e+01
    endloop
  endfacet
  facet normal -3.826834e-01 -0.000000e+00 -9.238795e-01
    outer loop
      vertex   -4.961177e+01 2.500000e+00 2.075571e+01
      vertex   -4.925000e+01 -3.830838e-01 2.060586e+01
      vertex   -4.961177e+01 -3.830838e-01 2.075571e+01
    endloop
  endfacet
  facet normal -1.305262e-01 -0.000000e+00 -9.914449e-01
    outer loop
      vertex   -4.961177e+01 2.500000e+00 2.075571e+01
      vertex   -4.961177e+01 -3.830838e-01 2.075571e+01
      vertex   -5.000000e+01 2.500000e+00 2.080682e+01
    endloop
  endfacet
  facet normal -1.305262e-01 -0.000000e+00 -9.914449e-01
    outer loop
      vertex   -5.000000e+01 2.500000e+00 2.080682e+01
      vertex   -4.961177e+01 -3.830838e-01 2.075571e+01
      vertex   -5.000000e+01 -3.830838e-01 2.080682e+01
    endloop
  endfacet
  facet normal 1.305262e-01 0.000000e+00 -9.914449e-01
    outer loop
      vertex   -5.000000e+01 2.500000e+00 2.080682e+01
      vertex   -5.000000e+01 -3.830838e-01 2.080682e+01
      vertex   -5.038823e+01 2.500000e+00 2.075571e+01
    endloop
  endfacet
  facet normal 1.305262e-01 0.000000e+00 -9.914449e-01
    outer loop
      vertex   -5.038823e+01 2.500000e+00 2.075571e+01
      vertex   -5.000000e+01 -3.830838e-01 2.080682e+01
      vertex   -5.038823e+01 -3.830838e-01 2.075571e+01
    endloop
  endfacet
  facet normal 3.826834e-01 0.000000e+00 -9.238795e-01
    outer loop
      vertex   -5.038823e+01 2.500000e+00 2.075571e+01
      vertex   -5.038823e+01 -3.830838e-01 2.075571e+01
      vertex   -5.075000e+01 2.500000e+00 2.060586e+01
    endloop
  endfacet
  facet normal 3.826834e-01 -9.431322e-16 -9.238795e-01
    outer loop
      vertex   -5.075000e+01 2.500000e+00 2.060586e+01
      vertex   -5.038823e+01 -3.830838e-01 2.075571e+01
      vertex   -5.075000e+01 -3.830838e-01 2.060586e+01
    endloop
  endfacet
  facet normal 6.087614e-01 -1.500307e-15 -7.933533e-01
    outer loop
      vertex   -5.075000e+01 2.500000e+00 2.060586e+01
      vertex   -5.075000e+01 -3.830838e-01 2.060586e+01
      vertex   -5.106066e+01 2.500000e+00 2.036748e+01
    endloop
  endfacet
  facet normal 6.087614e-01 0.000000e+00 -7.933533e-01
    outer loop
      vertex   -5.106066e+01 2.500000e+00 2.036748e+01
      vertex   -5.075000e+01 -3.830838e-01 2.060586e+01
      vertex   -5.106066e+01 -3.830838e-01 2.036748e+01
    endloop
  endfacet
  facet normal 7.933533e-01 0.000000e+00 -6.087614e-01
    outer loop
      vertex   -5.106066e+01 2.500000e+00 2.036748e+01
      vertex   -5.106066e+01 -3.830838e-01 2.036748e+01
      vertex   -5.129904e+01 2.500000e+00 2.005682e+01
    endloop
  endfacet
  facet normal 7.933533e-01 7.501534e-16 -6.087614e-01
    outer loop
      vertex   -5.129904e+01 2.500000e+00 2.005682e+01
      vertex   -5.106066e+01 -3.830838e-01 2.036748e+01
      vertex   -5.129904e+01 -3.830838e-01 2.005682e+01
    endloop
  endfacet
  facet normal 9.238795e-01 4.715661e-16 -3.826834e-01
    outer loop
      vertex   -5.129904e+01 2.500000e+00 2.005682e+01
      vertex   -5.129904e+01 -3.830838e-01 2.005682e+01
      vertex   -5.144889e+01 2.500000e+00 1.969505e+01
    endloop
  endfacet
  facet normal 9.238795e-01 0.000000e+00 -3.826834e-01
    outer loop
      vertex   -5.144889e+01 2.500000e+00 1.969505e+01
      vertex   -5.129904e+01 -3.830838e-01 2.005682e+01
      vertex   -5.144889e+01 -3.830838e-01 1.969505e+01
    endloop
  endfacet
  facet normal 0.000000e+00 -1.305262e-01 9.914449e-01
    outer loop
      vertex   -1.603092e+02 2.064705e+01 -4.741482e+01
      vertex   -1.708742e+02 2.064705e+01 -4.741482e+01
      vertex   -1.603092e+02 2.000000e+01 -4.750000e+01
    endloop
  endfacet
  facet normal 0.000000e+00 -1.305262e-01 9.914449e-01
    outer loop
      vertex   -1.603092e+02 2.000000e+01 -4.750000e+01
      vertex   -1.708742e+02 2.064705e+01 -4.741482e+01
      vertex   -1.708742e+02 2.000000e+01 -4.750000e+01
    endloop
  endfacet
  facet normal 0.000000e+00 1.305262e-01 9.914449e-01
    outer loop
      vertex   -1.603092e+02 2.000000e+01 -4.750000e+01
      vertex   -1.708742e+02 2.000000e+01 -4.750000e+01
      vertex   -1.603092e+02 1.935295e+01 -4.741482e+01
    endloop
  endfacet
  facet normal 0.000000e+00 1.305262e-01 9.914449e-01
    outer loop
      vertex   -1.603092e+02 1.935295e+01 -4.741482e+01
      vertex   -1.708742e+02 2.000000e+01 -4.750000e+01
      vertex   -1.708742e+02 1.935295e+01 -4.741482e+01
    endloop
  endfacet
  facet normal 0.000000e+00 3.826834e-01 9.238795e-01
    outer loop
      vertex   -1.603092e+02 1.935295e+01 -4.741482e+01
      vertex   -1.708742e+02 1.935295e+01 -4.741482e+01
      vertex   -1.603092e+02 1.875000e+01 -4.716506e+01
    endloop
  endfacet
  facet normal 0.000000e+00 3.826834e-01 9.238795e-01
    outer loop
      vertex   -1.603092e+02 1.875000e+01 -4.716506e+01
      vertex   -1.708742e+02 1.935295e+01 -4.741482e+01
      vertex   -1.708742e+02 1.875000e+01 -4.716506e+01
    endloop
  endfacet
  facet normal 0.000000e+00 6.087614e-01 7.933533e-01
    outer loop
      vertex   -1.603092e+02 1.875000e+01 -4.716506e+01
      vertex   -1.708742e+02 1.875000e+01 -4.716506e+01
      vertex   -1.603092e+02 1.823223e+01 -4.676777e+01
    endloop
  endfacet
  facet normal -2.047094e-16 6.087614e-01 7.933533e-01
    outer loop
      vertex   -1.603092e+02 1.823223e+01 -4.676777e+01
      vertex   -1.708742e+02 1.875000e+01 -4.716506e+01
      vertex   -1.708742e+02 1.823223e+01 -4.676777e+01
    endloop
  endfacet
  facet normal -2.667825e-16 7.933533e-01 6.087614e-01
    outer loop
      vertex   -1.603092e+02 1.823223e+01 -4.676777e+01
      vertex   -1.708742e+02 1.823223e+01 -4.676777e+01
      vertex   -1.603092e+02 1.783494e+01 -4.625000e+01
    endloop
  endfacet
  facet normal 2.667825e-16 7.933533e-01 6.087614e-01
    outer loop
      vertex   -1.603092e+02 1.783494e+01 -4.625000e+01
      vertex   -1.708742e+02 1.823223e+01 -4.676777e+01
      vertex   -1.708742e+02 1.783494e+01 -4.625000e+01
    endloop
  endfacet
  facet normal 3.106748e-16 9.238795e-01 3.826834e-01
    outer loop
      vertex   -1.603092e+02 1.783494e+01 -4.625000e+01
      vertex   -1.708742e+02 1.783494e+01 -4.625000e+01
      vertex   -1.603092e+02 1.758519e+01 -4.564705e+01
    endloop
  endfacet
  facet normal 0.000000e+00 9.238795e-01 3.826834e-01
    outer loop
      vertex   -1.603092e+02 1.758519e+01 -4.564705e+01
      vertex   -1.708742e+02 1.783494e+01 -4.625000e+01
      vertex   -1.708742e+02 1.758519e+01 -4.564705e+01
    endloop
  endfacet
  facet normal 0.000000e+00 9.914449e-01 1.305262e-01
    outer loop
      vertex   -1.603092e+02 1.758519e+01 -4.564705e+01
      vertex   -1.708742e+02 1.758519e+01 -4.564705e+01
      vertex   -1.603092e+02 1.750000e+01 -4.500000e+01
    endloop
  endfacet
  facet normal 0.000000e+00 9.914449e-01 1.305262e-01
    outer loop
      vertex   -1.603092e+02 1.750000e+01 -4.500000e+01
      vertex   -1.708742e+02 1.758519e+01 -4.564705e+01
      vertex   -1.708742e+02 1.750000e+01 -4.500000e+01
    endloop
  endfacet
  facet normal 0.000000e+00 9.914449e-01 -1.305262e-01
    outer loop
      vertex   -1.603092e+02 1.750000e+01 -4.500000e+01
      vertex   -1.708742e+02 1.750000e+01 -4.500000e+01
      vertex   -1.603092e+02 1.758519e+01 -4.435295e+01
    endloop
  endfacet
  facet normal -3.333951e-16 9.914449e-01 -1.305262e-01
    outer loop
      vertex   -1.603092e+02 1.758519e+01 -4.435295e+01
      vertex   -1.708742e+02 1.750000e+01 -4.500000e+01
      vertex   -1.708742e+02 1.758519e+01 -4.435295e+01
    endloop
  endfacet
  facet normal -3.106748e-16 9.238795e-01 -3.826834e-01
    outer loop
      vertex   -1.603092e+02 1.758519e+01 -4.435295e+01
      vertex   -1.708742e+02 1.758519e+01 -4.435295e+01
      vertex   -1.603092e+02 1.783494e+01 -4.375000e+01
    endloop
  endfacet
  facet normal 0.000000e+00 9.238795e-01 -3.826834e-01
    outer loop
      vertex   -1.603092e+02 1.783494e+01 -4.375000e+01
      vertex   -1.708742e+02 1.758519e+01 -4.435295e+01
      vertex   -1.708742e+02 1.783494e+01 -4.375000e+01
    endloop
  endfacet
  facet normal 0.000000e+00 7.933533e-01 -6.087614e-01
    outer loop
      vertex   -1.603092e+02 1.783494e+01 -4.375000e+01
      vertex   -1.708742e+02 1.783494e+01 -4.375000e+01
      vertex   -1.603092e+02 1.823223e+01 -4.323223e+01
    endloop
  endfacet
  facet normal 0.000000e+00 7.933533e-01 -6.087614e-01
    outer loop
      vertex   -1.603092e+02 1.823223e+01 -4.323223e+01
      vertex   -1.708742e+02 1.783494e+01 -4.375000e+01
      vertex   -1.708742e+02 1.823223e+01 -4.323223e+01
    endloop
  endfacet
  facet normal 0.000000e+00 6.087614e-01 -7.933533e-01
    outer loop
      vertex   -1.603092e+02 1.823223e+01 -4.323223e+01
      vertex   -1.708742e+02 1.823223e+01 -4.323223e+01
      vertex   -1.603092e+02 1.875000e+01 -4.283494e+01
    endloop
  endfacet
  facet normal -2.047094e-16 6.087614e-01 -7.933533e-01
    outer loop
      vertex   -1.603092e+02 1.875000e+01 -4.283494e+01
      vertex   -1.708742e+02 1.823223e+01 -4.323223e+01
      vertex   -1.708742e+02 1.875000e+01 -4.283494e+01
    endloop
  endfacet
  facet normal -1.286857e-16 3.826834e-01 -9.238795e-01
    outer loop
      vertex   -1.603092e+02 1.875000e+01 -4.283494e+01
      vertex   -1.708742e+02 1.875000e+01 -4.283494e+01
      vertex   -1.603092e+02 1.935295e+01 -4.258519e+01
    endloop
  endfacet
  facet normal 0.000000e+00 3.826834e-01 -9.238795e-01
    outer loop
      vertex   -1.603092e+02 1.935295e+01 -4.258519e+01
      vertex   -1.708742e+02 1.875000e+01 -4.283494e+01
      vertex   -1.708742e+02 1.935295e+01 -4.258519e+01
    endloop
  endfacet
  facet normal 0.000000e+00 1.305262e-01 -9.914449e-01
    outer loop
      vertex   -1.603092e+02 1.935295e+01 -4.258519e+01
      vertex   -1.708742e+02 1.935295e+01 -4.258519e+01
      vertex   -1.603092e+02 2.000000e+01 -4.250000e+01
    endloop
  endfacet
  facet normal 0.000000e+00 1.305262e-01 -9.914449e-01
    outer loop
      vertex   -1.603092e+02 2.000000e+01 -4.250000e+01
      vertex   -1.708742e+02 1.935295e+01 -4.258519e+01
      vertex   -1.708742e+02 2.000000e+01 -4.250000e+01
    endloop
  endfacet
  facet normal -0.000000e+00 -1.305262e-01 -9.914449e-01
    outer loop
      vertex   -1.603092e+02 2.000000e+01 -4.250000e+01
      vertex   -1.708742e+02 2.000000e+01 -4.250000e+01
      vertex   -1.603092e+02 2.064705e+01 -4.258519e+01
    endloop
  endfacet
  facet normal -0.000000e+00 -1.305262e-01 -9.914449e-01
    outer loop
      vertex   -1.603092e+02 2.064705e+01 -4.258519e+01
      vertex   -1.708742e+02 2.000000e+01 -4.250000e+01
      vertex   -1.708742e+02 2.064705e+01 -4.258519e+01
    endloop
  endfacet
  facet normal -0.000000e+00 -3.826834e-01 -9.238795e-01
    outer loop
      vertex   -1.603092e+02 2.064705e+01 -4.258519e+01
      vertex   -1.708742e+02 2.064705e+01 -4.258519e+01
      vertex   -1.603092e+02 2.125000e+01 -4.283494e+01
    endloop
  endfacet
  facet normal -0.000000e+00 -3.826834e-01 -9.238795e-01
    outer loop
      vertex   -1.603092e+02 2.125000e+01 -4.283494e+01
      vertex   -1.708742e+02 2.064705e+01 -4.258519e+01
      vertex   -1.708742e+02 2.125000e+01 -4.283494e+01
    endloop
  endfacet
  facet normal -0.000000e+00 -6.087614e-01 -7.933533e-01
    outer loop
      vertex   -1.603092e+02 2.125000e+01 -4.283494e+01
      vertex   -1.708742e+02 2.125000e+01 -4.283494e+01
      vertex   -1.603092e+02 2.176777e+01 -4.323223e+01
    endloop
  endfacet
  facet normal -0.000000e+00 -6.087614e-01 -7.933533e-01
    outer loop
      vertex   -1.603092e+02 2.176777e+01 -4.323223e+01
      vertex   -1.708742e+02 2.125000e+01 -4.283494e+01
      vertex   -1.708742e+02 2.176777e+01 -4.323223e+01
    endloop
  endfacet
  facet normal -0.000000e+00 -7.933533e-01 -6.087614e-01
    outer loop
      vertex   -1.603092e+02 2.176777e+01 -4.323223e+01
      vertex   -1.708742e+02 2.176777e+01 -4.323223e+01
      vertex   -1.603092e+02 2.216506e+01 -4.375000e+01
    endloop
  endfacet
  facet normal -0.000000e+00 -7.933533e-01 -6.087614e-01
    outer loop
      vertex   -1.603092e+02 2.216506e+01 -4.375000e+01
      vertex   -1.708742e+02 2.176777e+01 -4.323223e+01
      vertex   -1.708742e+02 2.216506e+01 -4.375000e+01
    endloop
  endfacet
  facet normal -0.000000e+00 -9.238795e-01 -3.826834e-01
    outer loop
      vertex   -1.603092e+02 2.216506e+01 -4.375000e+01
      vertex   -1.708742e+02 2.216506e+01 -4.375000e+01
      vertex   -1.603092e+02 2.241481e+01 -4.435295e+01
    endloop
  endfacet
  facet normal -0.000000e+00 -9.238795e-01 -3.826834e-01
    outer loop
      vertex   -1.603092e+02 2.241481e+01 -4.435295e+01
      vertex   -1.708742e+02 2.216506e+01 -4.375000e+01
      vertex   -1.708742e+02 2.241481e+01 -4.435295e+01
    endloop
  endfacet
  facet normal -0.000000e+00 -9.914449e-01 -1.305262e-01
    outer loop
      vertex   -1.603092e+02 2.241481e+01 -4.435295e+01
      vertex   -1.708742e+02 2.241481e+01 -4.435295e+01
      vertex   -1.603092e+02 2.250000e+01 -4.500000e+01
    endloop
  endfacet
  facet normal -0.000000e+00 -9.914449e-01 -1.305262e-01
    outer loop
      vertex   -1.603092e+02 2.250000e+01 -4.500000e+01
      vertex   -1.708742e+02 2.241481e+01 -4.435295e+01
      vertex   -1.708742e+02 2.250000e+01 -4.500000e+01
    endloop
  endfacet
  facet normal 0.000000e+00 -9.914449e-01 1.305262e-01
    outer loop
      vertex   -1.603092e+02 2.250000e+01 -4.500000e+01
      vertex   -1.708742e+02 2.250000e+01 -4.500000e+01
      vertex   -1.603092e+02 2.241481e+01 -4.564705e+01
    endloop
  endfacet
  facet normal 0.000000e+00 -9.914449e-01 1.305262e-01
    outer loop
      vertex   -1.603092e+02 2.241481e+01 -4.564705e+01
      vertex   -1.708742e+02 2.250000e+01 -4.500000e+01
      vertex   -1.708742e+02 2.241481e+01 -4.564705e+01
    endloop
  endfacet
  facet normal 0.000000e+00 -9.238795e-01 3.826834e-01
    outer loop
      vertex   -1.603092e+02 2.241481e+01 -4.564705e+01
      vertex   -1.708742e+02 2.241481e+01 -4.564705e+01
      vertex   -1.603092e+02 2.216506e+01 -4.625000e+01
    endloop
  endfacet
  facet normal 0.000000e+00 -9.238795e-01 3.826834e-01
    outer loop
      vertex   -1.603092e+02 2.216506e+01 -4.625000e+01
      vertex   -1.708742e+02 2.241481e+01 -4.564705e+01
      vertex   -1.708742e+02 2.216506e+01 -4.625000e+01
    endloop
  endfacet
  facet normal 0.000000e+00 -7.933533e-01 6.087614e-01
    outer loop
      vertex   -1.603092e+02 2.216506e+01 -4.625000e+01
      vertex   -1.708742e+02 2.216506e+01 -4.625000e+01
      vertex   -1.603092e+02 2.176777e+01 -4.676777e+01
    endloop
  endfacet
  facet normal 0.000000e+00 -7.933533e-01 6.087614e-01
    outer loop
      vertex   -1.603092e+02 2.176777e+01 -4.676777e+01
      vertex   -1.708742e+02 2.216506e+01 -4.625000e+01
      vertex   -1.708742e+02 2.176777e+01 -4.676777e+01
    endloop
  endfacet
  facet normal 0.000000e+00 -6.087614e-01 7.933533e-01
    outer loop
      vertex   -1.603092e+02 2.176777e+01 -4.676777e+01
      vertex   -1.708742e+02 2.176777e+01 -4.676777e+01
      vertex   -1.603092e+02 2.125000e+01 -4.716506e+01
    endloop
  endfacet
  facet normal 0.000000e+00 -6.087614e-01 7.933533e-01
    outer loop
      vertex   -1.603092e+02 2.125000e+01 -4.716506e+01
      vertex   -1.708742e+02 2.176777e+01 -4.676777e+01
      vertex   -1.708742e+02 2.125000e+01 -4.716506e+01
    endloop
  endfacet
  facet normal 0.000000e+00 -3.826834e-01 9.238795e-01
    outer loop
      vertex   -1.603092e+02 2.125000e+01 -4.716506e+01
      vertex   -1.708742e+02 2.125000e+01 -4.716506e+01
      vertex   -1.603092e+02 2.064705e+01 -4.741482e+01
    endloop
  endfacet
  facet normal 0.000000e+00 -3.826834e-01 9.238795e-01
    outer loop
      vertex   -1.603092e+02 2.064705e+01 -4.741482e+01
      vertex   -1.708742e+02 2.125000e+01 -4.716506e+01
      vertex   -1.708742e+02 2.064705e+01 -4.741482e+01
    endloop
  endfacet
  facet normal -0.000000e+00 1.305262e-01 9.914449e-01
    outer loop
      vertex   -1.814392e+02 1.935295e+01 -4.741482e+01
      vertex   -1.708742e+02 1.935295e+01 -4.741482e+01
      vertex   -1.814392e+02 2.000000e+01 -4.750000e+01
    endloop
  endfacet
  facet normal -0.000000e+00 1.305262e-01 9.914449e-01
    outer loop
      vertex   -1.814392e+02 2.000000e+01 -4.750000e+01
      vertex   -1.708742e+02 1.935295e+01 -4.741482e+01
      vertex   -1.708742e+02 2.000000e+01 -4.750000e+01
    endloop
  endfacet
  facet normal 0.000000e+00 -1.305262e-01 9.914449e-01
    outer loop
      vertex   -1.814392e+02 2.000000e+01 -4.750000e+01
      vertex   -1.708742e+02 2.000000e+01 -4.750000e+01
      vertex   -1.814392e+02 2.064705e+01 -4.741482e+01
    endloop
  endfacet
  facet normal 0.000000e+00 -1.305262e-01 9.914449e-01
    outer loop
      vertex   -1.814392e+02 2.064705e+01 -4.741482e+01
      vertex   -1.708742e+02 2.000000e+01 -4.750000e+01
      vertex   -1.708742e+02 2.064705e+01 -4.741482e+01
    endloop
  endfacet
  facet normal 0.000000e+00 -3.826834e-01 9.238795e-01
    outer loop
      vertex   -1.814392e+02 2.064705e+01 -4.741482e+01
      vertex   -1.708742e+02 2.064705e+01 -4.741482e+01
      vertex   -1.814392e+02 2.125000e+01 -4.716506e+01
    endloop
  endfacet
  facet normal 0.000000e+00 -3.826834e-01 9.238795e-01
    outer loop
      vertex   -1.814392e+02 2.125000e+01 -4.716506e+01
      vertex   -1.708742e+02 2.064705e+01 -4.741482e+01
      vertex   -1.708742e+02 2.125000e+01 -4.716506e+01
    endloop
  endfacet
  facet normal 0.000000e+00 -6.087614e-01 7.933533e-01
    outer loop
      vertex   -1.814392e+02 2.125000e+01 -4.716506e+01
      vertex   -1.708742e+02 2.125000e+01 -4.716506e+01
      vertex   -1.814392e+02 2.176777e+01 -4.676777e+01
    endloop
  endfacet
  facet normal 0.000000e+00 -6.087614e-01 7.933533e-01
    outer loop
      vertex   -1.814392e+02 2.176777e+01 -4.676777e+01
      vertex   -1.708742e+02 2.125000e+01 -4.716506e+01
      vertex   -1.708742e+02 2.176777e+01 -4.676777e+01
    endloop
  endfacet
  facet normal 0.000000e+00 -7.933533e-01 6.087614e-01
    outer loop
      vertex   -1.814392e+02 2.176777e+01 -4.676777e+01
      vertex   -1.708742e+02 2.176777e+01 -4.676777e+01
      vertex   -1.814392e+02 2.216506e+01 -4.625000e+01
    endloop
  endfacet
  facet normal 0.000000e+00 -7.933533e-01 6.087614e-01
    outer loop
      vertex   -1.814392e+02 2.216506e+01 -4.625000e+01
      vertex   -1.708742e+02 2.176777e+01 -4.676777e+01
      vertex   -1.708742e+02 2.216506e+01 -4.625000e+01
    endloop
  endfacet
  facet normal 0.000000e+00 -9.238795e-01 3.826834e-01
    outer loop
      vertex   -1.814392e+02 2.216506e+01 -4.625000e+01
      vertex   -1.708742e+02 2.216506e+01 -4.625000e+01
      vertex   -1.814392e+02 2.241481e+01 -4.564705e+01
    endloop
  endfacet
  facet normal 0.000000e+00 -9.238795e-01 3.826834e-01
    outer loop
      vertex   -1.814392e+02 2.241481e+01 -4.564705e+01
      vertex   -1.708742e+02 2.216506e+01 -4.625000e+01
      vertex   -1.708742e+02 2.241481e+01 -4.564705e+01
    endloop
  endfacet
  facet normal 0.000000e+00 -9.914449e-01 1.305262e-01
    outer loop
      vertex   -1.814392e+02 2.241481e+01 -4.564705e+01
      vertex   -1.708742e+02 2.241481e+01 -4.564705e+01
      vertex   -1.814392e+02 2.250000e+01 -4.500000e+01
    endloop
  endfacet
  facet normal 0.000000e+00 -9.914449e-01 1.305262e-01
    outer loop
      vertex   -1.814392e+02 2.250000e+01 -4.500000e+01
      vertex   -1.708742e+02 2.241481e+01 -4.564705e+01
      vertex   -1.708742e+02 2.250000e+01 -4.500000e+01
    endloop
  endfacet
  facet normal 0.000000e+00 -9.914449e-01 -1.305262e-01
    outer loop
      vertex   -1.814392e+02 2.250000e+01 -4.500000e+01
      vertex   -1.708742e+02 2.250000e+01 -4.500000e+01
      vertex   -1.814392e+02 2.241481e+01 -4.435295e+01
    endloop
  endfacet
  facet normal 0.000000e+00 -9.914449e-01 -1.305262e-01
    outer loop
      vertex   -1.814392e+02 2.241481e+01 -4.435295e+01
      vertex   -1.708742e+02 2.250000e+01 -4.500000e+01
      vertex   -1.708742e+02 2.241481e+01 -4.435295e+01
    endloop
  endfacet
  facet normal 0.000000e+00 -9.238795e-01 -3.826834e-01
    outer loop
      vertex   -1.814392e+02 2.241481e+01 -4.435295e+01
      vertex   -1.708742e+02 2.241481e+01 -4.435295e+01
      vertex   -1.814392e+02 2.216506e+01 -4.375000e+01
    endloop
  endfacet
  facet normal 0.000000e+00 -9.238795e-01 -3.826834e-01
    outer loop
      vertex   -1.814392e+02 2.216506e+01 -4.375000e+01
      vertex   -1.708742e+02 2.241481e+01 -4.435295e+01
      vertex   -1.708742e+02 2.216506e+01 -4.375000e+01
    endloop
  endfacet
  facet normal 0.000000e+00 -7.933533e-01 -6.087614e-01
    outer loop
      vertex   -1.814392e+02 2.216506e+01 -4.375000e+01
      vertex   -1.708742e+02 2.216506e+01 -4.375000e+01
      vertex   -1.814392e+02 2.176777e+01 -4.323223e+01
    endloop
  endfacet
  facet normal 0.000000e+00 -7.933533e-01 -6.087614e-01
    outer loop
      vertex   -1.814392e+02 2.176777e+01 -4.323223e+01
      vertex   -1.708742e+02 2.216506e+01 -4.375000e+01
      vertex   -1.708742e+02 2.176777e+01 -4.323223e+01
    endloop
  endfacet
  facet normal 0.000000e+00 -6.087614e-01 -7.933533e-01
    outer loop
      vertex   -1.814392e+02 2.176777e+01 -4.323223e+01
      vertex   -1.708742e+02 2.176777e+01 -4.323223e+01
      vertex   -1.814392e+02 2.125000e+01 -4.283494e+01
    endloop
  endfacet
  facet normal 0.000000e+00 -6.087614e-01 -7.933533e-01
    outer loop
      vertex   -1.814392e+02 2.125000e+01 -4.283494e+01
      vertex   -1.708742e+02 2.176777e+01 -4.323223e+01
      vertex   -1.708742e+02 2.125000e+01 -4.283494e+01
    endloop
  endfacet
  facet normal 0.000000e+00 -3.826834e-01 -9.238795e-01
    outer loop
      vertex   -1.814392e+02 2.125000e+01 -4.283494e+01
      vertex   -1.708742e+02 2.125000e+01 -4.283494e+01
      vertex   -1.814392e+02 2.064705e+01 -4.258519e+01
    endloop
  endfacet
  facet normal 0.000000e+00 -3.826834e-01 -9.238795e-01
    outer loop
      vertex   -1.814392e+02 2.064705e+01 -4.258519e+01
      vertex   -1.708742e+02 2.125000e+01 -4.283494e+01
      vertex   -1.708742e+02 2.064705e+01 -4.258519e+01
    endloop
  endfacet
  facet normal 0.000000e+00 -1.305262e-01 -9.914449e-01
    outer loop
      vertex   -1.814392e+02 2.064705e+01 -4.258519e+01
      vertex   -1.708742e+02 2.064705e+01 -4.258519e+01
      vertex   -1.814392e+02 2.000000e+01 -4.250000e+01
    endloop
  endfacet
  facet normal 0.000000e+00 -1.305262e-01 -9.914449e-01
    outer loop
      vertex   -1.814392e+02 2.000000e+01 -4.250000e+01
      vertex   -1.708742e+02 2.064705e+01 -4.258519e+01
      vertex   -1.708742e+02 2.000000e+01 -4.250000e+01
    endloop
  endfacet
  facet normal 0.000000e+00 1.305262e-01 -9.914449e-01
    outer loop
      vertex   -1.814392e+02 2.000000e+01 -4.250000e+01
      vertex   -1.708742e+02 2.000000e+01 -4.250000e+01
      vertex   -1.814392e+02 1.935295e+01 -4.258519e+01
    endloop
  endfacet
  facet normal 0.000000e+00 1.305262e-01 -9.914449e-01
    outer loop
      vertex   -1.814392e+02 1.935295e+01 -4.258519e+01
      vertex   -1.708742e+02 2.000000e+01 -4.250000e+01
      vertex   -1.708742e+02 1.935295e+01 -4.258519e+01
    endloop
  endfacet
  facet normal 0.000000e+00 3.826834e-01 -9.238795e-01
    outer loop
      vertex   -1.814392e+02 1.935295e+01 -4.258519e+01
      vertex   -1.708742e+02 1.935295e+01 -4.258519e+01
      vertex   -1.814392e+02 1.875000e+01 -4.283494e+01
    endloop
  endfacet
  facet normal 1.286857e-16 3.826834e-01 -9.238795e-01
    outer loop
      vertex   -1.814392e+02 1.875000e+01 -4.283494e+01
      vertex   -1.708742e+02 1.935295e+01 -4.258519e+01
      vertex   -1.708742e+02 1.875000e+01 -4.283494e+01
    endloop
  endfacet
  facet normal 2.047094e-16 6.087614e-01 -7.933533e-01
    outer loop
      vertex   -1.814392e+02 1.875000e+01 -4.283494e+01
      vertex   -1.708742e+02 1.875000e+01 -4.283494e+01
      vertex   -1.814392e+02 1.823223e+01 -4.323223e+01
    endloop
  endfacet
  facet normal 0.000000e+00 6.087614e-01 -7.933533e-01
    outer loop
      vertex   -1.814392e+02 1.823223e+01 -4.323223e+01
      vertex   -1.708742e+02 1.875000e+01 -4.283494e+01
      vertex   -1.708742e+02 1.823223e+01 -4.323223e+01
    endloop
  endfacet
  facet normal 0.000000e+00 7.933533e-01 -6.087614e-01
    outer loop
      vertex   -1.814392e+02 1.823223e+01 -4.323223e+01
      vertex   -1.708742e+02 1.823223e+01 -4.323223e+01
      vertex   -1.814392e+02 1.783494e+01 -4.375000e+01
    endloop
  endfacet
  facet normal 0.000000e+00 7.933533e-01 -6.087614e-01
    outer loop
      vertex   -1.814392e+02 1.783494e+01 -4.375000e+01
      vertex   -1.708742e+02 1.823223e+01 -4.323223e+01
      vertex   -1.708742e+02 1.783494e+01 -4.375000e+01
    endloop
  endfacet
  facet normal 0.000000e+00 9.238795e-01 -3.826834e-01
    outer loop
      vertex   -1.814392e+02 1.783494e+01 -4.375000e+01
      vertex   -1.708742e+02 1.783494e+01 -4.375000e+01
      vertex   -1.814392e+02 1.758519e+01 -4.435295e+01
    endloop
  endfacet
  facet normal 3.106748e-16 9.238795e-01 -3.826834e-01
    outer loop
      vertex   -1.814392e+02 1.758519e+01 -4.435295e+01
      vertex   -1.708742e+02 1.783494e+01 -4.375000e+01
      vertex   -1.708742e+02 1.758519e+01 -4.435295e+01
    endloop
  endfacet
  facet normal 3.333951e-16 9.914449e-01 -1.305262e-01
    outer loop
      vertex   -1.814392e+02 1.758519e+01 -4.435295e+01
      vertex   -1.708742e+02 1.758519e+01 -4.435295e+01
      vertex   -1.814392e+02 1.750000e+01 -4.500000e+01
    endloop
  endfacet
  facet normal 0.000000e+00 9.914449e-01 -1.305262e-01
    outer loop
      vertex   -1.814392e+02 1.750000e+01 -4.500000e+01
      vertex   -1.708742e+02 1.758519e+01 -4.435295e+01
      vertex   -1.708742e+02 1.750000e+01 -4.500000e+01
    endloop
  endfacet
  facet normal -0.000000e+00 9.914449e-01 1.305262e-01
    outer loop
      vertex   -1.814392e+02 1.750000e+01 -4.500000e+01
      vertex   -1.708742e+02 1.750000e+01 -4.500000e+01
      vertex   -1.814392e+02 1.758519e+01 -4.564705e+01
    endloop
  endfacet
  facet normal -0.000000e+00 9.914449e-01 1.305262e-01
    outer loop
      vertex   -1.814392e+02 1.758519e+01 -4.564705e+01
      vertex   -1.708742e+02 1.750000e+01 -4.500000e+01
      vertex   -1.708742e+02 1.758519e+01 -4.564705e+01
    endloop
  endfacet
  facet normal -0.000000e+00 9.238795e-01 3.826834e-01
    outer loop
      vertex   -1.814392e+02 1.758519e+01 -4.564705e+01
      vertex   -1.708742e+02 1.758519e+01 -4.564705e+01
      vertex   -1.814392e+02 1.783494e+01 -4.625000e+01
    endloop
  endfacet
  facet normal -3.106748e-16 9.238795e-01 3.826834e-01
    outer loop
      vertex   -1.814392e+02 1.783494e+01 -4.625000e+01
      vertex   -1.708742e+02 1.758519e+01 -4.564705e+01
      vertex   -1.708742e+02 1.783494e+01 -4.625000e+01
    endloop
  endfacet
  facet normal -2.667825e-16 7.933533e-01 6.087614e-01
    outer loop
      vertex   -1.814392e+02 1.783494e+01 -4.625000e+01
      vertex   -1.708742e+02 1.783494e+01 -4.625000e+01
      vertex   -1.814392e+02 1.823223e+01 -4.676777e+01
    endloop
  endfacet
  facet normal 2.667825e-16 7.933533e-01 6.087614e-01
    outer loop
      vertex   -1.814392e+02 1.823223e+01 -4.676777e+01
      vertex   -1.708742e+02 1.783494e+01 -4.625000e+01
      vertex   -1.708742e+02 1.823223e+01 -4.676777e+01
    endloop
  endfacet
  facet normal 2.047094e-16 6.087614e-01 7.933533e-01
    outer loop
      vertex   -1.814392e+02 1.823223e+01 -4.676777e+01
      vertex   -1.708742e+02 1.823223e+01 -4.676777e+01
      vertex   -1.814392e+02 1.875000e+01 -4.716506e+01
    endloop
  endfacet
  facet normal -0.000000e+00 6.087614e-01 7.933533e-01
    outer loop
      vertex   -1.814392e+02 1.875000e+01 -4.716506e+01
      vertex   -1.708742e+02 1.823223e+01 -4.676777e+01
      vertex   -1.708742e+02 1.875000e+01 -4.716506e+01
    endloop
  endfacet
  facet normal -0.000000e+00 3.826834e-01 9.238795e-01
    outer loop
      vertex   -1.814392e+02 1.875000e+01 -4.716506e+01
      vertex   -1.708742e+02 1.875000e+01 -4.716506e+01
      vertex   -1.814392e+02 1.935295e+01 -4.741482e+01
    endloop
  endfacet
  facet normal -0.000000e+00 3.826834e-01 9.238795e-01
    outer loop
      vertex   -1.814392e+02 1.935295e+01 -4.741482e+01
      vertex   -1.708742e+02 1.875000e+01 -4.716506e+01
      vertex   -1.708742e+02 1.935295e+01 -4.741482e+01
    endloop
  endfacet
  facet normal 0.000000e+00 0.000000e+00 1.000000e+00
    outer loop
      vertex   -2.076251e+02 -3.830838e-01 -5.882191e+00
      vertex   -7.271542e+01 -3.830838e-01 -5.882191e+00
      vertex   -2.076251e+02 2.500000e+00 -5.882191e+00
    endloop
  endfacet
  facet normal -0.000000e+00 0.000000e+00 1.000000e+00
    outer loop
      vertex   -2.076251e+02 2.500000e+00 -5.882191e+00
      vertex   -7.271542e+01 -3.830838e-01 -5.882191e+00
      vertex   -7.271542e+01 2.500000e+00 -5.882191e+00
    endloop
  endfacet
  facet normal 0.000000e+00 1.000000e+00 0.000000e+00
    outer loop
      vertex   -2.317894e+02 2.500000e+00 1.969505e+01
      vertex   -2.318405e+02 2.500000e+00 1.930682e+01
      vertex   -2.479989e+02 2.500000e+00 3.424453e+01
    endloop
  endfacet
  facet normal 0.000000e+00 1.000000e+00 0.000000e+00
    outer loop
      vertex   -2.479989e+02 2.500000e+00 3.424453e+01
      vertex   -2.318405e+02 2.500000e+00 1.930682e+01
      vertex   -2.317894e+02 2.500000e+00 1.891859e+01
    endloop
  endfacet
  facet normal 0.000000e+00 1.000000e+00 0.000000e+00
    outer loop
      vertex   -2.479989e+02 2.500000e+00 3.424453e+01
      vertex   -2.317894e+02 2.500000e+00 1.891859e+01
      vertex   -2.316396e+02 2.500000e+00 1.855682e+01
    endloop
  endfacet
  facet normal 0.000000e+00 1.000000e+00 0.000000e+00
    outer loop
      vertex   -2.479989e+02 2.500000e+00 3.424453e+01
      vertex   -2.316396e+02 2.500000e+00 1.855682e+01
      vertex   -2.479989e+02 2.500000e+00 -1.988219e+01
    endloop
  endfacet
  facet normal 0.000000e+00 1.000000e+00 0.000000e+00
    outer loop
      vertex   -2.479989e+02 2.500000e+00 -1.988219e+01
      vertex   -2.316396e+02 2.500000e+00 1.855682e+01
      vertex   -2.314012e+02 2.500000e+00 1.824616e+01
    endloop
  endfacet
  facet normal 0.000000e+00 1.000000e+00 0.000000e+00
    outer loop
      vertex   -2.479989e+02 2.500000e+00 -1.988219e+01
      vertex   -2.314012e+02 2.500000e+00 1.824616e+01
      vertex   -2.310905e+02 2.500000e+00 1.800778e+01
    endloop
  endfacet
  facet normal 0.000000e+00 1.000000e+00 0.000000e+00
    outer loop
      vertex   -2.310905e+02 2.500000e+00 1.800778e+01
      vertex   -2.307288e+02 2.500000e+00 1.785793e+01
      vertex   -2.479989e+02 2.500000e+00 -1.988219e+01
    endloop
  endfacet
  facet normal 0.000000e+00 1.000000e+00 0.000000e+00
    outer loop
      vertex   -2.479989e+02 2.500000e+00 -1.988219e+01
      vertex   -2.307288e+02 2.500000e+00 1.785793e+01
      vertex   -2.076251e+02 2.500000e+00 -5.882191e+00
    endloop
  endfacet
  facet normal 0.000000e+00 1.000000e+00 0.000000e+00
    outer loop
      vertex   -2.479989e+02 2.500000e+00 -1.988219e+01
      vertex   -2.076251e+02 2.500000e+00 -5.882191e+00
      vertex   -3.234160e+01 2.500000e+00 -1.988219e+01
    endloop
  endfacet
  facet normal 0.000000e+00 1.000000e+00 0.000000e+00
    outer loop
      vertex   -3.234160e+01 2.500000e+00 -1.988219e+01
      vertex   -2.076251e+02 2.500000e+00 -5.882191e+00
      vertex   -7.271542e+01 2.500000e+00 -5.882191e+00
    endloop
  endfacet
  facet normal 0.000000e+00 1.000000e+00 0.000000e+00
    outer loop
      vertex   -3.234160e+01 2.500000e+00 -1.988219e+01
      vertex   -7.271542e+01 2.500000e+00 -5.882191e+00
      vertex   -4.961177e+01 2.500000e+00 1.785793e+01
    endloop
  endfacet
  facet normal 0.000000e+00 1.000000e+00 0.000000e+00
    outer loop
      vertex   -4.961177e+01 2.500000e+00 1.785793e+01
      vertex   -7.271542e+01 2.500000e+00 -5.882191e+00
      vertex   -5.000000e+01 2.500000e+00 1.780682e+01
    endloop
  endfacet
  facet normal 0.000000e+00 1.000000e+00 0.000000e+00
    outer loop
      vertex   -5.000000e+01 2.500000e+00 1.780682e+01
      vertex   -7.271542e+01 2.500000e+00 -5.882191e+00
      vertex   -5.038823e+01 2.500000e+00 1.785793e+01
    endloop
  endfacet
  facet normal 0.000000e+00 1.000000e+00 0.000000e+00
    outer loop
      vertex   -5.038823e+01 2.500000e+00 1.785793e+01
      vertex   -7.271542e+01 2.500000e+00 -5.882191e+00
      vertex   -5.075000e+01 2.500000e+00 1.800778e+01
    endloop
  endfacet
  facet normal 0.000000e+00 1.000000e+00 0.000000e+00
    outer loop
      vertex   -5.075000e+01 2.500000e+00 1.800778e+01
      vertex   -7.271542e+01 2.500000e+00 -5.882191e+00
      vertex   -5.106066e+01 2.500000e+00 1.824616e+01
    endloop
  endfacet
  facet normal 0.000000e+00 1.000000e+00 0.000000e+00
    outer loop
      vertex   -5.106066e+01 2.500000e+00 1.824616e+01
      vertex   -7.271542e+01 2.500000e+00 -5.882191e+00
      vertex   -5.129904e+01 2.500000e+00 1.855682e+01
    endloop
  endfacet
  facet normal 0.000000e+00 1.000000e+00 0.000000e+00
    outer loop
      vertex   -5.129904e+01 2.500000e+00 1.855682e+01
      vertex   -7.271542e+01 2.500000e+00 -5.882191e+00
      vertex   -7.271542e+01 2.500000e+00 3.426614e+01
    endloop
  endfacet
  facet normal 0.000000e+00 1.000000e+00 0.000000e+00
    outer loop
      vertex   -5.129904e+01 2.500000e+00 1.855682e+01
      vertex   -7.271542e+01 2.500000e+00 3.426614e+01
      vertex   -5.144889e+01 2.500000e+00 1.891859e+01
    endloop
  endfacet
  facet normal 0.000000e+00 1.000000e+00 0.000000e+00
    outer loop
      vertex   -5.144889e+01 2.500000e+00 1.891859e+01
      vertex   -7.271542e+01 2.500000e+00 3.426614e+01
      vertex   -5.150000e+01 2.500000e+00 1.930682e+01
    endloop
  endfacet
  facet normal 0.000000e+00 1.000000e+00 -0.000000e+00
    outer loop
      vertex   -5.150000e+01 2.500000e+00 1.930682e+01
      vertex   -7.271542e+01 2.500000e+00 3.426614e+01
      vertex   -5.144889e+01 2.500000e+00 1.969505e+01
    endloop
  endfacet
  facet normal 0.000000e+00 1.000000e+00 -0.000000e+00
    outer loop
      vertex   -5.144889e+01 2.500000e+00 1.969505e+01
      vertex   -7.271542e+01 2.500000e+00 3.426614e+01
      vertex   -5.129904e+01 2.500000e+00 2.005682e+01
    endloop
  endfacet
  facet normal 0.000000e+00 1.000000e+00 -0.000000e+00
    outer loop
      vertex   -5.129904e+01 2.500000e+00 2.005682e+01
      vertex   -7.271542e+01 2.500000e+00 3.426614e+01
      vertex   -5.106066e+01 2.500000e+00 2.036748e+01
    endloop
  endfacet
  facet normal 0.000000e+00 1.000000e+00 -0.000000e+00
    outer loop
      vertex   -5.106066e+01 2.500000e+00 2.036748e+01
      vertex   -7.271542e+01 2.500000e+00 3.426614e+01
      vertex   -5.075000e+01 2.500000e+00 2.060586e+01
    endloop
  endfacet
  facet normal 0.000000e+00 1.000000e+00 -0.000000e+00
    outer loop
      vertex   -5.075000e+01 2.500000e+00 2.060586e+01
      vertex   -7.271542e+01 2.500000e+00 3.426614e+01
      vertex   -5.038823e+01 2.500000e+00 2.075571e+01
    endloop
  endfacet
  facet normal 0.000000e+00 1.000000e+00 -0.000000e+00
    outer loop
      vertex   -5.038823e+01 2.500000e+00 2.075571e+01
      vertex   -7.271542e+01 2.500000e+00 3.426614e+01
      vertex   -5.000000e+01 2.500000e+00 2.080682e+01
    endloop
  endfacet
  facet normal 0.000000e+00 1.000000e+00 -0.000000e+00
    outer loop
      vertex   -5.000000e+01 2.500000e+00 2.080682e+01
      vertex   -7.271542e+01 2.500000e+00 3.426614e+01
      vertex   -3.234160e+01 2.500000e+00 3.424453e+01
    endloop
  endfacet
  facet normal -0.000000e+00 1.000000e+00 0.000000e+00
    outer loop
      vertex   -5.000000e+01 2.500000e+00 2.080682e+01
      vertex   -3.234160e+01 2.500000e+00 3.424453e+01
      vertex   -4.961177e+01 2.500000e+00 2.075571e+01
    endloop
  endfacet
  facet normal -0.000000e+00 1.000000e+00 0.000000e+00
    outer loop
      vertex   -4.961177e+01 2.500000e+00 2.075571e+01
      vertex   -3.234160e+01 2.500000e+00 3.424453e+01
      vertex   -4.925000e+01 2.500000e+00 2.060586e+01
    endloop
  endfacet
  facet normal -0.000000e+00 1.000000e+00 0.000000e+00
    outer loop
      vertex   -4.925000e+01 2.500000e+00 2.060586e+01
      vertex   -3.234160e+01 2.500000e+00 3.424453e+01
      vertex   -4.893934e+01 2.500000e+00 2.036748e+01
    endloop
  endfacet
  facet normal -0.000000e+00 1.000000e+00 0.000000e+00
    outer loop
      vertex   -4.893934e+01 2.500000e+00 2.036748e+01
      vertex   -3.234160e+01 2.500000e+00 3.424453e+01
      vertex   -4.870096e+01 2.500000e+00 2.005682e+01
    endloop
  endfacet
  facet normal -0.000000e+00 1.000000e+00 0.000000e+00
    outer loop
      vertex   -4.870096e+01 2.500000e+00 2.005682e+01
      vertex   -3.234160e+01 2.500000e+00 3.424453e+01
      vertex   -4.855111e+01 2.500000e+00 1.969505e+01
    endloop
  endfacet
  facet normal -0.000000e+00 1.000000e+00 0.000000e+00
    outer loop
      vertex   -4.855111e+01 2.500000e+00 1.969505e+01
      vertex   -3.234160e+01 2.500000e+00 3.424453e+01
      vertex   -4.850000e+01 2.500000e+00 1.930682e+01
    endloop
  endfacet
  facet normal -0.000000e+00 1.000000e+00 0.000000e+00
    outer loop
      vertex   -4.850000e+01 2.500000e+00 1.930682e+01
      vertex   -3.234160e+01 2.500000e+00 3.424453e+01
      vertex   -4.855111e+01 2.500000e+00 1.891859e+01
    endloop
  endfacet
  facet normal -0.000000e+00 1.000000e+00 0.000000e+00
    outer loop
      vertex   -4.855111e+01 2.500000e+00 1.891859e+01
      vertex   -3.234160e+01 2.500000e+00 3.424453e+01
      vertex   -4.870096e+01 2.500000e+00 1.855682e+01
    endloop
  endfacet
  facet normal -0.000000e+00 1.000000e+00 0.000000e+00
    outer loop
      vertex   -4.870096e+01 2.500000e+00 1.855682e+01
      vertex   -3.234160e+01 2.500000e+00 3.424453e+01
      vertex   -3.234160e+01 2.500000e+00 -1.988219e+01
    endloop
  endfacet
  facet normal 0.000000e+00 1.000000e+00 0.000000e+00
    outer loop
      vertex   -4.870096e+01 2.500000e+00 1.855682e+01
      vertex   -3.234160e+01 2.500000e+00 -1.988219e+01
      vertex   -4.893934e+01 2.500000e+00 1.824616e+01
    endloop
  endfacet
  facet normal 0.000000e+00 1.000000e+00 0.000000e+00
    outer loop
      vertex   -4.893934e+01 2.500000e+00 1.824616e+01
      vertex   -3.234160e+01 2.500000e+00 -1.988219e+01
      vertex   -4.925000e+01 2.500000e+00 1.800778e+01
    endloop
  endfacet
  facet normal 0.000000e+00 1.000000e+00 0.000000e+00
    outer loop
      vertex   -4.925000e+01 2.500000e+00 1.800778e+01
      vertex   -3.234160e+01 2.500000e+00 -1.988219e+01
      vertex   -4.961177e+01 2.500000e+00 1.785793e+01
    endloop
  endfacet
  facet normal 0.000000e+00 1.000000e+00 0.000000e+00
    outer loop
      vertex   -2.307288e+02 2.500000e+00 1.785793e+01
      vertex   -2.303405e+02 2.500000e+00 1.780682e+01
      vertex   -2.076251e+02 2.500000e+00 -5.882191e+00
    endloop
  endfacet
  facet normal 0.000000e+00 1.000000e+00 0.000000e+00
    outer loop
      vertex   -2.076251e+02 2.500000e+00 -5.882191e+00
      vertex   -2.303405e+02 2.500000e+00 1.780682e+01
      vertex   -2.299523e+02 2.500000e+00 1.785793e+01
    endloop
  endfacet
  facet normal 0.000000e+00 1.000000e+00 0.000000e+00
    outer loop
      vertex   -2.076251e+02 2.500000e+00 -5.882191e+00
      vertex   -2.299523e+02 2.500000e+00 1.785793e+01
      vertex   -2.295905e+02 2.500000e+00 1.800778e+01
    endloop
  endfacet
  facet normal -0.000000e+00 1.000000e+00 0.000000e+00
    outer loop
      vertex   -2.295905e+02 2.500000e+00 1.800778e+01
      vertex   -2.292799e+02 2.500000e+00 1.824616e+01
      vertex   -2.076251e+02 2.500000e+00 -5.882191e+00
    endloop
  endfacet
  facet normal 0.000000e+00 1.000000e+00 0.000000e+00
    outer loop
      vertex   -2.076251e+02 2.500000e+00 -5.882191e+00
      vertex   -2.292799e+02 2.500000e+00 1.824616e+01
      vertex   -2.290415e+02 2.500000e+00 1.855682e+01
    endloop
  endfacet
  facet normal 0.000000e+00 1.000000e+00 -0.000000e+00
    outer loop
      vertex   -2.076251e+02 2.500000e+00 -5.882191e+00
      vertex   -2.290415e+02 2.500000e+00 1.855682e+01
      vertex   -2.076251e+02 2.500000e+00 3.426614e+01
    endloop
  endfacet
  facet normal 0.000000e+00 1.000000e+00 0.000000e+00
    outer loop
      vertex   -2.076251e+02 2.500000e+00 3.426614e+01
      vertex   -2.290415e+02 2.500000e+00 1.855682e+01
      vertex   -2.288916e+02 2.500000e+00 1.891859e+01
    endloop
  endfacet
  facet normal 0.000000e+00 1.000000e+00 0.000000e+00
    outer loop
      vertex   -2.076251e+02 2.500000e+00 3.426614e+01
      vertex   -2.288916e+02 2.500000e+00 1.891859e+01
      vertex   -2.288405e+02 2.500000e+00 1.930682e+01
    endloop
  endfacet
  facet normal 0.000000e+00 1.000000e+00 -0.000000e+00
    outer loop
      vertex   -2.288405e+02 2.500000e+00 1.930682e+01
      vertex   -2.288916e+02 2.500000e+00 1.969505e+01
      vertex   -2.076251e+02 2.500000e+00 3.426614e+01
    endloop
  endfacet
  facet normal 0.000000e+00 1.000000e+00 0.000000e+00
    outer loop
      vertex   -2.076251e+02 2.500000e+00 3.426614e+01
      vertex   -2.288916e+02 2.500000e+00 1.969505e+01
      vertex   -2.290415e+02 2.500000e+00 2.005682e+01
    endloop
  endfacet
  facet normal 0.000000e+00 1.000000e+00 0.000000e+00
    outer loop
      vertex   -2.076251e+02 2.500000e+00 3.426614e+01
      vertex   -2.290415e+02 2.500000e+00 2.005682e+01
      vertex   -2.292799e+02 2.500000e+00 2.036748e+01
    endloop
  endfacet
  facet normal 0.000000e+00 1.000000e+00 -0.000000e+00
    outer loop
      vertex   -2.292799e+02 2.500000e+00 2.036748e+01
      vertex   -2.295905e+02 2.500000e+00 2.060586e+01
      vertex   -2.076251e+02 2.500000e+00 3.426614e+01
    endloop
  endfacet
  facet normal 0.000000e+00 1.000000e+00 0.000000e+00
    outer loop
      vertex   -2.076251e+02 2.500000e+00 3.426614e+01
      vertex   -2.295905e+02 2.500000e+00 2.060586e+01
      vertex   -2.299523e+02 2.500000e+00 2.075571e+01
    endloop
  endfacet
  facet normal 0.000000e+00 1.000000e+00 0.000000e+00
    outer loop
      vertex   -2.076251e+02 2.500000e+00 3.426614e+01
      vertex   -2.299523e+02 2.500000e+00 2.075571e+01
      vertex   -2.303405e+02 2.500000e+00 2.080682e+01
    endloop
  endfacet
  facet normal 0.000000e+00 1.000000e+00 0.000000e+00
    outer loop
      vertex   -2.076251e+02 2.500000e+00 3.426614e+01
      vertex   -2.303405e+02 2.500000e+00 2.080682e+01
      vertex   -2.479989e+02 2.500000e+00 3.424453e+01
    endloop
  endfacet
  facet normal 0.000000e+00 1.000000e+00 0.000000e+00
    outer loop
      vertex   -2.479989e+02 2.500000e+00 3.424453e+01
      vertex   -2.303405e+02 2.500000e+00 2.080682e+01
      vertex   -2.307288e+02 2.500000e+00 2.075571e+01
    endloop
  endfacet
  facet normal 0.000000e+00 1.000000e+00 0.000000e+00
    outer loop
      vertex   -2.479989e+02 2.500000e+00 3.424453e+01
      vertex   -2.307288e+02 2.500000e+00 2.075571e+01
      vertex   -2.310905e+02 2.500000e+00 2.060586e+01
    endloop
  endfacet
  facet normal 0.000000e+00 1.000000e+00 0.000000e+00
    outer loop
      vertex   -2.310905e+02 2.500000e+00 2.060586e+01
      vertex   -2.314012e+02 2.500000e+00 2.036748e+01
      vertex   -2.479989e+02 2.500000e+00 3.424453e+01
    endloop
  endfacet
  facet normal 0.000000e+00 1.000000e+00 0.000000e+00
    outer loop
      vertex   -2.479989e+02 2.500000e+00 3.424453e+01
      vertex   -2.314012e+02 2.500000e+00 2.036748e+01
      vertex   -2.316396e+02 2.500000e+00 2.005682e+01
    endloop
  endfacet
  facet normal 0.000000e+00 1.000000e+00 0.000000e+00
    outer loop
      vertex   -2.479989e+02 2.500000e+00 3.424453e+01
      vertex   -2.316396e+02 2.500000e+00 2.005682e+01
      vertex   -2.317894e+02 2.500000e+00 1.969505e+01
    endloop
  endfacet
  facet normal -0.000000e+00 1.000000e+00 0.000000e+00
    outer loop
      vertex   -7.271542e+01 2.500000e+00 3.426614e+01
      vertex   -3.228137e+01 2.500000e+00 3.426614e+01
      vertex   -3.234160e+01 2.500000e+00 3.424453e+01
    endloop
  endfacet
  facet normal 0.000000e+00 1.000000e+00 0.000000e+00
    outer loop
      vertex   -3.234160e+01 2.500000e+00 3.424453e+01
      vertex   -3.228137e+01 2.500000e+00 3.426614e+01
      vertex   -3.228137e+01 2.500000e+00 3.424453e+01
    endloop
  endfacet
  facet normal 0.000000e+00 1.000000e+00 0.000000e+00
    outer loop
      vertex   -2.480592e+02 2.500000e+00 3.424453e+01
      vertex   -2.480592e+02 2.500000e+00 3.426614e+01
      vertex   -2.479989e+02 2.500000e+00 3.424453e+01
    endloop
  endfacet
  facet normal 0.000000e+00 1.000000e+00 -0.000000e+00
    outer loop
      vertex   -2.479989e+02 2.500000e+00 3.424453e+01
      vertex   -2.480592e+02 2.500000e+00 3.426614e+01
      vertex   -2.076251e+02 2.500000e+00 3.426614e+01
    endloop
  endfacet
  facet normal 0.000000e+00 -3.748731e-12 1.000000e+00
    outer loop
      vertex   -3.234160e+01 2.500000e+00 -1.988219e+01
      vertex   -3.234160e+01 2.502843e+00 -1.988219e+01
      vertex   -2.479989e+02 2.500000e+00 -1.988219e+01
    endloop
  endfacet
  facet normal 0.000000e+00 -3.748731e-12 1.000000e+00
    outer loop
      vertex   -2.479989e+02 2.500000e+00 -1.988219e+01
      vertex   -3.234160e+01 2.502843e+00 -1.988219e+01
      vertex   -2.479989e+02 2.502843e+00 -1.988219e+01
    endloop
  endfacet
  facet normal -0.000000e+00 1.749054e-15 1.000000e+00
    outer loop
      vertex   -2.479989e+02 2.502843e+00 -1.988219e+01
      vertex   -3.234160e+01 2.502843e+00 -1.988219e+01
      vertex   -3.020399e+01 4.534063e+00 -1.988219e+01
    endloop
  endfacet
  facet normal 0.000000e+00 1.749054e-15 1.000000e+00
    outer loop
      vertex   -2.479989e+02 2.502843e+00 -1.988219e+01
      vertex   -3.020399e+01 4.534063e+00 -1.988219e+01
      vertex   -2.501365e+02 4.534063e+00 -1.988219e+01
    endloop
  endfacet
  facet normal 4.034937e-15 -2.497223e-15 1.000000e+00
    outer loop
      vertex   -3.234160e+01 2.502843e+00 -1.988219e+01
      vertex   -3.058062e+01 2.502843e+00 -1.988219e+01
      vertex   -3.020399e+01 4.534063e+00 -1.988219e+01
    endloop
  endfacet
  facet normal -9.432795e-15 0.000000e+00 1.000000e+00
    outer loop
      vertex   -3.020399e+01 4.534063e+00 -1.988219e+01
      vertex   -3.058062e+01 2.502843e+00 -1.988219e+01
      vertex   -3.058062e+01 2.112843e+00 -1.988219e+01
    endloop
  endfacet
  facet normal 9.432795e-15 -0.000000e+00 1.000000e+00
    outer loop
      vertex   -2.497599e+02 2.112843e+00 -1.988219e+01
      vertex   -2.497599e+02 2.502843e+00 -1.988219e+01
      vertex   -2.501365e+02 4.534063e+00 -1.988219e+01
    endloop
  endfacet
  facet normal -4.034937e-15 -2.497223e-15 1.000000e+00
    outer loop
      vertex   -2.501365e+02 4.534063e+00 -1.988219e+01
      vertex   -2.497599e+02 2.502843e+00 -1.988219e+01
      vertex   -2.479989e+02 2.502843e+00 -1.988219e+01
    endloop
  endfacet
endsolid
